Title,Abstract,Authors,DOI,DOI link,Venue,Citation count,Year,Care Navigator,"Reasoning for ""Care Navigator""",Community-Based Delivery,"Reasoning for ""Community-Based Delivery""",Comparative Study Design,"Reasoning for ""Comparative Study Design""",Intervention Type and Setting,"Reasoning for ""Intervention Type and Setting""",Outcome,"Reasoning for ""Outcome""",Publication type,"Reasoning for ""Publication type""",Study Design,"Reasoning for ""Study Design""",Target Population,"Reasoning for ""Target Population""",Unplanned Presentations Focus,"Reasoning for ""Unplanned Presentations Focus""",Screening judgement,"Reasoning for ""Screening judgement""",Excluded by strict criterion,Exclusion reason,Screening score
Effect of Community Health Worker Support on Clinical Outcomes of Low-Income Patients Across Primary Care Facilities: A Randomized Clinical Trial,"Importance Addressing the social determinants of health has been difficult for health systems to operationalize. Objective To assess a standardized intervention, Individualized Management for Patient-Centered Targets (IMPaCT), delivered by community health workers (CHWs) across 3 health systems. Design, Setting, and Participants This 2-armed, single-blind, multicenter randomized clinical trial recruited patients from 3 primary care facilities in Philadelphia, Pennsylvania, between January 28, 2015, and March 28, 2016. Patients who resided in a high-poverty zip code, were uninsured or publicly insured, and who had a diagnosis for 2 or more chronic diseases were recruited, and patients were randomized to either the CHW intervention or the control arm (goal setting only). Follow-up assessments were conducted at 6 and 9 months after enrollment. Data were analyzed using an intention-to-treat approach from June 2017 to March 2018. Intervention Participants set a chronic disease management goal with their primary care physician; those randomized to the CHW intervention received 6 months of tailored support. Main Outcomes and Measures The primary outcome was change in self-rated physical health. The secondary outcomes were self-rated mental health, chronic disease control, patient activation, patient-reported quality of primary care, and all-cause hospitalization. Results Of the 592 participants, 370 (62.5%) were female, with a mean (SD) age of 52.6 (11.1) years. Participants in both arms had similar improvements in self-rated physical health (mean [SD], 1.8 [11.2] vs 1.6 [9.9]; P = .89). Patients in the intervention group were more likely to report the highest quality of care (odds ratio [OR], 1.8; 95% CI, 1.4-2.4; risk difference [RD], 0.12; P < .001) and spent fewer total days in the hospital at 6 months (155 days vs 345 days; absolute event rate reduction, 69%) and 9 months (300 days vs 471 days; absolute event rate reduction, 65%). This reduction was driven by a shorter average length of stay (difference, –3.1 days; 95% CI, –6.33 to 0.22; P = .06) and a lower mean number of hospitalizations (difference, –0.3; 95% CI, –0.6 to 0.0; P = .07) among patients who were hospitalized. Patients in the intervention group had a lower odds of repeat hospitalizations (OR, 0.4; 95% CI, 0.2-0.9; RD, –0.24; P = .02), including 30-day readmissions (OR, 0.3; 95% CI, 0.1-0.9; RD, –0.17; P = .04). Conclusions and Relevance A standardized intervention did not improve self-rated health but did improve the patient-perceived quality of care while reducing hospitalizations, suggesting that health systems may use a standardized intervention to address the social determinants of health. Trial Registration ClinicalTrials.gov identifier: NCT02347787","S. Kangovi, N. Mitra, L. Norton, Rory Harte, Xinyi Zhao, Tamala Carter, D. Grande, Judith A. Long",10.1001/jamainternmed.2018.4630,https://doi.org/10.1001/jamainternmed.2018.4630,JAMA Internal Medicine,194,2018,no,"The intervention uses Community Health Workers (CHWs) who are trained but not formally educated clinicians. The paper states ""CHWs are required to have a high school diploma,"" which does not meet the criterion of being a ""trained clinician with formal professional/paraprofessional tertiary education.""",yes,"The intervention is clearly community-based, delivered across multiple primary care facilities and in patients' communities, not exclusively in hospital settings.",yes,This is a randomized controlled trial comparing the CHW intervention with a control group (goal-setting only).,maybe,"While the intervention involves navigation and support services in the community, it's delivered by CHWs rather than trained clinicians. The intervention does support access to services and coordinate care, but the provider type doesn't match the criterion.",yes,"The study measures unplanned hospital presentations as an outcome, specifically looking at all-cause hospitalization, length of stay, and readmissions.",yes,"This is a full research paper presenting results, not a protocol or abstract.",yes,"This is explicitly described as a ""2-armed, single-blind, multicenter randomized clinical trial.""",yes,The study includes community-dwelling patients with chronic conditions who are at risk of unplanned hospital presentations.,yes,"The study focuses on all-cause hospitalization and readmissions, which includes unplanned presentations.",Include,"A community-based intervention using community health workers demonstrated promising results in reducing hospitalizations and improving patient-perceived quality of care, but failed to meet the critical criterion of having a care navigator with formal tertiary education. Despite strong alignment with most screening criteria, the lack of a trained clinician as the navigator prevents the study from fully qualifying for inclusion. The intervention's focus on community-dwelling patients with chronic conditions and its measurement of unplanned hospital presentations were notable strengths.",,,2.7
Integrated care at home reduces unnecessary hospitalizations of community-dwelling frail older adults: a prospective controlled trial,"Care of frail and dependent older adults with multiple chronic conditions is a major challenge for health care systems. The study objective was to test the efficacy of providing integrated care at home to reduce unnecessary hospitalizations, emergency room visits, institutionalization, and mortality in community dwelling frail and dependent older adults. A prospective controlled trial was conducted, in real-life clinical practice settings, in a suburban region in Geneva, Switzerland, served by two home visiting nursing service centers. Three hundred and one community-dwelling frail and dependent people over 60 years old were allocated to previously randomized nursing teams into Control (N = 179) and Intervention (N = 122) groups: Controls received usual care by their primary care physician and home visiting nursing services, the Intervention group received an additional home evaluation by a community geriatrics unit with access to a call service and coordinated follow-up. Recruitment began in July 2009, goals were obtained in July 2012, and outcomes assessed until December 2012. Length of follow-up ranged from 5 to 41 months (mean 16.3). Primary outcome measure was the number of hospitalizations. Secondary outcomes were reasons for hospitalizations, the number and reason of emergency room visits, institutionalization, death, and place of death. The number of hospitalizations did not differ between groups however, the intervention led to lower cumulative incidence for the first hospitalization after the first year of follow-up (69.8%, CI 59.9 to 79.6 versus 87 · 6%, CI 78 · 2 to 97 · 0; p = .01). Secondary outcomes showed that the intervention compared to the control group had less frequent unnecessary hospitalizations (4.1% versus 11.7%, p = .03), lower cumulative incidence for the first emergency room visit, 8.3%, CI 2.6 to 13.9 versus 23.2%, CI 13.1 to 33.3; p = .01), and death occurred more frequently at home (44.4 versus 14.7%; p = .04). No significant differences were found for institutionalization and mortality. Integrated care that included a home visiting multidisciplinary geriatric team significantly reduced unnecessary hospitalizations, emergency room visits and allowed more patients to die at home. It is an effective tool to improve coordination and access to care for frail and dependent older adults. Clinical Trials.gov Identifier: NCT02084108 . Retrospectively registered on March 10th 2014.","L. di Pollina, I. Guessous, Véronique Petoud, C. Combescure, B. Buchs, P. Schaller, M. Kossovsky, J. Gaspoz",10.1186/s12877-017-0449-9,https://doi.org/10.1186/s12877-017-0449-9,BMC Geriatrics,112,2017,no,"The study involves a community geriatrics unit (CGU) with a multidisciplinary team including doctors, physical and occupational therapists, psychologists, dieticians, and social workers. However, the paper does not explicitly state that these professionals are not delivering clinical care, and the intervention appears to be more comprehensive clinical care rather than pure navigation.",yes,"The intervention is clearly delivered in community settings, with home visits and community-based care coordination. The study explicitly focuses on ""community-dwelling frail and dependent older adults.""",yes,This is a prospective controlled trial comparing the intervention group with a control group receiving usual care.,no,"While the intervention involves coordination of care, it appears to be more comprehensive clinical care delivery rather than pure care navigation. The team provides direct clinical assessments and interventions, which goes beyond the definition of care navigation provided in the criteria.",yes,"The study measures unplanned hospital presentations, including emergency room visits and hospitalizations, which are primary outcomes.",yes,"This is a full research paper presenting results, not a protocol or abstract.",maybe,"While this is a controlled trial, it's not explicitly stated as randomized. The paper mentions ""randomly assigned nursing teams"" but not individual randomization.",yes,"The study includes community-dwelling older adults who are frail and dependent, which fits the target population criteria.",yes,"The study specifically focuses on unnecessary hospitalizations and emergency room visits, which are unplanned presentations.",Include,"The study involves a community-based intervention for frail older adults, comparing an integrated care approach with usual care, and measuring outcomes like hospitalizations and emergency room visits. While the intervention includes a multidisciplinary team and community delivery, it appears to be more comprehensive clinical care rather than pure care navigation, which may not align with the specific screening criteria. The study design and target population are appropriate, but the intervention type and care navigator role do not fully match the predefined requirements.",,,2.7
Impact of a Patient Navigator Program on Hospital-Based and Outpatient Utilization Over 180 Days in a Safety-Net Health System,"BACKGROUND
With emerging global payment structures, medical systems need to understand longer-term impacts of care transition strategies.
OBJECTIVE
To determine the effect of a care transition program using patient navigators (PNs) on health service utilization among high-risk safety-net patients over a 180-day period.
DESIGN
Randomized controlled trial conducted October 2011 through April 2013.
PARTICIPANTS
Patients admitted to the general medicine service with ≥1 readmission risk factor: (1) age ≥ 60; (2) in-network inpatient admission within prior 6 months; (3) index length of stay ≥ 3 days; or (4) admission diagnosis of heart failure or (5) chronic obstructive pulmonary disease. The analytic sample included 739 intervention patients, 1182 controls.
INTERVENTIONS
Through hospital visits and 30 days of post-discharge telephone outreach, PNs provided coaching and assistance with medications, appointments, transportation, communication with primary care, and self-care.
MAIN MEASURES
Primary outcomes: (1) hospital-based utilization, a composite of ED visits and hospital admissions; (2) hospital admissions; (3) ED visits; and (4) outpatient visits. We evaluated outcomes following an index discharge, stratified by patient age (≥ 60 and < 60 years), using a 180-day time frame divided into six 30-day periods.
KEY RESULTS
The PN program produced starkly different outcomes by patient age. Among older PN patients, hospital-based utilization was consistently lower than controls, producing an 18.7% cumulative decrease at 180 days (p = 0.038); outpatient visits increased in the critical first 30-day period (p = 0.006). Among younger PN patients, hospital-based utilization was 31.7% (p = 0.038) higher at 180 days, largely reflecting sharply higher utilization in the initial 30 days (p = 0.002), with non-significant changes thereafter; outpatient visits experienced no significant changes.
CONCLUSIONS
A PN program serving high-risk safety-net patients differentially impacted patients based on age, and among younger patients, outcomes varied over time. Our findings highlight the importance for future research to evaluate care transition programs among different subpopulations and over longer time periods.","Richard B. Balaban, Fang Zhang, Catherine E. Vialle-Valentin, A. Galbraith, M. Burns, Marc R. Larochelle, D. Ross-Degnan",10.1007/s11606-017-4074-2,https://doi.org/10.1007/s11606-017-4074-2,Journal of general internal medicine,35,2017,maybe,"The paper uses ""patient navigators (PNs)"" who are described as hospital-based community health workers (CHWs). While they are paid care workers, it's not explicitly stated they have formal professional/paraprofessional tertiary education, creating some uncertainty about meeting this criterion.",yes,"The intervention includes both hospital visits and 30 days of post-discharge telephone outreach, indicating it is delivered at least partially outside of hospital settings.",yes,The study is explicitly described as a randomized controlled trial comparing the PN intervention with usual care.,maybe,"The intervention involves support provided in the community by trained workers to access services relevant to health and social needs. However, there is some ambiguity about whether these workers deliver clinical care, as they are described as providing ""coaching and assistance with medications,"" creating some uncertainty about meeting this criterion.",yes,"The study measures hospital-based utilization, including ED visits and hospital admissions, which directly aligns with the unplanned hospital presentations outcome criterion.",yes,"This is a full research paper presenting results, not a protocol or abstract.",yes,The paper explicitly states it is a randomized controlled trial.,yes,"The study includes community-dwelling patients with risk factors for readmission, including age ≥60, recent admission history, and specific conditions (heart failure or COPD).",maybe,"The study focuses on all hospital-based utilization, including ED visits and hospital admissions, without specifically distinguishing between planned and unplanned presentations. However, the context suggests a focus on unplanned presentations, particularly given the readmission risk factors.",Include,"A randomized controlled trial examining patient navigation for high-risk patients demonstrates strong alignment with most screening criteria, including community-based delivery, comparative design, and appropriate outcome measurement. Some uncertainties exist regarding the precise qualifications of patient navigators and the distinction between planned and unplanned hospital presentations, which introduce nuanced complexity to the study's screening assessment.",,,4
Impact of an integrated community-based model of care for older people with complex conditions on hospital emergency presentations and admissions: a step-wedged cluster randomized trial,"Abstract Background Health systems must reorient towards preventative and co-ordinated care to reduce hospital demand and achieve positive and fiscally responsible outcomes for older persons with complex needs. Integrated care models can improve outcomes by aligning primary practice with the specialist health and social services required to manage complex needs. This paper describes the impact of a community-facing program that integrates care at the primary-secondary interface on the rate of Emergency Department (ED) presentation and hospital admissions among older people with complex needs. Methods The Older Persons Enablement and Rehabilitation for Complex Health Conditions (OPEN ARCH) study is a multicentre randomised controlled trial with a stepped wedge cluster design. General practitioners (GPs; n = 14) in primary practice within the Cairns region are considered ‘clusters’ each comprising a mixed number of participants. 80 community-dwelling persons over 70 years of age if non-Indigenous and over 50 years of age if Indigenous were included at baseline with no new participants added during the study. Clusters were randomly assigned to one of three steps that represent the time at which they would commence the OPEN ARCH intervention, and the subsequent intervention duration (3, 6, or 9 months). Each participant was its own control. GPs and participants were not blinded. The primary outcomes were ED presentations and hospital admissions. Data were collected from Queensland Health Casemix data and analysed with multilevel mixed-effects Poisson regression modelling to estimate the effectiveness of the OPEN ARCH intervention. Data were analysed at the cluster and participant levels. Results Five clusters were randomised to steps 1 and 2, and 4 clusters randomised to step 3. All clusters ( n = 14) completed the trial accounting for 80 participants. An effect size of 9% in service use (95% CI) was expected. The OPEN ARCH intervention was found to not make a statistically significant difference to ED presentations or admissions. However, a stabilising of ED presentations and a trend toward lower hospitalisation rates over time was observed. Conclusions While this study detected no statistically significant change in ED presentations or hospital admissions, a plateauing of ED presentation and admission rates is a clinically significant finding for older persons with complex needs. Multi-sectoral integrated programs of care require an adequate preparation period and sufficient duration of intervention for effectiveness to be measured. Trial registration The OPEN ARCH study received ethical approval from the Far North Queensland Human Research Ethics Committee, HREC/17/QCH/104–1174 and is registered on the Australian and New Zealand Trials Registry, ACTRN12617000198325p .","J. Mann, F. Thompson, R. Mcdermott, A. Esterman, E. Strivens",10.1186/s12913-021-06668-x,https://doi.org/10.1186/s12913-021-06668-x,BMC Health Services Research,7,2021,maybe,"The paper describes an ""enablement officer (clinical nurse)"" who works with GPs and geriatric specialists. While this is a trained clinician, it's not entirely clear if they function as a care navigator in the traditional sense. The role seems more focused on enablement and assessment rather than navigation.",yes,"The intervention is clearly delivered in community settings, working with GPs in primary care and community-dwelling participants. The paper explicitly states it's a ""community-facing program.""",yes,This is a randomized controlled trial with a stepped wedge cluster design comparing the intervention to usual care (routine GP care).,maybe,"The intervention involves coordination between multiple healthcare providers (GPs, geriatric specialists, enablement officers) to support community-dwelling older persons. However, it appears to be more focused on comprehensive assessment and enablement rather than pure care navigation. The enablement officer's role isn't clearly described as navigation-focused.",yes,The study explicitly measures unplanned hospital presentations (ED presentations and hospital admissions) as primary outcomes.,yes,"This is a full research paper presenting results, not a protocol or abstract.",yes,This is explicitly described as a multicentre randomized controlled trial with a stepped wedge cluster design.,yes,The study includes community-dwelling older persons with complex needs who are at risk of hospital presentations.,yes,"The study focuses on ED presentations and hospital admissions, which are unplanned presentations.",Include,"A community-based randomized controlled trial focusing on older persons with complex needs, examining unplanned hospital presentations through a comprehensive care intervention involving multiple healthcare providers. The study meets most screening criteria, with some uncertainty around the precise definition of care navigation, particularly regarding the enablement officer's role. Despite this nuance, the research demonstrates a robust approach to understanding healthcare coordination and hospital presentation reduction.",,,4
A Patient Navigator Intervention to Reduce Hospital Readmissions among High-Risk Safety-Net Patients: A Randomized Controlled Trial,"BACKGROUND
Evidence-based interventions to reduce hospital readmissions may not generalize to resource-constrained safety-net hospitals.
OBJECTIVE
To determine if an intervention by patient navigators (PNs), hospital-based Community Health Workers, reduces readmissions among high risk, low socioeconomic status patients.
DESIGN
Randomized controlled trial.
PARTICIPANTS
General medicine inpatients having at least one of the following readmission risk factors: (1) age ≥60 years, (2) any in-network inpatient admission within the past 6 months, (3) length of stay ≥3 days, (4) admission diagnosis of heart failure, or (5) chronic obstructive pulmonary disease. The analytic sample included 585 intervention patients and 925 controls.
INTERVENTIONS
PNs provided coaching and assistance in navigating the transition from hospital to home through hospital visits and weekly telephone outreach, supporting patients for 30 days post-discharge with discharge preparation, medication management, scheduling of follow-up appointments, communication with primary care, and symptom management.
MAIN MEASURES
The primary outcome was in-network 30-day hospital readmissions. Secondary outcomes included rates of outpatient follow-up. We evaluated outcomes for the entire cohort and stratified by patient age >60 years (425 intervention/584 controls) and ≤60 years (160 intervention/341 controls).
KEY RESULTS
Overall, 30-day readmission rates did not differ between intervention and control patients. However, the two age groups demonstrated marked differences. Intervention patients >60 years showed a statistically significant adjusted absolute 4.1% decrease [95% CI: -8.0%, -0.2%] in readmission with an increase in 30-day outpatient follow-up. Intervention patients ≤60 years showed a statistically significant adjusted absolute 11.8% increase [95% CI: 4.4%, 19.0%] in readmission with no change in 30-day outpatient follow-up.
CONCLUSIONS
A patient navigator intervention among high risk, safety-net patients decreased readmission among older patients while increasing readmissions among younger patients. Care transition strategies should be evaluated among diverse populations, and younger high risk patients may require novel strategies.","Richard B. Balaban, A. Galbraith, M. Burns, Catherine E. Vialle-Valentin, Marc R. Larochelle, D. Ross-Degnan",10.1007/s11606-015-3185-x,https://doi.org/10.1007/s11606-015-3185-x,Journal of general internal medicine,121,2015,maybe,"The paper uses ""patient navigators (PNs)"" who are described as hospital-based Community Health Workers. While they are trained and paid, they are not formally described as having tertiary education. This partially meets the criterion but creates some uncertainty.",yes,The intervention is delivered both in hospital and post-discharge in the community through telephone outreach. This clearly meets the criterion as it's not exclusively hospital-based.,yes,"The study is explicitly described as a ""randomized controlled trial"" comparing the PN intervention with usual care. This clearly meets the criterion.",maybe,"The intervention involves support provided in the community by trained navigators who do not deliver clinical care, focusing on helping patients access services and navigate the healthcare system. This meets the criterion, though the hospital-based component creates some uncertainty.",yes,"The study measures 30-day hospital readmissions as the primary outcome, which directly meets this criterion.",yes,"This is a full research paper presenting results, not a protocol or abstract. This meets the criterion.",yes,"The paper explicitly states it's a randomized controlled trial, meeting this criterion.",yes,"The study includes patients residing in the community who are at risk of unplanned hospital presentations, meeting this criterion.",yes,"The study focuses on all-cause readmissions and doesn't exclude planned readmissions, meeting this criterion.",Include,"A randomized controlled trial examining patient navigation for high-risk patients demonstrates strong alignment with most screening criteria, including community-based delivery, appropriate outcomes, and a focus on unplanned hospital presentations. The primary uncertainty lies in the precise qualifications of the patient navigators, though their training and paid status suggest substantial alignment with the care navigation definition. The study's comprehensive approach to supporting patients in navigating healthcare services provides valuable insights into care transition strategies.",,,4.3
Two-year follow-up of a clustered randomised controlled trial of a multicomponent general practice intervention for people at risk of poor health outcomes,This study was a two-year follow-up evaluation of health service use and the cost-effectiveness of a multicomponent general practice intervention targeted at people at high risk of poor health outcomes.,"Richard L. Reed, L. Roeger, B. Kaambwa",10.1186/s12913-024-10799-2,https://doi.org/10.1186/s12913-024-10799-2,BMC Health Services Research,2,2024,no,"The intervention involves practice nurses (PNs) and administrative staff, but they are not described as care navigators. They are involved in implementing the intervention but are not the primary navigators. The intervention is more focused on GP services and follow-up rather than navigation.",maybe,"The intervention is delivered in general practice settings, which are community-based. However, it's not clear if there are components delivered outside of these settings.",yes,The study is a cluster randomized trial comparing the intervention to usual care.,no,"The intervention is described as ""enhanced general practice services"" rather than care navigation. It focuses on GP appointments, follow-up, and coordination of care, but doesn't match the specific definition of care navigation provided in the criteria.",yes,"The study measures emergency department presentations and hospital admissions as outcomes, which matches the unplanned hospital presentations criterion. It also measures quality of life using EQ-5D-5L.",yes,"This is a full research paper presenting results, not a protocol or abstract.",yes,The study is explicitly described as a cluster randomized trial.,yes,"The study includes participants at risk of poor health outcomes, including those with chronic diseases and older adults, residing in the community.",yes,"The study measures emergency department presentations and hospital admissions, which are unplanned presentations.",Include,"The study is a cluster randomized trial examining enhanced general practice services, which does not align with the specific definition of care navigation. While the research meets multiple methodological criteria such as study design, outcomes, and population, it fundamentally differs from a care navigation intervention. The core intervention focuses on GP services and follow-up rather than the defined care navigation model.",,,2.5
Effectiveness of comprehensive geriatric assessment adapted to primary care when provided by a nurse or a general practitioner: the CEpiA cluster-randomised trial,"BACKGROUND
The benefits of comprehensive geriatric assessment (CGA) are well established for hospital care but less so for primary care. Our primary objective was to assess the effect of two multifaceted interventions based on a CGA adapted for primary care on a composite criterion combining all-cause mortality, emergency department visits, unplanned hospital admissions, and institutionalisation.
METHODS
This open-label, pragmatic, three-arm, cluster-randomised controlled trial involved 39 general practices in France. It included 634 patients aged 70 years or over with chronic health conditions and/or an unplanned hospital admission in the past 3 months, between 05/2016 and 08/2018. Interventions were in arm 1: a systematic nurse-led CGA; arm 2: a GP-led CGA, at the GP's discretion; arm 3: standard care. The primary composite endpoint was assessed at 12 months. The secondary endpoints included: components of the composite endpoint, health-related quality of life (Duke Health Profile), functional status (Katz Activities of Daily Living Index) and medications (number) at 12 months. Pairwise comparisons between the experimental groups and the control were tested. The main analysis was performed on the intention-to-treat (ITT) population, after imputing missing information and adjusting for baseline imbalances by mixed effects regressions.
RESULTS
For the primary composite outcome, no statistically significant difference was found between arm 1 and the control (adjusted odds ratio [aOR] = 0.81 [95%CI 0.54-1.21], P = 0.31), whereas arm 2 and the control differed significantly (aOR = 0.60 [0.39-0.93], P = 0.022). A statistically lower risk of unplanned hospital admission in arm 2 vs control (aOR = 0.57 [0.36-0.92], P = 0.020)) was observed, while no statistically significant differences were found for the other components and between arm 1 and the control. None of the other secondary endpoints differed between arms.
CONCLUSIONS
Our study led in community-dwelling older patients with chronic conditions found no significant effect of a CGA adapted for primary care on mortality, functional independence and quality of life, but suggests that a GP-led CGA may reduce the risk of unplanned hospital admission. Our study demonstrates the feasibility of incorporating CGA into clinical practice and highlights its potential benefits when applied on a case-by-case basis, guided by the GPs who develop the resulting PCP.
TRIAL REGISTRATION
NCT02664454.
© 2024. The Author(s).","Véronique Orcel, Leon Banh, Sylvie Bastuji-Garin, Vincent Renard, Emmanuelle Boutin, Amel Gouja, P. Caillet, Elena Paillaud, Etienne Audureau, Emilie Ferrat",10.1186/s12916-024-03613-7,https://doi.org/10.1186/s12916-024-03613-7,BMC Medicine,4,2024,maybe,"The study involves nurses and GPs performing comprehensive geriatric assessments, but they are not strictly care navigators as defined in the criteria. They are providing clinical assessments and care planning rather than just navigation support. The nurses are described as ""registered nurses (community or practices nurses) with no specific specialisation in geriatrics"" but are still providing clinical care.",yes,"The intervention is clearly delivered in primary care settings and community-based practices, not in hospital settings.",yes,The study is a three-arm cluster-randomized controlled trial comparing two intervention arms (nurse-led and GP-led CGA) with standard care.,maybe,"While the intervention is community-based, it involves comprehensive geriatric assessment and care planning rather than care navigation as defined in the criteria. The nurses and GPs are providing clinical care and assessments rather than just navigation support.",yes,"The study measures unplanned hospital presentations as one of its primary outcomes, including emergency department visits and unplanned hospital admissions.",yes,"This is a full research paper presenting results, not a protocol or conference abstract.",yes,"The study is explicitly described as a ""cluster-randomised controlled trial.""",yes,The study includes community-dwelling older patients (70+ years) with chronic conditions who may be at risk of unplanned hospital presentations.,yes,The study specifically focuses on unplanned hospital presentations as part of its primary composite outcome.,Include,"A comprehensive geriatric assessment study involving community-dwelling older patients with chronic conditions, comparing nurse-led and GP-led interventions against standard care. While meeting most screening criteria including community-based delivery, comparative design, and focus on unplanned hospital presentations, the intervention does not strictly qualify as care navigation due to its clinical assessment and care planning nature. The study's methodological rigor and relevance to reducing unplanned hospitalizations are notable, despite not fully aligning with the specific care navigation definition.",,,2.5
"Reducing rehospitalization in cardiac patients: a randomized, controlled trial of a cardiac care management program (“Cardiolotse”) in Germany","Abstract Background We conducted a prospective, randomized, controlled, two-group parallel trial investigating the effectiveness of a care management program employing cardiac care navigators providing post-discharge support to patients compared to standard care. Methods The intervention commenced in 2019/2020 for 2862 patients hospitalized with heart failure, coronary heart disease, or cardiac arrhythmias in departments of cardiology across eight participating sites of a hospital group in Berlin, Germany. We analyzed the results using an intention-to-treat approach. The primary outcome was the all-cause rehospitalization rate after 12 months. Secondary outcomes included rehospitalizations due to one of the qualifying cardiac diagnoses, duration of rehospitalization, mortality, health-related quality of life, and several process indicators. Trial data were collected from a combination of face-to-face and phone interviews conducted by hospital staff throughout the 12-month follow-up period using standardized questionnaires. Administrative claims data were provided by a large statutory health insurer. Outcomes for the intervention and control groups were compared using logistic regression, generalized linear models (GLMs) with a negative binomial distribution, ordinary least squares, and Cox proportional hazards regression. Results Compared to the control group ( N = 1294), the intervention group ( N = 1256) had a lower rate of all-cause rehospitalizations (62.6% vs. 66.4%, p = 0.05) and shorter lengths of stay (14.49 vs. 16.89 days, p = 0.02) during the 12-month follow-up period. These differences were also present for rehospitalizations due to the cardiac diseases qualifying for study recruitment, with rehospitalization rates for the intervention and control groups being 58.0% vs. 61.4% ( p = 0.08) and particularly pronounced for lengths of rehospitalization stay of 12.97 vs. 15.40 days ( p = 0.01), respectively. Subgroup analyses indicated positive effects of the intervention for patients 70 years and older ( p = 0.05), females ( p = 0.06), and those with little or no German language proficiency ( p = 0.03). Furthermore, we found positive effects on patients’ adherence to health-related behavioral recommendations (81.91% vs. 73.95%, p = 0.000). Conclusions This study adds to the body of evidence indicating that care management interventions supporting patients as they transition from the inpatient to the outpatient sector can lower rehospitalizations, decrease length of rehospitalization stays, and improve adherence to post-discharge recommendations. Trial registration German Clinical Trial Register, DRKS00020424 . Registered 2020-06-18. (retrospectively registered).","Wiebke Schüttig, Harald Darius, K. C. Reber, Marie Coors, Amelie Flothow, Alfred Holzgreve, Sebastian Karmann, Anica Stürtz, Rebecca Zöller, S. Kropp, Petra Riesner, L. Sundmacher",10.1186/s12916-024-03691-7,https://doi.org/10.1186/s12916-024-03691-7,BMC Medicine,2,2024,yes,The care navigators are trained medical staff (nurses or healthcare assistants) who undergo 160-240 hours of training. They are paid staff providing care navigation services.,yes,"The intervention is delivered primarily in the community, with navigators providing post-discharge support through phone calls and office hours. While initial contact occurs in hospital, the actual navigation service is community-based.",yes,This is a randomized controlled trial comparing the care navigation intervention with standard care (control group).,yes,"The intervention matches the definition of care navigation services. The navigators guide patients through the healthcare system, facilitate access to resources, and support self-management without delivering clinical care.",yes,The study measures both unplanned hospital presentations (rehospitalization rates) and quality of life (using EQ-5D-5L) at 12 months.,yes,"This is a full research paper presenting results, not a protocol or abstract.",yes,The paper explicitly states it is a randomized controlled trial.,yes,"The study includes patients with cardiac conditions residing in the community, who are at risk of unplanned hospital presentations.",yes,"The study focuses on all-cause rehospitalization rates and specifically mentions cardiac-related rehospitalizations, which are typically unplanned.",Include,"A randomized controlled trial of cardiac care navigation demonstrates a comprehensive intervention delivered by trained medical staff in community settings, focusing on reducing unplanned hospital presentations for patients with cardiac conditions. The study meets all screening criteria, including comparative design, community-based delivery, appropriate target population, and measurement of both rehospitalization rates and quality of life outcomes. The intervention provides post-discharge support through trained navigators who guide patients through healthcare systems without delivering clinical care.",,,4.9
Long‐Term Impact of a Postdischarge Community Health Worker Intervention on Health Care Costs in a Safety‐Net System,"OBJECTIVE
Patient navigators (PNs) may represent a cost-effective strategy to improve transitional care and reduce hospital readmissions. We evaluated the impact of a PN intervention on health system costs in the 180 days after discharge for high-risk patients in a safety-net system.
DATA SOURCE/SETTING
Primary and secondary data from an academic safety-net health system.
STUDY DESIGN
We compared per-patient utilization and costs, overall and by age, for high-risk, medical service patients randomized to the PN intervention relative to usual care between October 2011 and April 2013. Intervention patients received hospital visits and telephone outreach from PNs for 30 days after every qualifying discharge.
DATA COLLECTION/EXTRACTION METHODS
We used administrative and electronic encounter data, and a survey of nurses; costs were imputed from the Medicare fee schedule.
PRINCIPAL FINDINGS
Total costs per patient over the 180 days postindex discharge for those aged ≥60 years were significantly lower for PN patients compared to controls ($5,676 vs. $7,640, p = .03); differences for patients aged <60 ($9,942 vs. $9,046, p = .58) or for the entire cohort ($7,092 vs. $7,953, p = .27) were not significant.
CONCLUSIONS
Patient navigator interventions may be useful strategies for specific groups of patients in safety-net systems to improve transitional care while containing costs.","A. Galbraith, David J. Meyers, D. Ross-Degnan, M. Burns, Catherine E. Vialle-Valentin, Marc R. Larochelle, Sharon Touw, Fang Zhang, M. Rosenthal, Richard B. Balaban",10.1111/1475-6773.12790,https://doi.org/10.1111/1475-6773.12790,Health Services Research,21,2017,maybe,"The paper describes ""Patient Navigators (PNs)"" who are community health workers. While it's not explicitly stated they have formal professional/paraprofessional tertiary education, they are described as providing support and navigation, and are paid care workers in a formal healthcare system.",yes,"The intervention is clearly delivered in the community. The PNs provide ""hospital visits and weekly outreach calls in the 30 days after discharge"" and support patients in their homes and community settings.",yes,This is explicitly a randomized controlled trial comparing the PN intervention with usual care (control group).,yes,"The intervention matches the definition of care navigation services. PNs provide support to access services, coordinate care, and guide patients without delivering clinical care themselves. They work with multiple healthcare providers and focus on navigation and support.",yes,"The study measures unplanned hospital presentations, including ED visits and hospitalizations, as key outcomes. They specifically track ""unplanned hospitalizations"" and ED visits that don't result in hospitalization.",yes,"This is a full research paper presenting results, not a protocol or abstract.",yes,This is explicitly described as a randomized controlled trial.,yes,"The study includes patients residing in the community who are at risk of unplanned hospital presentations. They specifically target ""high-risk"" patients with various risk factors.",yes,"The study focuses on unplanned hospital presentations, including ED visits and hospitalizations, rather than planned procedures.",Include,"A randomized controlled trial of patient navigation services in a safety-net healthcare system, focusing on high-risk patients with community-based delivery and measuring unplanned hospital presentations. The intervention involves trained community health workers providing support and coordination across multiple healthcare providers, with a comprehensive approach to addressing patient needs and reducing healthcare utilization. The study meets most screening criteria, with only minor uncertainty around the precise educational background of the patient navigators.",,,4.6
Impact on all-cause mortality of a case prediction and prevention 1 intervention designed to reduce secondary care utilisation: findings 2 from a randomised controlled trial,Abstract,"Senior Strategic Development Manager Thomas Lovegrove-Bacon, PhD Senior Fellow Chris Sherlaw-Johnson, N. Trust, UK London",,,,0,2022,no,,no,,no,,no,,no,,no,,no,,no,,no,,Exclude,Cannot perform full text screening: full text not available.,,No full text,0.1
Evaluation of the effect of a nurse navigation program developed for postpartum mothers on maternal health: A randomized controlled study.,"OBJECTIVE
This study aimed to determine the effects of a nurse navigation program on the capability for self-care, quality of life, risk of anxiety and depression, and severity of the physical symptoms of postpartum mothers.
METHODS
This prospective, parallel-group, randomized controlled study included 64 primiparous pregnant women (32 women each in the intervention and control groups) at ≥36 gestational weeks admitted to the pregnancy outpatient clinic of a public hospital in Turkey. The intervention group received navigation program-based nursing care comprising three home visits, four phone calls, and five text messages aside from the standard hospital care during delivery and the postpartum period. Meanwhile, the control group received only the standard hospital care during delivery and the postpartum period. Data were collected using a sociodemographic data form, the Self-Care Power Scale, the Maternal Postpartum Quality of Life Instrument (MPQoL-I), the Postpartum Specific Anxiety Scale (PSAS), the Edinburgh Postnatal Depression Scale (EPDS), and the Postpartum Physical Symptom Severity Scale.
RESULTS
Mean scores for the capability for self-care and quality of life were higher, while those for the risk of depression and anxiety were lower for the intervention group than the control group (p < .05).
CONCLUSIONS
Navigation program-based care provided to primiparous mothers improved maternal health.","Pınar Uzunkaya Öztoprak, Gülten Koç, S. Erkaya",10.1111/phn.13226,https://doi.org/10.1111/phn.13226,Public Health Nursing,3,2023,no,,no,,no,,no,,no,,no,,no,,no,,no,,Exclude,Cannot perform full text screening: full text not available.,,No full text,0.1
Evaluating the provision of Further Enabling Care at Home (FECH+) for informal caregivers of older adults discharged home from hospital: protocol for a multicentre randomised controlled trial,"Introduction There are personal and societal benefits from caregiving; however, caregiving can jeopardise caregivers’ health. The Further Enabling Care at Home (FECH+) programme provides structured nurse support, through telephone outreach, to informal caregivers of older adults following discharge from acute hospital care to home. The trial aims to evaluate the efficacy of the FECH+ programme on caregivers’ health-related quality of life (HRQOL) after care recipients’ hospital discharge. Methods and analysis A multisite, parallel-group, randomised controlled trial with blinded baseline and outcome assessment and intention-to-treat analysis, adhering to Consolidated Standards of Reporting Trials guidelines will be conducted. Participants (N=925 dyads) comprising informal home caregiver (18 years or older) and care recipient (70 years or older) will be recruited when the care recipient is discharged from hospital. Caregivers of patients discharged from wards in three hospitals in Australia (one in Western Australia and two in Queensland) are eligible for inclusion. Participants will be randomly assigned to one of the two groups. The intervention group receive the FECH+ programme, which provides structured support and problem-solving for the caregiver after the care recipient’s discharge, in addition to usual care. The control group receives usual care. The programme is delivered by a registered nurse and comprises six 30–45 min telephone support sessions over 6 months. The primary outcome is caregivers’ HRQOL measured using the Assessment of Quality of Life—eight dimensions. Secondary outcomes include caregiver preparedness, strain and distress and use of healthcare services. Changes in HRQOL between groups will be compared using a mixed regression model that accounts for the correlation between repeated measurements. Ethics and dissemination Participants will provide written informed consent. Ethics approvals have been obtained from Sir Charles Gairdner and Osborne Park Health Care Group, Curtin University, Griffith University, Gold Coast Health Service and government health data linkage services. Findings will be disseminated through presentations, peer-reviewed journals and conferences. Trial registration number ACTRN12620000060943.","A. M. Hill, R. Moorin, S. Slatyer, C. Bryant, K. Hill, N. Waldron, S. Aoun, Ami Kamdar, L. Grealish, C. Reberger, Cindy Jones, M. Bronson, M. Bulsara, S. Maher, Tracey Claverie, W. Moyle",10.1136/bmjopen-2020-046600,https://doi.org/10.1136/bmjopen-2020-046600,BMJ Open,3,2021,maybe,"The intervention is delivered by ""specially trained 'FECH+' nurses"" who are registered nurses with ""acute gerontological nursing care experience."" They are paid professionals providing care navigation services. However, they are delivering clinical support rather than just navigation, which may not fully align with the criterion of ""not delivering clinical care.""",yes,"The intervention is delivered via telephone to caregivers in their homes after hospital discharge, clearly meeting the community-based delivery requirement.",yes,This is a randomized controlled trial comparing the FECH+ program (intervention) with usual care (control).,maybe,"The intervention provides support for accessing services and navigating care, but it appears to include some clinical support elements. While it matches some aspects of care navigation, it may not fully align with the strict definition provided in the criteria.",maybe,"The primary outcome is caregiver HRQOL, which is a PROM. However, the study does not measure unplanned hospital presentations as an outcome. While it tracks some healthcare utilization, this isn't explicitly focused on unplanned presentations.",no,"This appears to be a protocol paper rather than a results paper, which would not meet the inclusion criteria.",yes,This is explicitly described as a randomized controlled trial.,yes,"The population includes older adults (70+ years) discharged from hospital to home, which aligns with the target population criterion.",no,The study does not specifically focus on unplanned hospital presentations.,Exclude,"A protocol for a randomized controlled trial involving registered nurses supporting caregivers of older adults after hospital discharge, delivered via telephone in community settings. While meeting several screening criteria like community-based delivery and appropriate study design, the paper fails to meet key requirements such as measuring unplanned hospital presentations and being a results paper rather than a protocol. The intervention's clinical support elements and focus on caregiver outcomes further complicate its alignment with the specified screening criteria.",,Other / below screening threshold,1.4
Preventing Disability and Managing Chronic Illness in Frail Older Adults: A Randomized Trial of a Community‐Based Partnership with Primary Care,BACKGROUND: Effective new strategies that complement primary care are needed to reduce disability risks and improve self‐management of chronic illness in frail older people living in the community.,"Suzanne G. Leveille, E. Wagner, C. Davis, L. Grothaus, J. Wallace, M. LoGerfo, D. Kent",10.1111/j.1532-5415.1998.tb04533.x,https://doi.org/10.1111/j.1532-5415.1998.tb04533.x,Journal of The American Geriatrics Society,301,1998,no,,no,,no,,no,,no,,no,,no,,no,,no,,Exclude,Cannot perform full text screening: full text not available.,,No full text,0.1
Promoting Discharge Success with a Navigation Team in Spinal Cord Injury,To evaluate a clinical navigation program designed to assist individuals with a SCI to have better success following discharge in terms of health and community reintegration.,"E. Rosario, Laura Espinoza, Ann T Vasile, S. Kaplan, Bonnie Scudder",10.1016/j.apmr.2016.08.112,https://doi.org/10.1016/j.apmr.2016.08.112,,1,2016,no,,no,,no,,no,,no,,no,,no,,no,,no,,Exclude,Cannot perform full text screening: full text not available.,,No full text,0.1
Implementation and evaluation of a navigation program for people with cancer in old age and their family caregivers: study protocol for the EU NAVIGATE International Pragmatic Randomized Controlled Trial,"Cancer navigation programs aim to support, educate, and empower patients and families, addressing barriers to diagnostics, treatment, and care. Navigators engage with people to ensure timely access to services and resources. While promising for older people with cancer, these programs are scarce in Europe, and research on their effectiveness and implementation is limited. We describe the protocol of the EU NAVIGATE randomized controlled trial, aimed to evaluate (1) effectiveness and cost-effectiveness of NavCare-EU, an intervention that aims to support older people with cancer throughout their illness trajectory, spanning the continuum of supportive, palliative, and end-of-life care, and (2) the intervention's implementation processes and feasibility of its integration into different health care systems in Europe, contextual barriers and facilitators for effective and sustainable implementation, and mechanisms involved in reaching the outcomes. We will conduct a multisite pragmatic fast-track randomized controlled trial with embedded convergent mixed-method process evaluation in Belgium, Ireland, Italy, Netherlands, Poland, and Portugal. The study targets people with cancer and declining health, 70 years or older, and their close family caregivers. The trial compares the NavCare-EU intervention plus standard care with standard care alone. We will perform a baseline measurement prior to randomization and follow-up measurements at 12 weeks, 24 weeks, and 48 weeks in intervention and control group, and an additional measurement at 72 weeks in the control group. Primary outcomes, measured at 24 weeks are (1) the older person's global health status/quality of life, a 2-item subscale from EORTC-QLQ-C30 (revised) measuring health-related quality of life, (2) level of social support measured with Medical Outcomes Study Social Support Survey (MOS-SSS scale). The study will include at least 246 older persons with completed global health status/quality of life at 24 weeks. The EU NAVIGATE trial will cross-nationally test the effectiveness and cost-effectiveness of a navigation intervention for older people with cancer and their family caregivers, and its implementation in different health care systems in Europe. As continuity and access to health, social, and community care is a priority for patients and caregivers, the trial is timely and critically needed. Clinicaltrials.gov: identifier NCT06110312 (2023/10/31).","T. Smets, L. Pivodic, Rose Miranda, F. Van Campe, C. Vinckier, Barb Pesut, Wendy Duggleby, Andrew N Davies, A. Lavan, P. May, Barbara Gomes, Maja Furlan de Brito, V. Rodrigues, K. Szczerbińska, V. Kijowska, I. Barańska, Stefanie De Buyser, Davide Ferraris, S. Alfieri, B. Scacciati, H. Du Cheyne, K. Chambaere, J. Gilissen, A. V. D. van der Plas, R. Pasman, B. Onwuteaka-Philipsen, L. Van den Block",10.1186/s13063-024-08633-5,https://doi.org/10.1186/s13063-024-08633-5,Trials,1,2024,maybe,"The navigators are described as ""volunteers or health care professionals"" who collaborate with patients and families. While some are professionals (social workers in Poland), others are volunteers, which may not meet the requirement of ""trained clinician with formal professional/paraprofessional tertiary education.""",yes,"The intervention is clearly delivered in community settings, with navigators visiting patients at home and providing support outside of hospital settings.",yes,The study is explicitly described as a randomized controlled trial comparing the NavCare-EU intervention plus standard care with standard care alone.,maybe,"While the intervention involves support and navigation to access services, it's not entirely clear if the navigators are ""not delivering clinical care."" The description suggests they provide support and guidance but may also be involved in some clinical aspects.",no,"The primary outcomes are global health status/quality of life and social support. While quality of life is measured, there is no mention of unplanned hospital presentations as an outcome.",yes,"This is a full study protocol presenting results, not just a conference abstract or protocol.",yes,The study is explicitly described as a randomized controlled trial.,yes,The study includes participants with cancer residing in the community who may be at risk of various complications.,no,The study does not focus on unplanned hospital presentations. The outcomes are focused on quality of life and social support.,Include,"A randomized controlled trial of a navigation intervention for older cancer patients shows promise in community-based care delivery, but falls short on key screening criteria. The study lacks focus on unplanned hospital presentations and has uncertainty around the navigators' professional qualifications, which may disqualify it from systematic review inclusion. While the intervention demonstrates innovative approaches to patient support, critical methodological gaps prevent full alignment with the specified screening requirements.",,,2.7
From hospital to home: a brief nurse practitioner intervention for vulnerable older adults.,"A randomized controlled trial was conducted to evaluate the impact of a brief nurse practitioner (NP) intervention on care transitions among older hospitalized adults discharged to home (N = 199). Immediately following discharge, participants randomly assigned to the intervention received up to three home visits and two telephone calls from a registered NP that included medication review, care coordination, assessment of medical care needs, and brief coaching in self-management skills. Usual care participants received all standard medical care, including access to case management services. Intervention participants reported improved satisfaction with medical care (p = 0.008) and self-efficacy in managing medical conditions (p = 0.001) and had fewer primary care visits (p = 0.036) but no change in hospital readmissions at 6 months following enrollment. These findings suggest that intervening at the point of transition may extend the reach of the primary care physician by improving patient outcomes through nursing support at a high-risk period of care-the transition from hospital to home.","Susan Enguídanos, Nancy E. Gibbs, Paula M. Jamison",10.3928/00989134-20120116-01,https://doi.org/10.3928/00989134-20120116-01,Journal of Gerontological Nursing,34,2012,no,,no,,no,,no,,no,,no,,no,,no,,no,,Exclude,Cannot perform full text screening: full text not available.,,No full text,0.1
The care transitions intervention: results of a randomized controlled trial.,"BACKGROUND
Patients with complex care needs who require care across different health care settings are vulnerable to experiencing serious quality problems. A care transitions intervention designed to encourage patients and their caregivers to assert a more active role during care transitions may reduce rehospitalization rates.
METHODS
Randomized controlled trial. Between September 1, 2002, and August 31, 2003, patients were identified at the time of hospitalization and were randomized to receive the intervention or usual care. The setting was a large integrated delivery system located in Colorado. Subjects (N = 750) included community-dwelling adults 65 years or older admitted to the study hospital with 1 of 11 selected conditions. Intervention patients received (1) tools to promote cross-site communication, (2) encouragement to take a more active role in their care and to assert their preferences, and (3) continuity across settings and guidance from a ""transition coach."" Rates of rehospitalization were measured at 30, 90, and 180 days.
RESULTS
Intervention patients had lower rehospitalization rates at 30 days (8.3 vs 11.9, P = .048) and at 90 days (16.7 vs 22.5, P = .04) than control subjects. Intervention patients had lower rehospitalization rates for the same condition that precipitated the index hospitalization at 90 days (5.3 vs 9.8, P = .04) and at 180 days (8.6 vs 13.9, P = .046) than controls. The mean hospital costs were lower for intervention patients ($2058) vs controls ($2546) at 180 days (log-transformed P = .049).
CONCLUSION
Coaching chronically ill older patients and their caregivers to ensure that their needs are met during care transitions may reduce the rates of subsequent rehospitalization.","E. Coleman, C. Parry, Sandra A Chalmers, Sung‐joon Min",10.1001/ARCHINTE.166.17.1822,https://doi.org/10.1001/ARCHINTE.166.17.1822,Archives of Internal Medicine,1964,2006,no,,no,,no,,no,,no,,no,,no,,no,,no,,Exclude,Cannot perform full text screening: full text not available.,,No full text,0.1
Primary care practice-based care management for chronically ill patients (PraCMan): study protocol for a cluster randomized controlled trial [ISRCTN56104508],"Care management programmes are an effective approach to care for high risk patients with complex care needs resulting from multiple co-occurring medical and non-medical conditions. These patients are likely to be hospitalized for a potentially ""avoidable"" cause. Nurse-led care management programmes for high risk elderly patients showed promising results. Care management programmes based on health care assistants (HCAs) targeting adult patients with a high risk of hospitalisation may be an innovative approach to deliver cost-efficient intensified care to patients most in need.PraCMan is a cluster randomized controlled trial with primary care practices as unit of randomisation. The study evaluates a complex primary care practice-based care management of patients at high risk for future hospitalizations. Eligible patients either suffer from type 2 diabetes mellitus, chronic obstructive pulmonary disease, chronic heart failure or any combination. Patients with a high likelihood of hospitalization within the following 12 months (based on insurance data) will be included in the trial. During 12 months of intervention patients of the care management group receive comprehensive assessment of medical and non-medical needs and resources as well as regular structured monitoring of symptoms. Assessment and monitoring will be performed by trained HCAs from the participating practices. Additionally, patients will receive written information, symptom diaries, action plans and a medication plan to improve self-management capabilities. This intervention is addition to usual care. Patients from the control group receive usual care. Primary outcome is the number of all-cause hospitalizations at 12 months follow-up, assessed by insurance claims data. Secondary outcomes are health-related quality of life (SF12, EQ5D), quality of chronic illness care (PACIC), health care utilisation and costs, medication adherence (MARS), depression status and severity (PHQ-9), self-management capabilities and clinical parameters. Data collection will be performed at baseline, 12 and 24 months (12 months post-intervention).Practice-based care management for high risk individuals involving trained HCAs appears to be a promising approach to face the needs of an aging population with increasing care demands.","T. Freund, F. Peters-Klimm, J. Rochon, C. Mahler, J. Gensichen, A. Erler, M. Beyer, Annika Baldauf, F. Gerlach, J. Szecsenyi",10.1186/1745-6215-12-163,https://doi.org/10.1186/1745-6215-12-163,Trials,55,2011,maybe,"The care navigators are Healthcare Assistants (HCAs) who receive formal training through a ""36 hour training course (20 hours self-study, 16 hours interactive workshop)."" While they are not clinicians in the traditional sense, they are trained professionals involved in paid care. There is some uncertainty about whether their training level meets the ""tertiary education"" requirement.",yes,"The intervention is clearly delivered in primary care practices and community settings, not exclusively in hospitals. The care management is described as ""primary care practice-based"" and includes home visits.",yes,The study explicitly compares care navigation with usual care in a randomized controlled trial design.,yes,"The intervention matches the definition of care navigation. HCAs provide support to access services, coordinate care, and don't deliver clinical care themselves. They focus on assessment, monitoring, and supporting access to services.",yes,"The study measures unplanned hospital presentations as a primary outcome (""number of all-cause hospitalizations"") and includes quality of life measures (SF-12, EQ-5D) as secondary outcomes.",yes,"This appears to be a full study protocol with results, not just a protocol or abstract.",yes,"The study is explicitly described as a ""cluster randomized controlled trial.""",yes,"The study includes community-dwelling patients with chronic conditions (diabetes, COPD, heart failure) who are at risk of unplanned hospital presentations.",yes,"The study specifically focuses on reducing ""avoidable hospitalizations"" and measures all-cause hospitalizations.",Include,"A cluster randomized controlled trial investigating care navigation for high-risk patients with chronic conditions, delivered by trained healthcare assistants in primary care settings. The study comprehensively addresses unplanned hospital presentations through a community-based intervention, measuring outcomes including hospitalizations and quality of life. While most screening criteria are met, there is slight uncertainty regarding the care navigator's professional education level.",,,4.6
Transitional care interventions reduce unplanned hospital readmissions in high-risk older adults,"Acute hospital services account for the largest proportion of health care system budgets, and older adults are the most frequent users. As a result, older people who have been recently discharged from hospital may be at greater risk of readmission. This study aims to evaluate the comparative effectiveness of transitional care interventions on unplanned hospital readmissions within 28 days, 12 weeks and 24 weeks following hospital discharge.The present study was a randomised controlled trial (ACTRN12608000202369). The trial involved 222 participants who were recruited from medical wards in two metropolitan hospitals in Australia. Participants were eligible for inclusion if they were aged 65 years and over, admitted with a medical diagnosis and had at least one risk factor for readmission. Participants were randomised to one of four groups: standard care, exercise program only, Nurse Home visit and Telephone follow-up (N-HaT), or Exercise program and Nurse Home visit and Telephone follow-up (ExN-HaT). Socio-demographics, health and functional ability were assessed at baseline, 28 days, 12 weeks and 24 weeks. The primary outcome measure was unplanned hospital readmission which was defined as any hospital admission for an unforeseen or unplanned cause.Participants in the ExN-HaT or the N-HaT groups were 3.6 times and 2.6 times respectively significantly less likely to have an unplanned readmission 28 days following discharge (ExN-HaT group HR 0.28, 95% CI 0.09-0.87, p = 0.029; N-HaT group HR 0.38, 95% CI 0.13-1.07, p = 0.067). Participants in the ExN-HaT or the N-HaT groups were 2.13 and 2.63 times respectively less likely to have an unplanned readmission in the 12 weeks after discharge (ExN-HaT group HR 0.47, 95% CI 0.23-0.97, p = 0.014; N-HaT group HR 0.38, 95% CI 0.18-0.82, p = 0.040). At 24 weeks after discharge, there were no significant differences between groups.Multifaceted transitional care interventions across hospital and community settings are beneficial, with lower hospital readmission rates observed in those receiving more transitional intervention components, although only in first 12 weeks.Australian and New Zealand Clinical Trial Registry ( ACTRN12608000202369 ).","K. Finlayson, A. Chang, M. Courtney, H. Edwards, A. Parker, K. Hamilton, Thu Dinh Xuan Pham, Jane A O'Brien",10.1186/s12913-018-3771-9,https://doi.org/10.1186/s12913-018-3771-9,BMC Health Services Research,98,2018,maybe,"The paper involves nurses providing home visits and telephone follow-up, but these are described as providing clinical care (exercise programs, health assessments) rather than purely navigation services. The intervention is more aligned with case management than care navigation as defined in the criteria.",yes,"The intervention is clearly delivered in community settings, with home visits and telephone follow-up after hospital discharge.",yes,The study is a randomized controlled trial comparing interventions with usual care.,maybe,"The intervention described is more aligned with transitional care and case management rather than care navigation as defined in the criteria. The nurses are directly involved in delivering clinical care and exercise programs, not just guiding access to services.",yes,The study measures unplanned hospital presentations/readmissions as a primary outcome.,yes,"This is a full research paper presenting results, not a protocol or abstract.",yes,The study is explicitly described as a randomized controlled trial.,yes,The study includes community-dwelling older adults at risk of unplanned hospital presentations.,yes,The study specifically focuses on unplanned hospital readmissions.,Include,"The study involves a randomized controlled trial of transitional care interventions for older adults, focusing on reducing unplanned hospital readmissions through community-based delivery. While meeting most screening criteria, the intervention does not align with the specific definition of care navigation, as it involves direct clinical care delivery rather than pure service navigation. The research provides insights into multifaceted interventions for reducing hospital readmissions, but falls short of the precise care navigation model sought by the screening criteria.",,,2.5
ADVANCING GERIATRIC NURSING PRACTICE: Randomized Controlled Trial of Nurse Case Management of Frail Older People,"OBJECTIVES: To compare the effects of nurse case management with usual care provided to community‐dwelling frail older people in regard to quality of life, satisfaction with care, functional status, admission to hospital, length of hospital stay, and readmission to emergency department.","M. Mezey, T. Fulmer, A. Gagnon, C. Schein, L. McVey, H. Bergman",10.1111/j.1532-5415.1999.tb05238.x,https://doi.org/10.1111/j.1532-5415.1999.tb05238.x,Journal of The American Geriatrics Society,164,1999,no,,no,,no,,no,,no,,no,,no,,no,,no,,Exclude,Cannot perform full text screening: full text not available.,,No full text,0.1
"Reducing Medical Admissions into Hospital through Optimising Medicines (REMAIN HOME) Study: protocol for a stepped-wedge, cluster-randomised trial","Introduction A model of general practitioner (GP) and pharmacist collaboration in primary care may be an effective strategy to reduce medication-related problems and provide better support to patients after discharge. The aim of this study is to investigate whether a model of structured pharmacist and GP care reduces hospital readmissions in high-risk patients. Methods and analysis This protocol details a stepped-wedge, cluster-randomised trial that will recruit participants over 9 months with a 12-month follow-up. There will be 14 clusters each representing a different general practice medical centre. A total of 2240 participants will be recruited from hospital who attend an enrolled medical centre, take five or more long-term medicines or whose reason for admission was related to heart failure or chronic obstructive pulmonary disease. The intervention is a multifaceted service, involving a pharmacist integrated into a medical centre to assist patients after hospitalisation. Participants will meet with the practice pharmacist and their GP after discharge to review and reconcile their medicines and discuss changes made in hospital. The pharmacist will follow-up with the participant and liaise with other health professionals involved in the participant’s care. The control will be usual care, which usually involves a patient self-organising a visit to their GP after hospital discharge. The primary outcome is the rate of unplanned, all-cause hospital readmissions over 12 months, which will be analysed using a mixed effects Poisson regression model with a random effect for cluster and a fixed effect to account for any temporal trend. A cost analysis will be undertaken to compare the healthcare costs associated with the intervention to those of usual care. Ethics and dissemination The study has received ethical approval (HREC/16/QRBW/410). The study findings will be disseminated through peer-reviewed publications, conferences and reports to key stakeholders. Trial registration number ACTRN12616001627448","H. Foot, Christopher R. Freeman, K. Hemming, I. Scott, I. Coombes, I. Williams, L. Connelly, J. Whitty, N. Sturman, S. Kirsa, C. Nicholson, G. Russell, C. Kirkpatrick, N. Cottrell",10.1136/bmjopen-2016-015301,https://doi.org/10.1136/bmjopen-2016-015301,BMJ Open,14,2017,maybe,"The intervention involves a practice pharmacist who is a trained clinician, but they are not strictly a care navigator as they deliver clinical care (medication management). The pharmacist is paid and has formal professional education, but their role includes direct clinical intervention rather than just navigation.",yes,"The intervention is delivered in community-based medical centers and general practices, not exclusively in hospital settings.",yes,The study explicitly compares the intervention with usual care in a stepped-wedge cluster randomized trial design.,no,"While the intervention involves support in the community, it includes direct clinical care delivery (medication management) rather than just navigation. The pharmacist is actively involved in clinical decision-making and care delivery, which is explicitly excluded in the criteria.",yes,"The study measures unplanned hospital readmissions as a primary outcome, which directly matches one of the required outcome measures.",yes,"This is a full protocol paper presenting study results, not just a protocol or abstract.",yes,The study is a cluster randomized trial (stepped-wedge design).,yes,"The study includes patients residing in the community who are at risk of unplanned hospital presentations, specifically those with multiple medications or conditions like heart failure/COPD.",yes,The study explicitly focuses on unplanned hospital readmissions as its primary outcome.,Include,"A comprehensive study protocol examining pharmacist-led medication management in community medical centers, comparing intervention and usual care through a cluster randomized design. While meeting most screening criteria, the intervention involves direct clinical care delivery by pharmacists, which disqualifies it from being considered a pure care navigation service. The study focuses on reducing unplanned hospital readmissions among high-risk patients with complex medication regimens.",,,2.5
Pragmatic Clinical Trial to Improve Patient Experience Among Adults During Transitions from Hospital to Home: the PArTNER study,"INTRODUCTION
Minority-serving hospitals (MSHs) need evidence-based strategies tailored to the populations they serve to improve patient-centered outcomes after hospitalization.
METHODS
We conducted a pragmatic randomized clinical trial (RCT) from October 2014 to January 2017 at a MSH comparing the effectiveness of a stakeholder-supported Navigator intervention vs. Usual care on post-hospital patient experience, outcomes, and healthcare utilization. Community health workers and peer coaches delivered the intervention which included (1) in-hospital visits to assess barriers to health/healthcare and to develop a personalized Discharge Patient Education Tool (DPET); (2) a home visit to review the DPET; and (3) telephone-based peer coaching. The co-primary outcomes were between-group comparisons of 30-day changes in Patient-Reported Outcomes Measurement Information System (PROMIS) measures of anxiety and informational support (minimum important difference is 2 to 5 units change); a p-value <0.025 was considered significant using intention-to-treat analysis. Secondary outcomes included death, ED visits, or readmissions and measures of emotional, social, and physical health at 30 and 60 days.
RESULTS
We enrolled 1029 adults hospitalized with heart failure (28%), pneumonia (22%), MI (10%), COPD (11%), or sickle cell disease (29%). Over 80% were non-Hispanic Black. Overall, there were no significant between-group differences in the 30-day change in anxiety (adjusted difference: -1.6, 97.5% CI -3.3 to 0.1, p=0.03), informational support (adjusted difference: -0.01, 97.5% CI -2.0 to 1.9, p=0.99), or any secondary outcomes. Exploratory analyses suggested the Navigator intervention improved anxiety among participants with COPD, a primary care provider, a hospitalization in the past 12 months, or higher baseline anxiety; among participants without health insurance, the intervention improved informational support (all p-values <0.05).
CONCLUSIONS
In this pragmatic RCT at a MSH, the Navigator intervention did not improve post-hospital anxiety, informational support, or other outcomes compared to Usual care. Benefits observed in participant subgroups should be confirmed in future studies.
TRIAL REGISTRATION
Clinicaltrials.gov identifier: NCT02114515.
© 2022. The Author(s) under exclusive licence to Society of General Internal Medicine.","S. LaBedz, V. Prieto-Centurion, Amelia Mutso, Sanjib Basu, Nina E Bracken, Elizabeth Calhoun, R. Didomenico, Min Joo, A. Pickard, Barry Pittendrigh, Mark V. Williams, S. Illendula, J. A. Krishnan",10.1007/s11606-022-07461-0,https://doi.org/10.1007/s11606-022-07461-0,Journal of general internal medicine,7,2022,no,"The navigators are community health workers (CHWs) and peer coaches, not formally trained clinicians. While they are paid staff, they don't meet the requirement of being trained clinicians with formal professional/paraprofessional tertiary education.",yes,The intervention includes both in-hospital visits and community-based components (home visits and telephone-based peer coaching).,yes,The study explicitly compares the Navigator intervention with Usual care in a randomized controlled trial.,no,"While the intervention involves support services in the community, it's delivered by CHWs rather than trained clinicians. The intervention focuses on discharge planning and transitional care, which are explicitly excluded in the criteria.",maybe,"The study measures PROMs including anxiety and informational support at 30 and 60 days, which meets the outcome criteria for self-reported quality of life measures. However, it doesn't specifically measure unplanned hospital presentations as a primary outcome, though it does track readmissions as a secondary outcome.",yes,"This is a full research paper presenting results, not a protocol or abstract.",yes,The study is explicitly described as a pragmatic randomized controlled trial.,yes,"The study includes patients with various conditions (heart failure, pneumonia, MI, COPD, or sickle cell disease) residing in the community after discharge.",no,"While the study tracks readmissions, it doesn't specifically focus on unplanned hospital presentations as a primary outcome. The focus is more on patient experience and anxiety.",Include,"The study involves a navigator intervention delivered by community health workers and peer coaches, which deviates from the requirement of trained clinicians with formal professional education. While the research meets several methodological criteria like randomized controlled trial design and community-based delivery, the fundamental nature of the intervention and navigator type disqualifies it from meeting the core screening requirements. The focus on patient experience and anxiety, rather than unplanned hospital presentations, further limits its alignment with the specified criteria.",,,2.5
Fewer Emergency Readmissions and Better Quality of Life for Older Adults at Risk of Hospital Readmission: A Randomized Controlled Trial to Determine the Effectiveness of a 24‐Week Exercise and Telephone Follow‐Up Program,OBJECTIVES: To evaluate the effect of an exercise‐based model of hospital and in‐home follow‐up care for older people at risk of hospital readmission on emergency health service utilization and quality of life.,"M. Courtney, H. Edwards, A. Chang, A. Parker, K. Finlayson, K. Hamilton",10.1111/j.1532-5415.2009.02138.x,https://doi.org/10.1111/j.1532-5415.2009.02138.x,Journal of The American Geriatrics Society,239,2009,no,,no,,no,,no,,no,,no,,no,,no,,no,,Exclude,Cannot perform full text screening: full text not available.,,No full text,0.1
Transitional care for the highest risk patients: findings of a randomised control study,"Background Interventions to prevent readmissions of patients at highest risk have not been rigorously evaluated. We conducted a randomised controlled trial to determine if a post-discharge transitional care programme can reduce readmissions of such patients in Singapore. Methods We randomised 840 patients with two or more unscheduled readmissions in the prior 90 days and Length of stay, Acuity of admission, Comorbidity of patient, Emergency department utilisation score ≥10 to the intervention programme (n = 419) or control (n = 421). Patients allocated to the intervention group received post-discharge surveillance by a multidisciplinary integrated care team and early review in the clinic. The primary outcome was the proportion of patients with at least one unscheduled readmission within 30 days after discharge. Results We found no statistically significant reduction in readmissions or emergency department visits in patients on the intervention group compared to usual care. However, patients in the intervention group reported greater patient satisfaction (p < 0.001). Conclusion Any beneficial effect of interventions initiated after discharge is small for high-risk patients with multiple comorbidity and complex care needs. Future transitional care interventions should focus on providing the entire cycle of care for such patients starting from time of admission to final transition to the primary care setting. Trial Registration Clinicaltrials.gov, no NCT02325752","K. Lee, L. Low, J. Allen, S. Barbier, Lee Beng Ng, M. Ng, W. Tay, S. Tan",10.5334/IJIC.2003,https://doi.org/10.5334/IJIC.2003,International Journal of Integrated Care,41,2015,maybe,"The intervention team includes trained clinicians like doctors, nurses, and a medical social worker, but the paper does not explicitly state that they are not delivering clinical care. The description suggests they are providing clinical care alongside navigation services.",yes,"The intervention includes post-discharge surveillance, home visits, and telephone follow-up, indicating community-based delivery.",yes,The study is explicitly described as a randomized controlled study comparing the intervention to usual care.,maybe,"While the intervention involves support and coordination, it appears to be more of a transitional care program rather than pure care navigation. The team provides clinical care and monitoring, which is explicitly excluded in the criteria.",yes,"The study measures unscheduled readmissions and emergency department visits, which matches the required outcome measures.",yes,"This is a full research paper presenting results, not a protocol or abstract.",yes,The paper explicitly states it is a randomized controlled study.,yes,"The study includes patients residing in the community who are at risk of unplanned hospital presentations, specifically those with two or more unscheduled admissions in the prior 90 days.",yes,The study explicitly focuses on unscheduled readmissions and emergency department visits.,Include,"The study presents a randomized controlled trial of a transitional care program that partially meets screening criteria, with strong alignment in study design, outcomes, and target population. However, critical deviations exist in the intervention's nature, as it appears to be a comprehensive transitional care program rather than a pure care navigation service, and the care team delivers clinical care alongside navigation services. These fundamental differences suggest the study does not fully satisfy the specific care navigation intervention requirements.",,,2.7
Community health navigator-assisted transition of care from hospital to community: protocol for a randomised controlled trial,"Introduction The objective of this parallel group, randomised controlled trial is to evaluate a community health navigator (CHN) intervention provided to patients aged over 40 years and living with chronic health conditions to transition from hospital inpatient care to their homes. Unplanned hospital readmissions are costly for the health system and negatively impact patients. Methods and analysis Patients are randomised post hospital discharge to the CHN intervention or usual care. A comparison of outcomes between intervention and control groups will use multivariate regression techniques that adjust for age, sex and any independent variables that are significantly different between the two groups, using multiple imputation for missing values. Time-to-event analysis will examine the relationship between seeing a CHN following discharge from the index hospitalisation and reduced rehospitalisations in the subsequent 60 days and 6 months. Secondary outcomes include medication adherence, health literacy, quality of life, experience of healthcare and health service use (including the cost of care). We will also conduct a qualitative assessment of the implementation of the navigator role from the viewpoint of stakeholders including patients, health professionals and the navigators themselves. Ethics approval Ethics approval was obtained from the Research Ethics and Governance Office, Sydney Local Health District, on 21 January 2022 (Protocol no. X21-0438 and 2021/ETH12171). The findings of the trial will be disseminated through peer-reviewed journals and national and international conference presentations. Data will be deposited in an institutional data repository at the end of the trial. This is subject to Ethics Committee approval, and the metadata will be made available on request. Trial registration number Australian New Zealand Clinical Trials Registry (ACTRN 12622000659707). Article Summary The objective of this trial is to evaluate a CHN intervention provided to patients aged over 40 years and living with chronic health conditions to transition from hospital inpatient care to their homes.","Sharon M Parker, Parisa Aslani, B. Harris-Roxas, Michael C Wright, Margo Barr, F. Doolan-Noble, Sara Javanparast, Anurag Sharma, Richard H Osborne, John Cullen, Elizabeth Harris, F. Haigh, Mark F Harris, Twitter Ben",10.1136/bmjopen-2023-077877,https://doi.org/10.1136/bmjopen-2023-077877,BMJ Open,1,2024,yes,"The paper describes Community Health Navigators (CHNs) who are trained professionals with ""certificate or higher in community care or aged care (healthcare assistant) and/or experience in a relevant field."" They are paid care workers as part of the Planned Care for Better Health program.",yes,"The intervention is explicitly community-based, focusing on supporting patients in their transition from hospital to home and community settings.",yes,The study is a parallel-group randomized controlled trial comparing the CHN intervention with usual care.,yes,"The intervention matches the definition of care navigation services. CHNs provide support in accessing services, don't deliver clinical care, and work with multiple healthcare providers to coordinate care.",yes,"The study measures unplanned hospital readmissions as a primary outcome, specifically looking at ""reduced unplanned hospital readmission (all cause) within 60 days post-discharge.""",yes,"This appears to be a full study protocol with results, not just a protocol or abstract.",yes,"The paper explicitly states it is a ""parallel-group, pragmatic randomised controlled trial (RCT).""",yes,"The study includes participants with chronic conditions residing in the community, who are at risk of unplanned hospital presentations.",yes,The study specifically focuses on unplanned hospital readmissions as its primary outcome.,Include,"A community health navigator intervention for patients with chronic conditions demonstrates a robust randomized controlled trial design comparing care navigation services with usual care. The study focuses on reducing unplanned hospital readmissions through a community-based approach, targeting patients aged over 40 years with chronic health conditions and measuring outcomes including hospital presentations and quality of life. The intervention meets all screening criteria, with a comprehensive methodology that includes patient-centered care, health service use assessment, and economic evaluation.",,,4.9
Effect of a postdischarge virtual ward on readmission or death for high-risk patients: a randomized clinical trial.,"IMPORTANCE
Hospital readmissions are common and costly, and no single intervention or bundle of interventions has reliably reduced readmissions. Virtual wards, which use elements of hospital care in the community, have the potential to reduce readmissions, but have not yet been rigorously evaluated.
OBJECTIVE
To determine whether a virtual ward-a model of care that uses some of the systems of a hospital ward to provide interprofessional care for community-dwelling patients-can reduce the risk of readmission in patients at high risk of readmission or death when being discharged from hospital.
DESIGN, SETTING, AND PATIENTS
High-risk adult hospital discharge patients in Toronto were randomly assigned to either the virtual ward or usual care. A total of 1923 patients were randomized during the course of the study: 960 to the usual care group and 963 to the virtual ward group. The first patient was enrolled on June 29, 2010, and follow-up was completed on June 2, 2014.
INTERVENTIONS
Patients assigned to the virtual ward received care coordination plus direct care provision (via a combination of telephone, home visits, or clinic visits) from an interprofessional team for several weeks after hospital discharge. The interprofessional team met daily at a central site to design and implement individualized management plans. Patients assigned to usual care typically received a typed, structured discharge summary, prescription for new medications if indicated, counseling from the resident physician, arrangements for home care as needed, and recommendations, appointments, or both for follow-up care with physicians as indicated.
MAIN OUTCOMES AND MEASURES
The primary outcome was a composite of hospital readmission or death within 30 days of discharge. Secondary outcomes included nursing home admission and emergency department visits, each of the components of the primary outcome at 30 days, as well as each of the outcomes (including the composite primary outcome) at 90 days, 6 months, and 1 year.
RESULTS
There were no statistically significant between-group differences in the primary or secondary outcomes at 30 or 90 days, 6 months, or 1 year. The primary outcome occurred in 203 of 959 (21.2%) of the virtual ward patients and 235 of 956 (24.6%) of the usual care patients (absolute difference, 3.4%; 95% CI, -0.3% to 7.2%; P = .09). There were no statistically significant interactions to indicate that the virtual ward model of care was more or less effective in any of the prespecified subgroups.
CONCLUSIONS AND RELEVANCE
In a diverse group of high-risk patients being discharged from the hospital, we found no statistically significant effect of a virtual ward model of care on readmissions or death at either 30 days or 90 days, 6 months, or 1 year after hospital discharge.
TRIAL REGISTRATION
clinicaltrials.gov Identifier: NCT01108172.","I. Dhalla, T. O’Brien, Dante Morra, K. Thorpe, B. Wong, R. Mehta, David W Frost, H. Abrams, F. Ko, Patrick Van Rooyen, C. Bell, A. Gruneir, G. Lewis, Stacey Daub, Geoff M. Anderson, G. Hawker, P. Rochon, A. Laupacis",10.1001/jama.2014.11492,https://doi.org/10.1001/jama.2014.11492,Journal of the American Medical Association (JAMA),134,2014,no,,no,,no,,no,,no,,no,,no,,no,,no,,Exclude,Cannot perform full text screening: full text not available.,,No full text,0.1
The Effects of a Multifaceted Intervention to Improve Care Transitions Within an Accountable Care Organization: Results of a Stepped-Wedge Cluster-Randomized Trial.,"BACKGROUND
Transitions from hospital to the ambulatory setting are high risk for patients in terms of adverse events, poor clinical outcomes, and readmission.
OBJECTIVES
To develop, implement, and refine a multifaceted care transitions intervention and evaluate its effects on postdischarge adverse events.
DESIGN, SETTING, AND PARTICIPANTS
Two-arm, single-blind (blinded outcomes assessor), stepped-wedge, cluster-randomized clinical trial. Participants were 1,679 adult patients who belonged to one of 17 primary care practices and were admitted to a medical or surgical service at either of two participating hospitals within a pioneer accountable care organization (ACO).
INTERVENTIONS
Multicomponent intervention in the 30 days following hospitalization, including inpatient pharmacist-led medication reconciliation, coordination of care between an inpatient ""discharge advocate"" and a primary care ""responsible outpatient clinician,"" postdischarge phone calls, and postdischarge primary care visit.
MAIN OUTCOMES AND MEASURES
The primary outcome was rate of postdischarge adverse events, as assessed by a 30-day postdischarge phone call and medical record review and adjudicated by two blinded physician reviewers. Secondary outcomes included preventable adverse events, new or worsening symptoms after discharge, and 30-day nonelective hospital readmission.
RESULTS
Among patients included in the study, 692 were assigned to usual care and 987 to the intervention. Patients in the intervention arm had a 45% relative reduction in postdischarge adverse events (18 vs 23 events per 100 patients; adjusted incidence rate ratio, 0.55; 95% CI, 0.35-0.84). Significant reductions were also seen in preventable adverse events and in new or worsening symptoms, but there was no difference in readmission rates.
CONCLUSION
A multifaceted intervention was associated with a significant reduction in postdischarge adverse events but no difference in 30-day readmission rates.","J. Schnipper, L. Samal, Nyryan Nolido, Catherine S. Yoon, Anuj K. Dalal, Cherlie Magny-Normilus, A. Bitton, R. Thompson, Stephanie A. Labonville, G. Crevensten",10.12788/jhm.3513,https://doi.org/10.12788/jhm.3513,Journal of Hospital Medicine,21,2020,no,,no,,no,,no,,no,,no,,no,,no,,no,,Exclude,Cannot perform full text screening: full text not available.,,No full text,0.1
A clinical trial of nurse practitioner care in residential aged care facilities.,"BACKGROUND
Optimising quality of life and reducing hospitalisation for people living in residential aged care facilities (RACF) are important health policy goals.
METHODS
A cluster controlled clinical trial of nurse practitioner care in RACF. Six facilities were included: three randomly allocated to intervention where nurse practitioners working with general practitioners and using a best practice guide were responsible for care, and three control. Participants were followed up for a minimum of 12 months unless dead or transferred to another facility.
RESULTS
We enrolled two hundred patients (101 intervention and 99 control) with a mean (SD) follow up of 604 (276) days. There were 98 ED visits by intervention participants, resulting in 56 hospitalisations, compared with 121 ED visits and 70 hospitalisations for controls (risk reduction = 8%, 95% CI = -1% -17%, p = 0.10). For the pre-specified secondary outcomes of transfers within the first 12 months of enrolment, the number of residents making at least one visit (46 in each study arm) and rate of ED attendance (0.66 visits per intervention resident versus 0.70 visits per control resident) was not affected by the intervention. After adjusting for dependency and comorbidity, the intervention group had non-significantly lower transfers (OR 0.7, 95% CI 0.3-1.5, p = 0.34). There was a reduction in the rate of decline in the quality of life of intervention compared to control residents.
CONCLUSIONS
Nurse practitioner care coordination resulted in no statistically significant change in rates of ED transfer or health care utilisation, but better maintained resident quality of life.
Copyright © 2018 Elsevier B.V. All rights reserved.","G. Arendts, Pamela Deans, Keith O'Brien, C. Etherton-Beer, K. Howard, G. Lewin, Moira Sim",10.1016/j.archger.2018.05.001,https://doi.org/10.1016/j.archger.2018.05.001,Archives of gerontology and geriatrics (Print),35,2018,no,,no,,no,,no,,no,,no,,no,,no,,no,,Exclude,Cannot perform full text screening: full text not available.,,No full text,0.1
An integrated hospital-to-home transitional care intervention for older adults with multimorbidity and depressive symptoms: A pragmatic effectiveness-implementation trial,"Introduction Older adults face increased risk of developing multimorbidity as they age, including experiencing higher levels of depressive symptoms compared to those without multimorbidity. Older adults with multimorbidity often require care from different healthcare providers in several settings and are, therefore, susceptible to fragmented care. The risk for fragmented care is heightened when transitioning from hospital to home, leading to decreased health-related quality of life, increased readmission rates, decreased patient satisfaction and safety, and increased caregiver burden. This study tested a novel integrated nurse-led intervention to improve the quality and experience of hospital-to-home transitions for older adults with depressive symptoms and multimorbidity. The intervention included usual care plus in-home visits and phone calls from a Registered Nurse (RN) over a 6-month period. The RN provided system navigation support, education, medication review, and evidence-based strategies to manage depressive symptoms and multimorbidity. Methods This pragmatic randomized controlled trial examined the implementation, effectiveness and costs of an integrated nurse-led hospital-to-home transitional care intervention in three communities in Ontario, Canada. Study participants (n=127) received the intervention (n=63) or usual care (n=64). Patient and caregiver partners were involved as co-researchers in designing, implementing and evaluating this project. They informed selection of patient-relevant outcomes, development of study materials, adaptations to the intervention to meet local community needs, interpretation of findings, and knowledge translation. Results  Participants were an average age of 76 years and had an average of 8 chronic conditions. Findings suggest that the intervention was feasible and acceptable to participants and providers. Intervention group participants received an average of 5 visits and 6 phone calls. Intention-to-treat analyses using ANCOVA models showed no statistically significant group differences in outcomes, however, in the intervention group the upper 95% confidence interval for the mean group difference showed greater clinically significant improvements in physical functioning. Quantile regression showed that the intervention may result in greater improvements in physical functioning for individuals with lower levels of baseline physical functioning and higher levels of perceived social support. No statistically significant group differences were observed for service use or costs. Discussion Since low physical functioning and perceived social support are linked to higher rates of hospital readmissions and death, components of this intervention may be integral to creating an optimal integrated transitional care model for older adults with multimorbidity, depressive symptoms and lower levels of physical functioning. Conclusions The results of this study may inform the delivery of more integrated and coordinated patient-centred care to improve health outcomes in this vulnerable population. Lessons learned Older adults with multimorbidity and depressive symptoms transitioning from hospital-to-home are susceptible to adverse events as a result of a poorly designed healthcare system. This study established the feasibility of a new intervention that has the potential to enhance health outcomes in this vulnerable population. Limitations The power of the study was not adequate to detect a significant difference due to sample size. Suggestions for future research   Future research is warranted to test the intervention in other diverse settings and populations.",R. Ganann,10.5334/ijic.icic2063,https://doi.org/10.5334/ijic.icic2063,International Journal of Integrated Care,0,2021,maybe,"The intervention uses a Registered Nurse (RN) who provides system navigation support. However, the paper describes the RNs as also providing clinical care (medication review, evidence-based strategies), which goes beyond pure navigation. This partially meets the criterion for a care navigator being a trained clinician with formal professional/paraprofessional tertiary education who is involved in paid care.",yes,"The intervention is delivered through in-home visits and phone calls, clearly outside hospital settings, which meets the criterion for community-based delivery.",yes,"The study explicitly compares the intervention with usual care in a randomized controlled trial design, which meets the criterion for a comparative study design.",no,"While the intervention includes navigation support, it also includes direct clinical care delivery (medication review, evidence-based strategies). The screening criteria specifically exclude interventions that deliver clinical care, so this does not meet the criterion for intervention type and setting.",maybe,"The study measures physical functioning and service use, but does not explicitly mention unplanned hospital presentations or PROMs as defined in the criteria. While readmissions are mentioned in the discussion, they are not presented as primary outcomes, so this does not clearly meet the criterion for outcome measures.",yes,"This is a full study presenting results, not a protocol or abstract, which meets the criterion for publication type.",yes,"The study is explicitly described as a pragmatic randomized controlled trial, which meets the criterion for study design.",yes,"The study includes older adults with multimorbidity residing in the community, who are at risk of unplanned hospital presentations, which meets the criterion for target population.",no,"The study focuses on transitional care and general outcomes rather than specifically targeting unplanned presentations, so it does not meet the criterion for unplanned presentations focus.",Include,"The study involves a nurse-led intervention for older adults with multimorbidity, delivered through home visits and phone calls, but includes clinical care delivery which conflicts with the screening criteria. While the study meets several criteria like community-based delivery and randomized controlled trial design, it fails to focus specifically on unplanned hospital presentations and includes direct clinical interventions. The intervention's comprehensive approach, including medication review and evidence-based strategies, disqualifies it from meeting the strict navigation-only requirements.",,,2.7
Navigator programme for hospitalised adults experiencing homelessness: protocol for a pragmatic randomised controlled trial,"Introduction People experiencing homelessness suffer from poor outcomes after hospitalisation due to systemic barriers to care, suboptimal transitions of care, and intersecting health and social burdens. Case management programmes have been shown to improve housing stability, but their effects on broad posthospital outcomes in this population have not been rigorously evaluated. The Navigator Programme is a Critical Time Intervention case management programme that was developed to help homeless patients with their postdischarge needs and to link them with community-based health and social services. This randomised controlled trial examines the impact of the Navigator Programme on posthospital outcomes among adults experiencing homelessness. Methods and analysis This is a pragmatic randomised controlled trial testing the effectiveness of the Navigator Programme at an urban academic teaching hospital and an urban community teaching hospital in Toronto, Canada. Six hundred and forty adults experiencing homelessness who are admitted to the hospital will be randomised to receive support from a Homeless Outreach Counsellor for 90 days after hospital discharge or to usual care. The primary outcome is follow-up with a primary care provider (physician or nurse practitioner) within 14 days of hospital discharge. Secondary outcomes include postdischarge mortality or readmission, number of days in hospital, number of emergency department visits, self-reported care transition quality, and difficulties meeting subsistence needs. Quantitative outcomes are being collected over a 180-day period through linked patient-reported and administrative health data. A parallel mixed-methods process evaluation will be conducted to explore intervention context, implementation and mechanisms of impact. Ethics and dissemination Ethics approval was obtained from the Unity Health Toronto Research Ethics Board. Participants will be required to provide written informed consent. Results of the main trial and process evaluation will be reported in peer-reviewed journals and shared with hospital leadership, community partners and policy makers. Trial registration number NCT04961762.","Michael Liu, K. Pridham, Jesse Jenkinson, R. Nisenbaum, L. Richard, Cheryl Pedersen, Rebecca Brown, Sareeha Virani, Fred Ellerington, Alyssa Ranieri, Oluwagbenga O. Dada, Matthew J To, Gabriel Fabreau, K. McBrien, V. Stergiopoulos, A. Palepu, Stephen W. Hwang",10.1136/bmjopen-2022-065688,https://doi.org/10.1136/bmjopen-2022-065688,BMJ Open,8,2022,maybe,"The study uses ""Homeless Outreach Counsellors (HOCs)"" who are described as providing case management services. While their exact qualifications aren't specified, they appear to be trained professionals providing paid care navigation services. However, there's some uncertainty about their formal professional/paraprofessional education level.",yes,The intervention is clearly delivered in community settings. The HOCs work with patients after hospital discharge and connect them with community-based health and social services.,yes,This is explicitly a randomized controlled trial comparing the Navigator Programme (care navigation) with usual care.,maybe,"The intervention matches the definition of care navigation services. HOCs provide support to access services and coordinate care without delivering clinical care themselves. However, there's some overlap with case management, which is explicitly excluded in the criteria.",yes,"The study measures unplanned hospital presentations as outcomes, including ""number of ED visits"" and ""readmission"" within 30, 90, and 180 days post-discharge. It also measures quality of life using EQ-5D-3L.",no,"This appears to be a study protocol rather than a completed study with results, which is explicitly excluded in the criteria.",yes,This is explicitly described as a randomized controlled trial.,yes,"The study includes participants residing in the community who are at risk of unplanned hospital presentations, specifically homeless individuals.",yes,The study focuses on unplanned hospital presentations and readmissions.,Include,"A randomized controlled trial protocol exploring care navigation for homeless individuals demonstrates strong alignment with most screening criteria, including community-based delivery, comparative design, and focus on unplanned hospital presentations. However, the study's status as a protocol rather than a completed research paper, combined with some uncertainty about care navigator qualifications and potential overlap with case management, significantly limits its eligibility for inclusion.",,,2.5
Effects of In-Person Navigation to Address Family Social Needs on Child Health Care Utilization,"Key Points Question Can an in-person service navigation intervention to address family social needs decrease child health care utilization? Findings In this randomized clinical trial of 1300 families, provision of an in-person resource navigator significantly decreased the risk of child hospitalization during a 1-year period compared with written information. Meaning These findings suggest that providing a patient navigator to address family social needs can decrease child health care utilization.","M. Pantell, D. Hessler, D. Long, Maoya Alqassari, Christine Schudel, Ellen Laves, Denisse Velazquez, A. Amaya, Patricia Sweeney, Abigail Burns, Francis L Harrison, N. Adler, L. Gottlieb",10.1001/jamanetworkopen.2020.6445,https://doi.org/10.1001/jamanetworkopen.2020.6445,JAMA Network Open,64,2020,no,,no,,no,,no,,no,,no,,no,,no,,no,,Exclude,Cannot perform full text screening: full text not available.,,No full text,0.1
Feasibility and evaluation of a pilot community health worker intervention to reduce hospital readmissions.,"OBJECTIVE
To pilot-test the feasibility and preliminary effect of a community health worker (CHW) intervention to reduce hospital readmissions.
DESIGN
Patient-level randomized quality improvement intervention.
SETTING
An academic medical center serving a predominantly low-income population in the Boston, Massachusetts area and 10 affiliated primary care practices.
PARTICIPANTS
Medical service patients with an in-network primary care physician who were discharged to home (n = 423) and had one of five risk factors for readmission within 30 days.
INTERVENTION
Inpatient introductory visit and weekly post-discharge telephonic support for 4 weeks to assist patient in coordinating medical visits, obtaining and using medications, and in self-management.
MAIN OUTCOME MEASURES
Number of completed CHW contacts; CHW-reported barriers and facilitators to assisting patients; primary care, emergency department and inpatient care use.
RESULTS
Roughly 70% of patients received at least one post-discharge CHW call; only 38% of patients received at least four calls as intended. Hospital readmission rates were lower among CHW patients (15.4%) compared with usual care (17.9%); the difference was not statistically significant.
CONCLUSION
Under performance-based payment systems, identifying cost-effective solutions for reducing hospital readmissions will be crucial to the economic survival of all hospitals, especially safety-net systems. This pilot study suggests that with appropriate supportive infrastructure, hospital-based CHWs may represent a feasible strategy for improving transitional care among vulnerable populations. An ongoing, randomized, controlled trial of a CHW intervention, developed according to the lessons of this pilot, will provide further insight into the utility of this approach to reducing readmissions.","M. Burns, A. Galbraith, D. Ross-Degnan, Richard B. Balaban",10.1093/intqhc/mzu046,https://doi.org/10.1093/intqhc/mzu046,International Journal for Quality in Health Care,45,2014,maybe,"The paper uses a Community Health Worker (CHW) who is described as a paraprofessional. While they are trained, it's not explicitly stated they have formal tertiary education. However, they are paid staff members of the hospital system, so they meet the ""paid care"" requirement.",yes,"The intervention is delivered through telephone calls after hospital discharge, with some initial in-hospital contact. This clearly meets the criterion of being delivered outside hospital settings.",yes,The study explicitly compares the CHW intervention with usual care (UC) in a randomized design.,maybe,"The CHW provides support to access services and coordinates care, but they are described as providing ""multiple services to support improved self-management and access to care, including health education, patient advocacy, interpreter services, navigation of community and medical services, and social support."" This aligns with the care navigation definition, though it includes some clinical support elements.",yes,"The study measures hospital readmissions and emergency department visits as outcomes, which directly aligns with the unplanned hospital presentations criterion.",yes,"This is a full research paper presenting results, not a protocol or abstract.",yes,"The paper describes a ""patient-level randomized quality improvement intervention,"" which appears to be a randomized controlled trial, though it's described as a pilot study.",yes,The study includes patients with various conditions who are at risk of readmission and reside in the community after discharge.,yes,"The study focuses on reducing unplanned hospital readmissions, which is directly aligned with this criterion.",Include,"A community health worker intervention targeting hospital readmissions demonstrates strong alignment with most screening criteria, including comparative study design, community-based delivery, and focus on unplanned hospital presentations. The study meets key requirements around intervention type, target population, and outcome measurement, with only minor uncertainties regarding the care navigator's professional qualifications and the precise nature of the intervention. Overall, the pilot study presents a promising approach to reducing hospital readmissions through coordinated community-based support.",,,4.3
Impact of an integrated model of care on potentially preventable hospitalizations for people with Type 2 diabetes mellitus,To evaluate the impact of an integrated model of care for patients with complex Type 2 diabetes mellitus on potentially preventable hospitalizations.,"Jianzhen Zhang, M. Donald, K. Baxter, Robert S. Ware, L. Burridge, Anthony W. Russell, Anthony W. Russell, Claire Jackson",10.1111/dme.12705,https://doi.org/10.1111/dme.12705,Diabetic Medicine,44,2015,no,,no,,no,,no,,no,,no,,no,,no,,no,,Exclude,Cannot perform full text screening: full text not available.,,No full text,0.1
Effects of In-Person Assistance vs Personalized Written Resources About Social Services on Household Social Risks and Child and Caregiver Health,This randomized clinical trial examined the effect of in-person social services navigation assistance vs a written information sheet on caregiver-reported social risk factors and child and caregiver health.,"L. Gottlieb, N. Adler, Holly Wing, Denisse Velazquez, Victoria F. Keeton, Abigail Romero, Maricarmen Hernandez, A. Munoz Vera, Elizabeth Urrutia Caceres, Catherine Arevalo, Philip Herrera, Mara Bernal Suarez, D. Hessler",10.1001/jamanetworkopen.2020.0701,https://doi.org/10.1001/jamanetworkopen.2020.0701,JAMA Network Open,80,2020,no,"The navigators are described as ""trained volunteers"" rather than trained clinicians with formal professional/paraprofessional tertiary education, which fails to meet the criterion for a trained clinician with formal education.",maybe,"The intervention is delivered in a pediatric urgent care clinic, which is a hospital setting. While there are some community elements (phone calls, home visits for follow-up), the primary delivery setting appears to be clinical rather than community-based.",maybe,"The study does compare two interventions (in-person navigation vs. written resources), but neither arm represents ""usual care."" This doesn't strictly meet the criterion for comparison with usual care.",no,"While this involves navigation services, it's specifically focused on social services navigation rather than healthcare navigation. The navigators don't appear to be trained clinicians, and the focus is on social risk factors rather than healthcare access.",maybe,"The study measures quality of life and health outcomes, but not specifically unplanned hospital presentations. While it measures some PROMs, they're not exactly aligned with the required outcomes.",yes,"This is a full research paper presenting results, not a protocol or abstract.",yes,"This is a randomized clinical trial, meeting this criterion.",maybe,"The population consists of children and their caregivers in an urgent care setting, but it's not specifically focused on those at risk of unplanned hospital presentations.",no,"The study doesn't focus on unplanned hospital presentations at all. Instead, it focuses on social risk factors and general health outcomes.",Exclude,"The study involves social services navigation by trained volunteers in a pediatric urgent care setting, which diverges significantly from the specified screening criteria for care navigation. Key disqualifying factors include the non-clinical nature of the navigators, the clinical rather than community-based delivery, and the focus on social risk factors instead of healthcare navigation and unplanned hospital presentations. The intervention and outcomes do not align with the required parameters for inclusion.",,Other / below screening threshold,1.4
OPTimising MEDicine information handover after Discharge (OPTMED-D): protocol for development of a multifaceted intervention and stepped wedge cluster randomised controlled trial,"BACKGROUND
General practitioners (GP) and community pharmacists need information about hospital discharge patients' medicines to continue their management in the community. This necessitates effective communication, collaboration, and reliable information-sharing. However, such handover is inconsistent, and whilst digital systems are in place to transfer information at transitions of care, these systems are passive and clinicians are not prompted about patients' transitions. There are also gaps in communication between community pharmacists and GPs. These issues impact patient safety, leading to hospital readmissions and increased healthcare costs.
METHODS
A three-phased, multi-method study design is planned to trial a multifaceted intervention to reduce 30-day hospital readmissions. Phase 1 is the co-design of the intervention with stakeholders and end-users; phase 2 is the development of the intervention; phase 3 is a stepped wedge cluster randomised controlled trial with 20 clusters (community pharmacies). Expected intervention components will be a hospital pharmacist navigator, primary care medication management review services, and a digital solution for information sharing. Phase 3 will recruit 10 patients per pharmacy cluster/month to achieve a sample size of 2200 patients powered to detect a 5% absolute reduction in unplanned readmissions from 10% in the control group to 5% in the intervention at 30 days. The randomisation and intervention will occur at the level of the patient's nominated community pharmacy. Primary analysis will be a comparison of 30-day medication-related hospital readmissions between intervention and control clusters using a mixed effects Poisson regression model with a random effect for cluster (pharmacy) and a fixed effect for each step to account for secular trends.
TRIAL REGISTRATION
This trial is registered with the Australian New Zealand Clinical Trials Registry: ACTRN12624000480583p , registered 19 April 2024.
© 2024. Crown.","Laetitia Hattingh, Melissa T. Baysari, Holly Foot, T. F. Sim, G. Keijzers, Mark Morgan, Ian Scott, R. Norman, Faith R. Yong, Barbara Mullan, Claire Jackson, Leslie E. Oldfield, Elizabeth Manias",10.1186/s13063-024-08496-w,https://doi.org/10.1186/s13063-024-08496-w,Trials,1,2024,yes,"The paper describes a ""hospital pharmacist navigator"" who is a trained clinician involved in paid care. This meets the criterion as pharmacists are tertiary-educated professionals.",yes,The intervention is delivered in community pharmacies and involves coordination between hospitals and community care settings. This clearly meets the criterion.,yes,The study is a stepped wedge cluster randomized controlled trial comparing the intervention with standard care. This meets the criterion.,maybe,"While the intervention involves navigation services, it focuses specifically on medication management and handover rather than general care navigation. The navigator's role is more focused on medication reconciliation than general care coordination. This partially meets the criterion but may not fully align with the intended scope.",yes,"The study measures unplanned hospital readmissions at 30 days post-discharge, which directly meets the criterion for unplanned hospital presentations. It also includes quality of life measures using EQ-5D-5L.",no,This appears to be a study protocol rather than a completed study with results. The paper describes planned methods and expected outcomes rather than actual results. This fails to meet the criterion.,yes,"The study is a stepped wedge cluster randomized controlled trial, which meets this criterion.",yes,"The study includes community-dwelling patients at risk of hospital readmission, which meets this criterion.",yes,"The study specifically focuses on unplanned hospital readmissions, meeting this criterion.",Include,"A study protocol describing a medication management intervention involving a hospital pharmacist navigator, which partially meets care navigation criteria but lacks completed results. While the study design includes a randomized controlled trial with community-based delivery and focuses on unplanned hospital presentations, the specialized nature of the intervention and its protocol status prevent full alignment with the screening criteria. The paper provides a detailed methodology for a planned intervention but does not present actual research outcomes.",,,2.5
"Effects of a Transitional Care Practice for a Vulnerable Population: a Pragmatic, Randomized Comparative Effectiveness Trial","BACKGROUND
There is limited experimental evidence on transitional care interventions beyond 30 days post-discharge and in vulnerable populations.
OBJECTIVE
Evaluate effects of a transitional care practice (TC) that comprehensively addresses patients' medical and psychosocial needs following hospital discharge.
DESIGN
Pragmatic, randomized comparative effectiveness trial.
PATIENTS
Adults discharged from an initial emergency, observation, or inpatient hospital encounter with no trusted usual source of care.
INTERVENTIONS
TC intervention included a scheduled post-discharge appointment at the TC practice, where a multidisciplinary team comprehensively assessed patients' medical and psychosocial needs, addressed modifiable barriers, and subsequent linkage to a new primary care source. Routine Care involved assistance scheduling a post-discharge appointment with a primary care provider that often partnered with the hospital where the initial encounter occurred.
MAIN MEASURES
The primary outcome was a binary indicator of death or additional hospital encounters within 90 days of initial discharge. Secondary outcomes included any additional hospital encounters, and counts of hospital encounters, over 180 days.
KEY RESULTS
Four hundred ninety patients were randomized to TC intervention and 164 to Routine Care; 34.6% were uninsured, 49.7% had Medicaid, and 57.4% were homeless or lived in a high-poverty area. There was no significant difference between arms in the 90-day probability of death or additional hospital encounters (relative risk [RR] 0.89; 0.91; 95% confidence interval [CI] 0.74-1.13). However, TC patients had 37% and 35% lower probability of any inpatient admission over 90 days (RR 0.63; 95% CI 0.43-0.91) and 180 days (RR 0.65; 95% CI 0.47-0.89), respectively. Over 180 days, TC patients had 42% fewer inpatient admissions (incidence rate ratio 0.58; 95% CI 0.37-0.90).
CONCLUSIONS
Among patients randomized to a patient-centered transitional care intervention, there was no significant reduction in 90-day probability of death or additional hospital encounters. However, there were significant decreases in measures of inpatient admissions over 180 days.
TRIAL REGISTRATION
clinicaltrials.gov identifier NCT03066492.","D. Liss, R. Ackermann, Andrew J. Cooper, Emily A. Finch, Courtney Hurt, Nicola Lancki, A. Rogers, A. Sheth, C. Teter, C. Schaeffer",10.1007/s11606-019-05078-4,https://doi.org/10.1007/s11606-019-05078-4,Journal of general internal medicine,27,2019,maybe,"The paper describes a ""transitional care practice"" with a multidisciplinary team including medical director, physician, physician assistant, advanced practice nurse, social worker, pharmacist, registered nurse, and medical assistant. While these are trained clinicians, the intervention is more of a comprehensive care team rather than a single care navigator.",yes,"The intervention is delivered at a transitional care practice ""across the street from the discharging hospital"" and involves community-based follow-up care.",yes,"The study is explicitly described as a ""pragmatic, randomized comparative effectiveness trial"" comparing transitional care with routine care.",no,"While the intervention involves support to access services, it appears to be more comprehensive than pure care navigation. The team delivers clinical care and provides direct medical services, which goes beyond the definition of care navigation in the criteria.",yes,"The study measures hospital encounters, including ED visits and inpatient admissions, which aligns with the unplanned hospital presentations outcome.",yes,"This is a full research paper presenting results, not a protocol or abstract.",yes,"The paper explicitly states it is a ""pragmatic, randomized comparative effectiveness trial.""",yes,"The study includes patients ""discharged from an initial emergency, observation, or inpatient hospital encounter with no trusted usual source of care"" who are at risk of unplanned hospital presentations.",maybe,"The study measures all hospital encounters, including both planned and unplanned presentations. While it includes unplanned presentations, it's not exclusively focused on them.",Include,"A comprehensive transitional care intervention involving a multidisciplinary team was studied, which partially meets care navigation criteria but includes direct clinical care delivery. While the study design, outcomes, and population align with screening requirements, the intervention's scope exceeds pure care navigation, potentially limiting its alignment with the review's specific focus. The research provides insights into post-discharge care for vulnerable populations but may not fully represent a care navigation intervention.",,,2.9
Nurse-led health coaching programme to improve hospital-to-home transitional care for stroke survivors: A randomised controlled trial.,"OBJECTIVE
To evaluate the effects of a nurse-led health coaching programme for stroke survivors and family caregivers in hospital-to-home transition care.
METHODS
A total of 140 dyads of stroke survivors and their family caregivers were recruited and randomly assigned to either the intervention group (received a 12-week nurse-led health coaching programme) or the usual care group. The primary outcome was self-efficacy, and secondary outcomes were quality of life (QoL), stroke-related knowledge, and caregiver-related burden. The outcomes were measured at baseline, 12 and 24 weeks.
RESULTS
Stroke survivors in the intervention group demonstrated a significant improvement in self-efficacy at 12 weeks (x̅: 24.9, 95%CI: 20.2-29.6, p < 0.001) and at 24 weeks (x̅: 23.9, 95%CI: 19.2-28.6, p < 0.001) compared to the usual care group. Findings also demonstrated significant increases in stroke survivors' QoL, stroke-related knowledge, and reduction in unplanned hospital readmissions and caregiver-related burden. There were no statistically significant changes in other outcomes between the two groups.
CONCLUSION
The nurse-led health coaching programme improved health outcomes for both stroke survivors and their caregivers.
PRACTICE IMPACTION
Findings from the study suggest that nurse-led health coaching should be incorporated into routine practice in hospital-to-home transitional care for stroke survivors and their caregivers.
Copyright © 2021 Elsevier B.V. All rights reserved.","Shuanglan Lin, L. Xiao, D. Chamberlain, S. Ullah, Yanjiang Wang, Yi-e Shen, Zhenfang Chen, M. Wu",10.1016/j.pec.2021.07.020,https://doi.org/10.1016/j.pec.2021.07.020,Patient Education and Counseling,41,2021,no,,no,,no,,no,,no,,no,,no,,no,,no,,Exclude,Cannot perform full text screening: full text not available.,,No full text,0.1
Effectiveness of community-based integrated care in frail COPD patients: a randomised controlled trial,"Abstract Background: Chronic obstructive pulmonary disease (COPD) generates a high burden on health care, and hospital admissions represent a substantial proportion of the overall costs of the disease. Integrated care (IC) has shown efficacy to reduce hospitalisations in COPD patients at a pilot level. Deployment strategies for IC services require assessment of effectiveness at the health care system level. Aims: The aim of this study was to explore the effectiveness of a community-based IC service in preventing hospitalisations and emergency department (ED) visits in stable frail COPD patients. Methods: From April to December 2005, 155 frail community-dwelling COPD patients were randomly allocated either to IC ( n =76, age 73 (8) years, forced expiratory volume during the first second, FEV 1 41(19) % predicted) or usual care ( n =84, age 75(9) years, FEV 1 44 (20) % predicted) and followed up for 12 months. The IC intervention consisted of the following: (a) patient’s empowerment for self-management; (b) an individualised care plan; (c) access to a call centre; and (d) coordination between the levels of care. Thereafter, hospital admissions, ED visits and mortality were monitored for 6 years. Results: IC enhanced self-management ( P =0.02), reduced anxiety–depression ( P =0.001) and improved health-related quality of life ( P =0.02). IC reduced both ED visits ( P =0.02) and mortality ( P =0.03) but not hospital admission. No differences between the two groups were seen after 6 years. Conclusion: The intervention improved clinical outcomes including survival and decreased the ED visits, but it did not reduce hospital admissions. The study facilitated the identification of two key requirements for adoption of IC services in the community: appropriate risk stratification of patients, and preparation of the community-based work force.","C. Hernández, A. Alonso, J. Garcia-Aymerich, Ignasi Serra, D. Martí, R. Rodríguez-Roisín, G. Narsavage, María Carmen Gomez, J. Roca",10.1038/npjpcrm.2015.22,https://doi.org/10.1038/npjpcrm.2015.22,npj Primary Care Respiratory Medicine,65,2015,maybe,"The paper describes a community-based integrated care intervention delivered by primary care professionals with support from specialized nurses. While these are trained clinicians, it's not entirely clear if they meet the specific definition of care navigators as described in the criteria. The intervention includes coordination and support, but the primary focus seems to be on clinical care delivery rather than pure navigation.",yes,"The intervention is explicitly described as ""community-based"" and delivered outside hospital settings. The paper specifically mentions ""community-based IC service"" and ""community-based teams.""",yes,The study is a randomized controlled trial comparing the integrated care intervention with usual care.,maybe,"While the intervention involves coordination and support services, it appears to include clinical care delivery rather than pure care navigation. The intervention includes ""patient's empowerment for self-management,"" ""individualised care plan,"" ""access to a call centre,"" and ""coordination between the levels of care.""",yes,"The study measures both emergency department visits and hospital admissions as outcomes, which aligns with the unplanned hospital presentations criterion.",yes,"This is a full research paper presenting results, not a protocol or abstract.",yes,The paper explicitly states it is a randomized controlled trial.,yes,"The study includes community-dwelling COPD patients who are at risk of unplanned hospital presentations, as evidenced by their history of previous hospital admissions.",yes,The study specifically focuses on unplanned hospital presentations and emergency department visits.,Include,"A community-based integrated care intervention for COPD patients was studied using a randomized controlled trial design, measuring emergency department visits and hospital admissions as key outcomes. While the study meets most screening criteria, there is uncertainty about whether the intervention strictly qualifies as care navigation, as it includes clinical care delivery alongside coordination and support services. The research provides insights into community-based care for chronic patients with complex needs, focusing on reducing unplanned hospital presentations.",,,3.2
Implementation of a community liaison pharmacy service: a randomised controlled trial,Objective The aim of this study was to provide a pharmacy service to improve continuity of patient care across the primary‐secondary care interface.,"Tam Vuong, J. Marriott, D. Kong, J. Siderov",10.1211/ijpp.16.3.0002,https://doi.org/10.1211/ijpp.16.3.0002,,31,2008,no,,no,,no,,no,,no,,no,,no,,no,,no,,Exclude,Cannot perform full text screening: full text not available.,,No full text,0.1
Health Outcomes of Post‐Hospital In‐Home Team Care: Secondary Analysis of a Swedish Trial,Health Outcomes of Post‐Hospital In‐Home Team Care: Secondary Analysis of a Swedish Trial,"A. Melin, D. Wieland, J. Harker, L. O. Bygren",10.1111/j.1532-5415.1995.tb07343.x,https://doi.org/10.1111/j.1532-5415.1995.tb07343.x,Journal of The American Geriatrics Society,27,1995,no,,no,,no,,no,,no,,no,,no,,no,,no,,Exclude,Cannot perform full text screening: full text not available.,,No full text,0.1
Efficacy and cost-effectiveness of a community-based model of care for older patients with complex needs: a study protocol for a multicentre randomised controlled trial using a stepped wedge cluster design,"Community-dwelling older persons with complex care needs may deteriorate rapidly and require hospitalisation if they receive inadequate support for their conditions in the community.A comprehensive, multidimensional geriatric assessment with care coordination was performed in a community setting-Older Persons ENablement And Rehabilitation for Complex Health conditions (OPEN ARCH).This study will assess the acceptability and determine the impact of the OPEN ARCH intervention on the health and quality of life outcomes, health and social services utilisation of older people with multiple chronic conditions and emerging complex care needs. An economic evaluation will determine whether OPEN ARCH is cost-effective when compared to the standard care.This multicentre randomised controlled trial uses a stepped wedge cluster design with repeated cross-sectional samples. General practitioners (GPs; n ≥ 10) will be randomised as 'clusters' at baseline using simple randomisation. Each GP cluster will recruit 10-12 participants. Data will be collected on each participant at 3-month intervals (- 3, 0, 3, 6 and 9 months). The primary outcome is health and social service utilisation as measured by Emergency Department presentations, hospital admissions, in-patient bed days, allied health and community support services. Secondary outcomes include functional status, quality of life and participants' satisfaction. Cost-effectiveness of the intervention will be assessed as the change to cost outcomes, including the cost of implementing the intervention and subsequent use of services, and the change to health benefits represented by quality adjusted life years.The results will have direct implications for the design and wider implementation of this new model of care for community-dwelling older persons with complex care needs. Additionally, it will contribute to the evidence base on acceptability, efficacy and cost-effectiveness of the intervention for this high-risk group of older people.Australian New Zealand Clinical Trials Registry, ACTRN12617000198325p . Registered on 6 February 2017.","I. Kinchin, S. Jacups, J. Mann, R. Quigley, Desley Harvey, C. Doran, E. Strivens",10.1186/s13063-018-3038-0,https://doi.org/10.1186/s13063-018-3038-0,Trials,7,2018,maybe,"The care navigator appears to be a ""community-based care coordinator (enablement officer)"" who is described as ""an advanced health professional specialising in aged care."" While it's not explicitly stated they have formal tertiary education, their role as advanced health professionals suggests appropriate training.",yes,"The intervention is explicitly delivered in community settings, including GP practices and community health centers. The paper specifically states it's ""a community-based referral to a geriatrician in local GP practices.""",yes,This is a randomized controlled trial comparing the OPEN ARCH intervention with standard care.,maybe,"While this involves care coordination and support in the community, it appears to be more comprehensive than pure care navigation. The intervention includes both geriatric assessment and care coordination, which may include some clinical care delivery.",yes,"The study explicitly measures unplanned hospital presentations as primary outcomes, including ""Emergency Department presentations, hospital admissions, in-patient bed days."" It also measures quality of life using validated instruments (EQ-5D-5L and AQOL-8D).",yes,"This appears to be a full study protocol with results, not just a protocol or abstract.",yes,"This is explicitly described as a ""multicentre, randomised controlled trial using a stepped wedge cluster design.""",yes,The study includes community-dwelling older persons with complex care needs who are at risk of unplanned hospital presentations.,yes,The study explicitly focuses on unplanned hospital presentations and emergency department visits.,Include,"A comprehensive community-based intervention for older persons with complex care needs, involving care coordination and geriatric assessment, demonstrates strong alignment with most screening criteria. The study design includes a randomized controlled trial with clear focus on unplanned hospital presentations, quality of life outcomes, and community-based delivery. While the intervention appears more comprehensive than pure care navigation, it fundamentally addresses the core elements of supporting community-dwelling individuals at risk of hospitalization.",,,4.3
A Patient Navigation Intervention for Drug-Involved Former Prison Inmates,"Background: Former prison inmates experience high rates of hospitalizations and death during the transition from prison to the community, particularly from drug-related causes and early after release. The authors designed a randomized controlled trial (RCT) of patient navigation to reduce barriers to health care and hospitalizations for former prison inmates. Methods: Forty former prison inmates with a history of drug involvement were recruited and randomized within 15 days after prison release. Participants were randomized to receive 3 months of patient navigation (PN) with facilitated enrollment into an indigent care discount program (intervention) or facilitated enrollment into an indigent care discount program alone (control). Structured interviews were conducted at baseline, 3 months, and 6 months. Outcomes were measured as a change in self-reported barriers to care and as the rate of health service use per 100 person-days. Results: The mean number of reported barriers to care was reduced at 3 and 6 months in both groups. At 6 months, the rate of emergency department/urgent care visits per 100 person-days since baseline was 1.1 among intervention participants and 0.5 among control participants (P = .04), whereas the rate of hospitalizations per 100 person-days was 0.2 in intervention participants and 0.6 in control participants (P = .04). Conclusions: Recruitment of former inmates into an RCT of patient navigation was highly feasible, but follow-up was limited by rearrests. Results suggest a significantly lower rate of hospitalizations among navigation participants, although the rate of emergency department/urgent care visits was not improved. Patient navigation is a promising, pragmatic intervention that may be effective at reducing high-cost health care utilization in former prison inmates.","I. Binswanger, E. Whitley, P. Haffey, Shane R Mueller, Sung‐joon Min",10.1080/08897077.2014.932320,https://doi.org/10.1080/08897077.2014.932320,Substance Abuse,33,2015,yes,"The care navigator is described as having a Bachelor's degree and formal training in a Patient Navigator Training Program, indicating they are a trained clinician with formal professional/paraprofessional tertiary education. Additionally, the navigator is employed by the local safety-net community health system and hospital, indicating they are involved in paid care.",yes,"The intervention is clearly delivered in the community setting, focusing on former inmates transitioning from prison to community living. The navigator works with community-based services and does not operate exclusively in hospital settings.",yes,The study is explicitly described as a randomized controlled trial comparing patient navigation with facilitated enrollment into an indigent care discount program (control group).,yes,The intervention involves care navigation services provided by a trained clinician who does not deliver clinical care but rather guides and supports individuals in accessing care from multiple healthcare providers.,yes,"The study measures unplanned hospital presentations, specifically emergency department visits and hospitalizations per 100 person-days, which are key outcomes of interest.",yes,"This is a full research paper presenting results, not a protocol or conference abstract.",yes,The paper explicitly states it is a randomized controlled trial (RCT).,yes,"The study includes participants residing in the community who are at risk of unplanned hospital presentations, specifically former prison inmates with drug involvement.",yes,"The study focuses on unplanned hospital presentations, measuring ED visits and hospitalizations as primary outcomes.",Include,"A randomized controlled trial of patient navigation for former prison inmates demonstrates a comprehensive intervention delivered in community settings, focusing on reducing barriers to healthcare and unplanned hospital presentations. The study meets all screening criteria, including a trained navigator, community-based delivery, comparative design, and measurement of emergency department visits and hospitalizations as key outcomes. The research provides insights into supporting vulnerable populations during healthcare transitions, with a robust methodology and clear focus on improving health service utilization.",,,4.9
Intervention in informal caregivers who take care of older people after a stroke (InCARE): study protocol for a randomised trial.,"AIM
This study aims at describing an intervention based on informal caregivers' skills when taking care of older people after a stroke (InCARE).
BACKGROUND
Most informal caregivers feel unprepared to deliver assistance in activities of daily living at home. This lack of preparedness can lead to misconceptions, burden and affect their health, which, consequently, may imply hospital readmissions or early institutionalization of the older adults.
DESIGN
A single blinded randomised trial.
METHODS
This study will recruit 198 dyads, comprising old stroke survivors and their caregivers, who will be divided into two groups: intervention and control (protocol approved in May 2013).
INCLUSION CRITERIA
(informal caregivers) absence of cognitive impairment; resident in the Cávado Region; to return the informed consent (older people) are over 65 years of age; have had a first stroke and; be dependent on at least one of the self-care activities post hospital discharge.
PRIMARY OUTCOME
informal caregivers' skills.
SECONDARY OUTCOMES
include burden and Health Quality of Life in informal caregivers; functionality, hospital readmission and institutionalization of older people stroke survivors, measured 1 and 3 months after InCARE programme.
DISCUSSION
The InCARE programme will highlight new ways to understand the feasibility of a large trial, which supports caregivers who take care of older people after a stroke. It will be expected that the level of burden decreases, thus helping informal caregivers enhance their quality of life. Also, it is expected that older people's functionality will be improved and that hospital readmission or institutionalization may be avoided.","Odete Araújo, Isabel Lage, J. Cabrita, L. Teixeira",10.1111/jan.12697,https://doi.org/10.1111/jan.12697,Journal of Advanced Nursing,33,2015,no,,no,,no,,no,,no,,no,,no,,no,,no,,Exclude,Cannot perform full text screening: full text not available.,,No full text,0.1
Study protocol for a hospital-to-home transitional care intervention for older adults with multiple chronic conditions and depressive symptoms: a pragmatic effectiveness-implementation trial,"Abstract Background Older adults ( &gt; 65 years) with multiple chronic conditions (MCC) and depressive symptoms experience frequent transitions between hospital and home. Care transitions for this population are often poorly coordinated and fragmented, resulting in increased readmission rates, adverse medical events, decreased patient satisfaction and safety, and increased caregiver burden. There is a dearth of evidence on best practices in the provision of transitional care for older adults with MCC and depressive symptoms transitioning from hospital-to-home. This paper presents a protocol for a two-armed, multi-site pragmatic effectiveness-implementation trial of Community Assets Supporting Transitions (CAST), an evidence-informed nurse-led six-month intervention that supports older adults with MCC and depressive symptoms transitioning from hospital-to-home. The Collaborative Intervention Planning Framework is being used to engage patients and other key stakeholders in the implementation and evaluation of the intervention and planning for intervention scale-up to other communities. Methods Participants will be considered eligible if they are &gt; 65 years, planned for discharged from hospital to the community in three Ontario locations, self-report at least two chronic conditions, and screen positive for depressive symptoms. A total of 216 eligible and consenting participants will be randomly assigned to the control (usual care) or intervention (CAST) arm. The intervention consists of tailored care delivery comprising in-home visits, telephone follow-up and system navigation support. The primary measure of effectiveness is mental health functioning of the older adult participant. Secondary outcomes include changes in physical functioning, depressive symptoms, anxiety, perceived social support, patient experience, and health and social service use and cost, from baseline to 6- and 12-months. Caregivers will be assessed for caregiver strain, depressive symptoms, anxiety, health-related quality of life, and health and social service use and costs. Descriptive and qualitative data from older adult and caregiver participants, and the nurse interventionists will be used to examine implementation of the intervention, how the intervention is adapted within each study region, and its potential for sustainability and scalability to other jurisdictions. Discussion A nurse-led transitional care strategy may provide a feasible and effective means for improving health outcomes and patient/caregiver experience and reduce service use and costs in this vulnerable population. Trial registration # NCT03157999 . Registration Date: April 4, 2017.","M. Markle-Reid, C. McAiney, R. Ganann, K. Fisher, A. Gafni, Alain P Gauthier, Gail Heald-Taylor, J. Mcelhaney, J. Ploeg, D. Urajnik, R. Valaitis, C. Whitmore",10.1186/s12877-020-01638-0,https://doi.org/10.1186/s12877-020-01638-0,BMC Geriatrics,17,2020,yes,"The intervention uses a Care Transition Coordinator (CTC) who is a Registered Nurse (RN), meeting the criterion of being a trained clinician with formal professional education. The CTCs are also paid staff delivering care, satisfying the requirement for paid care.",yes,"The intervention is explicitly described as a ""hospital-to-home"" transitional care intervention delivered in the community, including in-home visits and telephone follow-up, meeting the criterion for community-based delivery.",yes,"The study is described as a ""two-armed, multi-site pragmatic effectiveness-implementation trial"" comparing the CAST intervention to ""usual care,"" meeting the comparative study design criterion.",maybe,"The intervention involves system navigation support and coordination to access services, which aligns with the care navigation definition. However, the intervention also includes clinical care delivery (medication management, problem-solving therapy), which is explicitly excluded in the criteria, creating some uncertainty about whether this truly qualifies as care navigation.",yes,"The study measures multiple outcomes including emergency department visits and hospital admissions (unplanned presentations) through administrative data and self-reported measures, as well as quality of life measures, meeting this criterion.",no,"This is a protocol paper describing a planned trial, not a results paper, failing to meet the criterion requiring presentation of results.",yes,"The study is explicitly described as a ""pragmatic randomized controlled trial,"" meeting this criterion.",yes,"The study includes older adults (>65 years) with multiple chronic conditions and depressive symptoms residing in the community, who are at risk of unplanned hospital presentations, meeting the target population criterion.",maybe,"While the study measures unplanned presentations, it's not the sole focus - it also measures multiple other outcomes including mental health functioning, quality of life, and social support. However, this doesn't disqualify it as the criterion only requires that unplanned presentations are included, not that they be the exclusive focus.",Exclude,"A protocol for a pragmatic randomized controlled trial involving a nurse-led transitional care intervention for older adults with multiple chronic conditions and depressive symptoms, delivered in community settings. While the study meets most screening criteria, it fails to present results and includes clinical care delivery beyond pure care navigation, creating uncertainty about its alignment with the review's specific requirements. The intervention focuses on hospital-to-home transitions, measuring outcomes like emergency department visits and quality of life, but as a protocol paper, it does not provide final research findings.",,Other / below screening threshold,1.4
Integrating Depression Care Management into Medicare Home Health Reduces Risk of 30‐ and 60‐Day Hospitalization: The Depression Care for Patients at Home Cluster‐Randomized Trial,To determine whether a depression care management intervention in Medicare home health recipients decreases risk of hospitalization.,"M. Bruce, M. Lohman, Rebecca L. Greenberg, Y. Bao, P. Raue",10.1111/jgs.14440,https://doi.org/10.1111/jgs.14440,Journal of The American Geriatrics Society,24,2016,maybe,"The intervention involves home health nurses who are trained clinicians with formal education, but they are not strictly care navigators as they deliver clinical care (depression management) rather than just navigation services. This is a significant deviation from the criterion.",yes,"The intervention is delivered in home health settings, which is clearly community-based and not hospital-based.",yes,The study is a cluster-randomized trial comparing the Depression CAREPATH intervention with enhanced usual care (EUC).,maybe,"While the intervention is community-based, it involves direct clinical care delivery (depression management) rather than pure care navigation services. The intervention includes ""assessment, care coordination, medication management, education, and goal setting"" but is not limited to navigation.",yes,"The study measures unplanned hospital presentations as a primary outcome, specifically looking at hospitalizations within 30 and 60 days.",yes,"This is a full research paper presenting results, not a protocol or abstract.",yes,The study is explicitly described as a cluster-randomized trial.,yes,"The study includes community-dwelling patients who are at risk of unplanned hospital presentations, specifically those with depression in home health care.",yes,The study focuses on unplanned hospitalizations rather than planned procedures.,Include,"A cluster-randomized trial of home health nurses managing depression demonstrates strong alignment with most screening criteria, including community-based delivery, comparative design, and focus on unplanned hospital presentations. However, the intervention involves direct clinical care delivery rather than pure care navigation, which represents a critical deviation from the specified intervention type. Despite meeting multiple criteria, this fundamental difference in intervention approach suggests potential exclusion from the review.",,,2.9
A randomised controlled trial to prevent hospital readmissions and loss of functional ability in high risk older adults: a study protocol,"Abstract Background Older people have higher rates of hospital admission than the general population and higher rates of readmission due to complications and falls. During hospitalisation, older people experience significant functional decline which impairs their future independence and quality of life. Acute hospital services comprise the largest section of health expenditure in Australia and prevention or delay of disease is known to produce more effective use of services. Current models of discharge planning and follow-up care, however, do not address the need to prevent deconditioning or functional decline. This paper describes the protocol of a randomised controlled trial which aims to evaluate innovative transitional care strategies to reduce unplanned readmissions and improve functional status, independence, and psycho-social well-being of community-based older people at risk of readmission. Methods/Design The study is a randomised controlled trial. Within 72 hours of hospital admission, a sample of older adults fitting the inclusion/exclusion criteria (aged 65 years and over, admitted with a medical diagnosis, able to walk independently for 3 meters, and at least one risk factor for readmission) are randomised into one of four groups: 1) the usual care control group, 2) the exercise and in-home/telephone follow-up intervention group, 3) the exercise only intervention group, or 4) the in-home/telephone follow-up only intervention group. The usual care control group receive usual discharge planning provided by the health service. In addition to usual care, the exercise and in-home/telephone follow-up intervention group receive an intervention consisting of a tailored exercise program, in-home visit and 24 week telephone follow-up by a gerontic nurse. The exercise only and in-home/telephone follow-up only intervention groups, in addition to usual care receive only the exercise or gerontic nurse components of the intervention respectively. Data collection is undertaken at baseline within 72 hours of hospital admission, 4 weeks following hospital discharge, 12 weeks following hospital discharge, and 24 weeks following hospital discharge. Outcome assessors are blinded to group allocation. Primary outcomes are emergency hospital readmissions and health service use, functional status, psychosocial well-being and cost effectiveness. Discussion The acute hospital sector comprises the largest component of health care system expenditure in developed countries, and older adults are the most frequent consumers. There are few trials to demonstrate effective models of transitional care to prevent emergency readmissions, loss of functional ability and independence in this population following an acute hospital admission. This study aims to address that gap and provide information for future health service planning which meets client needs and lowers the use of acute care services. Trial Registration No Australian &amp; New Zealand Clinical Trials Registry ACTRN12608000202369","M. Courtney, H. Edwards, A. Chang, A. Parker, K. Finlayson, K. Hamilton",10.1186/1472-6963-11-202,https://doi.org/10.1186/1472-6963-11-202,BMC Health Services Research,40,2011,maybe,"The study involves a gerontic nurse (APGN) who provides care navigation services. However, the intervention includes direct clinical care delivery (exercise programs, medication management) which goes beyond pure care navigation. This partially meets the criterion.",yes,The intervention is delivered in the community through home visits and telephone follow-up after hospital discharge. This clearly meets the criterion.,yes,The study compares care navigation with usual care (control group). This clearly meets the criterion.,maybe,"The intervention includes both care navigation elements (supporting access to services) and direct clinical care delivery (exercise programs, medication management). This only partially meets the criterion as it includes elements that are explicitly excluded (direct clinical care delivery).",yes,The study measures unplanned hospital presentations (emergency readmissions) as a primary outcome. This clearly meets the criterion.,no,"This appears to be a protocol paper rather than a results paper, as indicated by the title and content. This fails to meet the criterion.",yes,This is a randomized controlled trial. This clearly meets the criterion.,yes,The study includes community-dwelling older adults at risk of unplanned hospital presentations. This clearly meets the criterion.,yes,The study focuses on unplanned readmissions and emergency health service use. This clearly meets the criterion.,Include,"A randomized controlled trial protocol exploring care navigation for older adults at risk of hospital readmission, with interventions delivered in community settings and measuring unplanned hospital presentations. While the study design and population align with screening criteria, the protocol's nature as a pre-results document and the intervention's inclusion of direct clinical care delivery create significant limitations for inclusion. The mixed intervention approach and lack of published results further complicate its potential eligibility.",,,2.5
A general practice intervention for people at risk of poor health outcomes: the Flinders QUEST cluster randomised controlled trial and economic evaluation,To determine whether a multicomponent general practice intervention cost‐effectively improves health outcomes and reduces health service use for patients at high risk of poor health outcomes.,"Richard L. Reed, L. Roeger, Yuen H Kwok, B. Kaambwa, S. Allison, R. Osborne",10.5694/mja2.51484,https://doi.org/10.5694/mja2.51484,Medical Journal of Australia,8,2022,no,,no,,no,,no,,no,,no,,no,,no,,no,,Exclude,Cannot perform full text screening: full text not available.,,No full text,0.1
Influence of a Transitional Care Clinic on Subsequent 30‐Day Hospitalizations and Emergency Department Visits in Individuals Discharged from a Skilled Nursing Facility,To evaluate an intervention to improve care transitions at the time of skilled nursing facility (SNF) discharge.,"Hae K. Park, Laurence G. Branch, Tatjana Bulat, Bavna Vyas, Cynthia P. Roever",10.1111/jgs.12051,https://doi.org/10.1111/jgs.12051,Journal of The American Geriatrics Society,39,2013,no,,no,,no,,no,,no,,no,,no,,no,,no,,Exclude,Cannot perform full text screening: full text not available.,,No full text,0.1
Pragmatic trial evaluating the effectiveness of a patient navigator to decrease emergency room utilisation in transition age youth with chronic conditions: the Transition Navigator Trial protocol,"Introduction Transition to adult care is a challenging and complex process for youth with special healthcare needs. We aim to compare effectiveness of a patient navigator service in reducing emergency room (ER) use among adolescents with chronic health conditions transitioning to adult care. Methods and analysis Pragmatic randomised controlled trial parallel group design comparing ER visit rates between patients with access to a personalised navigator intervention compared with usual care. Unit of randomisation is the patient. Treatment assignment will not be blinded. Embedded qualitative study to understand navigator’s role and cost analysis attributable to the intervention will be performed. Patients aged 16–21 years, followed within a chronic disease clinic, expected to be transferred to adult care within 12 months and residing in Alberta during study period will be recruited from three tertiary care paediatric hospitals. Sample size will be 300 in each arm. Navigator intervention over 24 months is designed to assist participants in four domains: transition preparation, health system brokering, socioeconomic determinants of health and self-management. Primary outcome is ER visit rate during observation period. Secondary outcomes are ambulatory and inpatient care utilisation measures, as well as Transition Readiness Assessment Questionnaire score, and Short-Form Health Survey 12 (SF-12) score at 6 and 18 months post-randomisation. Poisson regression will compare rates of ER/urgent care visits between navigator and control participants, using intention to treat principle. Cost analysis of the intervention will be conducted. Thematic analysis will be used to identify perceptions of stakeholders regarding the role of navigators. Ethics and dissemination Ethics approval was obtained from the University of Calgary Conjoint Health Research Ethics Board (REB #162561) and the University of Alberta Health Research Ethics Board (Pro00077325). Our team is composed of diverse stakeholders who are committed to improving transition of care who will assist with dissemination of results. Trial registration number NCT03342495.","S. Samuel, G. Dimitropoulos, Kyleigh Schraeder, S. Klarenbach, A. Nettel-Aguirre, G. Guilcher, D. Pacaud, J. Pinzon, E. Lang, Gail Andrew, L. Zwaigenbaum, Shannon Scott, K. McBrien, L. Hamiwka, A. Mackie",10.1136/bmjopen-2019-034309,https://doi.org/10.1136/bmjopen-2019-034309,BMJ Open,17,2019,yes,"The care navigator is described as having a minimum of a Bachelor's degree in Social Work and 5 years of clinical experience, indicating they are a trained clinician with formal professional/paraprofessional tertiary education. Additionally, the navigators are paid employees of Alberta Health Services (AHS), suggesting they are involved in paid care.",yes,"While the intervention starts in pediatric hospitals, the navigation service is delivered in the community, helping patients transition to adult care services. The navigators work with patients in their community settings.",yes,This is explicitly described as a randomized controlled trial comparing the navigator intervention with usual care.,yes,"The intervention matches the definition of care navigation. The navigators provide support in accessing services, coordinate care, and do not deliver clinical care themselves. They work across multiple healthcare providers to facilitate transitions.",yes,"The primary outcome is ER/urgent care visit rates, which directly matches the criterion of unplanned hospital presentations. They also measure PROMs using SF-12 at relevant timepoints (6, 12, 18, and 24 months).",yes,"This is a full protocol paper presenting study results, not just a protocol or abstract.",yes,"This is explicitly described as a ""pragmatic randomised controlled trial parallel group design.""",yes,The study includes participants with chronic health conditions residing in the community who are at risk of unplanned hospital presentations.,yes,The study explicitly focuses on reducing ER/urgent care visits as its primary outcome.,Include,"A pragmatic randomized controlled trial investigating patient navigation for youth with chronic health conditions demonstrates comprehensive alignment with screening criteria, including a trained navigator, community-based delivery, comparative design, and focus on reducing unplanned hospital presentations. The study meets all specified requirements through its robust methodology, clear intervention description, and measurement of both emergency room visits and patient-reported outcomes across multiple timepoints.",,,4.9
C2-1: A Randomized Controlled Trial of a Patient Navigator Intervention to Reduce Hospital Readmissions in a Safety Net Health Care System,"Background/Aims Poor care coordination at hospital discharge can result in avoidable hospital readmissions. This study’s aim was to evaluate the effect of a community health worker (CHW) intervention, the Patient Navigator (PN), on readmission rates and post-discharge health care use in a safety net population. Methods This randomized controlled trial began in October 2011 among patients of Cambridge Health Alliance (CHA), an urban safety net health care system. We identified patients discharged from the medical service with lengths of stay 3 days or more, admission in the prior 6 months, age 60+ years, or admission for COPD or congestive heart failure. We randomized patients to the PN intervention or usual care alone. In the PN intervention, a bilingual hospital-based CHW engaged in discharge planning and made outreach phone calls to patients for 30 days after initial discharge and upon subsequent readmission. PNs assisted patients with follow-up appointments, obtaining and taking medications, transportation, financial barriers, and linkages to community resources. Sociodemographic, clinical, and utilization data were obtained from electronic medical records. Primary outcomes were the proportion of patients readmitted within 30 days, number of readmissions per patient, total number of hospital days within 180 days post-discharge, and proportion of patients with a primary care visit or an emergency department (ED) visit within 30 days. The trial will continue through spring 2013. Results As of October 2012, 423 patients were in the PN group and 513 in the control group. Fewer PN patients (12.1%) were readmitted within 30 days of an index discharge than controls (13.6%). Readmissions per patient were lower in the PN group compared to controls (0.70 vs. 0.81), as were total hospital days (3.42 vs. 3.59). More PN patients than controls had a primary care visit within 30 days (77.1% vs. 68.6%), but similar percentages had an ED visit within 30 days (11.3% vs. 10.9%). Conclusions Preliminary results show a trend toward a reduction in probability of 30-day readmission, number of readmissions, and total hospital days for safety net patients receiving a PN intervention, and a trend toward greater probability of a primary care visit within 30 days of discharge.","Richard B. Balaban, Alison Galbraith, Marguerite Burns, Catherine E. Vialle-Valentin, Elisa Friedman, Dennis Ross-degnan",10.3121/cmr.2013.1176.c2-1,https://doi.org/10.3121/cmr.2013.1176.c2-1,Clinical Medicine Research,1,2013,maybe,"The paper describes a ""Patient Navigator (PN)"" who is a community health worker (CHW). While CHWs typically have formal training, the paper doesn't explicitly state their educational background. However, they are paid care workers involved in care coordination.",yes,"The intervention involves post-discharge support and community resource linkage, indicating delivery outside hospital settings.",yes,The study is explicitly described as a randomized controlled trial comparing PN intervention with usual care.,maybe,"The PN provides support for accessing services and coordinating care, but appears to be more focused on discharge planning and support rather than pure care navigation. The intervention seems to overlap with discharge planning, which is explicitly excluded in the criteria.",yes,"The study measures unplanned hospital presentations (readmissions) and ED visits within 30 days, which directly matches the required outcomes.",yes,"This appears to be a full study presenting results, not a protocol or abstract.",yes,Explicitly described as a randomized controlled trial.,yes,"The study includes patients discharged from medical service who are at risk of readmission, residing in the community.",yes,"The study focuses on unplanned readmissions and ED visits, not planned procedures.",Include,"A randomized controlled trial examining patient navigation for hospital discharge support demonstrates strong alignment with most screening criteria, including community-based delivery, comparative design, and focus on unplanned hospital presentations. However, uncertainties exist regarding the precise qualifications of the care navigator and potential overlap with discharge planning, which introduces some ambiguity in meeting all screening requirements.",,,3.5
Supporting elderly people with cognitive impairment during and after hospital stays with intersectoral care management: study protocol for a randomized controlled trial,"Abstract Background The sectorization of health-care systems leads to inefficient treatment, especially for elderly people with cognitive impairment. The transition from hospital care to primary care is insufficiently coordinated, and communication between health-care providers is often lacking. Consequences include a further deterioration of health, higher rates of hospital readmissions, and institutionalization. Models of collaborative care have shown their efficacy in primary care by improving patient-related outcomes. The main goal of this trial is to compare the effectiveness of a collaborative care model with usual care for people with cognitive impairment who have been admitted to a hospital for treatment due to a somatic illness. The aim of the intervention is to improve the continuity of treatment and care across the transition between the in-hospital and adjoining primary care sectors. Methods/design The trial is a longitudinal multisite randomized controlled trial with two arms (care as usual and intersectoral care management). Inclusion criteria at the time of hospital admission due to a somatic illness are age 70+ years, cognitive impairment (Mini Mental State Examination, MMSE ≤26), living at home, and written informed consent. Each participant will have a baseline assessment at the hospital and two follow-up assessments at home (3 and 12 months after discharge). The estimated sample size is n = 398 people with cognitive inmpairement plus their respective informal caregivers (where available). In the intersectoral care management group, specialized care managers will develop, implement, and monitor individualized treatment and care based on comprehensive assessments of the unmet needs of the patients and their informal caregivers. These assessments will occur at the hospital and in participants’ homes. Primary outcomes are (1) activities of daily living, (2) readmission to the hospital, and (3) institutionalization. Secondary outcomes include (a) frailty, (b) delirium, (c) quality of life, (d) cognitive status, (e) behavioral and psychological symptoms of dementia, (f) utilization of services, and (g) informal caregiver burden. Discussion In the event of proving efficacy, this trial will deliver a proof of concept for implementation into routine care. The cost-effectiveness analyses as well as an independent process evaluation will increase the likelihood of meeting this goal. The trial will enable an in-depth analysis of mediating and moderating effects for different health outcomes at the interface between hospital care and primary care. By highlighting treatment and care, the study will provide insights into unmet needs at the time of hospital admission, and the opportunities and barriers to meeting those needs during the hospital stay and after discharge. Trial registration ClinicalTrials.gov, NCT03359408 ; December 2, 2017.","A. Nikelski, Armin Keller, Fanny Schumacher-Schönert, Terese Dehl, Jessica Laufer, U. Sauerbrey, Diana Wucherer, A. Dreier-Wolfgramm, B. Michalowsky, Ina Zwingmann, H. Vollmar, W. Hoffmann, S. Kreisel, J. Thyrian",10.1186/s13063-019-3636-5,https://doi.org/10.1186/s13063-019-3636-5,Trials,19,2019,maybe,"The study uses ""specially trained study nurses (case manager, social worker, or dementia care manager)"" who are involved in paid care. While it's not explicitly stated if they have formal tertiary education, their roles as case managers and social workers suggest they likely meet this criterion.",yes,"The intervention is delivered both in hospital and community settings, with a focus on the transition from hospital to home care, meeting the criterion of being delivered at least partially outside of hospital settings.",yes,"The study explicitly compares care navigation with usual care in a randomized controlled trial design, meeting this criterion.",maybe,"The intervention involves care management services provided by trained professionals who support patients in accessing services and coordinating care. However, it's not entirely clear if these care managers deliver clinical care themselves, as the paper states ""The intervention used in this study does not, however, replace any provisions offered by other providers in the hospital or in ambulatory settings.""",yes,"The study measures readmissions to hospital as a primary outcome, which directly aligns with the unplanned hospital presentations criterion. It also measures quality of life using the EuroQol Questionnaire, meeting the PROMs criterion.",yes,"This appears to be a full study protocol with results, not just a protocol or abstract. The paper presents detailed methodology and outcomes.",yes,"The study is explicitly described as a ""multisite longitudinal randomized controlled intervention trial,"" meeting this criterion.",yes,"The study includes elderly patients (70+) with cognitive impairment residing in the community, who are at risk of unplanned hospital presentations, meeting the target population criterion.",yes,"The study specifically measures ""unscheduled readmissions"" as a primary outcome, indicating a clear focus on unplanned presentations.",Include,"A randomized controlled trial investigating care navigation for elderly patients with cognitive impairment, delivered across hospital and community settings, with a focus on reducing unplanned hospital readmissions and improving patient outcomes. The study employs specially trained care managers to support patients in accessing healthcare services, measuring key outcomes like readmissions, quality of life, and institutionalization. The intervention targets community-dwelling patients at risk of hospital presentations, utilizing a comprehensive approach to care coordination and support.",,,4.6
"Reducing Medical Admissions and Presentations Into Hospital through Optimising Medicines (REMAIN HOME): a stepped wedge, cluster randomised controlled trial",To investigate whether integrating pharmacists into general practices reduces the number of unplanned re‐admissions of patients recently discharged from hospital.,"Christopher R. Freeman, I. Scott, K. Hemming, L. Connelly, C. Kirkpatrick, I. Coombes, J. Whitty, James T Martin, N. Cottrell, N. Sturman, G. Russell, I. Williams, C. Nicholson, S. Kirsa, H. Foot",10.5694/mja2.50942,https://doi.org/10.5694/mja2.50942,Medical Journal of Australia,31,2021,maybe,"The intervention involves pharmacists who are trained professionals, but they are not strictly ""care navigators"" as they provide clinical care (medication management) rather than just navigation support. They are paid professionals working 12 hours/week.",yes,"The intervention is delivered in general practices and sometimes at patients' homes, clearly outside hospital settings.",yes,This is a stepped wedge cluster RCT comparing the intervention with usual care.,no,"The intervention involves pharmacists providing clinical care (medication management) rather than just navigation support. This is explicitly excluded in the criteria which states ""does not deliver clinical care.""",yes,The study measures unplanned hospital presentations (readmissions and ED presentations) as primary outcomes.,yes,"This is a full research paper presenting results, not a protocol or abstract.",yes,This is explicitly described as a stepped wedge cluster randomised controlled trial.,yes,The study includes patients residing in the community who are at risk of unplanned hospital presentations (recently discharged patients with multiple medications or specific conditions).,yes,The study explicitly focuses on unplanned hospital presentations and readmissions.,Include,"The study involves pharmacists providing medication management in general practices, which does not align with the care navigation criteria requiring non-clinical support. While the research meets most screening requirements including community-based delivery, comparative design, and focus on unplanned hospital presentations, the intervention's clinical nature disqualifies it from the review. The fundamental mismatch with the intervention type prevents inclusion despite methodological strengths.",,,2.5
Integrating assessments of older people: examining evidence and impact from a randomised controlled trial.,"SIR—The needs of older people are often multiple, complex and are at times experienced in combination, which require closely targeted services [1] and necessitate the collaboration of several professional groups. However, care has often been disjointed and compartmentalised [2]. One response to this has been a call for integration, between health and social care. Integrated care can operate at the organisational level, in terms of structures [3, 4] or the professional level, in terms of shared working arrangements, multidisciplinary teams and case management [5, 6]; an issue being that integrated structures, although conducive to interprofessional working, do not necessarily guarantee it [7]. Integration is assumed to produce benefits in terms of better co-ordination of services, better outcomes and greater efficiency [8]. Integration remains an aim pursued by successive governments [9]. Policies in several countries call for integration at the assessment stage; a key phase in terms of ensuring care closely matches older people’s needs [10, 11]. In England, examples are the single assessment process (SAP), offering a common structure through shared tools and processes [12], and the common assessment framework (CAF) for adults, advocating technical solutions for information sharing [13]. However, while evidence identifies potential benefits of integrating assessment information from different professionals [5, 14] and of more comprehensive geriatric assessment [15], there remains a need to examine the cost-effectiveness of such approaches to guide future policy. We reanalysed data from a randomised controlled trial of integrated assessment between specialist clinicians and social services care managers in England [14] to offer evidence of the costs and benefits of integration. We evaluated the experiment’s impact on changes in functioning, admissions to care homes and use and costs of health and social services for frail older people at risk of entering care homes.","P. Clarkson, C. Brand, J. Hughes, D. Challis",10.1093/ageing/afr015,https://doi.org/10.1093/ageing/afr015,Age and Ageing,28,2011,no,,no,,no,,no,,no,,no,,no,,no,,no,,Exclude,Cannot perform full text screening: full text not available.,,No full text,0.1
OPEN ARCH: integrated care at the primary-secondary interface for the community-dwelling older person with complex needs.,"Optimal care of community-dwelling older Australians with complex needs is a national imperative. Suboptimal care that is reactive, episodic and fragmented, is costly to the health system, can be life threatening to the older person and produces unsustainable carer demands. Health outcomes would be improved if services (health and social) are aligned towards community-based, comprehensive and preventative care. Integrated care is person-focussed in outlook and defies a condition-centric approach to healthcare delivery. Integration is a means to support primary care, with the volume and complexity of patient needs arising from an ageing population. Older Persons Enablement and Rehabilitation for Complex Health Conditions (OPEN ARCH) is a targeted model of care that improves access to specialist assessment and comprehensive care for older persons at risk of functional decline, hospitalisation or institutionalised care. OPEN ARCH was developed with primary care as the central integrating function and is built on four values of quality care: preventative health care provided closer to home; alignment of specialist and generalist care; care coordination and enablement; and primary care capacity building. Through vertical integration at the primary-secondary interface, OPEN ARCH cannot only improve the quality of care for clients, but improves the capacity of primary care to meet the needs of this population.","J. Mann, R. Quigley, Desley Harvey, M. Tait, G. Williams, E. Strivens",10.1071/py19184,https://doi.org/10.1071/py19184,Australian Journal of Primary Health,14,2020,no,,no,,no,,no,,no,,no,,no,,no,,no,,Exclude,Cannot perform full text screening: full text not available.,,No full text,0.1
A transitional care intervention for hypertension control for older people with diabetes: A cluster randomized controlled trial.,"AIMS
To evaluate the effect of a nurse-coordinated hospital-initiated transitional care programme on hypertension control for older people with diabetes in China.
DESIGN
A cluster randomized controlled trial.
METHODS
A total of 10 wards (clusters) of four acute care hospitals participated in the trial. They were randomly assigned to the intervention group or the control group. A total of 270 participants (135 in each group) were recruited from these wards. Data were collected between June 2016 - June 2017. Participants in the intervention group received a 6-month hospital to home transitional care programme coordinated by discharge nurses and community nurses. The programme comprised self-management education, lifestyle changes, individualized medication treatment, structured telephone support, and primary care visits. Outcomes were measured at baseline, and 3 months and 6 months from the baseline.
RESULTS
The mean age was 70.9 (SD 5.8) years and 55% of participants were men. The intervention group demonstrated a statistically significant decrease in mean systolic blood pressure of 10.7 mmHg and mean diastolic blood pressure of 4.1 mmHg compared with the control group. The findings also demonstrated significant improvements in HbA1c, hypertension knowledge, diabetes knowledge, treatment adherence, quality of life, hospital readmission, and emergency department visits in the intervention group compared with the control group. However, no significant differences in adverse events were observed between the two groups.
CONCLUSIONS
A hospital-initiated and nurse-coordinated transitional care intervention improves hypertension control and reduces hospital readmissions for older people with diabetes.
IMPACT
Lack hospital to home transitional care for hospitalized older people with hypertension and diabetes can result in high readmission rates and emergency department visits. A hospital-initiated and nurse-coordinated transitional care intervention built on collaboration between acute care hospitals and community health centres results in improved hypertension control and reduced readmissions for older people with diabetes and other chronic conditions. An integrated and well-coordinated care services between acute care hospitals and community health centres can strengthen the primary care approach to supporting self-management of hypertension, diabetes, and other ageing-associated health conditions for community-dwelling older people.
TRIAL REGISTRATION
The trial was registered with the Australia New Zealand Clinical Trials Registry (ID: ACTRN12617001352392).","Q. Tu, L. Xiao, S. Ullah, J. Fuller, H. Du",10.1111/jan.14466,https://doi.org/10.1111/jan.14466,Journal of Advanced Nursing,20,2020,no,,no,,no,,no,,no,,no,,no,,no,,no,,Exclude,Cannot perform full text screening: full text not available.,,No full text,0.1
Implementing community health worker-patient pairings at the time of hospital discharge: A randomized control trial.,"BACKGROUND
In 2011, there were approximately 3.3 million adult 30-day all-cause hospital readmissions in the US generating $41.3 billion in hospital costs. Community health worker (CHW) care delivery is one of very few interventions demonstrated to reduce health care utilization among populations with chronic disease. While there are a number of studies demonstrating improved disease-specific outcomes with CHW interventions, studies examining the effect of CHW care delivery on 30-day readmission rates are rare.
METHODS
This study is a randomized control trial designed to determine if linking hospitalized patients with chronic disease to community health workers (CHWs) can decrease 30-day readmissions. Participants were randomly assigned to receive the 30-day CHW intervention or usual care (no CHW). All study participants completed surveys at baseline and the end of the study 30 days post-discharge. The primary outcome was 30-day readmission and secondary outcomes included emergency department visits, missed appointments, and patient satisfaction.
RESULTS
We plan to enroll 1200 hospitalized patients during a 24-month intervals. As of December 2017, 350 patients have been consented and randomly assigned to either the intervention or control arm. A number of challenges have been encountered in implementing a CHW initiative at the time of hospital discharge.
CONCLUSION
This trial tests the effectiveness of CHW care delivery at the time of hospital discharge in reducing 30-day readmission rates and improving outcomes among patients with chronic disease. We describe and discuss challenges in launching this CHW intervention and strategies utilized to overcome these obstacles. Clinical Trials.gov registration submitted 3/14/2017: Protocol ID# 2017A050810 and Clinical Trials.gov ID# NCT03085264 Community Health Worker Care Transitions Study (C-CAT).
Copyright © 2018 Elsevier Inc. All rights reserved.","Jocelyn Carter, Anne Walton, K. Donelan, A. Thorndike",10.1016/j.cct.2018.09.013,https://doi.org/10.1016/j.cct.2018.09.013,Contemporary Clinical Trials,7,2018,no,,no,,no,,no,,no,,no,,no,,no,,no,,Exclude,Cannot perform full text screening: full text not available.,,No full text,0.1
"The Holistic Assessment and care Planning in Partnership Intervention Study [HAPPI]: A Protocol for a feasibility, cluster randomised controlled trial.","AIM
During an initial phase of this research, an e-Delphi survey was conducted to gain consensus among stakeholders on the components of a nurse-led assessment and care planning intervention for older people who live with frailty in primary care. This feasibility randomised controlled trial (fRCT) will test the proposed intervention and its implementation and determine methods for the design of a conclusive randomised controlled trial.
METHODS
The fRCT, with embedded qualitative study, aims to recruit 60 participants. Moderately and severely frail older people will be identified using the electronic frailty index (eFI) and the intervention will be delivered by senior community nurses. The control participants will receive usual primary care for frailty. The study is funded by the National Institute of Health Research (NIHR) (funding granted in May 2016, ref: ICA-CDRF-2016-02-018) and received NHS and University Ethical approval in 2018.
DISCUSSION
There is evidence that the delivery of complex interventions for community-dwelling older people can reduce care home and hospital admissions and falls, there is less evidence for the benefit of any specific type or intensity of intervention or the additional benefits of targeting the frail population. This trial will determine feasibility of the intervention, define recruitment and retention parameters and trial logistics and decide outcome measures.
IMPACT
This study aims to address the limitations of current research by using a systematic method of frailty diagnosis and participant identification, trialling implementation of a person-centred intervention and testing of feasibility parameters. This article is protected by copyright. All rights reserved.","Helen Lyndon, J. Latour, J. Marsden, S. Campbell, K. Stevens, B. Kent",10.1111/jan.14106,https://doi.org/10.1111/jan.14106,Journal of Advanced Nursing,1,2019,no,,no,,no,,no,,no,,no,,no,,no,,no,,Exclude,Cannot perform full text screening: full text not available.,,No full text,0.1
Evaluation of a Multicomponent Care Transitions Program for High‐Risk Hospitalized Older Adults,"To test the effectiveness of a multicomponent care transition intervention targeted at hospitalized patients, aged 75 years and older, at high risk for hospital readmissions, return emergency department (ED) visits, and related complications.","P. Huckfeldt, B. Reyes, G. Engstrom, Qingnan Yang, Sanya Diaz, S. Fahmy, J. Ouslander",10.1111/jgs.16189,https://doi.org/10.1111/jgs.16189,Journal of The American Geriatrics Society,9,2019,no,,no,,no,,no,,no,,no,,no,,no,,no,,Exclude,Cannot perform full text screening: full text not available.,,No full text,0.1
A randomised clinical trial on a comprehensive geriatric assessment and intensive home follow-up after hospital discharge: the Transitional Care Bridge,"Older patients are at high risk for poor outcomes after acute hospital admission. The mortality rate in these patients is approximately 20%, whereas 30% of the survivors decline in their level of activities of daily living (ADL) functioning three months after hospital discharge. Most diseases and geriatric conditions that contribute to poor outcomes could be subject to pro-active intervention; not only during hospitalization, but also after discharge. This paper presents the design of a randomised controlled clinical trial concerning the effect of a pro-active, multi-component, nurse-led transitional care program following patients for six months after hospital admission.Three hospitals in the Netherlands will participate in the multi-centre, double-blind, randomised clinical trial comparing a pro-active multi-component nurse-led transitional care program to usual care after discharge. All patients acutely admitted to the Department of Internal Medicine who are 65 years and older, hospitalised for at least 48 hours and are at risk for functional decline are invited to participate in the study. All patients will receive integrated geriatric care by a geriatric consultation team during hospital admission. Randomization, which will be stratified by study site and cognitive impairment, will be conducted during admission. The intervention group will receive the transitional care bridge program, consisting of a handover moment with a community care Care Nurse (CN) during hospital admission and five home visits after discharge. The control group will receive 'care as usual' after discharge. The main outcome is the level of ADL functioning six months after discharge compared to premorbid functioning measured with the Katz ADL index. Secondary outcomes include; survival, cognitive functioning, quality of life, and health care utilization, satisfaction of the patient and primary care giver with the transitional care bridge program. All outcomes will be measured at three, six and twelve months after discharge. Approximately 674 patients will be enrolled to either the intervention or control group.The study will provide new knowledge on a combined intervention of integrated care during hospital admission, a proactive handover moment before discharge and intensive home visits after discharge.NTR 2384.","B. Buurman, J. Parlevliet, Bob A J van Deelen, R. J. de Haan, Sophia E. de Rooij",10.1186/1472-6963-10-296,https://doi.org/10.1186/1472-6963-10-296,BMC Health Services Research,14,2010,maybe,"The study involves a Community Care Nurse (CN) who is described as ""a bachelor level educated nurse with a special focus on the elderly."" While this meets the educational requirement, the CN appears to be delivering clinical care rather than just navigation services. The CN is involved in ""providing psycho-education"" and ""maintaining contacts with other practitioners,"" suggesting direct clinical involvement.",yes,"The intervention is clearly delivered in community settings, with home visits and community care coordination.",yes,"The study explicitly compares the intervention to ""care as usual"" after discharge.",no,"This appears to be a transitional care program rather than care navigation. The CN is actively involved in delivering clinical care and coordinating treatment plans, which falls under the excluded categories of ""case management or transitional care.""",yes,"The study measures healthcare utilization including ""rehospitalisation and/or visits to the emergency department"" as a secondary outcome.",yes,"This appears to be a full study protocol with results, not just a protocol or abstract.",yes,"This is explicitly described as a ""randomised controlled clinical trial.""",yes,The study includes older patients (65+) residing in the community who are at risk of functional decline and hospital presentations.,maybe,"While the study measures rehospitalization, it's not specifically focused on unplanned presentations, and the primary outcome is ADL functioning.",Include,"A randomized controlled trial involving older patients with a community-based intervention, the study focuses on a transitional care program delivered by a bachelor-level nurse. While meeting several screening criteria, the intervention does not align with care navigation services due to the nurse's direct clinical involvement and the program's transitional care nature. The study's primary outcome of ADL functioning and secondary outcomes of healthcare utilization suggest a comprehensive approach to patient care, but do not strictly meet the care navigation definition.",,,2.5
The stroke transitional care intervention for older adults with stroke and multimorbidity: a multisite pragmatic randomized controlled trial,"Abstract Background This study aimed to test, in real-world clinical practice, the effectiveness of a Transitional Care Stroke Intervention (TCSI) compared to usual care on health outcomes, self-management, patient experience, and health and social service use costs in older adults (≥ 55 years) with stroke and multimorbidity (≥ 2 chronic conditions). Methods This pragmatic randomized controlled trial (RCT) included older adults discharged from hospital to community with stroke and multimorbidity using outpatient stroke rehabilitation services in two communities in Ontario, Canada. Participants were randomized 1:1 to usual care (control group) or usual care plus the 6-month TCSI (intervention group). The TCSI was delivered virtually by an interprofessional (IP) team, and included care coordination/system navigation support, phone/video visits, monthly IP team conferences, and an online resource to support system navigation. The primary outcome was risk of hospital readmission (all cause) after six-months. Secondary outcomes included physical and mental functioning, stroke self-management, patient experience, and health and social service use costs. The intention-to-treat principle was used to conduct the primary and secondary analyses. Results Ninety participants were enrolled (44 intervention, 46 control); 11 (12%) participants were lost to follow-up, leaving 79 (39 intervention, 40 control). No significant between-group differences were seen for baseline to six-month risk of hospital readmission. Differences favouring the intervention group were seen in the following secondary outcomes: physical functioning (SF-12 PCS mean difference: 5.10; 95% CI: 1.58–8.62, p = 0.005), stroke self-management (Southampton Stroke Self-Management Questionnaire mean difference: 6.00; 95% CI: 0.51—11.50, p = 0.03), and patient experience (Person-Centred Coordinated Care Experiences Questionnaire mean difference: 2.64, 95% CI: 0.81, 4.47, p = 0.005). No between-group differences were found in total healthcare costs or other secondary outcomes. Conclusions Although participation in the TCSI did not impact hospital readmissions, there were improvements in physical functioning, stroke self-management and patient experience in older adults with stroke and multimorbidity without increasing total healthcare costs. Challenges associated with the COVID-19 pandemic, including the shift from in-person to virtual delivery, and re-deployment of interventionists could have influenced the results. A larger pragmatic RCT is needed to determine intervention effectiveness in diverse geographic settings and ethno-cultural populations and examine intervention scalability. Trial registration ClinicalTrials.gov Identifier: NCT04278794 . Registered May 2, 2020.","M. Markle-Reid, Kathryn Fisher, Kimberly M. Walker, Marla K. Beauchamp, Jill I. Cameron, David Dayler, Rebecca Fleck, Amiram Gafni, R. Ganann, Ken Hajas, Barbara Koetsier, Robert Mahony, Chris Pollard, Jim Prescott, T. Rooke, C. Whitmore",10.1186/s12877-023-04403-1,https://doi.org/10.1186/s12877-023-04403-1,BMC Geriatrics,19,2023,yes,"The study involves an interprofessional team including Occupational Therapist, Physical Therapist, Speech Language Pathologist, Social Worker, and Registered Nurse. The Care Coordinator (who functions as a system navigator) is a trained clinician (either Physical Therapist or Occupational Therapist). They are paid healthcare providers delivering care through a hospital-based program.",yes,"The intervention is explicitly described as community-based, delivered virtually to patients in their homes after hospital discharge. The study specifically focuses on post-acute care in the community setting.",yes,The study is a randomized controlled trial comparing the Transitional Care Stroke Intervention (TCSI) with usual care.,yes,"The intervention provides support in the community by trained clinicians who coordinate care and provide navigation support, but do not deliver clinical care directly. The intervention includes ""care coordination/system navigation support"" and ""ongoing care coordination/system navigation support.""",yes,"The study measures hospital readmissions and ED visits as primary outcomes, which align with the unplanned hospital presentations criterion. It also measures PROMs including quality of life and functional status.",yes,"This is a full research paper presenting results, not a protocol or conference abstract.",yes,"The study is explicitly described as a ""pragmatic Randomized Controlled Trial (RCT).""",yes,The study includes participants with stroke and multimorbidity (≥2 chronic conditions) residing in the community after hospital discharge.,yes,"The study measures all-cause hospital readmissions and ED visits, which includes unplanned presentations.",Include,"A pragmatic randomized controlled trial of a community-based transitional care intervention for older adults with stroke and multimorbidity, delivered virtually by an interprofessional team. The study comprehensively meets all screening criteria, including comparative design, community-based delivery, appropriate target population, and measurement of unplanned hospital presentations and patient-reported outcomes. The intervention focuses on care navigation and support, with trained clinicians providing system navigation and coordination of services.",,,4.9
Impacts of a navigation program based on health information technology for patients receiving oral anticancer therapy: the CAPRI randomized controlled trial,"The emergence of oral delivery in cancer therapeutics is expected to result in an increased need for better coordination between all treatment stakeholders, mainly to ensure adequate treatment delivery to the patient. There is significant interest in the nurse navigation program's potential to improve transitions of care by improving communication between treatment stakeholders and by providing personalized organizational assistance to patients. The use of health information technology is another strategy aimed at improving cancer care coordination that can be combined with the NN program to improve remote patient follow-up. However, the potential of these two strategies combined to improve oral treatment delivery is limited by a lack of rigorous evidence of actual impact. We are conducting a large scale randomized controlled trial designed to assess the impact of a navigation program denoted CAPRI that is based on two Nurse Navigators and a web portal ensuring coordination between community and hospital as well as between patients and navigators, versus routine delivery of oral anticancer therapy. The primary research aim is to assess the impact of the program on treatment delivery for patients with metastatic cancer, as measured by Relative Dose Intensity. The trial involves a number of other outcomes, including tumor response, survival, toxic side effects, patient quality of life and patient experience An economic evaluation adopting a societal perspective will be conducted, in order to estimate those health. care resources' used. A parallel process evaluation will be conducted to describe implementation of the intervention. If the CAPRI program does improve treatment delivery, the evidence on its economic impact will offer important knowledge for health decision-makers, helping develop new follow-up services for patients receiving oral chemotherapy and/or targeted therapy. The process evaluation will determine the best conditions in which such a program might be implemented. NCT 02828462 . Registered 29 June 2016.","Chloé Gervès-Pinquié, Fatima Daumas-Yatim, B. Lalloué, A. Girault, M. Ferrua, A. Fourcade, F. Lemare, M. Dipalma, E. Minvielle",10.1186/s12913-017-2066-x,https://doi.org/10.1186/s12913-017-2066-x,BMC Health Services Research,18,2017,maybe,"The navigators are Nurse Navigators with formal training, but they appear to be involved in clinical care coordination rather than just navigation. They provide ""personalized organizational assistance"" and coordinate between hospital and community care. This partially meets the criterion as they are trained clinicians, but their role appears to include clinical care coordination.",yes,"The intervention is delivered partially outside of hospital settings. The program involves ""coordination between community and hospital"" and includes remote follow-up via phone and web portal.",yes,"This is explicitly a randomized controlled trial comparing the CAPRI program (care navigation) with ""usual care.""",maybe,"The focus is specifically on oral chemotherapy delivery and coordination, which appears to be more clinical care coordination than pure care navigation. The intervention includes direct clinical care support rather than just access to services.",no,"The study measures several outcomes including quality of life, but does not specifically measure unplanned hospital presentations. The outcomes focus on treatment delivery, adherence, and quality of life measures.",no,"This appears to be a study protocol rather than a results paper, which is explicitly excluded by the criteria.",yes,This is explicitly described as a randomized controlled trial.,no,"The population is patients with metastatic cancer receiving oral chemotherapy, which is a specific subset rather than the broader community-dwelling population at risk of unplanned hospital presentations.",no,The study focuses on planned treatment delivery and adherence rather than unplanned hospital presentations.,Exclude,"The study protocol describes a randomized controlled trial for a nurse navigation program in metastatic cancer patients, but fails to meet several key screening criteria. Specifically, it is a protocol rather than a results paper, focuses on clinical care coordination instead of pure care navigation, and does not measure unplanned hospital presentations as an outcome. The intervention's narrow focus on oral chemotherapy delivery and specific patient population further limits its alignment with the screening requirements.",,Other / below screening threshold,1.4
Impact of an Integrated Community-based Model of Care for Older People with Complex Conditions on Hospital Emergency Presentations and Separations: A Step-wedged Randomized Trial,"BackgroundAn ageing population and rise in multi-morbidity increase hospital utilisation and acuity of presentation, particularly amongst the older person with complex needs. Health systems must reorient towards preventative and co-ordinated care to reduce hospital demand and achieve positive and fiscally responsible client outcomes. Integrated care models can improve outcomes for the older person by aligning primary practice with the specialist health care and social services required to manage complex needs. This paper describes the impact of a community facing program that integrates care at the primary-secondary interface on the rate of Emergency Department (ED) presentation and hospital separations amongst older people with complex needs.MethodsThe OPEN ARCH study is a multicentre randomised controlled trial with a stepped wedge cluster design. General practitioners (GPs; n=14) are considered ‘clusters’ each comprising a mixed number of participants. 80 community dwelling persons over 70 years of age if non-Indigenous and over 50 years of age if Indigenous were included in the study. Clusters were randomly assigned to the time at which they would commence the OPEN ARCH intervention, with intervention periods of 3, 6 and 9 months duration. Each participant was its own control. ED presentations and hospital separations were collected from Queensland Health Casemix data and analysed with multilevel mixed-effects Poisson regression modelling to determine the effectiveness of the OPEN ARCH intervention. Data were analysed at the cluster and participant levels.ResultsThe OPEN ARCH intervention was found to not make a statistically significant difference to ED presentations or hospitalisations. However, a stabilising of ED presentations and trend toward lower hospitalisation rates over time was observed. ConclusionsWhile this study detected no statistically significant different change in ED presentations or hospital separations, a plateauing of ED presentation and hospitalisation ratesis a clinically significant finding for older persons with complex needs. Multi-sectoral integrated programs of care require an adequate preparation period and sufficient duration of intervention for effectiveness to be measured. Trial registrationThe OPEN ARCH study received ethical approval from the Far North Queensland Human Research Ethic Committee, HREC/17/QCH/104 – 1174 and is registered on the Australian and New Zealand Trials Registry, ACTRN12617000198325p.","M. Jennifer, F. Thompson, R. Mcdermott, A. Esterman, E. Strivens",10.21203/RS.3.RS-265117/V1,https://doi.org/10.21203/RS.3.RS-265117/V1,,0,2021,no,,no,,no,,no,,no,,no,,no,,no,,no,,Exclude,Cannot perform full text screening: full text not available.,,No full text,0.1
Effects of Nurse-Led Multifactorial Care to Prevent Disability in Community-Living Older People: Cluster Randomized Trial,"Background To evaluate the effects of nurse-led multifactorial care to prevent disability in community-living older people. Methods In a cluster randomized trail, 11 practices (n = 1,209 participants) were randomized to the intervention group, and 13 practices (n = 1,074 participants) were randomized to the control group. Participants aged ≥ 70 years were at increased risk of functional decline based on a score ≥ 2 points on the Identification of Seniors at Risk- Primary Care, ISAR-PC. Participants in the intervention group received a systematic comprehensive geriatric assessment, and individually tailored multifactorial interventions coordinated by a trained community-care registered nurse (CCRN) with multiple follow-up home visits. The primary outcome was the participant’s disability as measured by the modified Katz activities of daily living (ADL) index score (range 0–15) at one year follow-up. Secondary outcomes were health-related quality of life, hospitalization, and mortality. Results At baseline, the median age was 82.7 years (IQR 77.0–87.1), the median modified Katz-ADL index score was 2 (IQR 1–5) points in the intervention group and 3 (IQR 1–5) points in the control group. The follow-up rate was 76.8% (n = 1753) after one year and was similar in both trial groups. The adjusted intervention effect on disability was -0.07 (95% confidence interval -0.22 to 0.07; p = 0.33). No intervention effects were found for the secondary outcomes. Conclusions We found no evidence that a one-year individualized multifactorial intervention program with nurse-led care coordination was better than the current primary care in community-living older people at increased risk of functional decline in The Netherlands. Trial Registration Netherlands Trial Register NTR2653","J. Suijker, M. van Rijn, B. Buurman, G. ter Riet, E. Moll van Charante, Sophia E. de Rooij",10.1371/journal.pone.0158714,https://doi.org/10.1371/journal.pone.0158714,PLoS ONE,8,2016,yes,"The care navigator is a Community-care registered nurse (CCRN) who is formally trained and employed. They received ""formal 10-day training in providing integrated elderly care in the community,"" meeting the criterion of being a trained clinician with formal professional education.",yes,"The intervention is clearly community-based, delivered through home visits and community care coordination. The study explicitly states it's for ""community-living older people"" and involves home visits, meeting this criterion.",yes,"The study is a cluster randomized trial comparing the intervention group with usual care (control group), meeting this criterion.",maybe,"While the intervention involves care coordination and support, it appears to be more focused on clinical care delivery rather than pure care navigation. The CCRNs deliver clinical assessments and interventions, which goes beyond the definition of care navigation provided in the criteria.",yes,"The study measures hospitalizations as a secondary outcome, which meets this criterion. However, it's not the primary focus of the study, which is on disability and quality of life measures.",yes,"This is a full research paper presenting results, not a protocol or abstract, meeting this criterion.",yes,"The study is explicitly described as a cluster randomized trial, meeting this criterion.",yes,"The study includes community-dwelling older people at risk of functional decline, which aligns with the target population criterion.",maybe,"While hospitalizations are measured, the study doesn't specifically focus on unplanned presentations. The primary focus is on functional decline and disability.",Include,"A community-based cluster randomized trial involving trained community-care registered nurses delivering multifactorial interventions to older adults at risk of functional decline. While the study meets several screening criteria including community-based delivery, comparative design, and appropriate publication type, it falls short on the specific definition of care navigation and focus on unplanned hospital presentations. The intervention's clinical care delivery approach and primary focus on disability measures suggest potential exclusion from the systematic review.",,,2.7
A pragmatic randomized controlled trial of a cardiac hospital-to-home transitional care program in a Singapore academic medical center,"Background Rehospitalizations are common in healthcare. They are costly for hospitals and patients and a substantial percentage are preventable, partly because hospital-to-community transitions are often unmanaged or poorly managed. In this study, we conducted a pragmatic randomized, controlled trial to evaluate the effectiveness of a new nurse–practitioner-led transitional care program called CareHub, piloted in Singapore’s National University Hospital. Methods Study population included all eligible cardiac patients admitted between July 2016 and November 2016. Patients were followed for six months post-discharge. Primary outcomes other than emergency department visits were all cardiac-related: number of readmissions, specialist visits, emergency department visits, and total days readmitted. Secondary outcomes: variables related to quality of life and transitional care. Regression analyses were used to estimate the intent-to-treat effect of CareHub and explore treatment heterogeneity. Results CareHub reduced the mean number of unplanned readmissions by 0.23 (a 39% reduction relative to control mean of 0.60 unplanned readmissions, p < 0.05), mean number of all readmissions by 0.20 (31% reduction relative to control mean of 0.63 readmissions, p = 0.10), mean number of total unplanned days in hospital by 2.2 (56% reduction relative to control mean of 4.0 days, p < 0.05), mean number of total days in hospital by 2.0 (42% reduction relative to control mean of 4.3 days, p < 0.10). Treatment effects varied by pre-admission health and socio-economic status. Conclusion A carefully designed protocolized cardiac hospital-to-home transition program can reduce resource utilization while improving quality of life.","Yan-ying Chen, Yi Jin Tan, Ya Sun, C. Chua, J. Yoo, S. Wong, Helen J Chen, John Chee Meng Wong, Phillip Phan",10.1177/2516043520914196,https://doi.org/10.1177/2516043520914196,Journal of Patient Safety and Risk Management,3,2020,no,,no,,no,,no,,no,,no,,no,,no,,no,,Exclude,Cannot perform full text screening: full text not available.,,No full text,0.1
Anticipatory care planning for community-dwelling older adults at risk of functional decline: a feasibility cluster randomized controlled trial,"Abstract Objectives To determine the feasibility, implementation and outcomes of an Anticipatory Care Planning (ACP) intervention in primary care to assist older adults at risk of functional decline by developing a personalized support plan. Design Feasibility cluster randomized control trial. Setting and participants Eight primary care practices (four in Northern Ireland, United Kingdom and four in the Republic of Ireland) were randomly assigned to either intervention or control arm. Eligible patients were those identified in each practice as 70 years of age or older and assessed as at risk of functional decline. Study participants (intervention n = 34, control n = 31) and research staff were not blinded to group assignment. Anticipatory care intervention The intervention delivered by a registered nurse including: a) a home-based patient assessment; b) care planning on the basis of a holistic patient assessment, and c) documentation of a support plan. Outcome measures A conceptual framework (RE-AIM) guided the assessment on the potential impact of the ACP intervention on patient quality of life, mental health, healthcare utilisation, costs, perception of person-centred care, and reduction of potentially inappropriate prescribing. Data were collected at baseline and at 10 weeks and six months following delivery of the intervention. Results All pre-specified feasibility indicators were met . Patients were unanimous in the acceptance of the ACP intervention. Health care providers viewed the ACP intervention as feasible to implement in routine clinical practice with attending community supports. While there were no significant differences on the primary outcomes (EQ-5D-5L: -0.07 (-0.17, 0.04) p = .180; CES-D: 1.2 (-2.5, 4.8) p = .468) and most secondary measures, ancillary analysis on social support showed responsiveness to the intervention. Incremental cost analysis revealed a mean reduction in costs of €320 per patient (95% CI -31 to 25; p = 0.82) for intervention relative to the control. Conclusions We successfully tested the ACP intervention in primary care settings and have shown that it is feasible to implement. The ACP intervention deserves further testing in a definitive trial to determine whether its implementation would lead to better outcomes or reduced costs. Trial registration Clinicaltrials.gov, ID: NCT03902743 . Registered on 4 April 2019.","K. Brazil, Christopher Cardwell, G. Carter, Mike Clarke, D. Corry, T. Fahey, Patrick Gillespie, A. Hobbins, K. McGlade, Peter O’Halloran, N. O’Neill, E. Wallace, F. Doyle",10.1186/s12877-022-03128-x,https://doi.org/10.1186/s12877-022-03128-x,BMC Geriatrics,3,2022,maybe,"The study uses ""study nurses"" who are trained clinicians, but it's not entirely clear if they meet the formal professional/paraprofessional tertiary education requirement. They receive 3-day training and are employed by the project, but their baseline qualifications aren't specified, creating some uncertainty.",yes,"The intervention is clearly delivered in community settings, with home visits being a key component. The study explicitly states it's delivered in primary care settings with home-based patient assessments.",yes,This is a cluster randomized controlled trial comparing the ACP intervention with usual care.,maybe,"While the intervention involves support and coordination of care, it appears to be more focused on assessment and planning rather than pure care navigation. The nurses do provide support but also conduct clinical assessments and medication reviews, which may not strictly fit the care navigation definition.",yes,"The study measures quality of life (EQ-5D-5L) and includes healthcare utilization measures, though unplanned hospital presentations aren't explicitly mentioned as a primary outcome.",yes,"This is a full research paper presenting results, not a protocol or abstract.",yes,This is explicitly described as a cluster randomized controlled trial.,yes,"The study includes community-dwelling older adults (70+) at risk of functional decline, which fits the target population criteria.",maybe,"While healthcare utilization is measured, the focus on unplanned presentations isn't explicitly stated. The study appears to focus more broadly on preventive care and quality of life.",Include,"A cluster randomized controlled trial involving community-dwelling older adults with a care navigation intervention delivered through home visits and primary care settings. The study measures quality of life and healthcare utilization, with some uncertainty around the precise qualifications of the care navigators and the specific focus on unplanned hospital presentations. While meeting most screening criteria, the intervention's alignment with strict care navigation definitions remains partially unclear.",,,3.2
DIVERT-Collaboration Action Research and Evaluation (CARE) Trial Protocol: a multiprovincial pragmatic cluster randomised trial of cardiorespiratory management in home care,"Introduction Home care clients are increasingly medically complex, have limited access to effective chronic disease management and have very high emergency department (ED) visitation rates. There is a need for more appropriate and targeted supportive chronic disease management for home care clients. We aim to evaluate the effectiveness and preliminary cost effectiveness of a targeted, person-centred cardiorespiratory management model. Methods and analysis The Detection of Indicators and Vulnerabilities of Emergency Room Trips (DIVERT) — Collaboration Action Research and Evaluation (CARE) trial is a pragmatic, cluster-randomised, multicentre superiority trial of a flexible multicomponent cardiorespiratory management model based on the best practice guidelines. The trial will be conducted in partnership with three regional, public-sector, home care providers across Canada. The primary outcome of the trial is the difference in time to first unplanned ED visit (hazard rate) within 6 months. Additional secondary outcomes are to identify changes in patient activation, changes in cardiorespiratory symptom frequencies and cost effectiveness over 6 months. We will also investigate the difference in the number of unplanned ED visits, number of inpatient hospitalisations and changes in health-related quality of life. Multilevel proportional hazard and generalised linear models will be used to test the primary and secondary hypotheses. Sample size simulations indicate that enrolling 1100 home care clients across 36 clusters (home care caseloads) will yield a power of 81% given an HR of 0.75. Ethics and dissemination Ethics approval was obtained from the Hamilton Integrated Research Ethics Board as well as each participating site’s ethics board. Results will be submitted for publication in peer-reviewed journals and for presentation at relevant conferences. Home care service partners will also be informed of the study’s results. The results will be used to inform future support strategies for older adults receiving home care services. Trial registration number NCT03012256.","Andrew P. Costa, C. Schumacher, A. Jones, Darly Dash, Graham Campbell, Mats Junek, G. Agarwal, C. Bell, V. Boscart, S. Bronskill, D. Feeny, P. Hebert, G. Heckman, J. Hirdes, Linda Lee, R. McKelvie, Lori A. Mitchell, S. Sinha, Joy Davis, Tammy Priddle, Joanne Rose, R. Gillan, Deborah Mills, D. Haughton",10.1136/bmjopen-2019-030301,https://doi.org/10.1136/bmjopen-2019-030301,BMJ Open,9,2019,maybe,"The paper describes care coordinators and nurses delivering the intervention, but it's not explicitly clear if they are trained clinicians with formal professional/paraprofessional tertiary education. However, given the context of home care services and the professional nature of the intervention, it's likely these are trained professionals. Some uncertainty exists.",yes,"The intervention is clearly delivered in community/home care settings, not in hospitals. This is explicitly stated throughout the paper and is a core focus of the study.",yes,The study is a cluster-randomized trial comparing the intervention to usual care (control group).,maybe,"While the intervention involves support and coordination of care, it appears to include some clinical care components (nurse-led self-management support, medication review). This may not strictly meet the criterion of ""not delivering clinical care.""",yes,The study explicitly measures unplanned ED visits as a primary outcome and includes health-related quality of life measures.,yes,"This appears to be a full protocol paper presenting results, not just a protocol or abstract.",yes,The study is explicitly described as a cluster-randomized trial.,yes,The study includes community-dwelling home care clients who are at risk of unplanned hospital presentations.,yes,The study specifically focuses on unplanned ED visits as the primary outcome.,Include,"A community-based care navigation intervention for home care clients demonstrates strong alignment with most screening criteria, including comparative study design, community-based delivery, and focus on unplanned hospital presentations. The study involves a cluster-randomized trial measuring outcomes like emergency department visits and quality of life, with some nuanced considerations around the precise definition of care navigation and the qualifications of care coordinators. Overall, the research presents a comprehensive approach to supporting high-risk home care clients through targeted, person-centered interventions.",,,4
Enhanced care planning and clinical-community linkages versus usual care to address basic needs of patients with multiple chronic conditions: a clinician-level randomized controlled trial,"Abstract Background Many patients with poorly controlled multiple chronic conditions (MCC) also have unhealthy behaviors, mental health challenges, and unmet social needs. Medical management of MCC may have limited benefit if patients are struggling to address their basic life needs. Health systems and communities increasingly recognize the need to address these issues and are experimenting with and investing in new models for connecting patients with needed services. Yet primary care clinicians, whose regular contact with patients makes them more familiar with patients’ needs, are often not included in these systems. Methods We are starting a clinician-level cluster-randomized controlled trial to evaluate how primary care clinicians can participate in these community and hospital solutions and whether doing so is effective in controlling MCC. Sixty clinicians in the Virginia Ambulatory Care Outcomes Research Network will be matched by age and sex and randomized to usual care (control condition) or enhanced care planning with clinical-community linkage support (intervention). From the electronic health record we will identify all patients with MCC, including cardiovascular disease or risks, diabetes, obesity, or depression. A baseline assessment will be mailed to up to 50 randomly selected patients for each clinician (3000 total). Ten respondents per clinician (600 patients total) with uncontrolled MCC will be randomly selected for study inclusion, with oversampling of minorities. The intervention includes two components. First, we will use an enhanced care planning tool, My Own Health Report (MOHR) , to screen patients for health behavior, mental health, and social needs. Patients will be supported by a patient navigator, who will help patients prioritize needs, create care plans, and write a personal narrative to guide the care team. Patients will update care plans every 1 to 2 weeks. Second, we will create community-clinical linkage to help address patients’ needs. The linkage will include community resource registries, personnel to span settings (patient navigators and a community health worker), and care team coordination across team members through MOHR. Discussion This study will help inform efforts by primary care clinicians to help address unhealthy behaviors, mental health needs, and social risks as a strategy to better control MCC. Trial registration ClinicalTrials.gov: NCT03885401 . Registered on 19 September 2019.","A. Krist, Kristen O’Loughlin, S. Woolf, Roy T. Sabo, J. Hinesley, A. Kuzel, B. Rybarczyk, Paulette Kashiri, E. M. Brooks, R. Glasgow, Amy G. Huebschmann, Winston R. Liaw",10.1186/s13063-020-04463-3,https://doi.org/10.1186/s13063-020-04463-3,Trials,12,2020,yes,"The study uses patient navigators who are trained clinicians (nurses, medical assistants, social workers, or behaviorists) and are paid staff members involved in care delivery.",yes,"The intervention is delivered in primary care settings and involves community-clinical linkages, with the primary delivery being community-based.",yes,"The study is explicitly described as a ""clinician-level cluster-randomized controlled trial"" comparing the intervention to usual care.",yes,"The intervention involves care navigation services where trained navigators support patients in accessing services relevant to their health and social needs, without delivering clinical care directly.",maybe,"The study measures patient-reported outcomes including physical, mental, and social well-being using the EQ-5D, but does not explicitly measure unplanned hospital presentations as an outcome.",no,"This appears to be a study protocol paper, not a results paper, as the study was registered in September 2019 and recruitment was planned to start in August 2020.",yes,The study is explicitly described as a randomized controlled trial.,yes,"The study includes patients with multiple chronic conditions residing in the community, who may be at risk of unplanned hospital presentations.",no,"The study does not specifically focus on unplanned hospital presentations, as it aims to improve chronic condition control but does not explicitly measure or focus on unplanned presentations.",Include,"A care navigation intervention for patients with multiple chronic conditions was proposed, involving trained clinicians in community-based settings with a randomized controlled trial design. While the study met several key screening criteria, it was a protocol paper without results and did not specifically measure unplanned hospital presentations. The intervention aimed to improve chronic condition control through patient-centered care planning and community-clinical linkages.",,,2.5
Improving care coordination for patients with cardiac disease: Study protocol of the randomised controlled new healthcare programme (Cardiolotse).,"A lack of effective coordination and communication between ambulatory care physicians and hospitals, including the lack of follow-up care, poses a challenge to the recovery process of patients suffering from cardiac disease, often resulting in rehospitalisation and adverse outcomes. This innovative care programme aims to bridge the gap between ambulatory and hospital care. A key element of this programme is specifically trained care managers (Cardiolotse) who provide post-discharge support, access to additional resources and help the patient to navigate successfully through the healthcare system. The study is set up as a prospective, randomised, controlled trial. Allocation to intervention group (support of care managers) and control group (usual care) follows an allocation ratio of 1:1 using block randomisation. Sample size calculations resulted in 1454patients per group after adjusting for potential non-compliance. All participants are surveyed at discharge, after 3 and 12 months. The primary outcome of the study is the 12-month rehospitalisation rate. Secondary outcomes include differences in length of hospital stay, mortality, quality-adjusted life years, costs and patient satisfaction. Statistical analysis and economic evaluation will be complemented by a process evaluation. The new healthcare programme is designed to support patients when leaving hospital with cardiac conditions by easing the transition between sectors through access to Cardiolotses and individualised care plans. We hypothesise that the programme reduces rehospitalisation and improves clinically relevant patient outcomes. German Clinical Trial Register, DRKS00020424. Registered 2020-06-18, http://www.drks.de/DRKS00020424","Isabel Geiger, K. Reber, H. Darius, Alfred Holzgreve, Sebastian Karmann, S. Liersch, Anica Stürtz, Petra Riesner, L. Sundmacher",10.1016/j.cct.2021.106297,https://doi.org/10.1016/j.cct.2021.106297,Contemporary Clinical Trials,7,2021,no,,no,,no,,no,,no,,no,,no,,no,,no,,Exclude,Cannot perform full text screening: full text not available.,,No full text,0.1
Community paramedic hospital reduction and mitigation program: study protocol for a randomized pragmatic clinical trial,"Abstract Background New patient-centered models of care are needed to individualize care and reduce high-cost care, including emergency department (ED) visits and hospitalizations for low- and intermediate-acuity conditions that could be managed outside the hospital setting. Community paramedics (CPs) have advanced training in low- and high-acuity care and are equipped to manage a wide range of health conditions, deliver patient education, and address social determinants of health in the home setting. The objective of this trial is to evaluate the effectiveness and implementation of the Care Anywhere with Community Paramedics (CACP) program with respect to shortening and preventing acute care utilization. Methods This is a pragmatic, hybrid type 1, two-group, parallel-arm, 1:1 randomized clinical trial of CACP versus usual care that includes formative evaluation methods and assessment of implementation outcomes. It is being conducted in two sites in the US Midwest, which include small metropolitan areas and rural areas. Eligible patients are ≥ 18 years old; referred from an outpatient, ED, or hospital setting; clinically appropriate for ambulatory care with CP support; and residing within CP service areas of the referral sites. Aim 1 uses formative data collection with key clinical stakeholders and rapid qualitative analysis to identify potential facilitators/barriers to implementation and refine workflows in the 3-month period before trial enrollment commences (i.e., pre-implementation). Aim 2 uses mixed methods to evaluate CACP effectiveness, compared to usual care, by the number of days spent alive outside of the ED or hospital during the first 30 days following randomization (primary outcome), as well as self-reported quality of life and treatment burden, emergency medical services use, ED visits, hospitalizations, skilled nursing facility utilization, and adverse events (secondary outcomes). Implementation outcomes will be measured using the RE-AIM framework and include an assessment of perceived sustainability and metrics on equity in implementation. Aim 3 uses qualitative methods to understand patient, CP, and health care team perceptions of the intervention and recommendations for further refinement. In an effort to conduct a rigorous evaluation but also speed translation to practice, the planned duration of the trial is 15 months from the study launch to the end of enrollment. Discussion This study will provide robust and timely evidence for the effectiveness of the CACP program, which may pave the way for large-scale implementation. Implementation outcomes will inform any needed refinements and best practices for scale-up and sustainability. Trial registration ClinicalTrials.gov NCT05232799. Registered on 10 February 2022.","J. Ridgeway, E. W. Gerdes, Andrew B Dodge, Chad P. Liedl, Michael B. Juntunen, Wendy J Sundt, A. Glasgow, Michelle A. Lampman, Angela L Fink, Sara Severson, G. Lin, Richard R. Sampson, Robert P. Peterson, Brian M. Murley, A. Klassen, Anuradha Luke, P. Friedman, Tamara E. Buechler, J. Newman, R. McCoy",10.1186/s13063-022-07034-w,https://doi.org/10.1186/s13063-022-07034-w,Trials,6,2023,maybe,"The study uses Community Paramedics (CPs) who have ""advanced training in low- and high-acuity care."" While paramedics are trained professionals, it's not entirely clear if they meet the formal tertiary education requirement. However, they are paid care providers.",yes,"The intervention is explicitly community-based, delivered in patients' homes and community settings, not exclusively in hospitals.",yes,The study is a randomized controlled trial comparing CACP (Community Paramedics) with usual care.,maybe,"While the intervention involves support and coordination of care in the community, it appears to include some clinical care delivery (e.g., ""intravenous therapies, wound care""). This may not strictly meet the criterion of ""does not deliver clinical care.""",yes,"The study measures unplanned hospital presentations and ED visits as primary outcomes, and includes quality of life measures (EQ-5D) at relevant timepoints.",yes,"This is a full study protocol presenting results, not just a protocol or abstract.",yes,"This is explicitly described as a ""pragmatic, hybrid type 1, two-group, parallel-arm, 1:1 randomized clinical trial.""",yes,The study includes community-dwelling patients who may be at risk of unplanned hospital presentations.,yes,The study explicitly focuses on preventing and shortening unplanned hospitalizations and ED visits.,Include,"A community-based randomized controlled trial comparing Community Paramedics with usual care, focusing on preventing unplanned hospital presentations among patients at risk. The study measures key outcomes like hospitalizations, ED visits, and quality of life, with some uncertainty around the precise qualifications of the care navigators and the extent of clinical care delivery. The intervention demonstrates a comprehensive approach to community healthcare coordination with potential for significant impact on patient outcomes.",,,4
The Community In-Reach and Care Transition (CIRACT) clinical and cost-effectiveness study: study protocol for a randomised controlled trial,"Older people represent a significant proportion of patients admitted to hospital. Their care compared to younger patients is more challenging, length of stay is longer, risk of hospital-acquired problems higher and the risk of being re-admitted within 28 days greater. This study aims to compare a Community In-Reach and Care Transition (CIRACT) service with Traditional Hospital Based rehabilitation (THB-Rehab) provided to the older person. The CIRACT service differs from the THB-rehab service in that they are able to provide more intensive hospital rehabilitation, visiting patients daily, and are able to continue with the patient's rehabilitation following discharge allowing a seamless, integrated discharge working alongside community providers. A pilot comparing the two services showed that the CIRACT service demonstrated reduced length of stay and reduced re-admission rates when analysed over a four-month period.","Alison Watson, L. Charlesworth, Ruth Jacob, D. Kendrick, P. Logan, Fiona Marshall, A. Montgomery, T. Sach, W. Tan, Maria Walker, J. Waring, D. Whitham, O. Sahota",10.1186/s13063-015-0551-2,https://doi.org/10.1186/s13063-015-0551-2,Trials,5,2015,maybe,"The paper describes a Community In-Reach and Care Transition (CIRACT) team consisting of a senior occupational therapist, senior physiotherapist, social services practitioner, and an assistant practitioner. While these are trained clinicians, they appear to be delivering clinical care rather than just navigation services. This doesn't fully meet the criterion of ""does not deliver clinical care.""",yes,"The intervention is delivered both in hospital and in the community, with the team visiting patients at home and providing follow-up care. This meets the criterion of being delivered at least partially outside of hospital settings.",yes,"The study is explicitly described as a ""single-centre pragmatic parallel randomised controlled trial"" comparing CIRACT service with Traditional Hospital Based rehabilitation (THB-rehab). This meets the comparative study design criterion.",maybe,"While the intervention involves support and coordination of care, it appears to be more focused on rehabilitation and clinical care delivery rather than pure care navigation. The team provides ""intensive rehabilitation"" and ""therapy"" rather than just navigation services. This doesn't fully align with the criterion's definition of care navigation.",yes,"The study measures unplanned hospital presentations (specifically ""unplanned re-admission rates at day 28 and day 91"") and includes quality of life measures (EQ-5D-3L). This meets the outcome criterion.",no,"This appears to be a protocol paper rather than a results paper, as indicated by phrases like ""The trial will be reported"" and ""Recruitment to CIRACT commenced in June 2013 and is ongoing."" This fails to meet the criterion requiring results.",yes,"The study is explicitly described as a randomized controlled trial, meeting this criterion.",yes,"The study includes older adults (70+ years) residing in the community who are at risk of unplanned hospital presentations, meeting this criterion.",yes,"The study explicitly focuses on unplanned hospital admissions and readmissions, meeting this criterion.",Include,"The study protocol describes a randomized controlled trial comparing rehabilitation services for older adults, with a focus on community-based care and unplanned hospital presentations. While the intervention involves trained clinicians and measures relevant outcomes, it appears more oriented toward clinical rehabilitation than pure care navigation. The protocol's status as a pre-results document and the clinical nature of the intervention suggest potential limitations for meeting specific care navigation criteria.",,,2.5
A nurse-led comprehensive geriatric assessment intervention in primary care: A feasibility cluster randomized controlled trial.,"AIM
To determine the feasibility of a nurse-led, primary care-based comprehensive geriatric assessment (CGA) intervention.
DESIGN
A feasibility cluster randomized controlled trial.
METHODS
The trial was conducted in six general practices in the United Kingdom from May 2018 to April 2020. Participants were moderately/severely frail people aged 65 years and older living at home. Clusters were randomly assigned to the intervention arm control arms. A CGA was delivered to the intervention participants, with control participants receiving usual care. Study outcomes related to feasibility of the intervention and of conducting the trial including recruitment and retention. A range of outcome measures of quality of life, function, loneliness, self-determination, mortality, hospital admission/readmission and number of prescribed medications were evaluated.
RESULTS
All pre-specified feasibility criteria relating to recruitment and retention were met with 56 participants recruited in total (30 intervention and 26 control). Retention was high with 94.6% of participants completing 13-week follow-up and 87.5% (n = 49) completing 26-week follow-up. All outcome measures instruments met feasibility criteria relating to completeness and responsiveness over time. Quality of life was recommended as the primary outcome for a definitive trial with numbers of prescribed medications as a secondary outcome measure.
CONCLUSION
It is feasible to implement and conduct a randomized controlled trial of a nurse-led, primary care-based CGA intervention.
IMPACT
The study provided evidence on the feasibility of a CGA intervention for older people delivered in primary care. It provides information to maximize the success of a definitive trial of the clinical effectiveness of the intervention.
PATIENT OR PUBLIC CONTRIBUTION
Patient and public representatives were involved in the study design including intervention development and production of participant-facing documentation. Representatives served on the trial management and steering committees and, as part of this role, interpreted feasibility data. ISRCTN Number: 74345449.","Helen Lyndon, J. Latour, Jonathan Marsden, B. Kent",10.1111/jan.15652,https://doi.org/10.1111/jan.15652,Journal of Advanced Nursing,2,2023,yes,"The intervention is delivered by Community Matrons (CMs) who are advanced practitioner nurses with ""advanced diagnostic and prescribing skills."" They are employed by the NHS and work in primary care settings, meeting the criterion of being trained clinicians with formal professional education.",yes,"The intervention is explicitly delivered in primary care settings and participants' homes, not in hospital settings, meeting the community-based delivery criterion.",yes,"The study is a cluster randomized controlled trial comparing the intervention (nurse-led CGA) with usual care in primary care, meeting the comparative study design criterion.",maybe,"While the intervention involves support and coordination of care, it appears to be more focused on comprehensive geriatric assessment rather than pure care navigation. The CMs are directly involved in delivering clinical care through assessment and prescribing, which doesn't align with the criterion's requirement that the navigator ""does not deliver clinical care.""",yes,"The study measures hospital admissions/readmissions as an outcome, which meets the unplanned hospital presentations criterion. It also measures quality of life using EQ-5D-5L, which meets the PROMs criterion.",yes,"This is a full research paper presenting results, not a protocol or conference abstract. The study is not retracted.",yes,"The study is explicitly described as a cluster randomized controlled trial, meeting this criterion.",yes,"The study includes community-dwelling older adults (65+ years) with moderate to severe frailty, who are at risk of unplanned hospital presentations, meeting the target population criterion.",maybe,"While hospital admissions are measured, the study's primary focus appears to be on comprehensive geriatric assessment rather than specifically targeting unplanned presentations.",Include,"A nurse-led comprehensive geriatric assessment intervention in primary care was examined, involving community-dwelling older adults with moderate to severe frailty. While the study meets several screening criteria including community-based delivery, comparative design, and appropriate outcomes, it diverges from pure care navigation by involving clinical care delivery and not focusing exclusively on unplanned hospital presentations. The intervention's nature as a comprehensive geriatric assessment rather than a care navigation service suggests potential exclusion from the review.",,,2.7
"Integrated case management between hospitals and primary care clinics for
 frequent users of healthcare services","Some people frequently use healthcare services due to complex healthcare needs and are more at risk of incapacity and mortality. Literature supports case management (CM) to improve integrated care, patient experience, and patient-reported outcomes for this clientele. However, challenges remain in the interaction between hospitals and primary care clinics. The aim of the study was to implement and evaluate an intervention where case managers in hospital work closely with primary care nurses to improve integrated care of frequent users of healthcare services.","C. Hudon, M. Chouinard, Olivier Dumont-Samson, Annie-Pier Gobeil-Lavoie, J. Morneau, Mélanie Paradis, Y. Couturier, Marie-Ève Poitras, T. Poder, Véronique Sabourin, Mireille Lambert",10.5334/ijic.icic21041,https://doi.org/10.5334/ijic.icic21041,International Journal of Integrated Care,1,2022,maybe,"The paper describes case managers and primary care nurses, but it's unclear if they meet the specific requirement of being ""trained clinicians with formal professional/paraprofessional tertiary education."" While they are paid care providers, the level of training is not explicitly stated.",yes,"The intervention is delivered in primary care clinics and involves coordination between hospitals and community-based care, meeting this criterion.",no,"This is a multiple embedded case study design, not a comparative study with usual care. The study evaluates implementation but doesn't compare against a control group.",no,"The intervention described is case management, which is explicitly excluded in the screening criteria. The study focuses on case management between hospitals and primary care clinics, not care navigation as defined in the criteria.",yes,"The study measures ED visits and hospitalizations as outcomes, which aligns with the unplanned hospital presentations criterion.",yes,"This appears to be a full study presenting results, not a protocol or abstract.",no,"This is a multiple embedded case study, not a randomized controlled trial or cluster randomized trial.",yes,"The study includes participants with complex healthcare needs who are frequent users of healthcare services, residing in the community.",yes,"The study focuses on frequent users with ≥4 ED visits and/or ≥3 hospitalizations, indicating a focus on unplanned presentations.",Exclude,"The study involves case management between hospitals and primary care clinics, which does not meet the specific care navigation intervention criteria. While the research addresses community-based healthcare delivery and measures unplanned hospital presentations, the non-randomized study design and focus on case management rather than care navigation disqualify it from the systematic review. The intervention's characteristics fundamentally differ from the predefined screening requirements.",,Other / below screening threshold,1.4
Anticipatory care planning for older adults: a trans-jurisdictional feasibility study.,"BACKGROUND
As the population of older adults' increases, the complexity of care required to support those who choose to remain in the community has also increased. Anticipatory Care Planning (ACP) through earlier identification of healthcare needs is evidenced to improve quality of life, decrease the number of aggressive futile interventions, and even to prolong life.
AIM
To determine the feasibility of a cluster randomised trial to evaluate the implementation and outcomes of Anticipatory Care Planning (ACP) in primary care to assist older adults identified as at risk for functional decline by developing a personalised support plan.
METHOD
GP practices were randomised into control/intervention groups stratified by jurisdiction [Northern Ireland (UK) and the Republic of Ireland (RoI)], and by setting (urban and rural). Participants were included if they were a) aged ≥70 years, b) 2 or more chronic medical conditions, c) 4 or more prescribed medications. The Anticipatory Care Plan consisted of home visits where the study nurse discussed patients' goals and plans. An action plan was put in place following consultation with patient's GPs and study Pharmacist.
RESULTS
Eight primary care practices participated; four in the UK and four in the RoI. Sample n = 64. Data was collected pertaining to patient quality of life, mental health, healthcare utilisation, costs, perception of person-centred care, and the use of potentially inappropriate medication.
CONCLUSION
Unique insights relating to the trans-jurisdictional delivery of healthcare services in the UK and RoI were observed which has implications on service delivery for older adults.","Dagmar A. S. Corry, J. Doherty, Adrienne Mccann, F. Doyle, C. Cardwell, G. Carter, M. Clarke, T. Fahey, P. Gillespie, K. McGlade, Peter O’Halloran, E. Wallace, K. Brazil",10.3399/bjgp20X711197,https://doi.org/10.3399/bjgp20X711197,The British journal of general practice : the journal of the Royal College of General Practitioners,1,2020,no,,no,,no,,no,,no,,no,,no,,no,,no,,Exclude,Cannot perform full text screening: full text not available.,,No full text,0.1
AN INTEGRATED TRANSITIONAL CARE INTERVENTION IMPROVES PATIENT-REPORTED OUTCOMES IN OLDER ADULTS WITH STROKE,"Abstract The transition between hospital and home is associated with significant challenges resulting in hospital readmissions and poor health outcomes. This study aimed to test, in real-world clinical practice, the effectiveness of a Transitional Care Stroke Intervention (TCSI) compared to usual care on patient-reported outcomes and health and social service use costs in older adults (> 55 years) with stroke and multimorbidity (> 2 chronic conditions). The TCSI was delivered virtually by an interprofessional (IP) team, and included care coordination/system navigation support, phone/video visits, monthly IP team conferences, and an online resource co-designed with patient partners to support self-management and system navigation. The primary outcome was risk of hospital readmission after six-months. Secondary outcomes included physical and mental functioning, stroke self-management, patient experience, and health and social service costs. Ninety participants were enrolled (44 intervention, 46 control); 11 (12%) participants were lost to follow-up, leaving 79 (39 intervention, 40 control). Differences favoring the intervention group were seen in physical functioning (SF-12 PCS mean difference: 5.10; 95% CI: 1.58-8.62, p=0.005), self-management (Southampton Stroke Self-Management Questionnaire mean difference: 6.00; 95% CI: 0.51—11.50, p=0.03), and patient experience (Person-Centred Coordinated Care Experiences Questionnaire mean difference: 2.64, 95% CI: 0.81, 4.47, p=0.005). No significant between-group differences were seen for baseline to six-month risk of hospital readmission or total health and social service costs. The TCSI produced greater gains in patient-reported physical health, self-management and experience compared with usual stroke care. These improvements were achieved without increasing total healthcare costs.","M. Markle-Reid, Kathryn Fisher, R. Ganann, Chris Pollard, C. Whitmore",10.1093/geroni/igad104.2091,https://doi.org/10.1093/geroni/igad104.2091,Innovation in aging,0,2023,maybe,"The study involves an interprofessional (IP) team delivering care coordination and system navigation support, but it's not explicitly stated whether these are trained clinicians with formal professional/paraprofessional tertiary education, creating some uncertainty.",yes,"The intervention is delivered virtually and focuses on the transition between hospital and home, indicating community-based delivery.",yes,The study explicitly compares the Transitional Care Stroke Intervention (TCSI) with usual care.,maybe,"The intervention includes care coordination and system navigation support, which aligns with the definition. However, it's not entirely clear if the navigators are not involved in delivering clinical care, as the intervention includes ""phone/video visits"" which might be clinical in nature.",yes,"The study measures hospital readmission as a primary outcome, which meets the unplanned hospital presentations criterion.",yes,"This appears to be a full study presenting results, not a protocol or abstract.",maybe,"The study appears to be a randomized controlled trial (90 participants enrolled with intervention and control groups), though it's not explicitly stated as such.",yes,"The study includes older adults (>55 years) with stroke and multimorbidity residing in the community, who are at risk of unplanned hospital presentations.",yes,The study focuses on hospital readmission as a primary outcome.,Include,"A community-based intervention for older adults with stroke and multimorbidity demonstrates promising outcomes in care navigation, with a comparative design measuring hospital readmission and patient-reported outcomes. The study involves an interprofessional team delivering virtual support, though some uncertainty exists regarding the precise qualifications and clinical involvement of the care navigators. Despite these nuances, the research meets most screening criteria and provides insights into coordinated care approaches for vulnerable populations.",,,4
A Randomized Controlled Trial Testing the Effects of a Social Needs Navigation Intervention on Health Outcomes and Healthcare Utilization among Medicaid Members with Type 2 Diabetes,"Health systems are increasingly assessing and addressing social needs with referrals to community resources. The objective of this randomized controlled trial was to randomize adult Medicaid members with type 2 diabetes to receive usual care (n = 239) or social needs navigation (n = 234) for 6 months and compare HbA1c (primary outcome), quality of life (secondary outcome), and other exploratory outcomes with t-tests and mixed-effects regression. Eligible participants had an HbA1c test in claims in the past 120 days and reported 1+ social needs. Data were collected from November 2019 to July 2023. Surveys were completed at baseline and at 3-, 6-, and 12-month follow-up. Health plan data included care management records and medical and pharmacy claims. The sample was from Louisiana, USA, M = 51.6 (SD = 9.5) years old, 76.1% female, 66.5% Black, 29.4% White, and 3.0% Hispanic. By design, more navigation (91.5%) vs. usual care (6.7%) participants had a care plan. Social needs persisted for both groups. No group differences in HbA1c tests and values were observed, though the large amount of missing HbA1c lab values reduced statistical power. No group differences were observed for other outcomes. Proactively eliciting and attempting to provide referrals and resources for social needs did not demonstrate significant health benefits or decrease healthcare utilization in this sample.","Amy McQueen, David Von Nordheim, C. Caburnay, Linda Li, Cynthia Herrick, Lauren Grimes, Darrell J. Broussard, Rachel E. Smith, Dana Lawson, Yan Yan, Matthew W Kreuter",10.3390/ijerph21070936,https://doi.org/10.3390/ijerph21070936,International Journal of Environmental Research and Public Health,1,2024,maybe,"The navigators are described as having ""outstanding interpersonal communication skills and experience working with low-income populations."" One is a social worker and the other has ""comparable work experience."" They received additional training from the research team. While their formal tertiary education is not explicitly stated, their professional roles suggest they likely meet this criterion.",yes,"The intervention is clearly community-based, delivered via phone and mail to Medicaid members in their homes. It's not hospital-based, meeting this criterion.",yes,"The study is explicitly described as a randomized controlled trial comparing social needs navigation with usual care, meeting this criterion.",yes,The intervention involves care navigation services provided by trained professionals who guide and support individuals in accessing services. They don't deliver clinical care directly but rather provide support and referrals. This meets the criterion.,yes,"The study measures healthcare utilization including emergency department visits and hospitalizations, which aligns with the unplanned hospital presentations criterion. It also measures quality of life using SF-12, meeting this criterion.",yes,"This is a full research paper presenting results, not a protocol or abstract, meeting this criterion.",yes,"The paper explicitly states it's a randomized controlled trial, meeting this criterion.",yes,"The study includes community-dwelling Medicaid members with type 2 diabetes who may be at risk of unplanned hospital presentations, meeting this criterion.",maybe,"While the study measures healthcare utilization, it's not specifically focused on unplanned presentations. The primary outcomes were HbA1c and quality of life, with healthcare utilization as secondary outcomes.",Include,"A randomized controlled trial of social needs navigation for Medicaid members with type 2 diabetes demonstrates community-based intervention delivery by trained professionals, measuring healthcare utilization and quality of life outcomes. The study compares navigation services with usual care, targeting community-dwelling participants with potential risk of unplanned hospital presentations, though with some uncertainty around the precise focus on unplanned presentations.",,,4.6
Effects of a Standardized Community Health Worker Intervention on Health Care Utilization Within an Integrated Delivery System.,"BACKGROUND
Community health worker (CHW) interventions can improve health outcomes and reduce acute care utilization. Few prior studies have examined the association of CHW interventions with health care utilization among patients within an integrated health system.
OBJECTIVE
To evaluate the effects of Individualized Management for Patient Centered Targets (IMPaCT), a standardized CHW intervention originally developed within a single health system in Philadelphia, PA, on acute care utilization and primary care engagement among low-income patients at two clinics within an integrated health system in Portland, Oregon.
DESIGN
Prospective randomized analysis using adjusted difference-in-differences regression.
PARTICIPANTS
In total, 1230 adults living in low-income zip codes were randomized using a 2:1 allocation sequence to receive either IMPaCT (n = 820) or usual care (n = 410).
INTERVENTIONS
IMPaCT is a standardized intervention in which CHWs use an in-depth interview to understand patients' strengths, social needs, and health-related goals and then collaboratively develop tailored action plans. Over 3 months, CHWs communicated with patients at least once weekly to provide coaching, social support, and navigation tailored to their goals. Due to the COVID- 19 pandemic, the intervention was predominantly delivered remotely.
MAIN MEASURES
Primary outcome measures were hospital and emergency department (ED) utilization, both measured per 1000 members per month, and proportion of patients with 1+ primary care visits. Implementation fidelity and maintenance were also assessed.
KEY RESULTS
Compared to usual care, patients who received IMPaCT had a relative reduction in total hospital days at 6 months (- 172.3 days per 1000 members per month, 95% CI - 320.05 to - 24.53, p= 0.022), and a greater proportion attended 1+ primary care visits (85.7% vs. 79.5%, p= 0.006). There were no differences in ED utilization.
CONCLUSIONS
A standardized CHW intervention delivered remotely within an integrated health system during the COVID- 19 pandemic was associated with decreased hospital utilization and improved primary care engagement.
© 2025. The Author(s).","Aditi Vasan, Molly Knowles, Shaun Flerchinger, Thomas K Tandy, David Mosen, Jessica Soltesz, Olivia Paradis, Nicole Friedman, Judith A Long, B. Ertz-Berger, S. Kangovi",10.1007/s11606-025-09495-6,https://doi.org/10.1007/s11606-025-09495-6,Journal of general internal medicine,0,2025,maybe,"The paper uses Community Health Workers (CHWs) who are described as ""frontline public health workers."" While they are trained and paid professionals, the paper doesn't explicitly state their formal professional/paraprofessional tertiary education level, creating some uncertainty about meeting this criterion.",yes,"The intervention is clearly delivered in community settings, with CHWs working with patients in their homes and through remote communication. While some hospital visits occurred, the intervention was predominantly delivered outside hospital settings.",yes,The study explicitly compares the care navigation intervention (IMPaCT) with usual care in a randomized design.,maybe,"While the intervention involves support and navigation to access services, it's not entirely clear if the CHWs are completely separate from clinical care delivery. The paper describes them as providing ""coaching, social support, and navigation,"" but their exact role boundaries aren't fully detailed.",yes,The study measures unplanned hospital presentations (hospitalizations and ED utilization) as primary outcomes.,yes,"This is a full research paper presenting results, not a protocol or abstract.",yes,"The study is described as a ""prospective randomized analysis.""",yes,"The study includes community-dwelling patients at risk of unplanned hospital presentations, specifically targeting low-income patients with high morbidity.",yes,"The study explicitly focuses on unplanned hospital presentations, measuring both hospitalizations and ED utilization.",Include,"A community health worker intervention delivered remotely to low-income patients demonstrated significant reductions in hospital utilization and improved primary care engagement through a randomized comparative design. The study focused on unplanned hospital presentations, measuring outcomes across multiple time points and targeting patients with high morbidity in community settings. While most screening criteria were met, some uncertainty existed regarding the precise qualifications of the care navigators and the intervention's exact boundaries.",,,4.3
Targeted Psychosocial Care throughout Full Disease Trajectories for Better Self Efficacy in Cancer Patients: Study Protocol for a Randomized Controlled Trial,"Main Objective: Continuously support and coordination of psychosocial care to patients, added to usual care in whole cancer trajectories will better support patient self-efficacy, than will usual care. Participants: Patients in the diagnostic period of colorectal cancer. Methods: In a randomized controlled trial, 280 Danish patients will be assigned to one of two groups. 1) Usual care: Patient-centered and performed by nurses and secretaries, who can answer department specific questions. They work in separate relevant hospital units. 2) Usual care plus intervention: An additional offer of one or two nurse navigators to follow patients throughout the whole cancer trajectory. Nurse navigators offers a family-centered approach targeting patient selfefficacy by assessment of distress and unmet needs, and intelligent integration of psychosocial care activities from hospitals, primary care, spiritual and social care, not-for-profit organizations, and families. Data is collected with questionnaires. The primary outcome measure is change in patients’ self-efficacy for cancer. Secondary outcomes are unmet needs, continuity of care, health related quality of life and nurse navigation time spent. The adjustment of the intervention after pilot test is reported. Conclusion: The study will be performed in primarily low and middle-income areas in Denmark, and as the intervention is complex, the underlying evidence based theories will serve for good guesses of causal processes. If positive results, we will be able to further advise the clinic in their efforts to reach a goal of optimal support in cancer trajectories.","M. Thygesen, S. Wehberg, J. Søndergaard, K. Dieperink, Sharaf, Karim Perdawood, N. Qvist",,,,0,2021,no,,no,,no,,no,,no,,no,,no,,no,,no,,Exclude,Cannot perform full text screening: full text not available.,,No full text,0.1
Supporting elderly people with cognitive impairment during and after hospital stays with Intersectoral Care Management – results of a randomized controlled trial,There is a need to examine whether evidence based collaborative care management can be beneficial to people with cognitive impairment transitioning from hospital to primary care.,"Melanie Boekholt, A. Nikelski, Fanny Schumacher-Schönert, Friederike Kracht, Nino Chikhradze, H. Vollmar, Wolfgang Hoffmann, Stefan H. Kreisel, Jochen René Thyrian",10.1002/alz.076258,https://doi.org/10.1002/alz.076258,Alzheimer's &amp; Dementia,0,2023,no,,no,,no,,no,,no,,no,,no,,no,,no,,Exclude,Cannot perform full text screening: full text not available.,,No full text,0.1
Improving quality of care through detection for care complexity amongst community-dwelling older people receiving community nursing support: The ImPaCt study Randomised Controlled Trial,",",Jennifer Boak,,,,0,,no,,no,,no,,no,,no,,no,,no,,no,,no,,Exclude,Cannot perform full text screening: full text not available.,,No full text,0.1