"author","title","doi","journal","year","pages","volume","number","abstract","record_id","isbn","label","source","doi_clean"
"Ahmad M.Sharma P.Kamai A.Agrawal A.Faruq M.Kulshreshtha A.","HRPZyme Assisted Recognition of SARS-CoV-2 infection by Optical Measurement (HARIOM)","https://doi.org/10.1016/j.bios.2021.113280","",NA,NA,NA,NA,NA,"sr2_original_1",NA,"original_ft_exclude","original","10.1016/j.bios.2021.113280"
"Barauna V. G.Singh M. N.Barbosa L. L.Marcarini W. D.Vassallo P. F.Mill J. G.Ribeiro-Rodrigues R.Campos L. C. G.Warnke P. H.Martin F. L.","Ultrarapid On-Site Detection of SARS-CoV-2 Infection Using Simple ATR-FTIR Spectroscopy and an Analysis Algorithm: High Sensitivity and Specificity","https://dx.doi.org/10.1021/acs.analchem.0c04608","",NA,NA,NA,NA,NA,"sr2_original_2",NA,"original_ft_exclude","original","10.1021/acs.analchem.0c04608"
"Beck E. T.Paar W.Fojut L.Serwe J.Jahnke
R. R.","Comparison of the Quidel Sofia SARS FIA Test to the Hologic Aptima SARS-CoV-2
TMA Test for Diagnosis of COVID-19 in Symptomatic Outpatients","https://doi.org/10.1128/JCM.02727-20.","",NA,NA,NA,NA,NA,"sr2_original_3",NA,"original_ft_exclude","original","10.1128/JCM.02727-20"
"Bekta? A.Covington M. F.Aidelberg G.Arce A.Matute T.Núñez I.Walsh J.Boutboul D.Delaugerre C.Lindner A. B.Federici F.Jayaprakash A. D.","Accessible LAMP-Enabled Rapid Test (ALERT) for Detecting SARS-CoV-2","https://doi.org/10.3390/v13050742","",NA,NA,NA,NA,NA,"sr2_original_4",NA,"original_ft_exclude","original","10.3390/v13050742"
"Bouttell J.Hawkins N.","Evaluation of Triage Tests When Existing Test Capacity Is Constrained: Application to Rapid Diagnostic Testing in COVID-19","DOI: 10.1177/0272989X211014114","",NA,NA,NA,NA,NA,"sr2_original_5",NA,"original_ft_exclude","original","10.1177/0272989X211014114"
"Cazares L. H.Chaerkady R.Samuel Weng
S. H.Boo C. C.Cimbro R.Hsu H. E.Rajan S.Dall'Acqua W.Clarke L.Ren K.McTamney P.Kallewaard-LeLay N.Ghaedi M.Ikeda Y.Hess S.","Development of a Parallel Reaction Monitoring Mass Spectrometry Assay for the Detection of SARS-CoV-2 Spike Glycoprotein and Nucleoprotein","https://dx.doi.org/10.1021/acs.analchem.0c02288","",NA,NA,NA,NA,NA,"sr2_original_6",NA,"original_ft_exclude","original","10.1021/acs.analchem.0c02288"
"Dust K.Hedley A.Nichol K.Stein D.Adam H.Karlowsky J. A.Bullard J.Van Caeseele P.Alexander D. C.","Comparison of commercial assays and laboratory developed tests for detection of SARS-CoV-2","https://doi.org/10.1016/j.jviromet.2020.113970","",NA,NA,NA,NA,NA,"sr2_original_7",NA,"original_ft_exclude","original","10.1016/j.jviromet.2020.113970"
"Girdwood S. J.Carmona S.Hannay
E.Nichols B.","Cost-effectiveness of sars-cov-2 rapid antigen testing in lowresource settings","EMBASE | ID: covidwho-1250207","",NA,NA,NA,NA,NA,"sr2_original_8",NA,"original_ft_exclude","original",NA
"Grant B. D.Anderson C. E.Williford J.
R.Alonzo L. F.Glukhova V. A.Boyle D.
S.Weigl B. H.Nichols K. P.","SARS-CoV-2 Coronavirus Nucleocapsid Antigen-Detecting Half-Strip Lateral Flow Assay Toward the Development of Point of Care Tests Using Commercially Available Reagents","https://dx.doi.org/10.1021/acs.analchem.0c01975","",NA,NA,NA,NA,NA,"sr2_original_9",NA,"original_ft_exclude","original","10.1021/acs.analchem.0c01975"
"Huang L.Ding L.Zhou J.Chen S.Chen F.Zhao C.Xu J.Hu W.Ji J.Xu H.Liu G. L.","One-step rapid quantification of SARS-CoV-2 virus particles via low-cost nanoplasmonic sensors in generic microplate reader and point-of-care device","https://doi.org/10.1016/j.bios.2020.112685","",NA,NA,NA,NA,NA,"sr2_original_10",NA,"original_ft_exclude","original","10.1016/j.bios.2020.112685"
"Kepczynski Casey M.Genigeski Jaelin A.de Regnier Daniel P.Jadhav Emmanuel D.Sohn Minji Klepser Michael E.","Performance of the BD Veritor system SARS-CoV-2 antigen test among asymptomatic collegiate athletes: A diagnostic accuracy study","http://dx.doi.org/10.1016/j.rcsop.2021.100047","",NA,NA,NA,NA,NA,"sr2_original_11",NA,"original_ft_exclude","original","10.1016/j.rcsop.2021.100047"
"Kim H. Y.Lee J. H.Kim M. J.Park S. C.Choi M.Lee W.Ku K. B.Kim B. T.Changkyun Park E.Kim H. G.Kim S. I.","Development of a SARS-CoV-2-specific biosensor for antigen detection using scFv- Fc fusion proteins","https://doi.org/10.1016/j.bios.2020.112868","",NA,NA,NA,NA,NA,"sr2_original_12",NA,"original_ft_exclude","original","10.1016/j.bios.2020.112868"
"Kim S.Yee E. H.Miller E. A.Hao Y.Tay D.
M. Y.Sung K. J.Jia H.Johnson J. M.Saeed M.Mace C. R.Yurt D. Y.Sikes H.","Developing a SARS-CoV-2 Antigen Test Using Engineered Affinity Proteins","PMID: 34013166","",NA,NA,NA,NA,NA,"sr2_original_13",NA,"original_ft_exclude","original",NA
"Kontogianni K.Cubas-Atienzar A. I.Wooding D.Buist K.Thompson C. R.Williams C. T.Baldwin L.Escadafal C.Sacks J. A.Adams E. R.Edwards T.","Lateral flow antigen tests can sensitively detect live cultured virus of the SARS-CoV-2 B1.1.7 lineage","https://doi.org/10.1016/j.jinf.2021.05.033","",NA,NA,NA,NA,NA,"sr2_original_14",NA,"original_ft_exclude","original","10.1016/j.jinf.2021.05.033"
"Kurtulmus Mehmet SerhanKazezoglu CemalCakiroglu BusraYilmaz HabipGuner Abdullah Emre","The urine foaming test in COVID-19 as a useful tool in diagnosis, prognosis and follow-up: Preliminary results","doi: 10.14744/nci.2020.42027","",NA,NA,NA,NA,NA,"sr2_original_15",NA,"original_ft_exclude","original","10.14744/nci.2020.42027"
"Liu DanJu ChenhuiHan ChaoShi RuiChen XuehuiDuan DeminYan JinghuaYan Xiyun","Nanozyme chemiluminescence paper test for rapid and sensitive detection of SARS- CoV-2 antigen","https://doi.org/10.1016/j.bios.2020.112817","",NA,NA,NA,NA,NA,"sr2_original_16",NA,"original_ft_exclude","original","10.1016/j.bios.2020.112817"
"Liu M.Arora R. K.Krajden M.","Rapid antigen tests for SARS-CoV-2","www.cmaj.ca/lookup/doi/10.1503/cmaj.210100","",NA,NA,NA,NA,NA,"sr2_original_17",NA,"original_ft_exclude","original","10.1503/cmaj.210100"
"Mendels David- A.Dortet LaurentEmeraud CécileOueslati SaoussenGirlich DelphineRonat Jean-BaptisteBernabeu SandrineBahi SilvestreAtkinson Gary J. H.Naas Thierry","Using artificial intelligence to improve COVID-19 rapid diagnostic test result interpretation","https://doi.org/10.1073/pnas.2019893118","",NA,NA,NA,NA,NA,"sr2_original_18",NA,"original_ft_exclude","original","10.1073/pnas.2019893118"
"Mojsoska B.Larsen S.Olsen D. A.Madsen
J. S.Brandslund I.Alatraktchi F. A.","Rapid SARS-CoV-2 Detection Using Electrochemical Immunosensor","https://doi.org/10.3390/s21020390","",NA,NA,NA,NA,NA,"sr2_original_19",NA,"original_ft_exclude","original","10.3390/s21020390"
"Pirovano G.Ordonez A. A.Jain S. K.Reiner
T.Carroll L. S.Pillarsetty N. V. K.","Rapid detection of SARS-CoV-2 using a radiolabeled antibody","https://doi.org/10.1016/j.nucmedbio.2021.05.002","",NA,NA,NA,NA,NA,"sr2_original_20",NA,"original_ft_exclude","original","10.1016/j.nucmedbio.2021.05.002"
"Pollock N. R.Savage T. J.Wardell H.Lee R. A.Mathew A.Stengelin M.Sigal G. B.","Correlation of SARS-CoV-2 Nucleocapsid Antigen and RNA Concentrations in Nasopharyngeal Samples from Children and Adults Using an Ultrasensitive and Quantitative Antigen Assay","https://doi.org/10.1128/JCM.03077-20.","",NA,NA,NA,NA,NA,"sr2_original_21",NA,"original_ft_exclude","original","10.1128/JCM.03077-20"
"Porte LorenaLegarraga PauletteIruretagoyena MirentxuVollrath ValeskaPizarro GabrielMunita JoseAraos RafaelWeitzel Thomas","Evaluation of two fluorescence immunoassays for the rapid detection of SARS-CoV-2 antigen-new tool to detect infective COVID-19 patients","DOI 10.7717/peerj.10801","",NA,NA,NA,NA,NA,"sr2_original_22",NA,"original_ft_exclude","original","10.7717/peerj.10801"
"Ricks S.Kendall E. A.Dowdy D. W.Sacks J. A.Schumacher S. G.Arinaminpathy N.","Quantifying the potential value of antigen-detection rapid diagnostic tests for COVID- 19: a modelling analysis","https://doi.org/10.1186/s12916-021-01948-z","",NA,NA,NA,NA,NA,"sr2_original_23",NA,"original_ft_exclude","original","10.1186/s12916-021-01948-z"
"Rusanen J.Kareinen L.Szirovicza L.U?urlu H.Levanov L.Jääskeläinen A.Ahava M.Kurkela S.Saksela K.Hedman K.Vapalahti O.Hepojoki J.","A Generic, Scalable, and Rapid Time-Resolved Förster Resonance Energy Transfer- Based Assay for Antigen Detection-SARS-CoV-2 as a Proof of Concept","https://doi.org/10.1128/mBio.00902-21.","",NA,NA,NA,NA,NA,"sr2_original_24",NA,"original_ft_exclude","original","10.1128/mBio.00902-21"
"Seo GiwanLee GeonheeKim Mi JeongBaek Seung-HwaChoi MinsukKu Keun BonLee Chang-SeopJun SangmiPark DaeuiKim Hong GiKim Seong-JunLee Jeong- O.Kim Bum TaePark Edmond ChangkyunKim Seung Il","Rapid Detection of COVID-19 Causative Virus (SARS-CoV-2) in Human Nasopharyngeal Swab Specimens Using Field-Effect Transistor-Based Biosensor","https://dx.doi.org/10.1021/acsnano.0c02823","",NA,NA,NA,NA,NA,"sr2_original_25",NA,"original_ft_exclude","original","10.1021/acsnano.0c02823"
"Shokr AhmedPacheco Luis G. C.Thirumalaraju PrudhviKanakasabapathy Manoj KumarGandhi JahnaviKartik DeekshaSilva Filipe S. R.Erdogmus EdaKandula HemanthLuo ShenglinYu Xu G.Chung Raymond T.Li Jonathan
Z.Kuritzkes Daniel R.Shafiee Hadi","Mobile Health (mHealth) Viral Diagnostics Enabled with Adaptive Adversarial Learning","https://dx.doi.org/10.1021/acsnano.0c06807","",NA,NA,NA,NA,NA,"sr2_original_26",NA,"original_ft_exclude","original","10.1021/acsnano.0c06807"
"Tripathy DevjyotiRoy Avik KumarKhanna Rohit C.Jalali SubhadraPanigrahy BharatParija Deepthi ChandranRath Suryasnata","Point-of-care rapid antigen testing for COVID-19 at a tertiary eye care facility: Role in commencement of elective surgeries, contact tracing and implementation of back-to- work policy","DOI:10.4103/ijo.IJO_3119_20","",NA,NA,NA,NA,NA,"sr2_original_27",NA,"original_ft_exclude","original","10.4103/ijo.IJO_3119_20"
"Yokota IsaoShane Peter Y.Teshima
Takanori","Logistic advantage of two-step screening strategy for SARS-CoV-2 at airport
quarantine","https://doi.org/10.1016/j.tmaid.2021.102127","",NA,NA,NA,NA,NA,"sr2_original_28",NA,"original_ft_exclude","original","10.1016/j.tmaid.2021.102127"
"Yousman Laurie C.Khunte AkshayHsiang WalterJain SiddharthForman HowardWiznia Daniel","Urgent care center wait times increase for COVID-19 results in August 2020, with rapid testing availability limited","https://doi.org/10.1186/s12913-021-06338-y","",NA,NA,NA,NA,NA,"sr2_original_29",NA,"original_ft_exclude","original","10.1186/s12913-021-06338-y"
"Zaher K. S.El-Dabae W. H.El-Sebelgy M.
M.Aly N. I.Salama Z. T.","Genotyping and phylogenetic analysis of canine parvovirus circulating in Egypt","www.doi.org/10.14202/vetworld.2020.326-333","",NA,NA,NA,NA,NA,"sr2_original_30",NA,"original_ft_exclude","original","10.14202/vetworld.2020.326-333"
"Zheng W.","Predicting cryptic ligand binding sites based on normal modes guided conformational sampling","DOI: 10.1002/prot.26027","",NA,NA,NA,NA,NA,"sr2_original_31",NA,"original_ft_exclude","original","10.1002/prot.26027"
"Zhu Feng-CaiLi Yu-HuaGuan Xu-HuaHou Li-HuaWang Wen-JuanLi Jing-XinWu Shi- PoWang Bu-SenWang ZhaoWang LeiJia Si-YueJiang Hu-DachuanWang LingJiang TaoHu YiGou Jin-BoXu Sha-BeiXu Jun- JieWang Xue-WenWang WeiChen Wei","Safety, tolerability, and immunogenicity of a recombinant adenovirus type-5 vectored COVID-19 vaccine: a dose-escalation, open-label, non-randomised, first-in-human trial","https://doi.org/10.1016/S0140-6736(20)31208-3","",NA,NA,NA,NA,NA,"sr2_original_32",NA,"original_ft_exclude","original","10.1016/S0140-6736(20)31208-3"
"Zietz MichaelZucker JasonTatonetti Nicholas P.","Associations between blood type and COVID-19 infection, intubation, and death","https://doi.org/10.1038/s41467-020-19623-x","",NA,NA,NA,NA,NA,"sr2_original_33",NA,"original_ft_exclude","original","10.1038/s41467-020-19623-x"
"N. Adnan; S. S. Khandker; A. Haq; M. A. Chaity; A. Khalek; A. Q. Nazim; T. Kaitsuka; K. Tomizawa; M. Mie; E. Kobatake; S. Ahmed; N. A. A. Ali; M. U.
Khondoker; M. Haque; M. R. Jamiruddin","Detection of SARS-CoV-2 by antigen ELISA test is highly swayed by viral load and sample storage condition","https://doi.org/10.1080/14787210.2021.1976144","",NA,NA,NA,NA,NA,"sr2_original_34",NA,"original_ft_exclude","original","10.1080/14787210.2021.1976144"
"P. Akarapipad; K. Kaarj; L. E. Breshears;
K. Sosnowski; J. Baker; B. T. Nguyen; C. Eades; J. L. Uhrlaub; G. Quirk; J. Nikolich- Žugich; M. Worobey; J. Y. Yoon","Smartphone-based sensitive detection of SARS-CoV-2 from saline gargle samples via flow profile analysis on a paper microfluidic chip","https://doi.org/10.1016/j.bios.2022.114192","",NA,NA,NA,NA,NA,"sr2_original_35",NA,"original_ft_exclude","original","10.1016/j.bios.2022.114192"
"H. R. Boehringer; B. J. O'Farrell","Lateral Flow Assays in Infectious Disease Diagnosis","DOI: 10.1093/clinchem/hvab194","",NA,NA,NA,NA,NA,"sr2_original_36",NA,"original_ft_exclude","original","10.1093/clinchem/hvab194"
"Y. Chen; F. Liu; L. P. Lee","Quantitative and ultrasensitive in situ immunoassay technology for SARS-CoV-2
detection in saliva","PMID: 35613342","",NA,NA,NA,NA,NA,"sr2_original_37",NA,"original_ft_exclude","original",NA
"A. I. Cubas-Atienzar; K. Kontogianni; T. Edwards; D. Wooding; K. Buist; C. R. Thompson; C. T. Williams; E. I. Patterson;
G. L. Hughes; L. Baldwin; C. Escadafal; J.
A. Sacks; E. R. Adams","Limit of detection in different matrices of 19 commercially available rapid antigen tests for the detection of SARS-CoV-2","https://doi.org/10.1038/s41598-021-97489-9","",NA,NA,NA,NA,NA,"sr2_original_38",NA,"original_ft_exclude","original","10.1038/s41598-021-97489-9"
"E. Frew; D. Roberts; S. Barry; M. Holden;
A. Restell Mand; E. Mitsock; E. Tan; W. Yu;
J. Skog","A SARS-CoV-2 antigen rapid diagnostic test for resource limited settings","https://doi.org/10.1038/s41598-021-02128-y","",NA,NA,NA,NA,NA,"sr2_original_39",NA,"original_ft_exclude","original","10.1038/s41598-021-02128-y"
"L. Fuentes; N. Shah; S. Kelly; G. Harnett;
K. A. Schulman","Exploring Workplace Testing with Real-Time Polymerase Chain Reaction SARS-CoV- 2 Testing","DOI: 10.3122/jabfm.2022.01.210284","",NA,NA,NA,NA,NA,"sr2_original_40",NA,"original_ft_exclude","original","10.3122/jabfm.2022.01.210284"
"M. Hledík; J. Polechová; M. Beiglböck; A.
N. Herdina; R. Strassl; M. Posch","Analysis of the specificity of a COVID-19 antigen test in the Slovak mass testing program","https://doi.org/10.1371/journal.pone.0255267","",NA,NA,NA,NA,NA,"sr2_original_41",NA,"original_ft_exclude","original","10.1371/journal.pone.0255267"
"M. Homza; H. Zelena; J. Janosek; H. Tomaskova; E. Jezo; A. Kloudova; J. Mrazek; V. Murinova; R. Madar","Performance of seven sars-cov-2 self-tests based on saliva, anterior nasal and nasopharyngeal swabs corrected for infectiousness in real-life conditions: A cross- sectional test accuracy study","https://doi.org/10.3390/diagnostics11091567","",NA,NA,NA,NA,NA,"sr2_original_42",NA,"original_ft_exclude","original","10.3390/diagnostics11091567"
"Y. Kyosei; M. Namba; S. Yamura; S. Watabe; T. Yoshimura; T. Sasaki; T. Shioda; E. Ito","Improved Detection Sensitivity of an Antigen Test for SARS-CoV-2 Nucleocapsid Proteins with Thio-NAD Cycling","DOI:10.1248/bpb.b21-00387","",NA,NA,NA,NA,NA,"sr2_original_43",NA,"original_ft_exclude","original","10.1248/bpb.b21-00387"
"L. Liv; G. Çoban; N. Nakibo?lu; T. Kocagöz","A rapid, ultrasensitive voltammetric biosensor for determining SARS-CoV-2 spike protein in real samples","https://doi.org/10.1016/j.bios.2021.113497","",NA,NA,NA,NA,NA,"sr2_original_44",NA,"original_ft_exclude","original","10.1016/j.bios.2021.113497"
"L. Malic; D. Brassard; D. Da Fonte; C. Nassif; M. Mounier; A. Ponton; M. Geissler;
M. Shiu; K. J. Morton; T. Veres","Automated sample-to-answer centrifugal microfluidic system for rapid molecular diagnostics of SARS-CoV-2","DOI: 10.1039/d2lc00242f","",NA,NA,NA,NA,NA,"sr2_original_45",NA,"original_ft_exclude","original","10.1039/d2lc00242f"
"Zhao; J. Xie; Y. Jiang; X. Yu; X. Fang; X. Dai","Lateral Flow Immunoassay Coupled with Copper Enhancement for Rapid and Sensitive SARS-CoV-2 Nucleocapsid Protein Detection","https://doi.org/10.3390/bios12010013","",NA,NA,NA,NA,NA,"sr2_original_46",NA,"original_ft_exclude","original","10.3390/bios12010013"
"Y. Po Chin; W. Song; M. M. Islam; D. W.
Bates; L. Zhou; Y. Chuan Li","Sequential coupling of dry and wet COVID-19 screening to reduce the number of
quarantined individuals","https://doi.org/10.1016/j.cmpb.2022.106715","",NA,NA,NA,NA,NA,"sr2_original_47",NA,"original_ft_exclude","original","10.1016/j.cmpb.2022.106715"
"S. Realegeno; S. Hash; C. Wong; R. Liu; J. Shepherd; R. T. Schooley; D. A. Lipson; F. Fung; S. Menon; D. T. Pride","Molecular Mirror Technology Facilitates High-Throughput, Accurate SARS-CoV-2 Testing","https://doi.org/10.1128/Spectrum.00392-21.","",NA,NA,NA,NA,NA,"sr2_original_48",NA,"original_ft_exclude","original","10.1128/Spectrum.00392-21"
"Y. Sakai-Tagawa; S. Yamayoshi; P. J. Halfmann; Y. Kawaoka","Comparative Sensitivity of Rapid Antigen Tests for the Delta Variant (B.1.617.2) of SARS-CoV-2","https://doi.org/10.3390/v13112183","",NA,NA,NA,NA,NA,"sr2_original_49",NA,"original_ft_exclude","original","10.3390/v13112183"
"G. L. G. G. F. G. P. L. N. S. D. H. B. L. G.
Salvagno","Clinical Assessment of the DiaSorin LIAISON SARS-CoV-2 Ag Chemiluminescence Immunoassay","PMID: 34421491","",NA,NA,NA,NA,NA,"sr2_original_50",NA,"original_ft_exclude","original",NA
"J. P. H. Schoeber; J. M. Schlaghecke; B.
M. J. Meuwissen; M. van Heertum; A. J. C. van den Brule; A. J. M. Loonen","Comprehensive analytical and clinical evaluation of a RNA extraction-free saliva- based molecular assay for SARS-CoV-2","https://doi.org/10.1371/journal.pone.0268082","",NA,NA,NA,NA,NA,"sr2_original_51",NA,"original_ft_exclude","original","10.1371/journal.pone.0268082"
"A. Sisay; S. Hartnack; A. Tiruneh; Y. Desalegn; A. Tesfaye; A. F. Desta","Evaluating diagnostic accuracies of Panbio™ COVID-19 rapid antigen test and RT- PCR for the detection of SARS-CoV-2 in Addis Ababa, Ethiopia using Bayesian Latent-Class Models (BLCM)","https://doi.org/10.1101/2022.04.25.22274285","",NA,NA,NA,NA,NA,"sr2_original_52",NA,"original_ft_exclude","original","10.1101/2022.04.25.22274285"
"J. Tembo; N. F. Egbe; K. Maluzi; K. Mulonga; M. Chilufya; N. Kapata; V. Mukonka; E. Simulundu; A. Zumla; S. Fwoloshi; L. Mulenga; S. R. Pallerla; T. P. Velavan; M. Bates","Evaluation of SARS-CoV-2 diagnostics and risk factors associated with SARS-CoV-2 infection in Zambia","https://doi.org/10.1016/j.ijid.2022.04.017","",NA,NA,NA,NA,NA,"sr2_original_53",NA,"original_ft_exclude","original","10.1016/j.ijid.2022.04.017"
"I. Thomas; I. Angelika; P. Diana; M. Peter","Evaluation of the specificity and accuracy of SARS-CoV-2 rapid antigen self-tests
compared to RT-PCR from 1015 asymptomatic volunteers","authors do not match titel","",NA,NA,NA,NA,NA,"sr2_original_54",NA,"original_ft_exclude","original",NA
"J. Walish; J. Cox; J. Boone; J. Stone; N. Henderson; M. Maloney; J. Ma; J. Maa; N. On; K. Petre; B. G. Goodwin; S. Sozhamannan; R. Deans","Halo-A Universal Fluorescence Reader Based Threat Agent Detection Platform-A Proof of Concept Study Using SARS-CoV-2 Assays","doi: 10.3389/fpubh.2022.852083","",NA,NA,NA,NA,NA,"sr2_original_55",NA,"original_ft_exclude","original","10.3389/fpubh.2022.852083"
"G. Visci; C. Zunarelli; F. Violante; P. Boffetta","Application of SARS-CoV-2 Antigenic Test in asymptomatic workers: sensitivity and specificity of the test","DOI: 10.23749/mdl.v112i5.12097","",NA,NA,NA,NA,NA,"sr2_original_56",NA,"original_ft_exclude","original","10.23749/mdl.v112i5.12097"
"B. Casati; J. P. Verdi; A. Hempelmann; M. Kittel; A. G. Klaebisch; B. Meister; S. Welker; S. Asthana; S. Di Giorgio; P. Boskovic; K. H. Man; M. Schopp; P. A. Ginno; B. Radlwimmer; C. E. Stebbins; T. Miethke; F. N. Papavasiliou; R. Pecori","Rapid, adaptable and sensitive Cas13-based COVID-19 diagnostics using ADESSO","https://doi.org/10.1038/s41467-022-30862-y","",NA,NA,NA,NA,NA,"sr2_original_57",NA,"original_ft_exclude","original","10.1038/s41467-022-30862-y"
"F. Colavita; F. Vairo; S. Meschi; M. B. Valli;
E. Lalle; C. Castilletti; D. Fusco; G. Spiga;
P. Bartoletti; S. Ursino; M. Sanguinetti; A. Di Caro; F. Vaia; G. Ippolito; M. R. Capobianchi","Covid-19 rapid antigen test as screening strategy at points of entry: Experience in lazio region, central italy, august–october 2020","https://doi.org/10.3390/biom11030425","",NA,NA,NA,NA,NA,"sr2_original_58",NA,"original_ft_exclude","original","10.3390/biom11030425"
"A. Slynko","Assessing the accuracy of an imperfect dichotomous test in a multiple testing context","https://doi.org/10.1016/j.mbs.2021.108729","",NA,NA,NA,NA,NA,"sr2_original_59",NA,"original_ft_exclude","original","10.1016/j.mbs.2021.108729"
"C. Hartard; S. Berger; T. Josse; E.
Schvoerer; H. Jeulin","Performance evaluation of an automated SARS-CoV-2 Ag test for the diagnosis of
COVID-19 infection on nasopharyngeal swabs","https://doi.org/10.1515/cclm-2021-0569","",NA,NA,NA,NA,NA,"sr2_original_60",NA,"original_ft_exclude","original","10.1515/cclm-2021-0569"
"","Rapid Diagnostic Test for COVID-19 Based on Antibody Detection (YCOVID)","ClinicalTrials.gov Identifier: NCT04490837","",NA,NA,NA,NA,NA,"sr2_original_61",NA,"original_ft_exclude","original",NA
"","Open Label, Single-Center Study Utilizing BIOZEK COVID-19 Antigen Rapid Test","ClinicalTrials.gov Identifier: NCT04926779","",NA,NA,NA,NA,NA,"sr2_original_62",NA,"original_ft_exclude","original",NA
"","COVID-19 Contact Study by Antigen Detection Test","ClinicalTrials.gov Identifier: NCT04745533","",NA,NA,NA,NA,NA,"sr2_original_63",NA,"original_ft_exclude","original",NA
"Anonymous null","Interim guidance on the use of the Abbott Panbio TM COVID-19 Antigen Rapid Test","https://doi.org/10.14745/ccdr.v47i01a04","",NA,NA,NA,NA,NA,"sr2_original_64",NA,"original_ft_exclude","original","10.14745/ccdr.v47i01a04"
"Araj G. F.Beaini M.Bizri N. A.Ghizzawi L.","Testing for COVID-19: When, who, and what test?","Embase Identification L2008406856","",NA,NA,NA,NA,NA,"sr2_original_65",NA,"original_ft_exclude","original",NA
"Benner Steven A.","Reagents to Chemically Tag Specific Coronavirus Spike Proteins","1R43AI162539-01","",NA,NA,NA,NA,NA,"sr2_original_66",NA,"original_ft_exclude","original",NA
"Bobrow Mark","A scalable aptamer-based electrochemical biosensor for rapid detection of SARS-
CoV-2 from saliva","1R44DE030842-01","",NA,NA,NA,NA,NA,"sr2_original_67",NA,"original_ft_exclude","original",NA
"Cui ZhanfengChang HongWang HuiLim BoonHsu Chia-ChenYu YejiongJia HuidongWang YunZeng YidaJi MengmengLiu WeizhiInverarity CatrionaHuang Wei E.","Development of a rapid test kit for SARS-CoV-2: an example of product design","https://doi.org/10.1007/s42242-020-00075-7","",NA,NA,NA,NA,NA,"sr2_original_68",NA,"original_ft_exclude","original","10.1007/s42242-020-00075-7"
"Diel RolandNienhaus Albert","Point-of-Care COVID-19 Antigen Testing in German Emergency Rooms – A Cost-
Benefit Analysis","https://doi.org/10.1016/j.pulmoe.2021.06.009","",NA,NA,NA,NA,NA,"sr2_original_69",NA,"original_ft_exclude","original","10.1016/j.pulmoe.2021.06.009"
"Eissa S.Alhadrami H. A.Al-Mozaini M.Hassan A. M.Zourob M.","Voltammetric-based immunosensor for the detection of SARS-CoV-2 nucleocapsid antigen","https://doi.org/10.1007/s00604-021-04867-1","",NA,NA,NA,NA,NA,"sr2_original_70",NA,"original_ft_exclude","original","10.1007/s00604-021-04867-1"
"Eissa ShimaaZourob Mohammed","Development of a Low-Cost Cotton-Tipped Electrochemical Immunosensor for the
Detection of SARS-CoV-2","https://dx.doi.org/10.1021/acs.analchem.0c04719","",NA,NA,NA,NA,NA,"sr2_original_71",NA,"original_ft_exclude","original","10.1021/acs.analchem.0c04719"
"Eshghifar N.Busheri A.Shrestha R.Beqaj S.","Evaluation of analytical performance of seven rapid antigen detection kits for detection of SARS-CoV-2 virus","http://doi.org/10.2147/IJGM.S297762","",NA,NA,NA,NA,NA,"sr2_original_72",NA,"original_ft_exclude","original","10.2147/IJGM.S297762"
"Guglielmi Giorgia","Rapid coronavirus tests: a guide for the perplexed","doi: https://doi.org/10.1038/d41586-021-00332-4","",NA,NA,NA,NA,NA,"sr2_original_73",NA,"original_ft_exclude","original","10.1038/d41586-021-00332-4"
"Gupta A.Anand A.Jain N.Goswami S.Ananthraj A.Patil S.Singh R.Kumar A.Shrivastava T.Bhatnagar S.Medigeshi G. R.Sharma T. K.","A novel G-quadruplex aptamer-based spike trimeric antigen test for the detection of SARS-CoV-2","https://doi.org/10.1016/j.omtn.2021.06.014.","",NA,NA,NA,NA,NA,"sr2_original_74",NA,"original_ft_exclude","original","10.1016/j.omtn.2021.06.014"
"Hoehl SSchenk B.Rudych O.Göttig S.Foppa I.Kohmer N.Karaca O.Toptan T.Ciesek S","High-Frequency Self-Testing by Schoolteachers for Sars-Cov-2 Using a Rapid Antigen Test","www.medrxiv.org/content/10.1101/2020.11.02.20223859v1","",NA,NA,NA,NA,NA,"sr2_original_75",NA,"original_ft_exclude","original","10.1101/2020.11.02.20223859v1"
"Koller G.Morrell A. P.Galão R. P.Pickering S.MacMahon E.Johnson J.Ignatyev K.Neil
S. J. D.Elsharkawy S.Fleck R.Machado P.
M. P.Addison O.","More than the Eye Can See: Shedding New Light on SARS-CoV-2 Lateral Flow Device-Based Immunoassays","https://doi.org/10.1021/acsami.1c04283","",NA,NA,NA,NA,NA,"sr2_original_76",NA,"original_ft_exclude","original","10.1021/acsami.1c04283"
"Kotsiou O. S.Papagiannis D.Fradelos E. C.Perlepe G.Miziou A.Siachpazidou D. S.Gourgoulianis K. I.","Understanding covid-19 epidemiology and implications for control: The experience from a greek semi-closed community","https://doi.org/10.3390/jcm10132765","",NA,NA,NA,NA,NA,"sr2_original_77",NA,"original_ft_exclude","original","10.3390/jcm10132765"
"Kyosei YutaNamba MayuriYamura SouTakeuchi RikiyaAoki NorikoNakaishi KazunariWatabe SatoshiIto Etsuro","Proposal of De Novo Antigen Test for COVID-19: Ultrasensitive Detection of Spike Proteins of SARS-CoV-2","doi:10.3390/diagnostics10080594","",NA,NA,NA,NA,NA,"sr2_original_78",NA,"original_ft_exclude","original","10.3390/diagnostics10080594"
"Lee Lennard Y. W.Rozmanowski StefanPang MatthewCharlett AndreAnderson CharlotteHughes Gareth J.Barnard MatthewPeto LeonVipond RichardSienkiewicz AlexHopkins SusanBell JohnCrook Derrick W.Gent NickWalker A. SarahPeto Tim E. A.Eyre David W.","SARS-CoV-2 infectivity by viral load, S gene variants and demographic factors and the utility of lateral flow devices to prevent transmission","https://doi.org/10.1101/2021.03.31.21254687;","",NA,NA,NA,NA,NA,"sr2_original_79",NA,"original_ft_exclude","original","10.1101/2021.03.31.21254687"
"Mavrikou S.Moschopoulou G.Tsekouras
V.Kintzios S.","Development of a Portable, Ultra-Rapid and Ultra-Sensitive Cell-Based Biosensor for
the Direct Detection of the SARS-CoV-2 S1 Spike Protein Antigen","doi:10.3390/s20113121","",NA,NA,NA,NA,NA,"sr2_original_80",NA,"original_ft_exclude","original","10.3390/s20113121"
"Prazuck Thierry","Diagnostic Performance Evaluation of a Novel SARS-CoV-2 (COVID-19) Antigen Detection Test","","",NA,NA,NA,NA,NA,"sr2_original_81",NA,"original_ft_exclude","original",NA
"Thommes L.Burkert F. R.Öttl K. W.Goldin D.Loacker L.Lanser L.Griesmacher A.Theurl I.Weiss G.Bellmann-Weiler R.","Comparative evaluation of four SARS-CoV-2 antigen tests in hospitalized patients","https://doi.org/10.1016/j.ijid.2021.02.052","",NA,NA,NA,NA,NA,"sr2_original_82",NA,"original_ft_exclude","original","10.1016/j.ijid.2021.02.052"
"Wang ChongwenYang XingshengZheng ShuaiCheng XiaodanXiao RuiLi QingjunWang WenqiLiu XiaoxianWang Shengqi","Development of an ultrasensitive fluorescent immunochromatographic assay based on multilayer quantum dot nanobead for simultaneous detection of SARS-CoV-2 antigen and influenza A virus","https://doi.org/10.1016/j.snb.2021.130372","",NA,NA,NA,NA,NA,"sr2_original_83",NA,"original_ft_exclude","original","10.1016/j.snb.2021.130372"
"Kenyeres BenceÁnosi NoelBányai KrisztiánMátyus MáriaOrosz LászlóKiss AndreaKele BeatrixBurián KatalinLengyel
György","Comparison of four PCR and two point of care assays used in the laboratory detection of SARS-CoV-2","https://doi.org/10.1016/j.jviromet.2021.114165","",NA,NA,NA,NA,NA,"sr2_original_84",NA,"original_ft_exclude","original","10.1016/j.jviromet.2021.114165"
"A. Sukumaran; A. Krishnan; R. Thomas; J.
Paul; D. M. Vasudevan","Validation of AG-Q COVID-19 n-antigen self-test in comparison with real time RT-
PCR","Embase ID Number L637537180","",NA,NA,NA,NA,NA,"sr2_original_85",NA,"original_ft_exclude","original",NA
"L. S. Finch; A. Harris; C. Lester; D. Veal; K. Jones; J. Fulton; L. Jones; M. Lee; T. Walker; M. Rossiter; M. Cross; S. Kemp; T. Fletcher; E. R. Adams","Implementation study of SARS-CoV-2 antigen lateral flow tests in men's professional (Premiership) rugby union sports squads in England during the COVID-19 pandemic","https://doi.org/10.1016/j.jinf.2021.12.037","",NA,NA,NA,NA,NA,"sr2_original_86",NA,"original_ft_exclude","original","10.1016/j.jinf.2021.12.037"
"S. Hashimoto; A. Suzuki; K. Tanaka; R. Fukuda; S. Katayama","Safety and efficacy confirmation study of PanbioTMCOVID19AgRapidTestDevice KIT operation by specimen self-collection","Embase ID Number L636652974","",NA,NA,NA,NA,NA,"sr2_original_87",NA,"original_ft_exclude","original",NA
"T. I. A. P. D. M. P. Iftner","Evaluation of the specificity and accuracy of SARS-CoV-2 rapid antigen self-tests
compared to RT-PCR from 1015 asymptomatic volunteers (preprint)","https://doi.org/10.1101/2022.02.11.22270873","",NA,NA,NA,NA,NA,"sr2_original_88",NA,"original_ft_exclude","original","10.1101/2022.02.11.22270873"
"J. Love; M. T. Wimmer; D. J. A. Toth; A. Chandran; D. Makhija; C. K. Cooper; M. H. Samore; L. T. Keegan","Comparison of antigen- and RT-PCR-based testing strategies for detection of SARS- CoV-2 in two high-exposure settings","https://doi.org/10.1371/journal.pone.0253407","",NA,NA,NA,NA,NA,"sr2_original_89",NA,"original_ft_exclude","original","10.1371/journal.pone.0253407"
"G. C. K. Mak; S. S. M. Au; M. C. W. Yeung;
D. M. W. Lau; K. K. S. Lau; K. H. L. Ng; E.
T. K. Lam; R. C. W. Chan; C. Y. M. Fan","Evaluation of rapid antigen detection test for individuals at risk of SARS-CoV-2 under quarantine","DOI: 10.1002/jmv.27369","",NA,NA,NA,NA,NA,"sr2_original_90",NA,"original_ft_exclude","original","10.1002/jmv.27369"
"P. Ryan; F. Pérez-García; J. Torres- Macho; C. Bibiano; J. Ignacio Lazo; G. Castaño-Ochoa; E. J. Vidal-Alcántara; M.
J. Muñoz-Gómez; I. Martínez; S. Resino","Misdiagnosis rate among negative COVID-19 patients in real-life with Panbio COVID- 19 antigen rapid test during 2021","https://doi.org/10.1016/j.jinf.2022.03.013","",NA,NA,NA,NA,NA,"sr2_original_91",NA,"original_ft_exclude","original","10.1016/j.jinf.2022.03.013"
"A. S. Sagna; A. G. Seydi; M. M. Gueye; M.
T. A. Fall; J. M. Mansuy","Contribution of COVID Antigenic RDT to the Management Strategy of COVID-19
Pandemic in a Senegalese Company","DOI: 10.1097/JOM.0000000000002496","",NA,NA,NA,NA,NA,"sr2_original_92",NA,"original_ft_exclude","original","10.1097/JOM.0000000000002496"
"J. L. Soon-Yit; Y. Sook-Min; T. Teck-Hock","Accuracy of the Rapid Test Kit Antigen for SARS-CoV-2 Infection during the COVID- 19 Pandemic in Sibu, Sarawak","Embase ID Number L637317380","",NA,NA,NA,NA,NA,"sr2_original_93",NA,"original_ft_exclude","original",NA
"J. Heskin; S. J. C. Pallett; A. Al-Hindawi; G.
W. Davies; M. Rayment; N. Mughal; P. Randell; R. Jones; L. S. P. Moore","Evaluating the performance characteristics of five lateral flow assays for the detection of the SARS-CoV-2 nucleocapsid antigen","https://doi.org/10.1038/s41598-022-12805-1","",NA,NA,NA,NA,NA,"sr2_original_94",NA,"original_ft_exclude","original","10.1038/s41598-022-12805-1"
"B. Joob; V. Wiwanitkit","COVID-19 Rapid Antigen Test in Community Testing: Analysis on Advantage for
Disease Control","DOI: 10.7754/Clin.Lab.2021.210842","",NA,NA,NA,NA,NA,"sr2_original_95",NA,"original_ft_exclude","original","10.7754/Clin.Lab.2021.210842"
"Akingba Oluwakemi Laguda Sprong Kaitlin Marais Gert Hardie Diana Ruth","Field performance evaluation of the PanBio rapid SARS-CoV-2 antigen assay in an epidemic driven by the B.1.351 variant in the Eastern Cape, South Africa","https://doi.org/10.1016/j.jcvp.2021.100013","",NA,NA,NA,NA,NA,"sr2_original_96",NA,"original_ft_exclude","original","10.1016/j.jcvp.2021.100013"
"Albert E.Torres I.Bueno F.Huntley D.Molla E.Fernández-Fuentes MÁMartínez M.Poujois S.Forqué L.Valdivia A.Solano de la Asunción C.Ferrer J.Colomina J.Navarro D.","Field evaluation of a rapid antigen test (Panbio™ COVID-19 Ag Rapid Test Device) for COVID-19 diagnosis in primary healthcare centres","https://doi.org/10.1016/j.cmi.2020.11.004","",NA,NA,NA,NA,NA,"sr2_original_97",NA,"original_ft_exclude","original","10.1016/j.cmi.2020.11.004"
"Basile L.Guadalupe-Fernández V.Valdivia Guijarro M.Martinez Mateo A.Ciruela Navas P.Mendioroz Peña J.The Epidemiological Surveillance Network Of Catalonia","Diagnostic Performance of Ag-RDTs and NAAT for SARS-CoV2 Identification in Symptomatic Patients in Catalonia","https://doi.org/10.3390/v13050908","",NA,NA,NA,NA,NA,"sr2_original_98",NA,"original_ft_exclude","original","10.3390/v13050908"
"Berger A.Nsoga M. T. N.Perez-Rodriguez
F. J.Aad Y. A.Sattonnet-Roche P.Gayet- Ageron A.Jaksic C.Torriani G.Boehm E.Kronig I.Sacks J. A.de Vos M.Bausch F. J.Chappuis F.Renzoni A.Kaiser L.Schibler
M.Eckerle I.","Diagnostic accuracy of two commercial SARS-CoV-2 antigen-detecting rapid tests at the point of care in community-based testing centers","https://doi.org/10.1371/journal.pone.0248921","",NA,NA,NA,NA,NA,"sr2_original_99",NA,"original_ft_exclude","original","10.1371/journal.pone.0248921"
"Bianco G.Boattini M.Barbui A. M.Scozzari G.Riccardini F.Coggiola M.Lupia E.Cavallo R.Costa C.","Evaluation of an antigen-based test for hospital point-of-care diagnosis of SARS-CoV- 2 infection","https://doi.org/10.1016/j.jcv.2021.104838","",NA,NA,NA,NA,NA,"sr2_original_100",NA,"original_ft_exclude","original","10.1016/j.jcv.2021.104838"
"Bornemann LKaup O.Kleideiter J.Panning M.Ruprecht B.Wehmeier M","Real-life evaluation of the Sofia SARS-CoV-2 antigen assay in a large tertiary care hospital","https://doi.org/10.1016/j.jcv.2021.104854","",NA,NA,NA,NA,NA,"sr2_original_101",NA,"original_ft_exclude","original","10.1016/j.jcv.2021.104854"
"Brihn A.Chang J.O. Yong K nullBalter
S.Terashita D.Rubin Z.Yeganeh N.","Diagnostic Performance of an Antigen Test with RT-PCR for the Detection of SARS-
CoV-2 in a Hospital Setting - Los Angeles County, California, June-August 2020","PMID:32109013","",NA,NA,NA,NA,NA,"sr2_original_102",NA,"original_ft_exclude","original",NA
"Ciotti M.Maurici M.Pieri M.Andreoni M.Bernardini S.","Performance of a rapid antigen test in the diagnosis of SARS-CoV-2 infection","DOI: 10.1002/jmv.26830","",NA,NA,NA,NA,NA,"sr2_original_103",NA,"original_ft_exclude","original","10.1002/jmv.26830"
"Di Domenico M.De Rosa A.Di Gaudio F.Internicola P.Bettini C.Salzano N.Castrianni D.Marotta A.Boccellino M.","Diagnostic Accuracy of a New Antigen Test for SARS-CoV-2 Detection","https://doi.org/10.3390/ijerph18126310","",NA,NA,NA,NA,NA,"sr2_original_104",NA,"original_ft_exclude","original","10.3390/ijerph18126310"
"Drain PK Ampajwala M","In adults and children, a rapid POC antigen test for COVID-19 (LumiraDx) had ?97% sensitivity and specificity vs. RT-PCR","doi:10.7326/ACPJ202107200-082","",NA,NA,NA,NA,NA,"sr2_original_105",NA,"original_ft_exclude","original","10.7326/ACPJ202107200-082"
"Drain P. K.Ampajwala M.Chappel C.Gvozden A. B.Hoppers M.Wang M.Rosen R.Young S.Zissman E.Montano M.","A Rapid, High-Sensitivity SARS-CoV-2 Nucleocapsid Immunoassay to Aid Diagnosis of Acute COVID-19 at the Point of Care: A Clinical Performance Study","https://doi.org/10.1007/s40121-021-00413-x.","",NA,NA,NA,NA,NA,"sr2_original_106",NA,"original_ft_exclude","original","10.1007/s40121-021-00413-x"
"Favresse J.Gillot C.Oliveira M.Cadrobbi J.Elsen M.Eucher C.Laffineur K.Rosseels C.Van Eeckhoudt S.Nicolas J. B.Morimont
L.Dogné J. M.Douxfils J.","Head-to-head comparison of rapid and automated antigen detection tests for the diagnosis of SARS-CoV-2 infection","https://doi.org/10.3390/jcm10020265","",NA,NA,NA,NA,NA,"sr2_original_107",NA,"original_ft_exclude","original","10.3390/jcm10020265"
"Ford L.Lee C.Pray I. W.Cole D.Bigouette J. P.Abedi G. R.Bushman D.Delahoy M. J.Currie D. W.Cherney B.Kirby M.Fajardo G.Caudill M.Langolf K.Kahrs J.Zochert T.Kelly P.Pitts C.Lim A.Aulik N.Tamin
A.Harcourt J. L.Queen K.Zhang J.Whitaker
B.Browne H.Medrzycki M.Shewmaker P.Bonenfant G.Zhou B.Folster J.Bankamp B.Bowen M. D.Thornburg N. J.Goffard K.Limbago B.Bateman A.Tate J. E.Gieryn D.Kirking H. L.Westergaard R.Killerby M.","Epidemiologic characteristics associated with SARS-CoV-2 antigen-based test results, rRT-PCR cycle threshold values, subgenomic RNA, and viral culture results from university testing","DOI: 10.1093/cid/ciab303","",NA,NA,NA,NA,NA,"sr2_original_108",NA,"original_ft_exclude","original","10.1093/cid/ciab303"
"Fournier P. E.Zandotti C.Ninove L.Prudent E.Colson P.Gazin C.Million M.Tissot- Dupont H.Fenollar F.","Contribution of VitaPCR SARS-CoV-2 to the emergency diagnosis of COVID-19","https://doi.org/10.1016/j.jcv.2020.104682","",NA,NA,NA,NA,NA,"sr2_original_109",NA,"original_ft_exclude","original","10.1016/j.jcv.2020.104682"
"Gremmels H.Winkel B. M. F.Schuurman R.Rosingh A.Rigter N. A. M.Rodriguez O.Ubijaan J.Wensing A. M. J.Bonten M. J. M.Hofstra L. M.","Real-life validation of the Panbio™ COVID-19 antigen rapid test (Abbott) in community-dwelling subjects with symptoms of potential SARS-CoV-2 infection","https://doi.org/10.1016/j.eclinm.2020.100677","",NA,NA,NA,NA,NA,"sr2_original_110",NA,"original_ft_exclude","original","10.1016/j.eclinm.2020.100677"
"Häuser F.Sprinzl M. F.Dreis K. J.Renzaho A.Youhanen S.Kremer W. M.Podlech J.Galle P. R.Lackner K. J.Rossmann H.Lemmermann N. A.","Evaluation of a laboratory-based high-throughput SARS-CoV-2 antigen assay for non- COVID-19 patient screening at hospital admission","https://doi.org/10.1007/s00430-021-00706-5","",NA,NA,NA,NA,NA,"sr2_original_112",NA,"original_ft_exclude","original","10.1007/s00430-021-00706-5"
"Itoh K.Kawamitsu T.Osaka Y.Sato K.Suzuki Y.Kiriba C.Saito Y.Hirose R.Ichihara H.Saito M.Mitsuke Y.Kuzumi K.Miyashita H.Tsutani H.","False positive results in severe acute respiratory coronavirus 2 (SARS-CoV-2) rapid antigen tests for inpatients","https://doi.org/10.1016/j.jiac.2021.03.011","",NA,NA,NA,NA,NA,"sr2_original_113",NA,"original_ft_exclude","original","10.1016/j.jiac.2021.03.011"
"James Allison E.Gulley TrentKothari AtulHolder KaseyGarner KelleyPatil Naveen","Performance of the BinaxNOW coronavirus disease 2019 (COVID-19) Antigen Card test relative to the severe acute respiratory coronavirus virus 2 (SARS-CoV-2) real- time reverse transcriptase polymerase chain reaction (rRT-PCR) assay among symptomatic and asymptomatic healthcare employees","doi:10.1017/ice.2021.20","",NA,NA,NA,NA,NA,"sr2_original_114",NA,"original_ft_exclude","original","10.1017/ice.2021.20"
"Kolwijck E.Brouwers-Boers M.Broertjes J.van Heeswijk K.Runderkamp N.Meijer A.Hermans M. H. A.Leenders A. C. A. P.","Validation and implementation of the Panbio COVID-19 Ag rapid test for the diagnosis of SARS-CoV-2 infection in symptomatic hospital healthcare workers","https://doi.org/10.1016/j.infpip.2021.100142","",NA,NA,NA,NA,NA,"sr2_original_115",NA,"original_ft_exclude","original","10.1016/j.infpip.2021.100142"
"Landaas E. T.Storm M. L.Tollånes M. C.Barlinn R.Kran A. B.Bragstad K.Christensen A.Andreassen T.","Diagnostic performance of a SARS-CoV-2 rapid antigen test in a large, Norwegian cohort","https://doi.org/10.1016/j.jcv.2021.104789","",NA,NA,NA,NA,NA,"sr2_original_116",NA,"original_ft_exclude","original","10.1016/j.jcv.2021.104789"
"Lefever S.Indevuyst C.Cuypers L.Dewaele K.Yin N.Cotton F.Padalko E.Oyaert M.Descy J.Cavalier E.Van Ranst M.André
E.Lagrou K.Vermeersch P.","Comparison of the Quantitative DiaSorin Liaison Antigen Test to Reverse Transcription-PCR for the Diagnosis of COVID-19 in Symptomatic and Asymptomatic Outpatients","https://doi.org/10.1128/JCM.00374-21.","",NA,NA,NA,NA,NA,"sr2_original_117",NA,"original_ft_exclude","original","10.1128/JCM.00374-21"
"Matsuda E. M.de Campos I. B.de Oliveira I. P.Colpas D. R.Carmo AmdsBrígido L. F.  M.","Field evaluation of COVID-19 antigen tests versus RNA based detection: Potential lower sensitivity compensated by immediate results, technical simplicity, and low cost","DOI: 10.1002/jmv.26985","",NA,NA,NA,NA,NA,"sr2_original_118",NA,"original_ft_exclude","original","10.1002/jmv.26985"
"Merino P.Guinea J.Muñoz-Gallego I.González-Donapetry P.Galán J. C.Antona N.Cilla G.Hernáez-Crespo S.Díaz-de Tuesta J. L.Gual-de Torrella A.González- Romo F.Escribano P.Sánchez-Castellano MÁSota-Busselo M.Delgado-Iribarren A.García J.Cantón R.Muñoz P.Folgueira M. D.Cuenca-Estrella M.Oteo-Iglesias J.","Multicenter evaluation of the Panbio™ COVID-19 rapid antigen-detection test for the diagnosis of SARS-CoV-2 infection","https://doi.org/10.1016/j.cmi.2021.02.001","",NA,NA,NA,NA,NA,"sr2_original_119",NA,"original_ft_exclude","original","10.1016/j.cmi.2021.02.001"
"Muhi StephenTayler NickHoang TuyetBallard Susan A.Graham MaryzaRojek AmandaKwong Jason C.Trubiano Jason A.Smibert OliviaDrewett GeorgeJames FionaGardiner EmmaChea SocheataIsles NicoleSait MichellePasricha ShivaniTaiaroa GeorgeMcAuley JulieWilliams EloiseGibney Katherine B.Stinear Timothy P.Bond KatherineLewin Sharon R.Putland MarkHowden Benjamin P.Williamson Deborah A.","Multi-site assessment of rapid, point-of-care antigen testing for the diagnosis of SARS-CoV-2 infection in a low-prevalence setting: A validation and implementation study","https://doi.org/10.1016/j.lanwpc.2021.100115","",NA,NA,NA,NA,NA,"sr2_original_120",NA,"original_ft_exclude","original","10.1016/j.lanwpc.2021.100115"
"Nsoga M. T. N.Kronig I.Rodriguez F. J. P.Sattonnet-Roche P.Silva D. D.Helbling J.Sacks J. A.de Vos M.Boehm E.Gayet- Ageron A.Berger A.Jacquerioz-Bausch F.Chappuis F.Kaiser L.Schibler M.Renzoni
A.Eckerle I.","Diagnostic accuracy of Panbio rapid antigen tests on oropharyngeal swabs for detection of SARS-CoV-2","https://doi.org/10.1371/journal.pone.0253321","",NA,NA,NA,NA,NA,"sr2_original_121",NA,"original_ft_exclude","original","10.1371/journal.pone.0253321"
"Okoye N. C.Barker A. P.Curtis K.Orlandi R. R.Snavely E. A.Wright C.Hanson K. E.Pearsona L. N.","Performance characteristics of BinaxNOW COVID-19 antigen card for screening asymptomatic individuals in a university setting","https://doi.org/10.1128/JCM.03282-20.","",NA,NA,NA,NA,NA,"sr2_original_122",NA,"original_ft_exclude","original","10.1128/JCM.03282-20"
"Pilarowski GenayMarquez CarinaRubio LuisPeng JamesMartinez JackieBlack DouglasChamie GabrielJones DianeJacobo JonTulier-Laiwa ValerieRojas SusanaRojas SusyCox ChesaPetersen MayaDeRisi JoeHavlir Diane V.","Field performance and public health response using the BinaxNOW TM Rapid SARS- CoV-2 antigen detection assay during community-based testing","DOI 10.1093/cid/ciaa1890","",NA,NA,NA,NA,NA,"sr2_original_123",NA,"original_ft_exclude","original","10.1093/cid/ciaa1890"
"Pollock Nira R.Berlin DavidSmole Sandra C.Madoff Lawrence C.Brown CatherineHenderson KelseyLarsen ElizabethHay JeremiahGabriel StaceyGawande Atul A.Lennon Niall J.","Implementation of SARS-CoV2 Screening in K-12 Schools using In-School Pooled Molecular Testing and Deconvolution by Rapid Antigen Test","https://doi.org/10.1101/2021.05.03.21256560;","",NA,NA,NA,NA,NA,"sr2_original_124",NA,"original_ft_exclude","original","10.1101/2021.05.03.21256560"
"Porte L.Legarraga P.Vollrath V.Aguilera X.Munita J. M.Araos R.Pizarro G.Vial P.Iruretagoyena M.Dittrich S.Weitzel T.","Evaluation of a novel antigen-based rapid detection test for the diagnosis of SARS- CoV-2 in respiratory samples","https://doi.org/10.1016/j.ijid.2020.05.098","",NA,NA,NA,NA,NA,"sr2_original_125",NA,"original_ft_exclude","original","10.1016/j.ijid.2020.05.098"
"Pray I. W.Ford L.Cole D.Lee C.Bigouette J. P.Abedi G. R.Bushman D.Delahoy M. J.Currie D.Cherney B.Kirby M.Fajardo G.Caudill M.Langolf K.Kahrs J.Kelly P.Pitts C.Lim A.Aulik N.Tamin A.Harcourt J. L.Queen K.Zhang J.Whitaker B.Browne H.Medrzycki M.Shewmaker P.Folster J.Bankamp B.Bowen M. D.Thornburg N. J.Goffard K.Limbago B.Bateman A.Tate J. E.Gieryn D.Kirking H. L.Westergaard R.Killerby M.","Performance of an Antigen-Based Test for Asymptomatic and Symptomatic SARS- CoV-2 Testing at Two University Campuses - Wisconsin, September-October 2020","PMID: 33382679, PMCID: PMC9191905, DOI: 10.15585/mmwr.mm695152a3","",NA,NA,NA,NA,NA,"sr2_original_126",NA,"original_ft_exclude","original","10.15585/mmwr.mm695152a3"
"Prince-Guerra J. L.Almendares O.Nolen L. D.Gunn J. K. L.Dale A. P.Buono S. A.Deutsch-Feldman M.Suppiah S.Hao L.Zeng Y.Stevens V. A.Knipe K.Pompey J.Atherstone C.Bui D. P.Powell T.Tamin A.Harcourt J. L.Shewmaker P. L.Medrzycki M.Wong P.Jain S.Tejada-Strop A.Rogers S.Emery B.Wang H.Petway M.Bohannon C.Folster J. M.MacNeil A.Salerno R.Kuhnert-Tallman W.Tate J. E.Thornburg
N. J.Kirking H. L.Sheiban K.Kudrna J.Cullen T.Komatsu K. K.Villanueva J. M.Rose D. A.Neatherlin J. C.Anderson
M.Rota P. A.Honein M. A.Bower W. A.","Evaluation of Abbott BinaxNOW Rapid Antigen Test for SARS-CoV-2 Infection at Two Community-Based Testing Sites - Pima County, Arizona, November 3-17, 2020","DOI: 10.15585/mmwr.mm7003e3","",NA,NA,NA,NA,NA,"sr2_original_127",NA,"original_ft_exclude","original","10.15585/mmwr.mm7003e3"
"Risti? M.Nikoli? N.?abarkapa V.Turkulov V.Petrovi? V.","Validation of the STANDARD Q COVID-19 antigen test in Vojvodina, Serbia","https://doi.org/10.1371/journal.pone.0247606","",NA,NA,NA,NA,NA,"sr2_original_128",NA,"original_ft_exclude","original","10.1371/journal.pone.0247606"
"Saeed UmarUppal Sara RizwanPiracha Zahra ZahidRasheed AzharAftab ZubairZaheer HafsahUppal Rizwan","Evaluation of SARS-CoV-2 antigen-based rapid diagnostic kits in Pakistan: formulation of COVID-19 national testing strategy","https://doi.org/10.1186/s12985-021-01505-3","",NA,NA,NA,NA,NA,"sr2_original_129",NA,"original_ft_exclude","original","10.1186/s12985-021-01505-3"
"Sampson C.","Rapid antigen test had up to 98% sensitivity and 100% specificity for detecting COVID 19 in persons with mild symptoms","doi:10.7326/ACPJ202106150-071","",NA,NA,NA,NA,NA,"sr2_original_130",NA,"original_ft_exclude","original","10.7326/ACPJ202106150-071"
"Scohy A.Anantharajah A.Bodéus M.Kabamba-Mukadi B.Verroken A.Rodriguez-Villalobos H.","Low performance of rapid antigen detection test as frontline testing for COVID-19 diagnosis","https://doi.org/10.1016/j.jcv.2020.104455","",NA,NA,NA,NA,NA,"sr2_original_131",NA,"original_ft_exclude","original","10.1016/j.jcv.2020.104455"
"Shrestha B.Neupane A. K.Pant S.Shrestha A.Bastola A.Rajbhandari B.Thapa A.Singh A.","Sensitivity and Specificity of Lateral Flow Antigen Test Kits for COVID-19 in Asymptomatic Population of Quarantine Centre of Province 3","PMID: 33605236","",NA,NA,NA,NA,NA,"sr2_original_132",NA,"original_ft_exclude","original",NA
"Torres I.Poujois S.Albert E.Colomina J.Navarro D.","Evaluation of a rapid antigen test (Panbio™ COVID-19 Ag rapid test device) for SARS-CoV-2 detection in asymptomatic close contacts of COVID-19 patients","https://doi.org/10.1016/j.cmi.2020.12.022","",NA,NA,NA,NA,NA,"sr2_original_133",NA,"original_ft_exclude","original","10.1016/j.cmi.2020.12.022"
"Torres I.Poujois S.Albert E.Álvarez G.Colomina J.Navarro D.","Point-of-care evaluation of a rapid antigen test (CLINITEST(?) Rapid COVID-19 Antigen Test) for diagnosis of SARS-CoV-2 infection in symptomatic and asymptomatic individuals","https://doi.org/10.1016/j.jinf.2021.02.010","",NA,NA,NA,NA,NA,"sr2_original_134",NA,"original_ft_exclude","original","10.1016/j.jinf.2021.02.010"
"S.Sabrido G.Pérez-Jorge C.Plata M.Romero M. P.Grasa C. D.Jiménez A. B.Heras E.Broncano A.Núñez M. D. M.Illán M.Merino P.Soto B.Molina-Arana D.Bermejo A.Mendoza P.Gijón M.Pérez- Moneo B.Moraleda C.Tagarro A.Calvo C.Mellado M. J.Rodríguez-Molino P.del Rosal T.Santos M.Navarro M.Rincón E.Santiago B.Saavedra-Lozano J.Aguilera- Alonso D.Epalza C.Blázquez-Gamero D.Villanueva S.Rojo P.Calleja G.Alonso J. A.de la Torre M.Sanz-Santaeufemia F. J.Iglesias M. I.Herrero B.Alonso M.Soriano- Arandes T.Pujol J. M.Melendo S.Soler- Palacin P.Simó S.Fumadó V.Lanaspa M.Urretavizcaya M.Herranz M.Pareja M.Ara F.Cabañas S.del Valle R.Barrios A.Otheo E.Vázquez J. L.Falcón L.Neth O.Olbrich P.Goicoechea W.Martín L.Figueroa L.Llorente M.Penin M.García C.García M.Alvaredo T.Olmedo M. I.López A.Cobo E.Tovizi M.Galán P.Guillén S.Navas A.García M. L.Pérez S.Hernández
M. J.Berzosa A.Gallego N.López A.Ruiz B.Alfayate S.Menasalvas A.Cervantes E.Méndez M.Hurtado ÁRuiz Y.García C.Amich I.Oltra M.Villaroya ÁOcaña A.Romero I.Guzmán M. F.Pascual M. J.Sánchez-Códez M.Montesinos E.Jensen J.Rodríguez M.Caro G.Rius N.Gómez A.Bretón R.Rodríguez M.Romero J.Campos A.García M.Velasco R.  M.Lobato Z.Centeno F.Pérez E.Vidal P.Rey C.Vivanco A.Alonso M.Alcalá P.de Dios J. G.Solé E.Minguell L.Astigarraga I.Vázquez
M. ÁSánchez M.Díaz E.Consuegra
E.Cabanillas M.Peña L.Garrote","Diagnostic Accuracy of the Panbio Severe Acute Respiratory Syndrome Coronavirus 2 Antigen Rapid Test Compared with Reverse-Transcriptase Polymerase Chain Reaction Testing of Nasopharyngeal Samples in the Pediatric Population","https://doi.org/10.1016/j.jpeds.2021.01.027","",NA,NA,NA,NA,NA,"sr2_original_135",NA,"original_ft_exclude","original","10.1016/j.jpeds.2021.01.027"
"Wagenhäuser IsabellKnies KerstinRauschenberger VeraEisenmann MichaelMcDonogh MiriamPetri NilsAndres OliverFlemming SvenGawlik MichaPapsdorf MichaelTaurines ReginaBöhm HartmutForster JohannesWeismann DirkWeißbrich BenediktDölken LarsLiese JohannesKurzai
OliverVogel UlrichKrone Manuel","Clinical performance evaluation of SARS-CoV-2 rapid antigen testing in point of care usage in comparison to RT-qPCR","https://doi.org/10.1101/2021.03.27.21253966;","",NA,NA,NA,NA,NA,"sr2_original_136",NA,"original_ft_exclude","original","10.1101/2021.03.27.21253966"
"J. Agarwal; A. Das; P. Pandey; M. Sen; J.
Garg","David vs. Goliath"": A simple antigen detection test with potential to change diagnostic
strategy for SARS-CoV-2""","doi:10.3855/jidc.13925","",NA,NA,NA,NA,NA,"sr2_original_137",NA,"original_ft_exclude","original","10.3855/jidc.13925"
"N. Ahmed; M. N. A. Kalil; W. Yusof; M. A.
A. Bakar; A. S. Sjahid; R. Hassan; M. H. Fauzi; C. Y. Yean","A Performance Assessment Study of Different Clinical Samples for Rapid COVID-19 Antigen Diagnosis Tests","doi.org/10.3390","",NA,NA,NA,NA,NA,"sr2_original_138",NA,"original_ft_exclude","original",NA
"O. Almendares; J. L. Prince-Guerra; L. D. Nolen; J. K. L. Gunn; A. P. Dale; S. A. Buono; M. Deutsch-Feldman; S. Suppiah;
L. Hao; Y. Zeng; V. A. Stevens; K. Knipe; J. Pompey; C. Atherstone; D. P. Bui; T. Powell; A. Tamin; J. L. Harcourt; M. Petway; C. Bohannon; J. M. Folster; A. MacNeil; R. Salerno; W. Kuhnert-Tallman;
J. E. Tate; N. Thornburg; H. L. Kirking; K. Sheiban; J. Kudrna; T. Cullen; K. K. Komatsu; J. M. Villanueva; D. A. Rose; J.
C. Neatherlin; M. Anderson; P. A. Rota; M.
A. Honein; W. A. Bower","Performance Characteristics of the Abbott BinaxNOW SARS-CoV-2 Antigen Test in Comparison to Real-Time Reverse Transcriptase PCR and Viral Culture in Community Testing Sites during November 2020","https://doi.org/10.1128/JCM.01742-21.","",NA,NA,NA,NA,NA,"sr2_original_139",NA,"original_ft_exclude","original","10.1128/JCM.01742-21"
"F. Alonaizan; J. AlHumaid; R. AlJindan; S. Bedi; H. Dardas; D. Abdulfattah; H. Ashour;
M. AlShahrani; O. Omar","Sensitivity and Specificity of Rapid SARS-CoV-2 Antigen Detection Using Different Sampling Methods: A Clinical Unicentral Study","doi.org/10.3390","",NA,NA,NA,NA,NA,"sr2_original_140",NA,"original_ft_exclude","original",NA
"M. Alqahtani; A. Abdulrahman; F. Mustafa;
A. I. Alawadhi; B. Alalawi; S. I. Mallah","Evaluation of Rapid Antigen Tests Using Nasal Samples to Diagnose SARS-CoV-2 in
Symptomatic Patients","doi: 10.3389/fpubh.2021.728969","",NA,NA,NA,NA,NA,"sr2_original_141",NA,"original_ft_exclude","original","10.3389/fpubh.2021.728969"
"H. Altawalah; W. Alfouzan; T. Al-Fadalah;
S. Ezzikouri","Diagnostic performance of automated SARS-CoV-2 antigen assay in nasal swab during COVID-19 vaccination campaign","doi.org/10.3390","",NA,NA,NA,NA,NA,"sr2_original_142",NA,"original_ft_exclude","original",NA
"L. Bornemann; T. Dähne; A. Fomenko; O. Kaup; J. Kleideiter; R. Kulis-Horn; B. Ruprecht; M. Wehmeier; M. Panning","Performance of the Sofia SARS-CoV-2 rapid antigen test as frontline test in a university hospital, Germany","https://doi.org/10.1016/j.diagmicrobio.2022.115663","",NA,NA,NA,NA,NA,"sr2_original_143",NA,"original_ft_exclude","original","10.1016/j.diagmicrobio.2022.115663"
"S. Carbonell-Sahuquillo; M. I. Lázaro- Carreño; J. Camacho; A. Barrés- Fernández; E. Albert; I. Torres; J. R. Bretón Martínez; C. Martínez-Costa; D. Navarro","Evaluation of a rapid antigen detection test (Panbio™ COVID-19 Ag Rapid Test Device) as a point-of-care diagnostic tool for COVID-19 in a pediatric emergency department","DOI: 10.1002/jmv.27220","",NA,NA,NA,NA,NA,"sr2_original_144",NA,"original_ft_exclude","original","10.1002/jmv.27220"
"F. J. Chadwick; J. Clark; S. Chowdhury; T. Chowdhury; D. J. Pascall; Y. Haddou; J. Andrecka; M. Kundegorski; C. Wilkie; E. Brum; T. Shirin; A. S. M. Alamgir; M. Rahman; A. N. Alam; F. Khan; B. Swallow;
F. S. Mair; J. Illian; C. L. Trotter; D. L. Hill;
D. Husmeier; J. Matthiopoulos; K. Hampson; A. Sania","Combining rapid antigen testing and syndromic surveillance improves community- based COVID-19 detection in a low-income country","https://doi.org/10.1038/s41467-022-30640-w","",NA,NA,NA,NA,NA,"sr2_original_145",NA,"original_ft_exclude","original","10.1038/s41467-022-30640-w"
"O. S. Cirit; E. Mutlu; B. Sancak; T. Kocagöz; Ö. Can; C. Çicek; A. Arzu Sayiner; Ö. Appak; N. Y. Uyar; C. Külah; A. Ç. Çiçek; O. B. Özgümüs; Y. Ay Altintop; E. Saatçi; T. Karsligil; Y. Zer; N. S. Özen; Y. Çekin; Z. C. Karahan; E. Evren; A. E. Karakoç; S. G. Orhan; D. Mutlu; T. Bozdemir; Y. T. Çayci; C. Çinar; M. Tasbakan; M. Mert; E. Çinar; O. Ö. E. Kutsoylu; S. Kocagöz; A. Ertürk; I. Çelik; A. Ö. Mete; M. Günalp Eneyli; I. Akdemir; T. Karakök; D. Inan; A. Atilla; S. O. Taflan; K.
E. Yörük","Comparison of a novel antigen detection test with reverse transcription polymerase chain reaction assay for laboratory diagnosis of SARS-CoV-2 infection","https://doi.org/10.1007/s15010-022-01832-9","",NA,NA,NA,NA,NA,"sr2_original_146",NA,"original_ft_exclude","original","10.1007/s15010-022-01832-9"
"S. Fourati; C. Langendorf; E. Audureau; D. Challine; J. Michel; A. Soulier; N. Ahnou; I. Désveaux; O. Picard; V. Ortonne; A. Gourgeon; C. Mills; F. Hémery; C. Rieux; J.
M. Pawlotsky; N. Malou; S. Chevaliez","Performance of six rapid diagnostic tests for SARS-CoV-2 antigen detection and implications for practical use","https://doi.org/10.1016/j.jcv.2021.104930","",NA,NA,NA,NA,NA,"sr2_original_148",NA,"original_ft_exclude","original","10.1016/j.jcv.2021.104930"
"J. K. Frediani; J. M. Levy; A. Rao; L. Bassit;
J. Figueroa; M. B. Vos; A. Wood; R. Jerris; L.-P. Van; M. D. Gonzalez; B. B. Rogers;
M. Mavigner; R. F. Schinazi; N. Schoof; J.
J. Waggoner; R. R. Kempker; P. A. Rebolledo; J. W. O'Neal; C. Stone; A. Chahroudi; C. R. Morris; A. Suessmith; J. Sullivan; S. Farmer; A. Foster; J. D. Roback; T. Ramachandra; C. Washington;
K. Le; M. C. Cordero; A. Esper; E. J. Nehl;
Y. F. Wang; E. A. Tyburski; G. S. Martin;
W. A. Lam","Multidisciplinary assessment of the Abbott BinaxNOW SARS-CoV-2 point-of-care antigen test in the context of emerging viral variants and self-administration","https://doi.org/10.1038/s41598-021-94055-1","",NA,NA,NA,NA,NA,"sr2_original_149",NA,"original_ft_exclude","original","10.1038/s41598-021-94055-1"
"B. Iqbal; M. Khan; N. Shah; M. M. Dawood;
V. Jehanzeb; M. Shafi","Comparison of SARS-CoV-2 antigen electrochemiluminescence immunoassay to RT- PCR assay for laboratory diagnosis of COVID-19 in Peshawar","https://doi.org/10.1515/dx-2021-0078","",NA,NA,NA,NA,NA,"sr2_original_150",NA,"original_ft_exclude","original","10.1515/dx-2021-0078"
"M. J. Jian; C. L. Perng; H. Y. Chung; C. K.
Chang; J. C. Lin; K. M. Yeh; C. W. Chen;
S. S. Hsieh; P. C. Pan; H. T. Chang; F. Y. Chang; C. L. Ho; H. S. Shang","Clinical assessment of SARS-CoV-2 antigen rapid detection compared with RT-PCR assay for emerging variants at a high-throughput community testing site in Taiwan","https://doi.org/10.1016/j.ijid.2021.11.034","",NA,NA,NA,NA,NA,"sr2_original_151",NA,"original_ft_exclude","original","10.1016/j.ijid.2021.11.034"
"R. Kanaujia; A. Ghosh; R. Mohindra; V. Singla; K. Goyal; R. Gudisa; V. Sharma; L. Mohan; N. Kaur; G. K. Mohi; I. Bora; R. K.
Ratho; R. K. Soni; A. Bhalla; M. P. Singh","Rapid antigen detection kit for the diagnosis of SARS-CoV-2 - are we missing asymptomatic patients?","https://doi.org/10.1016/j.ijmmb.2021.07.003","",NA,NA,NA,NA,NA,"sr2_original_152",NA,"original_ft_exclude","original","10.1016/j.ijmmb.2021.07.003"
"I. Karuga; P. Munyua; C. Ochieng; B. Juma; P. Amoth; F. Kuria; J. Kiiru; L. Makayotto; A. Abade; M. Bulterys; E. Hunsperger; G. O. Emukule; C. Onyango;
T. Samandari; B. A. Tippett Barr; V. Akelo;
H. Weyenga; P. K. Munywoki; G. Bigogo;
N. A. Otieno; J. A. Kisivuli; E. Ochieng; R. Nyaga; N. Hull; A. Herman-Roloff; R. Aman","Diagnostic accuracy of the Panbio™ COVID-19 Antigen rapid test device for SARS- CoV-2 detection in Kenya, 2021: A field evaluation","https://doi.org/10.1101/2022.05.23.22275439; this","",NA,NA,NA,NA,NA,"sr2_original_153",NA,"original_ft_exclude","original","10.1101/2022.05.23.22275439"
"V. Martín?sánchez; T. Fernández?villa; A. Carvajal Urueña; A. Rivero Rodríguez; S. Reguero Celada; G. Sánchez Antolín; J. P. Fernández?vázquez","Role of rapid antigen testing in population?based sars?cov?2 screening","https://doi.org/10.3390/jcm10173854","",NA,NA,NA,NA,NA,"sr2_original_154",NA,"original_ft_exclude","original","10.3390/jcm10173854"
"W. Matias; S. Suliman; I. Fulcher; F. Molano; S. Collins; E. Uceta; J. Zhu; R. Paxton; S. Gonsalves; M. Harden; M. Fisher; J. Meldrim; S. Gabriel; M. Franke;
D. Hung; S. Smole; L. Madoff; L. Ivers","Evaluation of the Access Bio CareStart™ Rapid SARS-CoV-2 Antigen Test in Asymptomatic Individuals Tested at a Community Mass-testing Program in Western Massachusetts","doi: https://doi.org/10.1101/2021.06.17.21259109;","",NA,NA,NA,NA,NA,"sr2_original_155",NA,"original_ft_exclude","original","10.1101/2021.06.17.21259109"
"O. Mboma; E. Rieke; P. Ahmad-Nejad; S. Wirth; M. Aydin","Diagnostic Performance of SARS-CoV-2 Rapid Antigen Test in a Large, German Cohort","https://doi.org/10.3390/children8080682","",NA,NA,NA,NA,NA,"sr2_original_156",NA,"original_ft_exclude","original","10.3390/children8080682"
"A. Medoro; S. Davinelli; S. Voccola; G. Cardinale; D. Passarella; N. Marziliano; M. Intrieri","Assessment of the Diagnostic Performance of a Novel SARS-CoV-2 Antigen Sealing Tube Test Strip (Colloidal Gold) as Point-of-Care Surveillance Test","https://doi.org/10.3390/diagnostics12051279","",NA,NA,NA,NA,NA,"sr2_original_157",NA,"original_ft_exclude","original","10.3390/diagnostics12051279"
"P. Merino-Amador; P. González- Donapetry; M. Domínguez-Fernández; F. González-Romo; M. Sánchez-Castellano;
A. Seoane-Estevez; A. Delgado-Iribarren;
J. García; G. Bou; M. Cuenca-Estrella; J. Oteo-Iglesias","Clinitest rapid COVID-19 antigen test for the diagnosis of SARS-CoV-2 infection: A multicenter evaluation study","https://doi.org/10.1016/j.jcv.2021.104961","",NA,NA,NA,NA,NA,"sr2_original_158",NA,"original_ft_exclude","original","10.1016/j.jcv.2021.104961"
"A. Mirahmadizadeh; B. S. Yeganeh; J. Hassanzadeh; L. Badiee; M. Vali; Z. Maleki; A. Akbari; T. Pakdel; H. Ghaem","Value of rapid antigen test in comparison with reverse transcriptase-polymerase chain reaction method in the diagnosis of covid-19","DOI: 10.4274/mjima.galenos.2021.2021.2","",NA,NA,NA,NA,NA,"sr2_original_159",NA,"original_ft_exclude","original","10.4274/mjima.galenos.2021.2021.2"
"S. L. Mitchell; S. Orris; T. Freeman; M. C. Freeman; M. Adam; M. Axe; J. Gribschaw;
J. Suyama; A. Hoberman; A. Wells","Performance of SARS-CoV-2 antigen testing in symptomatic and asymptomatic adults: a single-center evaluation","https://doi.org/10.1186/s12879-021-06716-1","",NA,NA,NA,NA,NA,"sr2_original_160",NA,"original_ft_exclude","original","10.1186/s12879-021-06716-1"
"A. Mungomklang; N. Trichaisri; J. Jirachewee; J. Sukprasert; W. Tulalamba;
V. Viprakasit","Limited Sensitivity of a Rapid SARS-CoV-2 Antigen Detection Assay for Surveillance of Asymptomatic Individuals in Thailand","doi:10.4269/ajtmh.21-0809","",NA,NA,NA,NA,NA,"sr2_original_161",NA,"original_ft_exclude","original","10.4269/ajtmh.21-0809"
"Bulemba; M. Josephine; B. Moniek; A. Alain; R. G. Tracy; R. Morten; A. S. Jilian;
E. Camille; M. Mathabo; M. Mooko Sekhele; V. Margaretha Daniel de; R.
Klaus","Head-to-head comparison of nasal and nasopharyngeal sampling using SARS-CoV-2 rapid antigen testing in Lesotho","doi: https://doi.org/10.1101/2021.12.29.21268505;","",NA,NA,NA,NA,NA,"sr2_original_162",NA,"original_ft_exclude","original","10.1101/2021.12.29.21268505"
"D. Paul; A. Gupta; S. Rooge; E. Gupta","Performance evaluation of automated chemiluminescence immunoassay based antigen detection - Moving towards more reliable ways to predict SARS-CoV-2 infection","https://doi.org/10.1016/j.jviromet.2021.114299","",NA,NA,NA,NA,NA,"sr2_original_163",NA,"original_ft_exclude","original","10.1016/j.jviromet.2021.114299"
"R. E. Pollreis; C. Roscoe; R. J. Phinney; S.
S. Malesha; M. C. Burns; A. Ceniseros; C.
H. Washington; A. J. Nutting; C. L. Ball","Evaluation of the Abbott BinaxNOW COVID-19 Test Ag Card for rapid detection of SARS-CoV-2 infection by a local public health district with a rural population","https://doi.org/10.1371/journal.pone.0260862","",NA,NA,NA,NA,NA,"sr2_original_165",NA,"original_ft_exclude","original","10.1371/journal.pone.0260862"
"I. Polvere; S. Voccola; S. D’andrea; L. Zerillo; R. Varricchio; J. R. Madera; R. Stilo; P. Vito; T. Zotti","Evaluation of FAST COVID-19 SARS-CoV-2 Antigen Rapid Test Kit for Detection of SARS-CoV-2 in Respiratory Samples from Mildly Symptomatic or Asymptomatic Patients","https://doi.org/10.3390/diagnostics12030650","",NA,NA,NA,NA,NA,"sr2_original_166",NA,"original_ft_exclude","original","10.3390/diagnostics12030650"
"T. Prazuck; A. Gravier; D. Pires-Roteira; A. Theillay; S. Pallay; M. Colin; R. Serreau; L. Hocqueloux; N. G. Cassuto","Evaluation of A NEW “All in One” SARS-CoV-2 antigen-detecting rapid diagnostic test AND self-test: diagnostic performance and usability in child and adult populationS","DOI: 10.1002/jmv.27812","",NA,NA,NA,NA,NA,"sr2_original_167",NA,"original_ft_exclude","original","10.1002/jmv.27812"
"T. R. Randriamahazo; A. M. Andrianarivelo; A. T. Rakotoarivo; T. M. Raheritiana; L. A. Rakotovao; Z. A. Randriamanantany; A. O. Rakoto Alson; A. Rasamindrakotroka","Evaluation of antigen-based rapid detection test for the diagnosis of SARS CoV-2 in low-income countries","https://doi.org/10.1016/j.jviromet.2021.114409","",NA,NA,NA,NA,NA,"sr2_original_168",NA,"original_ft_exclude","original","10.1016/j.jviromet.2021.114409"
"P. V. Roderick; S. Ewoud; H. Lotty; K. V. Irene; B. Wouter; D. P. Suzan; F. Z. Vivian;
B. L. Esther; H. Marloes; K. Marco; M. Richard; W. Constantijn; H. V. Irene; C. S. Leonard; R. S. N.-I. Carla; G. H. H. Wanda;
H. Susan van den; A. J. K. Jan; H. H. M. v.
d. W. Janneke; G. M. M. Karel","Diagnostic accuracy of SARS-CoV-2 rapid antigen self-tests in asymptomatic individuals in the Omicron period: cross sectional study","https://doi.org/10.1016/j.cmi.2022.11.004","",NA,NA,NA,NA,NA,"sr2_original_169",NA,"original_ft_exclude","original","10.1016/j.cmi.2022.11.004"
"S. Roger; C. Lefeuvre; A. Pivert; A. Ducancelle; D. Savary; É. Bouthry; H. Le Guillou-Guillemette","What is the true place of the SARS-CoV-2 rapid point-of-care antigen test in the hospital setting? Lessons learned from real life","DOI: 10.1002/jmv.27505","",NA,NA,NA,NA,NA,"sr2_original_170",NA,"original_ft_exclude","original","10.1002/jmv.27505"
"J. G. Routsias; M. Mavrouli; P. Tsoplou; K.
Dioikitopoulou; A. Tsakris","Diagnostic performance of rapid antigen tests (RATs) for SARS-CoV-2 and their
efficacy in monitoring the infectiousness of COVID-19 patients","https://doi.org/10.1038/s41598-021-02197-z","",NA,NA,NA,NA,NA,"sr2_original_171",NA,"original_ft_exclude","original","10.1038/s41598-021-02197-z"
"N. Saito; S. Kosaihira","Evaluation of the clinical feasibility of severe acute respiratory syndrome coronavirus 2 antigen qualitative testing using saliva","PMID: 35644552","",NA,NA,NA,NA,NA,"sr2_original_172",NA,"original_ft_exclude","original",NA
"A. Sania; A. N. Alam; A. S. M. Alamgir; J. Andrecka; E. Brum; F. Chadwick; T. Chowdhury; Z. Hasan; D. L. Hill; F. Khan;
M. Kundegorski; S. Lee; M. Rahman; Y. K.
Rayport; T. Shirin; M. Tasneem; K. Hampson","Rapid antigen testing by community health workers for detection of SARS-CoV-2 in Dhaka, Bangladesh: a cross-sectional study","(http://dx.doi.org/10.1136/bmjopen-2022-060832).","",NA,NA,NA,NA,NA,"sr2_original_173",NA,"original_ft_exclude","original","10.1136/bmjopen-2022-060832)"
"S. A. Sazed; M. G. Kibria; M. S. Hossain;
M. F. Zamil; P. C. Adhikary; M. E. Hossain;
D. Ahmed; R. Haque; M. S. Alam","Clinical Evaluation of a New Antigen-Based COVID-19 Rapid Diagnostic Test from Symptomatic Patients","https://doi.org/10.3390/diagnostics11122300","",NA,NA,NA,NA,NA,"sr2_original_174",NA,"original_ft_exclude","original","10.3390/diagnostics11122300"
"G. Sberna; F. Basile; M. L. Guarino; M. R. Capobianchi; L. Bordi; G. Parisi","Comparison of Allplex™ SARS-CoV-2 Assay, Easy SARS-CoV-2 WE and Lumipulse quantitative SARS-CoV-2 antigen test performance using automated systems for the diagnosis of COVID-19","https://doi.org/10.1016/j.ijid.2021.09.069","",NA,NA,NA,NA,NA,"sr2_original_175",NA,"original_ft_exclude","original","10.1016/j.ijid.2021.09.069"
"J. Schrom; C. Marquez; G. Pilarowski; C.
Y. Wang; A. Mitchell; R. Puccinelli; D. Black; S. Rojas; S. Ribeiro; V. Tulier-Laiwa;
J. Martinez; J. Payan; S. Rojas; D. Jones;
D. Martinez; R. Nakamura; G. Chamie; V. Jain; M. Petersen; J. DeRisi; D. Havlir","Comparison of SARS-CoV-2 Reverse Transcriptase Polymerase Chain Reaction and BinaxNOW Rapid Antigen Tests at a Community Site During an Omicron Surge : A Cross-Sectional Study","doi:10.7326/M22-0202","",NA,NA,NA,NA,NA,"sr2_original_176",NA,"original_ft_exclude","original","10.7326/M22-0202"
"E. Schuit; I. K. Veldhuijzen; R. P. Venekamp; W. Van Den Bijllaardt; S. D. Pas; E. B. Lodder; R. Molenkamp; C. H. Geurtsvankessel; J. Velzing; R. C. Huisman; L. Brouwer; T. L. Boelsums; G. J. Sips; K. S. M. Benschop; L. Hooft; J. H. H.
M. Van De Wijgert; S. Van Den Hof; K. G.
M. Moons","Diagnostic accuracy of rapid antigen tests in asymptomatic and presymptomatic close contacts of individuals with confirmed SARS-CoV-2 infection: Cross sectional study","http://dx.doi.org/10.1136/bmj.n1676","",NA,NA,NA,NA,NA,"sr2_original_177",NA,"original_ft_exclude","original","10.1136/bmj.n1676"
"M. M. Shah; P. P. Salvatore; L. Ford; E. Kamitani; M. J. Whaley; K. Mitchell; D. W. Currie; C. N. Morgan; H. E. Segaloff; S. Lecher; T. Somers; M. E. Van Dyke; J. P. Bigouette; A. Delaney; J. DaSilva; M. O'Hegarty; L. Boyle-Estheimer; F. Abdirizak; S. E. Karpathy; J. Meece; L. Ivanic; K. Goffard; D. Gieryn; A. Sterkel; A. Bateman; J. Kahrs; K. Langolf; T. Zochert;
N. W. Knight; C. H. Hsu; H. L. Kirking; J. E.
Tate","Performance of Repeat BinaxNOW Severe Acute Respiratory Syndrome Coronavirus 2 Antigen Testing in a Community Setting, Wisconsin, November 2020-December 2020","DOI: 10.1093/cid/ciab309","",NA,NA,NA,NA,NA,"sr2_original_178",NA,"original_ft_exclude","original","10.1093/cid/ciab309"
"A. Sharma; S. Karade; K. B. Anand; M.
Lall; S. Sen; S. Patrikar; N. Naithani","Speed versus Sensitivity: Performance of SARS-CoV-2 Rapid Antigen Test in the
Hospital Setting","DOI:10.4103/jmms.jmms_29_21","",NA,NA,NA,NA,NA,"sr2_original_179",NA,"original_ft_exclude","original","10.4103/jmms.jmms_29_21"
"J. Staerk-Østergaard; C. Kirkeby; L. E. Christiansen; M. A. Andersen; C. H. Møller;
M. Voldstedlund; M. J. Denwood","Evaluation of diagnostic test procedures for SARS-CoV-2 using latent class models","DOI: 10.1002/jmv.27943","",NA,NA,NA,NA,NA,"sr2_original_180",NA,"original_ft_exclude","original","10.1002/jmv.27943"
"B. Winkel; E. Schram; H. Gremmels; S. Debast; R. Schuurman; A. Wensing; M. Bonten; E. Goedhart; M. Hofstra","Screening for SARS-CoV-2 infection in asymptomatic individuals using the Panbio COVID-19 antigen rapid test (Abbott) compared with RT-PCR: a prospective cohort study","(http://dx.doi.org/10.1136/bmjopen-2020-048206)","",NA,NA,NA,NA,NA,"sr2_original_181",NA,"original_ft_exclude","original","10.1136/bmjopen-2020-048206)"
"Teklemariam Z. F. D. A. A. A. A. D. A. T. A.
S. N. M. A. B. M. Teklemariam","Performance evaluation of the Panbio™ COVID-19 Ag Rapid Test Device (Abbott) in detecting Severe Acute Respiratory Syndrome Coronavirus 2 (SARS-CoV-2) at the point of care, Harar, Eastern Ethiopia (preprint)","https://doi.org/10.21203/rs.3.rs-1498537/v1","",NA,NA,NA,NA,NA,"sr2_original_182",NA,"original_ft_exclude","original","10.21203/rs.3.rs-1498537/v1"
"M. N. Begum; M. Jubair; K. Nahar; S. Rahman; M. Talha; M. S. Sarker; A. Uddin;
S. Khaled; M. S. Uddin; Z. Li; T. Ke; M. Z.
Rahman; M. Rahman","Factors influencing the performance of rapid SARS-CoV-2 antigen tests under field condition","DOI: 10.1002/jcla.24203","",NA,NA,NA,NA,NA,"sr2_original_183",NA,"original_ft_exclude","original","10.1002/jcla.24203"
"P. de Michelena; I. Torres; Á. Ramos- García; V. Gosalbes; N. Ruiz; A. Sanmartín; P. Botija; S. Poujois; D.
Huntley; E. Albert; D. Navarro","Real-life performance of a COVID-19 rapid antigen detection test targeting the SARS- CoV-2 nucleoprotein for diagnosis of COVID-19 due to the Omicron variant","https://doi.org/10.1016/j.jinf.2022.02.022","",NA,NA,NA,NA,NA,"sr2_original_185",NA,"original_ft_exclude","original","10.1016/j.jinf.2022.02.022"
"P. Drain; R. Sulaiman; M. Hoppers; N. M. Lindner; V. Lawson; J. E. Ellis","Performance of the LumiraDx Microfluidic Immunofluorescence Point-of-Care SARS- CoV-2 Antigen Test in Asymptomatic Adults and Children","HTTPS://DOI.ORG/10.1093/AJCP/AQAB173","",NA,NA,NA,NA,NA,"sr2_original_186",NA,"original_ft_exclude","original","10.1093/AJCP/AQAB173"
"T. Fekete","In adults and children in the ED with COVID-19 symptoms or a confirmed contact, a
rapid POC antigen test had ?72% sensitivity and ?99% specificity vs. RT-PCR","PMID: 34224272","",NA,NA,NA,NA,NA,"sr2_original_187",NA,"original_ft_exclude","original",NA
"J. P. Fernández-Vázquez; S. Reguero; G. Sánchez-Antolín; V. Martín-Sánchez","Population-based screening for acute SARS-CoV-2 infection using rapid antigen testing and the 5% pre-test probability. Is the specificity our problem?","https://doi.org/10.1016/j.eimc.2021.04.007","",NA,NA,NA,NA,NA,"sr2_original_188",NA,"original_ft_exclude","original","10.1016/j.eimc.2021.04.007"
"H. Flinck; D. Kerimov; B. Luukinen; T.
Seiskari; J. Aittoniemi","Evaluation of the Roche-SD Biosensor rapid antigen test: Antigen is not reliable in
detecting SARS-CoV-2 at the early stage of infection with respiratory symptoms","https://doi.org/10.1016/j.diagmicrobio.2021.115628","",NA,NA,NA,NA,NA,"sr2_original_189",NA,"original_ft_exclude","original","10.1016/j.diagmicrobio.2021.115628"
"C. Guo; L. Yao; F. Chen; C. Zhang; W. Chen","Development and performance verification of colloidal gold labeled SARS-CoV-2 antigen detection method for routine popular screening of COVID-19 with clinical samples in Poland and China","doi: https://doi.org/10.1101/2021.11.22.21266719;","",NA,NA,NA,NA,NA,"sr2_original_190",NA,"original_ft_exclude","original","10.1101/2021.11.22.21266719"
"M. C. Montalvo Villalba; E. Sosa Glaria; L.
L. A. Rodriguez Lay; O. Valdés Ramirez; D. Vallina García; A. Arencibia Garcia; J. Martinez Alfonso; D. M. Menes Llerena; L. Torres Pérez; S. R. Resik Aguirre; M. G.
Guzman Tirado","Performance evaluation of Elecsys SARS-CoV-2 Antigen immunoassay for diagnostic of COVID-19","DOI: 10.1002/jmv.27412","",NA,NA,NA,NA,NA,"sr2_original_193",NA,"original_ft_exclude","original","10.1002/jmv.27412"
"L. Shen; Q. Zhang; X. Luo; H. Xiao; M. Gu;
L. Cao; F. Zhao; Z. Chen","A rapid lateral flow immunoassay strip for detection of SARS-CoV-2 antigen using
latex microspheres","DOI: 10.1002/jcla.24091","",NA,NA,NA,NA,NA,"sr2_original_194",NA,"original_ft_exclude","original","10.1002/jcla.24091"
"P. Sicilia; G. Castro; A. C. Fantilli; R. Gierotto; L. López; M. G. Barbás; M. B. Pisano; V. E. Ré","Rapid screening of SARS-CoV-2 infection: Good performance of nasopharyngeal and Nasal Mid-Turbinate swab for antigen detection among symptomatic and asymptomatic individuals","https://doi.org/10.1371/journal.pone.0266375","",NA,NA,NA,NA,NA,"sr2_original_195",NA,"original_ft_exclude","original","10.1371/journal.pone.0266375"
"N. O. Simon; O. Kephas; D. Shannen van;
B. Hellen; R. A. Emily; A. Isdora; M. O. Corrie; K. O. Alloys; H. Nathalie; M. Emmanuel; A. Robert; O. Fredrick; O. Albert; K. Simon; F. R. d. W. Tobias","Field performance of NowCheck Rapid antigen test for SARS-CoV-2 in Kisumu County, western Kenya","??","",NA,NA,NA,NA,NA,"sr2_original_196",NA,"original_ft_exclude","original",NA
"Möckel M.Corman V. M.Stegemann M. S.Hofmann J.Stein A.Jones T.  C.Gastmeier P.Seybold J.Offermann R.Bachmann U.Lindner T.Bauer W.Drosten C.Rosen A.Somasundaram R.","SARS-CoV-2 antigen rapid immunoassay for diagnosis of COVID-19 in the emergency department","https://doi.org/10.1080/1354750X.2021.1876769","",NA,NA,NA,NA,NA,"sr2_original_197",NA,"original_ft_exclude","original","10.1080/1354750X.2021.1876769"
"A. Farhana; D. Zahoor; S. Wani; R. A. Khan; R. Nasir; F. Kanth","Diagnostic utility and performance of rapid antigen test in SARS CoV- 2 in symptomatic and asymptomatic patients during the second pandemic wave in Kashmir, North India","https://doi.org/10.1016/j.ijmmb.2022.06.007","",NA,NA,NA,NA,NA,"sr2_original_198",NA,"original_ft_exclude","original","10.1016/j.ijmmb.2022.06.007"
"Che XY, Qiu LW, Pan YX, Wen K, Hao W, Zhang LY, Wang YD, Liao ZY, Hua X, Cheng VC, Yuen KY.","Sensitive and specific monoclonal antibody-based capture enzyme immunoassay for detection of nucleocapsid antigen in sera from patients with severe acute respiratory syndrome","DOI: 10.1128/JCM.42.6.2629–2635.2004","",NA,NA,NA,NA,NA,"sr2_original_199",NA,"original_ft_exclude","original","10.1128/JCM.42.6.2629–2635.2004"
"Kimpston-Burkgren K.Mora-Díaz J. C.Roby P.Bjustrom-Kraft J.Main R.Bosse R.Giménez-Lirola L. G.","Characterization of the humoral immune response to porcine epidemic diarrhea virus infection under experimental and field conditions using an AlphaLISA platform","doi:10.3390/pathogens9030233","",NA,NA,NA,NA,NA,"sr2_original_200",NA,"original_ft_exclude","original","10.3390/pathogens9030233"
"Yamayoshi S.Sakai-Tagawa Y.Koga M.Akasaka O.Nakachi I.Koh H.Maeda K.Adachi E.Saito M.Nagai H.Ikeuchi K.Ogura T.Baba R.Fujita K.Fukui T.Ito F.Hattori S. I.Yamamoto K.Nakamoto T.Furusawa Y.Yasuhara A.Ujie M.Yamada S.Ito M.Mitsuya H.Omagari N.Yotsuyanagi H.Iwatsuki-Horimoto K.Imai M.Kawaoka Y.","Comparison of Rapid Antigen Tests for COVID-19","doi:10.3390/v12121420","",NA,NA,NA,NA,NA,"sr2_original_201",NA,"original_ft_exclude","original","10.3390/v12121420"
"Zonneveld RensJurriaans Suzannevan Gool TomHofstra Jorrit J.Hekker Thecla A. M.Defoer PienBroekhuizen-van Haaften Patricia E.Wentink-Bonnema Ellen M.Boonkamp LynnTeunissen Charlotte E.Heijboer Annemieke C.Martens Fransde Bree Godelievevan Vugt Michelevan Houdt Robin","Head-to-head validation of six immunoassays for SARS-CoV-2 in hospitalized patients","https://doi.org/10.1016/j.jcv.2021.104821","",NA,NA,NA,NA,NA,"sr2_original_202",NA,"original_ft_exclude","original","10.1016/j.jcv.2021.104821"
"Chilkoti Ashutosh","Multiplex point-of-care test for diagnosis, prognosis and serology of COVID19","1R01AI159992-01A1","",NA,NA,NA,NA,NA,"sr2_original_203",NA,"original_ft_exclude","original",NA
"Huang C. B.Kang S.Yu F. X.Wei Z. R.","The Synthesis of a Two-Photon Fluorescence Labelling Probe and its Immunochromatographic Strip for Rapid Diagnosis of COVID-19","https://doi.org/10.1071/CH20344","",NA,NA,NA,NA,NA,"sr2_original_204",NA,"original_ft_exclude","original","10.1071/CH20344"
"Kim S.Hao Y.Miller E. A.Tay D. M. Y.Yee E.Kongsuphol P.Jia H.McBee M.Preiser P. R.Sikes H. D.","Vertical Flow Cellulose-Based Assays for SARS-CoV-2 Antibody Detection in Human Serum","https://doi.org/10.1021/acssensors.1c00235","",NA,NA,NA,NA,NA,"sr2_original_205",NA,"original_ft_exclude","original","10.1021/acssensors.1c00235"
"Kittel M.Muth M.Zahn I.Roth P.Thiaucourt M.Gerhards C.Haselmann V.Neumaier M.Findeisen P.","Clinical evaluation of commercial automated SARS-CoV-2 immunoassays","https://doi.org/10.1016/j.ijid.2020.12.003","",NA,NA,NA,NA,NA,"sr2_original_206",NA,"original_ft_exclude","original","10.1016/j.ijid.2020.12.003"
"Klausberger M.Duerkop M.Haslacher H.Wozniak-Knopp G.Cserjan-Puschmann M.Perkmann T.Lingg N.Aguilar P. P.Laurent E.De Vos J.Hofner M.Holzer B.Stadler M.Manhart G.Vierlinger K.Egger M.Milchram L.Gludovacz E.Marx N.Köppl C.Tauer C.Beck J.Maresch D.Grünwald- Gruber C.Strobl F.Satzer P.Stadlmayr G.Vavra U.Huber J.Wahrmann M.Eskandary F.Breyer M. K.Sieghart D.Quehenberger P.Leitner G.Strassl R.Egger A. E.Irsara C.Griesmacher A.Hoermann G.Weiss G.Bellmann-Weiler R.Loeffler-Ragg J.Borth N.Strasser R.Jungbauer A.Hahn R.Mairhofer J.Hartmann B.Binder N. B.Striedner G.Mach L.Weinhäusel A.Dieplinger B.Grebien F.Gerner W.Binder C.
J.Grabherr R.","A comprehensive antigen production and characterisation study for easy-to- implement, specific and quantitative SARS-CoV-2 serotests","https://doi.org/10.1016/j.ebiom.2021.103348","",NA,NA,NA,NA,NA,"sr2_original_207",NA,"original_ft_exclude","original","10.1016/j.ebiom.2021.103348"
"Krishnamurthy H. K.Jayaraman V.Krishna K.Rajasekaran K. E.Wang T.Bei K.Rajasekaran J. J.Yaskin I.Rai A. J.Choung R. S.Murray J. A.","Antibody profiling and prevalence in US patients during the SARS-CoV2 pandemic","https://doi.org/10.1371/journal.pone.0242655","",NA,NA,NA,NA,NA,"sr2_original_208",NA,"original_ft_exclude","original","10.1371/journal.pone.0242655"
"Kruse Robert L.Huang YutingSmetana HeatherGehrie Eric A.Amukele Timothy K.Tobian Aaron A. R.Mostafa Heba H.Wang Zack Z.","A rapid, point-of-care red blood cell agglutination assay detecting antibodies against SARS-CoV-2","https://doi.org/10.1016/j.bbrc.2021.03.016","",NA,NA,NA,NA,NA,"sr2_original_209",NA,"original_ft_exclude","original","10.1016/j.bbrc.2021.03.016"
"Kubo S.Ohtake N.Miyakawa K.Jeremiah S. S.Yamaoka Y.Murohashi K.Hagiwara E.Mihara T.Goto A.Yamazaki E.Ogura T.Kaneko T.Yamanaka T.Ryo A.","Development of an Automated Chemiluminescence Assay System for Quantitative Measurement of Multiple Anti-SARS-CoV-2 Antibodies","doi: 10.3389/fmicb.2020.628281","",NA,NA,NA,NA,NA,"sr2_original_210",NA,"original_ft_exclude","original","10.3389/fmicb.2020.628281"
"Pegoraro M.Militello V.Salvagno G. L.Gaino S.Bassi A.Caloi C.Peretti A.Bizzego S.Poletto L.Bovo C.Lippi G.Lo
Cascio G.","Evaluation of three immunochromatographic tests in COVID-19 serologic diagnosis and their clinical usefulness","https://doi.org/10.1007/s10096-020-04040-1","",NA,NA,NA,NA,NA,"sr2_original_211",NA,"original_ft_exclude","original","10.1007/s10096-020-04040-1"
"Prendecki M.Clarke C.McKinnon T.Lightstone L.Pickering M. C.Thomas D. C.McAdoo S. P.Willicombe M.","SARS-CoV-2 Antibody Point-of-Care Testing in Dialysis and Kidney Transplant Patients With COVID-19","doi: 10.1016/j.xkme.2020.09.010","",NA,NA,NA,NA,NA,"sr2_original_212",NA,"original_ft_exclude","original","10.1016/j.xkme.2020.09.010"
"Van Elslande J.Houben E.Depypere M.Brackenier A.Desmet S.André E.Van Ranst M.Lagrou K.Vermeersch P.","Diagnostic performance of seven rapid IgG/IgM antibody tests and the Euroimmun IgA/IgG ELISA in COVID-19 patients","https://doi.org/10.1016/j.cmi.2020.05.023","",NA,NA,NA,NA,NA,"sr2_original_213",NA,"original_ft_exclude","original","10.1016/j.cmi.2020.05.023"
"Yun S.Ryu J. H.Jang J. H.Bae H.Yoo S. H.Choi A. R.Jo S. J.Lim J.Lee J.Ryu H.Cho
S. Y.Lee D. G.Lee J.Kim S. C.Park Y.
J.Lee H.Oh E. J.","Comparison of SARS-CoV-2 Antibody Responses and Seroconversion in COVID-19 Patients Using Twelve Commercial Immunoassays","https://doi.org/10.3343/alm.2021.41.6.577","",NA,NA,NA,NA,NA,"sr2_original_214",NA,"original_ft_exclude","original","10.3343/alm.2021.41.6.577"
"Zainol Rashid Z.Othman S. N.Abdul Samat
M. N.Ali U. K.Wong K. K.","Diagnostic performance of COVID-19 serology assays","PMID: 32342927","",NA,NA,NA,NA,NA,"sr2_original_215",NA,"original_ft_exclude","original",NA
"Zhao B.Che C.Wang W.Li N.Cunningham
B. T.","Single-step, wash-free digital immunoassay for rapid quantitative analysis of serological antibody against SARS-CoV-2 by photonic resonator absorption microscopy","https://doi.org/10.1016/j.talanta.2020.122004","",NA,NA,NA,NA,NA,"sr2_original_216",NA,"original_ft_exclude","original","10.1016/j.talanta.2020.122004"
"Zhou Jin-AnZeng Hao-LongDeng Ling- YanLi Hui-Jun","Clinical Performance of SARS-CoV-2 IgG and IgM Tests Using an Automated Chemiluminescent Assay","https://doi.org/10.1007/s11596-021-2349-7","",NA,NA,NA,NA,NA,"sr2_original_217",NA,"original_ft_exclude","original","10.1007/s11596-021-2349-7"
"Zhou X.","A novel one-step quick assay for detection of SARS-COV2 antibodies across
mammalian species","DOI 10.7717/peerj.11381","",NA,NA,NA,NA,NA,"sr2_original_218",NA,"original_ft_exclude","original","10.7717/peerj.11381"
"Zhou Y.Chen Y.Liu Y.Fang H.Huang X.Leng Y.Liu Z.Hou L.Zhang W.Lai W.Xiong Y.","Controlled copper in situ growth-amplified lateral flow sensors for sensitive, reliable, and field-deployable infectious disease diagnostics","https://doi.org/10.1016/j.bios.2020.112753","",NA,NA,NA,NA,NA,"sr2_original_219",NA,"original_ft_exclude","original","10.1016/j.bios.2020.112753"
"R. Agustina; A. F. Syam; F. Wirawan; I. S. Widyahening; A. J. Rahyussalim; Y. Yusra;
D. Rianda; E. Burhan; N. Salama; R.
Daulay; A. R. V. Halim; A. H. Shankar","Integration of symptomatic, demographical and diet-related comorbidities data with SARS-CoV-2 antibody rapid diagnostic tests during epidemiological surveillance: a cross-sectional study in Jakarta, Indonesia","http://dx.doi.org/10.1136/bmjopen-2020-047763","",NA,NA,NA,NA,NA,"sr2_original_220",NA,"original_ft_exclude","original","10.1136/bmjopen-2020-047763"
"Ahmadivand ArashGerislioglu BurakRamezani ZeinabKaushik AjeetManickam PandiarajGhoreishi S. Amir","Functionalized terahertz plasmonic metasensors: Femtomolar-level detection of SARS-CoV-2 spike proteins","https://doi.org/10.1016/j.bios.2021.112971","",NA,NA,NA,NA,NA,"sr2_original_221",NA,"original_ft_exclude","original","10.1016/j.bios.2021.112971"
"Amendola A.Sberna G.Lalle E.Colavita F.Castilletti C.Menchinelli G.Posteraro B.Sanguinetti M.Ippolito G.Bordi L.Capobianchi M. R.On Behalf Of Inmi Covid-Study Group","Saliva Is a Valid Alternative to Nasopharyngeal Swab in Chemiluminescence-Based Assay for Detection of SARS-CoV-2 Antigen","https://doi.org/10.3390/jcm10071471","",NA,NA,NA,NA,NA,"sr2_original_222",NA,"original_ft_exclude","original","10.3390/jcm10071471"
"Asai N.Sakanashi D.Ohashi W.Nakamura A.Kawamoto Y.Miyazaki N.Ohno T.Yamada A.Chida S.Shibata Y.Kato H.Shiota A.Hagihara M.Koita I.Yamagishi Y.Suematsu H.Ohta H.Mikamo H.","Efficacy and validity of automated quantitative chemiluminescent enzyme immunoassay for SARS-CoV-2 antigen test from saliva specimen in the diagnosis of COVID-19","https://doi.org/10.1016/j.jiac.2021.03.021","",NA,NA,NA,NA,NA,"sr2_original_223",NA,"original_ft_exclude","original","10.1016/j.jiac.2021.03.021"
"Barlev-Gross M.Weiss S.Ben-Shmuel A.Sittner A.Eden K.Mazuz N.Glinert I.Bar- David E.Puni R.Amit S.Kriger O.Schuster O.Alcalay R.Makdasi E.Epstein E.Noy- Porat T.Rosenfeld R.Achdout H.Mazor O.Israely T.Levy H.Mechaly A.","Spike vs nucleocapsid SARS-CoV-2 antigen detection: application in nasopharyngeal swab specimens","https://doi.org/10.1007/s00216-021-03298-4","",NA,NA,NA,NA,NA,"sr2_original_224",NA,"original_ft_exclude","original","10.1007/s00216-021-03298-4"
"Diao B.Wen K.Zhang J.Chen J.Han
C.Chen Y.Wang S.Deng G.Zhou H.Wu Y.","Accuracy of a nucleocapsid protein antigen rapid test in the diagnosis of SARS-CoV-2
infection","https://doi.org/10.1016/j.cmi.2020.09.057","",NA,NA,NA,NA,NA,"sr2_original_226",NA,"original_ft_exclude","original","10.1016/j.cmi.2020.09.057"
"Gili A.Paggi R.Russo C.Cenci E.Pietrella D.Graziani A.Stracci F.Mencacci A.","Evaluation of Lumipulse® G SARS-CoV-2 antigen assay automated test for detecting SARS-CoV-2 nucleocapsid protein (NP) in nasopharyngeal swabs for community and population screening","https://doi.org/10.1016/j.ijid.2021.02.098","",NA,NA,NA,NA,NA,"sr2_original_227",NA,"original_ft_exclude","original","10.1016/j.ijid.2021.02.098"
"Hirotsu Y.Maejima M.Shibusawa M.Amemiya K.Nagakubo Y.Hosaka K.Sueki H.Hayakawa M.Mochizuki H.Tsutsui T.Kakizaki Y.Miyashita Y.Omata M.","Analysis of a persistent viral shedding patient infected with SARS-CoV-2 by RT- qPCR, FilmArray Respiratory Panel v2.1, and antigen detection","https://doi.org/10.1016/j.jiac.2020.10.026","",NA,NA,NA,NA,NA,"sr2_original_228",NA,"original_ft_exclude","original","10.1016/j.jiac.2020.10.026"
"Hirotsu Y.Maejima M.Shibusawa M.Nagakubo Y.Hosaka K.Amemiya K.Sueki H.Hayakawa M.Mochizuki H.Tsutsui T.Kakizaki Y.Miyashita Y.Yagi
S.Kojima S.Omata M.","Comparison of automated SARS-CoV-2 antigen test for COVID-19 infection with
quantitative RT-PCR using 313 nasopharyngeal swabs, including from seven serially followed patients","https://doi.org/10.1016/j.ijid.2020.08.029","",NA,NA,NA,NA,NA,"sr2_original_229",NA,"original_ft_exclude","original","10.1016/j.ijid.2020.08.029"
"Kobayashi RyoMurai RyoseiMoriai MikakoNirasawa ShinyaYonezawa HitoshiKondoh TakashiSaeki MasachikaYakuwa YukiSato YukiKatayama YukiNakafuri HirotakaKitayama IkumiAsanuma KoichiFujiya YoshihiroTakahashi Satoshi","Evaluation of false positives in the SARS-CoV-2 quantitative antigen test","https://doi.org/10.1016/j.jiac.2021.06.019","",NA,NA,NA,NA,NA,"sr2_original_230",NA,"original_ft_exclude","original","10.1016/j.jiac.2021.06.019"
"Kiro Vandana VijayetaGupta AnkeshSingh ParulSharad NehaKhurana SurbhiPrakash S.Dar LalitMalhotra RajeshWig NaveetKumar ArvindTrikha AnjanMathur Purva","Evaluation of COVID-19 Antigen Fluorescence Immunoassay Test for Rapid Detection of SARS-CoV-2","DOI:10.4103/jgid.jgid_316_20","",NA,NA,NA,NA,NA,"sr2_original_231",NA,"original_ft_exclude","original","10.4103/jgid.jgid_316_20"
"Kumar K. KiranSampritha U. C.Maganty VandanaPrakash Akshata A.Basumatary JessicaAdappa KarishmaChandraprabha S.Neeraja T. G.Guru Prasad N. S.Preethi B.Gangasagara Suresh BabuSujatha Rathod B. L.","Pre-Operative SARS CoV-2 Rapid Antigen Test and Reverse Transcription Polymerase Chain Reaction: A conundrum in surgical decision making","DOI:10.4103/ijo.IJO_430_21","",NA,NA,NA,NA,NA,"sr2_original_232",NA,"original_ft_exclude","original","10.4103/ijo.IJO_430_21"
"Li J.Lin R.Yang Y.Zhao R.Song S.Zhou
Y.Shi J.Wang L.Song H.Hao R.","Multichannel Immunosensor Platform for the Rapid Detection of SARS-CoV-2 and
Influenza A(H1N1) Virus","https://doi.org/10.1021/acsami.1c05770","",NA,NA,NA,NA,NA,"sr2_original_233",NA,"original_ft_exclude","original","10.1021/acsami.1c05770"
"Li JiranLillehoj Peter B.","Microfluidic Magneto Immunosensor for Rapid, High Sensitivity Measurements of SARS-CoV-2 Nucleocapsid Protein in Serum","https://dx.doi.org/10.1021/acssensors.0c02561","",NA,NA,NA,NA,NA,"sr2_original_234",NA,"original_ft_exclude","original","10.1021/acssensors.0c02561"
"M. Ben Abdelhanin; D. M. Mvumbi; A.
Agathine; N. Nanos; S. Gidenne","Evaluation of the Elecsys SARS-CoV-2 antigen assay for the detection of SARS-CoV-
2 in nasopharyngeal swabs","https://doi.org/10.1016/j.jcv.2021.104991","",NA,NA,NA,NA,NA,"sr2_original_235",NA,"original_ft_exclude","original","10.1016/j.jcv.2021.104991"
"L. Jiménez-Añón; J. Barallat; V. González- Soler; E. Rufo Vicente; S. Martínez-
Couselo; G. Fernández-Rivas","Evaluation of the liaison xl automated sars-cov-2 antigen test","Embase ID Number L636561690","",NA,NA,NA,NA,NA,"sr2_original_236",NA,"original_ft_exclude","original",NA
"A. Marino; A. Bettinardi; G. Borrelli; G. Fiordalisi; G. Saveriampillai; P. Camossi;
G. Falocchi; F. Gimitelli; E. Pelamatti; V.
Maretti; L. Morandini; G. Bonetti","Evaluation of the elecsys sars-cov-2 antigen test","EMBASE | ID: covidwho-1733270","",NA,NA,NA,NA,NA,"sr2_original_237",NA,"original_ft_exclude","original",NA
"T. Mueller; J. Kompatscher; M. La Guardia","Diagnostic performance of the Elecsys SARS-CoV-2 antigen assay in the clinical routine of a tertiary care hospital: Preliminary results from a single-center evaluation","DOI: 10.1002/jcla.23906","",NA,NA,NA,NA,NA,"sr2_original_238",NA,"original_ft_exclude","original","10.1002/jcla.23906"
"A. Ren; D. Sohaei; A. Ulndreaj; O. D. Pons- Belda; A. Fernandez-Uriarte; I. Zacharioudakis; G. B. Sigal; M. Stengelin;
A. Mathew; C. Campbell; N. Padmanabhan; D. Romero; J. Joe; A. Soosaipillai; V. Kulasingam; T. Mazzulli; X.
A. Li; A. McGeer; E. P. Diamandis; I.
Prassas","Ultrasensitive assay for saliva-based SARS-CoV-2 antigen detection","https://doi.org/10.1515/cclm-2021-1142","",NA,NA,NA,NA,NA,"sr2_original_239",NA,"original_ft_exclude","original","10.1515/cclm-2021-1142"
"M. J. Ahava; S. Kurkela; S. Kuivanen; M.
Lappalainen; H. Jarva; A. J. Jääskeläinen","Detection of SARS-CoV-2 nucleocapsid antigen from serum can aid in timing of
COVID-19 infection","https://doi.org/10.1016/j.jviromet.2022.114469","",NA,NA,NA,NA,NA,"sr2_original_240",NA,"original_ft_exclude","original","10.1016/j.jviromet.2022.114469"
"A. Aita; D. Basso; S. Schiavon; L. Rossi; E. Franchin; R. Rigoli; A. Crisanti; M. Plebani","Comparison of the clinical performance of two SARS-CoV-2 antigen testing with rapid chemiluminescent immunoassays","Embase ID Number L637390187","",NA,NA,NA,NA,NA,"sr2_original_241",NA,"original_ft_exclude","original",NA
"V. T. Chu; N. G. Schwartz; M. A. P. Donnelly; M. R. Chuey; R. Soto; A. R. Yousaf; E. N. Schmitt-Matzen; S. Sleweon;
J. Ruffin; N. Thornburg; J. L. Harcourt; A. Tamin; G. Kim; J. M. Folster; L. J. Hughes;
S. Tong; G. Stringer; B. A. Albanese; S. E. Totten; M. M. Hudziec; S. R. Matzinger; E.
A. Dietrich; S. W. Sheldon; S. Stous; E. C. McDonald; B. Austin; M. E. Beatty; J. E. Staples; M. E. Killerby; C. H. Hsu; J. E.
Tate; H. L. Kirking; A. Matanock","Comparison of Home Antigen Testing With RT-PCR and Viral Culture During the Course of SARS-CoV-2 Infection","doi:10.1001/jamainternmed.2022.1827","",NA,NA,NA,NA,NA,"sr2_original_242",NA,"original_ft_exclude","original","10.1001/jamainternmed.2022.1827"
"S. J. Jo; S. H. Shin; J. Kim; S. Lee; J. Lee","Evaluation of the clinical performance of a magnetic force-assisted electrochemical
immunoassay for the detection of SARS-CoV-2 antigens","https://doi.org/10.1371/journal.pone.0258394","",NA,NA,NA,NA,NA,"sr2_original_243",NA,"original_ft_exclude","original","10.1371/journal.pone.0258394"
"M. D. Joshua; T. Thomas; B. B. Mitchell; Y. Yano; D. Julian; M. Charlene; T. George; T. Mona; C. Socheata; Z. Bowen; P. Jacqueline; N. Marilyn; C. Kylie; F. James;
C. Mike; A. W. Deborah","Assessment of twenty-two SARS-CoV-2 rapid antigen tests against SARS-CoV-2: A laboratory evaluation study","https://doi.org/10.1101/2021.12.15.21267691;","",NA,NA,NA,NA,NA,"sr2_original_244",NA,"original_ft_exclude","original","10.1101/2021.12.15.21267691"
"S. Kim; W. Choi","Performance of standard q covid-19 ag home test to detect sars-cov-2 within five
days of disease onset","Embase ID Number L636561836","",NA,NA,NA,NA,NA,"sr2_original_245",NA,"original_ft_exclude","original",NA
"B. Liu; Z. Wu; C. Liang; J. Lu; J. Li; L.
Zhang; T. Li; W. Zhao; Y. Fu; S. Hou; X. Tang; C. Li","Development of a Smartphone-Based Nanozyme-Linked Immunosorbent Assay for Quantitative Detection of SARS-CoV-2 Nucleocapsid Phosphoprotein in Blood","doi: 10.3389/fmicb.2021.692831","",NA,NA,NA,NA,NA,"sr2_original_246",NA,"original_ft_exclude","original","10.3389/fmicb.2021.692831"
"D. Loconsole; F. Centrone; C. Morcavallo;
S. Campanella; A. Sallustio; D. Casulli; M. Accogli; M. Chironna","The Challenge of Using an Antigen Test as a Screening Tool for SARS-CoV-2 Infection in an Emergency Department: Experience of a Tertiary Care Hospital in Southern Italy","https://doi.org/10.1155/2021/3893733","",NA,NA,NA,NA,NA,"sr2_original_247",NA,"original_ft_exclude","original","10.1155/2021/3893733"
"H. Nomoto; K. Yamamoto; G. Yamada; M. Suzuki; N. Kinoshita; J. Takasaki; A. Moriya; K. Maeda; M. Kimura; N. Ohmagari","Time-course evaluation of the quantitative antigen test for severe acute respiratory syndrome coronavirus 2: The potential contribution to alleviating isolation of COVID- 19 patients","https://doi.org/10.1016/j.jiac.2021.08.015","",NA,NA,NA,NA,NA,"sr2_original_248",NA,"original_ft_exclude","original","10.1016/j.jiac.2021.08.015"
"D. Nörz; F. Olearo; S. Perisic; M. F. Bauer;
E. Riester; T. Schneider; K. Schönfeld; T. Laengin; M. Lütgehetmann","Multicenter Evaluation of a Fully Automated High-Throughput SARS-CoV-2 Antigen Immunoassay","https://doi.org/10.1007/s40121-021-00510-x","",NA,NA,NA,NA,NA,"sr2_original_249",NA,"original_ft_exclude","original","10.1007/s40121-021-00510-x"
"A. Osterman; I. Badell; E. Basara; M. Stern; F. Kriesel; M. Eletreby; G. N. Öztan;
M. Huber; H. Autenrieth; R. Knabe; P. M. Späth; M. Muenchhoff; A. Graf; S. Krebs;
H. Blum; J. Durner; L. Czibere; C. Dächert;
L. Kaderali; H. M. Baldauf; O. T. Keppler","Impaired detection of omicron by SARS-CoV-2 rapid antigen tests","https://doi.org/10.1007/s00430-022-00730-z","",NA,NA,NA,NA,NA,"sr2_original_250",NA,"original_ft_exclude","original","10.1007/s00430-022-00730-z"
"A. Osterman; M. Iglhaut; A. Lehner; P. Späth; M. Stern; H. Autenrieth; M. Muenchhoff; A. Graf; S. Krebs; H. Blum; A. Baiker; N. Grzimek-Koschewa; U. Protzer;
L. Kaderali; H. M. Baldauf; O. T. Keppler","Comparison of four commercial, automated antigen tests to detect SARS-CoV-2 variants of concern","https://doi.org/10.1007/s00430-021-00719-0","",NA,NA,NA,NA,NA,"sr2_original_251",NA,"original_ft_exclude","original","10.1007/s00430-021-00719-0"
"A. Puyskens; E. Krause; J. Michel; C. M. Nübling; H. Scheiblauer; D. Bourquain; M. Grossegesse; R. Valusenko; V. M.  Corman; C. Drosten; K. Zwirglmaier; R. Wölfel; C. Lange; J. Kramer; J. Friesen; R. Ignatius; M. Müller; J. Schmidt-Chanasit; P.
Emmerich; L. Schaade; A. Nitsche","Establishment of a specimen panel for the decentralised technical evaluation of the
sensitivity of 31 rapid diagnostic tests for SARS-CoV-2 antigen, Germany, September 2020 to April 2021","doi: 10.2807/1560-7917.ES.2021.26.44.2100442","",NA,NA,NA,NA,NA,"sr2_original_252",NA,"original_ft_exclude","original","10.2807/1560-7917.ES.2021.26.44.2100442"
"R. Sabatino; L. A. Catapane; C. De Falco;
A. Petti; E. Tripaldelli; A. Annecchiarico; A. Petruzziello","Comparison between SARS-CoV-2 antigen immunoassay and real-time RT-PCR in 392 asymptomatic COVID-19 positive patients''","EMBASE | ID: covidwho-1733373","",NA,NA,NA,NA,NA,"sr2_original_254",NA,"original_ft_exclude","original",NA
"G. L. Salvagno; L. Pighi; S. De Nitto; G.
Lippi","Clinical performance of the Roche Elecsys SARS-CoV-2 antigen fully automated
electrochemiluminescence immunoassay","https://doi.org/10.1016/j.plabm.2022.e00265","",NA,NA,NA,NA,NA,"sr2_original_255",NA,"original_ft_exclude","original","10.1016/j.plabm.2022.e00265"
"S. Salvetti; F. Lavinia; N. Rosi; S. Vanni; L. Masotti; R. Tarquini; S. Guarducci; G. M. Rossolini; I. Montenora","A rapid and cost-effective diagnostic algorithm for the detection of SARS-CoV-2 infection in the emergency area by combining highly sensitive antigenic test and RT- PCR","https://doi.org/10.1016/j.diagmicrobio.2022.115727","",NA,NA,NA,NA,NA,"sr2_original_256",NA,"original_ft_exclude","original","10.1016/j.diagmicrobio.2022.115727"
"Bang; Y. M. Lee; J. W. Seo; D. Y. Kim; N.
R. Yun","Viable Severe Acute Respiratory Syndrome Coronavirus 2 Isolates Exhibit Higher Correlation With Rapid Antigen Assays Than Subgenomic RNA or Genomic RNA","doi: 10.3389/fmicb.2021.718497","",NA,NA,NA,NA,NA,"sr2_original_257",NA,"original_ft_exclude","original","10.3389/fmicb.2021.718497"
"G. Fernández-Rivas; J. Barallat; V. Gonzalez; S. Martinez; A. E. Bordoy; L. Jimenez; C. Casañ; I. Blanco","Analytical Performance of Quantitative DiaSorin Liaison SARS-COV-2 Antigen Test for the Asymptomatic Population","doi: 10.3389/fpubh.2021.788581","",NA,NA,NA,NA,NA,"sr2_original_258",NA,"original_ft_exclude","original","10.3389/fpubh.2021.788581"
"C. S. Lau; S. K. Phua; S. P. Hoo; B. Jiang;
T. C. Aw","Evaluation and Validation of the Roche Elecsys SARS-CoV-2 Antigen Electro-
Chemiluminescent Immunoassay in a Southeast Asian Region","https://doi.org/10.3390/vaccines10020198","",NA,NA,NA,NA,NA,"sr2_original_259",NA,"original_ft_exclude","original","10.3390/vaccines10020198"
"J. Linssen; C. Schapendonk; M. Münster;
P. Daemen; J. Rahamat-Langendoen; H. Wertheim","A method comparison study of the high throughput automated HISCL® SARS-CoV-2 antigen assay using nasopharyngeal swab samples from symptomatic and asymptomatic subjects against conventional RT-PCR","DOI: 10.1002/jmv.27679","",NA,NA,NA,NA,NA,"sr2_original_260",NA,"original_ft_exclude","original","10.1002/jmv.27679"
"N. Matsuzaki; Y. Orihara; M. Kodana; Y. Kitagawa; M. Matsuoka; R. Kawamura; S. Takeuchi; K. Imai; N. Tarumoto; S. Maesaki; T. Maeda","Evaluation of a chemiluminescent enzyme immunoassay-based high-throughput SARS-CoV-2 antigen assay for the diagnosis of COVID-19: The VITROS® SARS- CoV-2 Antigen Test","DOI: 10.1002/jmv.27153","",NA,NA,NA,NA,NA,"sr2_original_261",NA,"original_ft_exclude","original","10.1002/jmv.27153"
"Gestoso-Pecellín LidiaGarcía-Flores YuneysaGonzález-Quintana PinoMarrero- Arencibia José Luis","Recommendations for use of the diverse tests for detection of SARS-COV-2 infection","doi:10.37201/req/120.2020","",NA,NA,NA,NA,NA,"sr2_original_262",NA,"original_ft_exclude","original","10.1016/j.enfcli.2020.10.001"
"Abduljalil J. M.","Laboratory diagnosis of SARS-CoV-2: available approaches and limitations","https://doi.org/10.1016/j.nmni.2020.100713","",NA,NA,NA,NA,NA,"sr2_original_263",NA,"original_ft_exclude","original","10.1016/j.nmni.2020.100713"
"Aguilar-Shea A. L.Vera-García M.Güerri- Fernández R.","Rapid antigen tests for the detection of SARS-CoV-2: A narrative review","https://doi.org/10.1016/j.aprim.2021.102127","",NA,NA,NA,NA,NA,"sr2_original_264",NA,"original_ft_exclude","original","10.1016/j.aprim.2021.102127"
"Azzi L.Maurino V.Baj A.Dani M.Aiuto
A.Fasano M.Lualdi M.Sessa F.Alberio T.","Diagnostic Salivary Tests for SARS-CoV-2","https://doi.org/10.1177/0022034520969670","",NA,NA,NA,NA,NA,"sr2_original_265",NA,"original_ft_exclude","original","10.1177/0022034520969670"
"Bohn Mary KathrynLippi GiuseppeHorvath Andrea R.Erasmus RajivGrimmler MatthiasGramegna MaurizioMancini NicasioMueller RobertRawlinson William D.Menezes María ElizabethPatru Maria- MagdalenaRota FabioSethi SunilSingh KrishnaYuen Kwok-YungWang Cheng- BinAdeli Khosrow","IFCC interim guidelines on rapid point-of-care antigen testing for SARS-CoV-2 detection in asymptomatic and symptomatic individuals","https://doi.org/10.1515/cclm-2021-0455","",NA,NA,NA,NA,NA,"sr2_original_266",NA,"original_ft_exclude","original","10.1515/cclm-2021-0455"
"Brooks Z. C.Das S.","COVID-19 Testing","DOI: 10.1093/ajcp/aqaa141","",NA,NA,NA,NA,NA,"sr2_original_267",NA,"original_ft_exclude","original","10.1093/ajcp/aqaa141"
"Candel F. J.Barreiro P.San Román J.Abanades J. C.Barba R.Barberán J.Bibiano C.Canora J.Cantón R.Calvo C.Carretero M.Cava F.Delgado R.García- Rodríguez J.González Del Castillo J.González de Villaumbrosia C.Hernández M.Losa J. E.Martínez-Peromingo F. J.Molero J. M.Muñoz P.Onecha E.Onoda M.Rodríguez J.Sánchez-Celaya M.Serra J.
A.Zapatero A.","Recommendations for use of antigenic tests in the diagnosis of acute SARS-CoV-2 infection in the second pandemic wave: attitude in different clinical settings","doi:10.37201/req/120.2020","",NA,NA,NA,NA,NA,"sr2_original_268",NA,"original_ft_exclude","original","10.37201/req/120.2020"
"Dinnes J Deeks JJ","Rapid antigen and molecular tests had varied sensitivity and ?97% specificity for detecting SARS-CoV-2 infection","doi:10.7326/ACPJ202012150-069","",NA,NA,NA,NA,NA,"sr2_original_269",NA,"original_ft_exclude","original","10.7326/ACPJ202012150-069"
"Chau C. H.Strope J. D.Figg W. D.","COVID-19 Clinical Diagnostics and Testing Technology","doi: 10.1002/phar.2439","",NA,NA,NA,NA,NA,"sr2_original_270",NA,"original_ft_exclude","original","10.1002/phar.2439"
"Chtioui M. J.Grati H.Harzallah N.Jebali M.
C. O.Trabelsi A.Ahmed M. B.Thabet L.Mhalla S.Moussa M. B.Messaoud T.Romdhane H. B.Toumi A.Hamouda C.","Rapid diagnostic tests: Pros, cons and potential use in the covid-19 management in Tunisia","PMID: 33480019","",NA,NA,NA,NA,NA,"sr2_original_271",NA,"original_ft_exclude","original",NA
"Cruz Roshan J.Currier Arthur W.Sampson Valerie B.","Laboratory Testing Methods for Novel Severe Acute Respiratory Syndrome- Coronavirus-2 (SARS-CoV-2)","doi: 10.3389/fcell.2020.00468","",NA,NA,NA,NA,NA,"sr2_original_272",NA,"original_ft_exclude","original","10.3389/fcell.2020.00468"
"Cui F.Zhou H. S.","Diagnostic methods and potential portable biosensors for coronavirus disease 2019","https://doi.org/10.1016/j.bios.2020.112349","",NA,NA,NA,NA,NA,"sr2_original_273",NA,"original_ft_exclude","original","10.1016/j.bios.2020.112349"
"Das Mukhopadhyay C.Sharma P.Sinha K.Rajarshi K.","Recent trends in analytical and digital techniques for the detection of the SARS-Cov-2","https://doi.org/10.1016/j.bpc.2020.106538","",NA,NA,NA,NA,NA,"sr2_original_274",NA,"original_ft_exclude","original","10.1016/j.bpc.2020.106538"
"Datta ManaliSingh Desh DeepakNaqvi Afsar R.","Molecular Diagnostic Tools for the Detection of SARS-CoV-2","https://doi.org/10.1080/08830185.2020.1871477","",NA,NA,NA,NA,NA,"sr2_original_275",NA,"original_ft_exclude","original","10.1080/08830185.2020.1871477"
"Falzone LucaGattuso GiuseppeTsatsakis AristidisSpandidos Demetrios A.Libra Massimo","Current and innovative methods for the diagnosis of COVID-19 infection (Review)","DOI: 10.3892/ijmm.2021.4933","",NA,NA,NA,NA,NA,"sr2_original_276",NA,"original_ft_exclude","original","10.3892/ijmm.2021.4933"
"Gao JingQuan Lei","Current Status of Diagnostic Testing for SARS-CoV-2 Infection and Future Developments: A Review","DOI: 10.12659/MSM.928552","",NA,NA,NA,NA,NA,"sr2_original_277",NA,"original_ft_exclude","original","10.12659/MSM.928552"
"Gulholm T.Basile K.Kok J.Chen S. C.
A.Rawlinson W.","Laboratory diagnosis of severe acute respiratory syndrome coronavirus 2","https://doi.org/10.1016/j.pathol.2020.09.011","",NA,NA,NA,NA,NA,"sr2_original_278",NA,"original_ft_exclude","original","10.1016/j.pathol.2020.09.011"
"Gupta NiharikaAugustine ShineNarayan TarunO’Riordan AlanDas AsmitaKumar D.Luong John H. T.Malhotra Bansi D.","Point-of-Care PCR Assays for COVID-19 Detection","https://doi.org/10.3390/bios11050141","",NA,NA,NA,NA,NA,"sr2_original_279",NA,"original_ft_exclude","original","10.3390/bios11050141"
"Hadweh P.Orfanidou T.Tsiamita M.Timologos G.Papadopoulos T.","SARS-CoV2: Diagnostic tests available to the clinician","PMID: 32860390","",NA,NA,NA,NA,NA,"sr2_original_280",NA,"original_ft_exclude","original",NA
"Jameleddine Chtioui M.Grati H.Harzallah N.Odabachian Jebali M. C.Trabelsi A.Ben Ahmed M.Thabet L.Mhalla S.Ben Moussa M.Messaoud T.Ben Romdhane H.Toumi A.Hamouda C.","Rapid diagnostic tests : Pros, cons and potential use in the COVID-19 management in Tunisia","https://doi.org/10..1016/j.ijid.2020.11.173","",NA,NA,NA,NA,NA,"sr2_original_281",NA,"original_ft_exclude","original",NA
"Ji TianxingLiu ZhenweiWang GuoQiangGuo XuguangAkbar Khan ShahzadLai ChangchunChen HaoyuHuang ShiwenXia ShaomeiChen BoJia
HongyunChen YangchaoZhou Qiang","Detection of COVID-19: A review of the current literature and future perspectives","https://doi.org/10.1016/j.bios.2020.112455","",NA,NA,NA,NA,NA,"sr2_original_282",NA,"original_ft_exclude","original","10.1016/j.bios.2020.112455"
"Keaney D.Whelan S.Finn K.Lucey B.","Misdiagnosis of SARS-CoV-2: A Critical Review of the Influence of Sampling and
Clinical Detection Methods","https://doi.org/10.3390/medsci9020036","",NA,NA,NA,NA,NA,"sr2_original_283",NA,"original_ft_exclude","original","10.3390/medsci9020036"
"Li D.Li J.","Immunologic Testing for SARS-CoV-2 Infection from the Antigen Perspective","https://doi.org/10.1128/JCM.02160-20.","",NA,NA,NA,NA,NA,"sr2_original_284",NA,"original_ft_exclude","original","10.1128/JCM.02160-20"
"Mahmoudinobar FarbodBritton
DustinMontclare Jin Kim","Protein-based lateral flow assays for COVID-19 detection","doi: 10.1093/protein/gzab010","",NA,NA,NA,NA,NA,"sr2_original_285",NA,"original_ft_exclude","original","10.1093/protein/gzab010"
"Mytton O. T.McCarthy N.Watson J.Whiting P.","Interpreting a lateral flow SARS-CoV-2 antigen test","doi: 10.1136/bmj.n1411","",NA,NA,NA,NA,NA,"sr2_original_286",NA,"original_ft_exclude","original","10.1136/bmj.n1411"
"Nettleton W. D.","Interpreting SARS-CoV-2 Diagnostic Tests: Common Questions and Answers","PMID: 33856162","",NA,NA,NA,NA,NA,"sr2_original_287",NA,"original_ft_exclude","original",NA
"Ning L. I.Wang P.Wang X.Geng C.Chen
J.Gong Y.","Molecular diagnosis of COVID?19: Current situation and trend in China (Review)","DOI: 10.3892/etm.2020.9142","",NA,NA,NA,NA,NA,"sr2_original_288",NA,"original_ft_exclude","original","10.3892/etm.2020.9142"
"Pollock Nira R.Lee Francesca Ginocchio Christine C.Yao Joseph D.Humphries Romney M.","Considerations for Assessment and Deployment of Rapid Antigen Tests for Diagnosis of COVID-19","DOI: 10.1093/ofid/ofab110","",NA,NA,NA,NA,NA,"sr2_original_289",NA,"original_ft_exclude","original","10.1093/ofid/ofab110"
"Procop G. W.Kadkhoda K.Rhoads D.
D.Gordon S. G.Reddy A. J.","Home testing for COVID-19: Benefits and limitations","doi:10.3949/ccjm.88a.ccc071","",NA,NA,NA,NA,NA,"sr2_original_290",NA,"original_ft_exclude","original","10.3949/ccjm.88a.ccc071"
"Pérez-López B.Mir M.","Commercialized diagnostic technologies to combat SARS-CoV2: Advantages and disadvantages","https://doi.org/10.1016/j.talanta.2020.121898","",NA,NA,NA,NA,NA,"sr2_original_291",NA,"original_ft_exclude","original","10.1016/j.talanta.2020.121898"
"Rai P.Kumar B. K.Deekshit V.
K.Karunasagar I.Karunasagar I.","Detection technologies and recent developments in the diagnosis of COVID-19
infection","https://doi.org/10.1007/s00253-020-11061-5","",NA,NA,NA,NA,NA,"sr2_original_292",NA,"original_ft_exclude","original","10.1007/s00253-020-11061-5"
"Özcürümez M.Katsounas A.Holdenrieder S.Von Meyer A.Renz H.Wölfel R.","Assessment of SARS-CoV-2 rapid antigen tests","https://doi.org/10.1515/labmed-2021-0036","",NA,NA,NA,NA,NA,"sr2_original_293",NA,"original_ft_exclude","original","10.1515/labmed-2021-0036"
"Weissleder RalphLee HakhoKo JinaPittet
Mikael J.","COVID-19 diagnostics in context","PMID: 32493791","",NA,NA,NA,NA,NA,"sr2_original_294",NA,"original_ft_exclude","original",NA
"Xu Y.Cheng M.Chen X.Zhu J.","Current approaches in laboratory testing for SARS-CoV-2","https://doi.org/10.1016/j.ijid.2020.08.041","",NA,NA,NA,NA,NA,"sr2_original_295",NA,"original_ft_exclude","original","10.1016/j.ijid.2020.08.041"
"Yong S. K.Su P. C.Yang Y. S.","Molecular Targets for the Testing of COVID-19","DOI: 10.1002/biot.202000152","",NA,NA,NA,NA,NA,"sr2_original_296",NA,"original_ft_exclude","original","10.1002/biot.202000152"
"Zettler M.Gajra A.Feinberg B.","PRS30 COVID-19 RAPID Antigen Test False Positives and False Negatives Reported to the FDA Manufacturer and User Facility Device Experience Database","","",NA,NA,NA,NA,NA,"sr2_original_297",NA,"original_ft_exclude","original",NA
"Zhang N.Wang L.Deng X.Liang R.Su M.He C.Hu L.Su Y.Ren J.Yu F.Du L.Jiang S.","Recent advances in the detection of respiratory virus infection in humans","DOI: 10.1002/jmv.25674","",NA,NA,NA,NA,NA,"sr2_original_298",NA,"original_ft_exclude","original","10.1002/jmv.25674"
"Zhao X.Markensohn J. F.Wollensak D. A.Laterza O. F.","Testing For SARS-CoV-2: The Day the World Turned its Attention to the Clinical Laboratory","doi:10.1111/cts.12828","",NA,NA,NA,NA,NA,"sr2_original_299",NA,"original_ft_exclude","original","10.1111/cts.12828"
"Sessa F.Bertozzi G.Cipolloni L.Baldari B.Cantatore S.D’errico S.Di Mizio G.Asmundo A.Castorina S.Salerno M.Pomara C.","Clinical-forensic autopsy findings to defeat covid-19 disease: A literature review","doi:10.3390/jcm9072026","",NA,NA,NA,NA,NA,"sr2_original_300",NA,"original_ft_exclude","original","10.3390/jcm9072026"
"R. W. Chad; P. Abhishek; M. Seyed; H. S. Burton; K. Gary; J. L. H. Richard; E. T. David; P. A. Justin; M. P. Kimberly; A. M. Donoghue; P. G. Alison; P. T. Jeffrey","Comparative analyses of all FDA EUA-approved rapid antigen tests and RT-PCR for COVID-19 quarantine and surveillance-based isolation","https://doi.org/10.1101/2021.08.23.21262499;","",NA,NA,NA,NA,NA,"sr2_original_301",NA,"original_ft_exclude","original","10.1101/2021.08.23.21262499"
"P. Cherian; S. Krishna; G. I. Menon","Optimizing testing for COVID-19 in India","https://doi.org/10.1371/journal.pcbi.1009126","",NA,NA,NA,NA,NA,"sr2_original_302",NA,"original_ft_exclude","original","10.1371/journal.pcbi.1009126"
"L. A. Heger; N. Elsen; M. Rieder; N. Gauchel; U. Sommerwerck; C. Bode; D. Duerschmied; M. Oette; I. Ahrens","Clinical analysis on diagnostic accuracy of Bosch Vivalytic SARS-CoV-2 point-of-care test and evaluation of cycle threshold at admission for COVID-19 risk assessment","https://doi.org/10.1186/s12879-022-07447-7","",NA,NA,NA,NA,NA,"sr2_original_303",NA,"original_ft_exclude","original","10.1186/s12879-022-07447-7"
"W. Y. Hsieh; C. H. Lin; T. C. Lin; C. H. Lin;
H. F. Chang; C. H. Tsai; H. T. Wu; C. S.
Lin","Development and Efficacy of Lateral Flow Point-of-Care Testing Devices for Rapid and Mass COVID-19 Diagnosis by the Detections of SARS-CoV-2 Antigen and Anti- SARS-CoV-2 Antibodies","https://doi.org/10.3390/diagnostics11101760","",NA,NA,NA,NA,NA,"sr2_original_304",NA,"original_ft_exclude","original","10.3390/diagnostics11101760"
"A. M. Indelicato; Z. H. Mohamed; M. J.
Dewan; C. P. Morley","Rapid Antigen Test Sensitivity for Asymptomatic COVID-19 Screening","DOI: 10.22454/PRiMER.2022.276354","",NA,NA,NA,NA,NA,"sr2_original_306",NA,"original_ft_exclude","original","10.22454/PRiMER.2022.276354"
"T. A. Perkins; M. Stephens; W. Alvarez Barrios; S. Cavany; L. Rulli; M. E. Pfrender","Performance of Three Tests for SARS-CoV-2 on a University Campus Estimated Jointly with Bayesian Latent Class Modeling","DOI: 10.1128/spectrum.01220-21","",NA,NA,NA,NA,NA,"sr2_original_307",NA,"original_ft_exclude","original","10.1128/spectrum.01220-21"
"I. Petersen; A. Crozier; I. Buchan; M. J. Mina; J. W. Bartlett","Recalibrating sars-cov-2 antigen rapid lateral flow test relative sensitivity from validation studies to absolute sensitivity for indicating individuals shedding transmissible virus","DOI: 10.2147/CLEP.S311977","",NA,NA,NA,NA,NA,"sr2_original_308",NA,"original_ft_exclude","original","10.2147/CLEP.S311977"
"J. Polechová; K. D. Johnson; P. Payne; A. Crozier; M. Beiglböck; P. Plevka; E. Schernhammer","SARS-CoV-2 rapid antigen tests provide benefits for epidemic control - observations from Austrian schools","https://doi.org/10.1016/j.jclinepi.2022.01.002","",NA,NA,NA,NA,NA,"sr2_original_309",NA,"original_ft_exclude","original","10.1016/j.jclinepi.2022.01.002"
"P. A. P. D. K. J. T. Sagar","Diagnostic accuracy of antigen-detection rapid diagnostic tests for diagnosis of COVID-19 in low-and middle-income countries: a systematic review and meta- analysis","https://doi.org/10.1371/journal.pgph.0000358","",NA,NA,NA,NA,NA,"sr2_original_310",NA,"original_ft_exclude","original","10.1371/journal.pgph.0000358"
"Q. Song; X. Sun; Z. Dai; Y. Gao; X. Gong;
B. Zhou; J. Wu; W. Wen","Point-of-care testing detection methods for COVID-19","DOI: 10.1039/d0lc01156h","",NA,NA,NA,NA,NA,"sr2_original_311",NA,"original_ft_exclude","original","10.1039/d0lc01156h"
"Y. H. Wang; C. C. Wu; C. H. Bai; S. C. Lu;
Y. P. Yang; Y. Y. Lin; W. Y. Lai; T. W. Lin;
Y. C. Jheng; M. C. Lee; C. C. Chen","Evaluation of the diagnostic accuracy of COVID-19 antigen tests: A systematic review and meta-analysis","doi: 10.1097/JCMA.0000000000000626.","",NA,NA,NA,NA,NA,"sr2_original_312",NA,"original_ft_exclude","original","10.1097/JCMA.0000000000000626"
"J. Xu; W. Suo; Y. Goulev; L. Sun; L. Kerr;
J. Paulsson; Y. Zhang; T. Lao","Handheld Microfluidic Filtration Platform Enables Rapid, Low-Cost, and Robust Self- Testing of SARS-CoV-2 Virus","DOI: 10.1002/smll.202104009","",NA,NA,NA,NA,NA,"sr2_original_313",NA,"original_ft_exclude","original","10.1002/smll.202104009"
"Y. P. Yang; L. L. Huang; S. J. Pan; D. Xu;
Z. L. Jiesisibieke; T. H. Tung","False-positivity results in rapid antigen tests for SARS-CoV-2: an umbrella review of
meta-analyses and systematic reviews","DOI: 10.1080/14787210.2022.2070152","",NA,NA,NA,NA,NA,"sr2_original_314",NA,"original_ft_exclude","original","10.1080/14787210.2022.2070152"
"Q. Ye; W. Shao; H. Meng","Performance and application evaluation of SARS-CoV-2 antigen assay","DOI: 10.1002/jmv.27798","",NA,NA,NA,NA,NA,"sr2_original_315",NA,"original_ft_exclude","original","10.1002/jmv.27798"
"Bernard M.Cosentino G.Pieri L.Zachary
P.Buser M.Kbaier L.Giannoli J. M.","Retrospective analysis of the performance of the SARS-CoV-2 rapid antigen
detection test compared to the reference RT-PCR test","doi:10.1684/abc.2021.1641","",NA,NA,NA,NA,NA,"sr2_original_316",NA,"original_ft_exclude","original","10.1684/abc.2021.1641"
"Cortés Rubio J. A.Costa Zamora M. P.Canals Aracil M.Pulgar Feio M.Mata Martínez A.Carrasco Munera A.","Evaluación de la prueba diagnóstica de detección rápida de antígeno de covid-19 (Panbio Covid rapid test) en atención primaria","https://doi.org/10.1016/j.semerg.2021.06.001","",NA,NA,NA,NA,NA,"sr2_original_317",NA,"original_ft_exclude","original","10.1016/j.semerg.2021.06.001"
"Diez Flecha CRivero Rodríguez A. M.Fernández-Villa T.Fernández García P.Ferreira de Jesús J. L.Sánchez Antolín G","Internal validity of a rapid test for COVID-19 antigens in a nursing home","https://doi.org/10.1016/j.semerg.2021.04.003","",NA,NA,NA,NA,NA,"sr2_original_318",NA,"original_ft_exclude","original","10.1016/j.semerg.2021.04.003"
"Lim IsabelleGautheret-Dejean Agnès","[Rapid SARS-CoV-2 antigenic test: definition, legislation of use, technological principles, analytical and clinical performance comparison]","","",NA,NA,NA,NA,NA,"sr2_original_319",NA,"original_ft_exclude","original",NA
"Aoki K.Nagasawa T.Ishii Y.Yagi S.Kashiwagi K.Miyazaki T.Tateda K.","Evaluation of clinical utility of novel coronavirus antigen detection reagent, Espline® SARS-CoV-2","https://doi.org/10.1016/j.jiac.2020.11.015","",NA,NA,NA,NA,NA,"sr2_original_320",NA,"original_ca_exclude","original","10.1016/j.jiac.2020.11.015"
"Blairon LaurentCupaiolo RobertoThomas IsabellePiteüs SébastienWilmet AlainBeukinga IngridTré-Hardy Marie","Efficacy comparison of three rapid antigen tests for SARS-CoV-2 and how viral load impact their performance","https://doi.org/10.1002/jmv.27108","",NA,NA,NA,NA,NA,"sr2_original_321",NA,"original_ca_exclude","original","10.1002/jmv.27108"
"Bruzzone B.De Pace V.Caligiuri P.Ricucci V.Guarona G.Pennati B. M.Boccotti S.Orsi A.Domnich A.Da Rin G.Icardi G.","Comparative diagnostic performance of rapid antigen detection tests for COVID-19 in a hospital setting","https://doi.org/10.1016/j.ijid.2021.04.072","",NA,NA,NA,NA,NA,"sr2_original_322",NA,"original_ca_exclude","original","10.1016/j.ijid.2021.04.072"
"C.Giaché S.Rzepecki V.Seve A.Gubavu C.Baud K.Le Helloco C.Cassuto G. N.Pialoux G.Hocqueloux L.Prazuck T.","High performance of a novel antigen detection test on nasopharyngeal specimens for diagnosing SARS-CoV-2 infection","https://doi.org/10.1002/jmv.26896","",NA,NA,NA,NA,NA,"sr2_original_323",NA,"original_ca_exclude","original","10.1002/jmv.26896"
"Ishii T.Sasaki M.Yamada K.Kato D.Osuka H.Aoki K.Morita T.Ishii Y.Tateda K.","Immunochromatography and chemiluminescent enzyme immunoassay for COVID-19 diagnosis","https://doi.org/10.1016/j.jiac.2021.02.025","",NA,NA,NA,NA,NA,"sr2_original_324",NA,"original_ca_exclude","original","10.1016/j.jiac.2021.02.025"
"Jääskeläinen A. E.Ahava M. J.Jokela P.Szirovicza L.Pohjala S.Vapalahti O.Lappalainen M.Hepojoki J.Kurkela S.","Evaluation of three rapid lateral flow antigen detection tests for the diagnosis of SARS-CoV-2 infection","https://doi.org/10.1016/j.jcv.2021.104785","",NA,NA,NA,NA,NA,"sr2_original_325",NA,"original_ca_exclude","original","10.1016/j.jcv.2021.104785"
"Karon B. S.Donato L.Bridgeman A. R.Blommel J. H.Kipp B.Maus A.Renuse S.Kemp J.Madugundu A. K.Vanderboom P. M.Chavan S.Dasari S.Singh R. J.Grebe S. K. G.Pandey A.","Analytical sensitivity and specificity of four point of care rapid antigen diagnostic tests for SARS-CoV-2 using real-time quantitative PCR, quantitative droplet digital PCR, and a mass spectrometric antigen assay as comparator methods","https://doi.org/10.1093/clinchem/hvab138","",NA,NA,NA,NA,NA,"sr2_original_326",NA,"original_ca_exclude","original","10.1093/clinchem/hvab138"
"Kashiwagi K.Ishii Y.Aoki K.Yagi S.Maeda T.Miyazaki T.Yoshizawa S.Aoyagi K.Tateda K.","Immunochromatographic test for the detection of SARS-CoV-2 in saliva","https://doi.org/10.1016/j.jiac.2020.11.016","",NA,NA,NA,NA,NA,"sr2_original_327",NA,"original_ca_exclude","original","10.1016/j.jiac.2020.11.016"
"Kobayashi R.Murai R.Asanuma K.Fujiya Y.Takahashi S.","Evaluating a novel, highly sensitive, and quantitative reagent for detecting SARS- CoV-2 antigen","https://doi.org/10.1016/j.jiac.2021.01.007","",NA,NA,NA,NA,NA,"sr2_original_328",NA,"original_ca_exclude","original","10.1016/j.jiac.2021.01.007"
"Kotsiou Ourania S.Pantazopoulos IoannisPapagiannis DimitriosFradelos Evangelos C.Kanellopoulos NikolaosSiachpazidou DimitraKirgou ParaskeviMouliou Dimitra S.Kyritsis AthanasiosKalantzis GeorgiosSaharidis Georgios K. D.Tzounis EfthymiosGourgoulianis Konstantinos I.","Repeated Antigen-Based Rapid Diagnostic Testing for Estimating the Coronavirus Disease 2019 Prevalence from the Perspective of the Workers&#039; Vulnerability before and during the Lockdown","https://doi.org/10.3390/ijerph18041638","",NA,NA,NA,NA,NA,"sr2_original_329",NA,"original_ca_exclude","original","10.3390/ijerph18041638"
"Kuo Peiting Realegeno Susan Pride David T.","Comparison of Two Nucleic Acid Amplification Tests (NAATs) and Two Antigen Tests for Detection of SARS-CoV-2 from Upper Respiratory Specimens","https://doi.org/10.3390/ijerph18041638","",NA,NA,NA,NA,NA,"sr2_original_330",NA,"original_ca_exclude","original","10.1016/j.jcvp.2021.100011"
"Kweon O. J.Lim Y. K.Kim H. R.Choi Y.Kim M. C.Choi S. H.Chung J. W.Lee
M. K.","Evaluation of rapid SARS-CoV-2 antigen tests, AFIAS COVID-19 Ag and ichroma COVID-19 Ag, with serial nasopharyngeal specimens from COVID-19 patients","https://doi.org/10.1371/journal.pone.0249972","",NA,NA,NA,NA,NA,"sr2_original_331",NA,"original_ca_exclude","original","10.1371/journal.pone.0249972"
"Lee J. H.Choi M.Jung Y.Lee S. K.Lee
C. S.Kim J.Kim J.Kim N. H.Kim B. T.Kim H. G.","A novel rapid detection for SARS-CoV-2 spike 1 antigens using human angiotensin converting enzyme 2 (ACE2)","https://doi.org/10.1016/j.bios.2020.112715","",NA,NA,NA,NA,NA,"sr2_original_332",NA,"original_ca_exclude","original","10.1016/j.bios.2020.112715"
"Lee JaehyeonKim So YeonHuh Hee JaeKim NamsuSung HeungsupLee HyukminRoh Kyoung HoKim Taek
SooHong Ki Ho","Clinical Performance of the Standard Q COVID-19 Rapid Antigen Test and Simulation of its Real-World Application in Korea","https://doi.org/10.3343/alm.2021.41.6.588","",NA,NA,NA,NA,NA,"sr2_original_333",NA,"original_ca_exclude","original","10.3343/alm.2021.41.6.588"
"Liotti F. M.Menchinelli G.Lalle E.Palucci I.Marchetti S.Colavita F.La Sorda M.Sberna G.Bordi L.Sanguinetti M.Cattani P.Capobianchi M. R.Posteraro B.","Performance of a novel diagnostic assay for rapid SARS-CoV-2 antigen detection in nasopharynx samples","https://doi.org/10.1016/j.cmi.2020.09.030","",NA,NA,NA,NA,NA,"sr2_original_334",NA,"original_ca_exclude","original","10.1016/j.cmi.2020.09.030"
"Mak G. C. K.Lau S. S. Y.Wong K. K.
Y.Chow N. L. S.Lau C. S.Lam E. T.
K.Chan R. C. W.Tsang D. N. C.","Evaluation of rapid antigen detection kit from the WHO Emergency Use List for detecting SARS-CoV-2","https://doi.org/10.1016/j.jcv.2020.104712","",NA,NA,NA,NA,NA,"sr2_original_335",NA,"original_ca_exclude","original","10.1016/j.jcv.2020.104712"
"Mak G. C.Cheng P. K.Lau S. S.Wong
K. K.Lau C. S.Lam E. T.Chan R.
C.Tsang D. N.","Evaluation of rapid antigen test for detection of SARS-CoV-2 virus","https://doi.org/10.1016/j.jcv.2020.104500","",NA,NA,NA,NA,NA,"sr2_original_336",NA,"original_ca_exclude","original","10.1016/j.jcv.2020.104500"
"Mak G. C.Lau S. S.Wong K. K.Chow
N. L.Lau C. S.Lam E. T.Chan R.
C.Tsang D. N.","Analytical sensitivity and clinical sensitivity of the three rapid antigen detection kits for detection of SARS-CoV-2 virus","https://doi.org/10.1016/j.jcv.2020.104684","",NA,NA,NA,NA,NA,"sr2_original_337",NA,"original_ca_exclude","original","10.1016/j.jcv.2020.104684"
"Mboumba Bouassa R. S.Veyer D.Péré H.Bélec L.","Analytical performances of the point-of-care SIENNA™ COVID-19 Antigen Rapid Test for the detection of SARS-CoV-2 nucleocapsid protein in nasopharyngeal swabs: A prospective evaluation during the COVID-19 second wave in France","https://doi.org/10.1016/j.ijid.2021.03.051","",NA,NA,NA,NA,NA,"sr2_original_338",NA,"original_ca_exclude","original","10.1016/j.ijid.2021.03.051"
"McKay Susannah L.Tobolowsky Farrell A.Moritz Erin D.Hatfield Kelly M.Bhatnagar AmeliaLaVoie Stephen P.Jackson David A.Lecy K. DanielleBryant-Genevier JonathanCampbell DavinaFreeman BrandiGilbert Sarah E.Folster Jennifer M.Medrzycki MagdalenaShewmaker Patricia L.Bankamp BettinaRadford Kay W.Anderson RaydelBowen Michael D.Negley JeanneReddy Sujan C.Jernigan John A.Brown Allison
C.McDonald L. CliffordKutty Preeta K.","Performance Evaluation of Serial SARS-CoV-2 Rapid Antigen Testing During a Nursing Home Outbreak","https://doi.org/10.7326/M21-0422","",NA,NA,NA,NA,NA,"sr2_original_339",NA,"original_ca_exclude","original","10.7326/M21-0422"
"Mertens P.De Vos N.Martiny D.Jassoy C.Mirazimi A.Cuypers L.Van den Wijngaert S.Monteil V.Melin P.Stoffels K.Yin N.Mileto D.Delaunoy S.Magein H.Lagrou K.Bouzet J.Serrano G.Wautier M.Leclipteux T.Van Ranst M.Vandenberg O.","Development and Potential Usefulness of the COVID-19 Ag Respi-Strip Diagnostic Assay in a Pandemic Context","doi: 10.3389/fmed.2020.00225. eCollection 2020","",NA,NA,NA,NA,NA,"sr2_original_340",NA,"original_ca_exclude","original","10.3389/fmed.2020.00225"
"Nalumansi A.Lutalo T.Kayiwa J.Watera C.Balinandi S.Kiconco J.Nakaseegu J.Olara D.Odwilo E.Serwanga J.Kikaire B.Ssemwanga D.Nabadda S.Ssewanyana I.Atwine D.Mwebesa H.Bosa H. K.Nsereko C.Cotten
M.Downing R.Lutwama J.Kaleebu P.","Field evaluation of the performance of a SARS-CoV-2 antigen rapid diagnostic test in Uganda using nasopharyngeal samples","doi: 10.3389/fmed.2020.00225. eCollection 2020","",NA,NA,NA,NA,NA,"sr2_original_341",NA,"original_ca_exclude","original","10.1016/j.ijid.2020.10.073"
"Nordgren J.Sharma S.Olsson H.Jämtberg M.Falkeborn T.Svensson L.Hagbom M.","SARS-CoV-2 rapid antigen test: High sensitivity to detect infectious virus","https://doi.org/10.1016/j.jcv.2021.104846","",NA,NA,NA,NA,NA,"sr2_original_342",NA,"original_ca_exclude","original","10.1016/j.jcv.2021.104846"
"Oh S. M.Jeong H.Chang E.Choe P. G.Kang C. K.Park W. B.Kim T. S.Kwon
W. Y.Oh M. D.Kim N. J.","Clinical Application of the Standard Q COVID-19 Ag Test for the Detection of SARS- CoV-2 Infection","https://doi.org/10.1016/j.jcv.2021.104846","",NA,NA,NA,NA,NA,"sr2_original_343",NA,"original_ca_exclude","original","10.3346/jkms.2021.36.e101"
"Olearo F.Nörz D.Heinrich F.Sutter J. P.Roedl K.Schultze A.Wiesch J. S. Z.Braun P.Oestereich L.Kreuels B.Wichmann D.Aepfelbacher M.Pfefferle S.Lütgehetmann M.","Handling and accuracy of four rapid antigen tests for the diagnosis of SARS-CoV-2 compared to RT-qPCR","https://doi.org/10.1016/j.jcv.2021.104782","",NA,NA,NA,NA,NA,"sr2_original_344",NA,"original_ca_exclude","original","10.1016/j.jcv.2021.104782"
"Orsi A.Pennati B. M.Bruzzone B.Ricucci V.Ferone D.Barbera P.Arboscello E.Dentone C.Icardi G.","On-field evaluation of a ultra-rapid fluorescence immunoassay as a frontline test for SARS-CoV-2 diagnostic","https://doi.org/10.1016/j.jviromet.2021.114201","",NA,NA,NA,NA,NA,"sr2_original_345",NA,"original_ca_exclude","original","10.1016/j.jviromet.2021.114201"
"Oshiro S.Tabe Y.Funatogawa K.Saito K.Tada T.Hishinuma T.Mizutani N.Akiwa M.Sekiguchi J. I.Miida T.Kirikae T.","Development of an immunochromatographic kit to detect severe acute respiratory syndrome coronavirus 2","https://doi.org/10.1016/j.jviromet.2021.114183","",NA,NA,NA,NA,NA,"sr2_original_346",NA,"original_ca_exclude","original","10.1016/j.jviromet.2021.114183"
"Osterman A.Baldauf H. M.Eletreby M.Wettengel J. M.Afridi S. Q.Fuchs T.Holzmann E.Maier A.Döring J.Grzimek-Koschewa N.Muenchhoff
M.Protzer U.Kaderali L.Keppler O. T.","Evaluation of two rapid antigen tests to detect SARS-CoV-2 in a hospital setting","https://doi.org/10.1007/s00430-020-00698-8","",NA,NA,NA,NA,NA,"sr2_original_347",NA,"original_ca_exclude","original","10.1007/s00430-020-00698-8"
"Pekosz A.Parvu V.Li M.Andrews J. C.Manabe Y. C.Kodsi S.Gary D. S.Roger-Dalbert C.Leitch J.Cooper C. K.","Antigen-Based Testing but Not Real-Time Polymerase Chain Reaction Correlates With Severe Acute Respiratory Syndrome Coronavirus 2 Viral Culture","https://doi.org/10.1093/cid/ciaa1706","",NA,NA,NA,NA,NA,"sr2_original_348",NA,"original_ca_exclude","original","10.1093/cid/ciaa1706"
"Perchetti G. A.Huang M. L.Mills M. G.Jerome K. R.Greninger A. L.","Analytical Sensitivity of the Abbott BinaxNOW COVID-19 Ag Card","https://   doi.org/10.1128/JCM.02880-20.","",NA,NA,NA,NA,NA,"sr2_original_349",NA,"original_ca_exclude","original","10.1128/JCM.02880-20"
"Pickering SuzanneBatra RahulMerrick BlairSnell Luke B.Nebbia GaiaDouthwaite SamReid FionaPatel AmitaKia Ik Mark TanPatel BindiCharalampous ThemoulaAlcolea- Medina AdelaLista Maria JoseCliff Penelope R.Cunningham EmmaMullen JaneDoores Katie J.Edgeworth Jonathan D.Malim Michael H.Neil Stuart J. D.Galão Rui Pedro","Comparative performance of SARS-CoV-2 lateral flow antigen tests and association with detection of infectious virus in clinical specimens: a single-centre laboratory evaluation study","https://doi.org/10.1016/S2666-5247(21)00143-9","",NA,NA,NA,NA,NA,"sr2_original_350",NA,"original_ca_exclude","original","10.1016/S2666-5247(21)00143-9"
"Pérez-García F.Romanyk J.Gómez- Herruz P.Arroyo T.Pérez-Tanoira R.Linares M.Pérez Ranz I.Labrador Ballestero A.Moya Gutiérrez H.Ruiz- Álvarez M. J.Cuadros-González J.","Diagnostic performance of CerTest and Panbio antigen rapid diagnostic tests to diagnose SARS-CoV-2 infection","https://doi.org/10.1016/j.jcv.2021.104781","",NA,NA,NA,NA,NA,"sr2_original_351",NA,"original_ca_exclude","original","10.1016/j.jcv.2021.104781"
"Pérez-García F.Romanyk J.Moya Gutiérrez H.Labrador Ballestero A.Pérez Ranz I.González Arroyo J.González Ventosa V.Pérez-Tanoira R.Domingo Cruz C.Cuadros-González J.","Comparative evaluation of Panbio and SD Biosensor antigen rapid diagnostic tests for COVID-19 diagnosis","https://doi.org/10.1002/jmv.27089","",NA,NA,NA,NA,NA,"sr2_original_352",NA,"original_ca_exclude","original","10.1002/jmv.27089"
"Renzoni A.Perez F.Ngo Nsoga M. T.Yerly S.Boehm E.Gayet-Ageron A.Kaiser L.Schibler M.","Analytical Evaluation of Visby Medical RT-PCR Portable Device for Rapid Detection of SARS-CoV-2","https://doi.org/10.3390/diagnostics11050813","",NA,NA,NA,NA,NA,"sr2_original_353",NA,"original_ca_exclude","original","10.3390/diagnostics11050813"
"Revollo BorisBlanco IgnacioSoler PabloToro JessicaIzquierdo-Useros NuriaPuig JordiPuig XavierNavarro- Pérez ValentíCasañ CristinaRuiz LidiaPerez-Zsolt DanielVidela SebastiàClotet BonaventuraLlibre Josep M.","Same-day SARS-CoV-2 antigen test screening in an indoor mass-gathering live music event: a randomised controlled trial","https://doi.org/10.1016/S1473-3099(21)00268-1","",NA,NA,NA,NA,NA,"sr2_original_354",NA,"original_ca_exclude","original","10.1016/S1473-3099(21)00268-1"
"Seitz TamaraSchindler StefanieWinkelmeyer PatrickZach BernhardWenisch ChristophZoufaly AlexanderAllerberger Franz","Evaluation of rapid antigen tests based on saliva for the detection of SARS-CoV-2","https://doi.org/10.1002/jmv.26983","",NA,NA,NA,NA,NA,"sr2_original_355",NA,"original_ca_exclude","original","10.1002/jmv.26983"
"Singh N. K.Ray P.Carlin A. F.Magallanes C.Morgan S. C.Laurent
L. C.Aronoff-Spencer E. S.Hall D. A.","Hitting the diagnostic sweet spot: Point-of-care SARS-CoV-2 salivary antigen testing with an off-the-shelf glucometer","https://doi.org/10.1016/j.bios.2021.113111","",NA,NA,NA,NA,NA,"sr2_original_356",NA,"original_ca_exclude","original","10.1016/j.bios.2021.113111"
"Steinlin-Schopfer Jacqueline Barbani Maria Teresa Kamgang Richard Zwahlen Martina Suter-Riniker Franziska Dijkman Ronald","Evaluation of the Roche Antigen Rapid Test and a Cell Culture-Based Assay compared to rRT- PCR for the detection of SARS CoV-2: a contribution to the discussion about SARS CoV-2 diagnostic tests and contagiousness","https://doi.org/10.1016/j.jcvp.2021.100020","",NA,NA,NA,NA,NA,"sr2_original_357",NA,"original_ca_exclude","original","10.1016/j.jcvp.2021.100020"
"Stokes W.Berenger B. M.Portnoy D.Scott B.Szelewicki J.Singh T.Venner
A. A.Turnbull L.Pabbaraju K.Shokoples S.Wong A. A.Gill K.Guttridge T.Proctor
D.Hu J.Tipples G.","Clinical performance of the Abbott Panbio with nasopharyngeal, throat, and saliva swabs among symptomatic individuals with COVID-19","https://doi.org/10.1007/s10096-021-04202-9","",NA,NA,NA,NA,NA,"sr2_original_358",NA,"original_ca_exclude","original","10.1007/s10096-021-04202-9"
"Uwamino YoshifumiNagata MikaAoki WataruNakagawa TerumichiInose RikaYokota HiromitsuFurusawa YuriSakai-Tagawa YukoIwatsuki- Horimoto KiyokoKawaoka YoshihiroHasegawa NaokiMurata Mitsuru","Accuracy of rapid antigen detection test for nasopharyngeal swab specimens and saliva samples in comparison with RT-PCR and viral culture for SARS-CoV-2 detection","https://doi.org/10.1016/j.jiac.2021.04.010","",NA,NA,NA,NA,NA,"sr2_original_359",NA,"original_ca_exclude","original","10.1016/j.jiac.2021.04.010"
"van der Moeren N.Zwart V. F.Goderski G.Rijkers G. T.Bijllaardt W.Veenemans J.Kluytmans J. A. J. W.Pas S. D.Meijer A.Verweij J. J.Murk J. L. A. N.Stohr J.
J. J. M.","Performance of the Diasorin SARS-CoV-2 antigen detection assay on the LIAISON XL","https://doi.org/10.1016/j.jcv.2021.104909","",NA,NA,NA,NA,NA,"sr2_original_360",NA,"original_ca_exclude","original","10.1016/j.jcv.2021.104909"
"Vaquer AndreuAlba-Patiño AlejandraAdrover-Jaume CristinaRussell Steven M.Aranda MaríaBorges MarcioMena JoanaCastillo Alberto DelSocias AntoniaMartín LuisaArellano María MagdalenaAgudo MiguelGonzalez- Freire MartaBesalduch ManuelaClemente AntonioBarón Enriquede la Rica Roberto","Nanoparticle Transfer Biosensors for the Non-Invasive Detection of SARS-CoV-2 Antigens Trapped in Surgical Face Masks","https://doi.org/10.1016/j.snb.2021.130347","",NA,NA,NA,NA,NA,"sr2_original_362",NA,"original_ca_exclude","original","10.1016/j.snb.2021.130347"
"Veyrenche NicolasBolloré KarinePisoni AmandineBedin Anne-SophieMondain Anne-MarieDucos JacquesSegondy MichelMontes BrigittePastor PatrickMorquin DavidMakinson AlainLe Moing VincentVan de Perre PhilippeFoulongne VincentTuaillon
Edouard","Diagnosis value of SARS-CoV-2 antigen/antibody combined testing using rapid diagnostic tests at hospital admission","https://doi.org/10.1002/jmv.26855","",NA,NA,NA,NA,NA,"sr2_original_363",NA,"original_ca_exclude","original","10.1002/jmv.26855"
"Yamamoto K.Nagashima M.Yoshida I.Sadamasu K.Kurokawa M.Nagashima M.Kinoshita N.Maeda K.Takasaki J.Teruya K.Ohmagari N.","Does the SARS-CoV-2 rapid antigen test result correlate with the viral culture result?","https://doi.org/10.1016/j.jiac.2021.05.006","",NA,NA,NA,NA,NA,"sr2_original_364",NA,"original_ca_exclude","original","10.1016/j.jiac.2021.05.006"
"Yamamoto KeiSuzuki MichiyoYamada GenSudo TsutomuNomoto HidetoshiKinoshita NorikoNakamura KeijiTsujimoto YoshieKusaba YusakuMorita ChieMoriya AtaruMaeda KenjiYagi ShintaroKimura MotoiOhmagari Norio","Utility of the antigen test for coronavirus disease 2019: Factors influencing the prediction of the possibility of disease transmission","https://doi.org/10.1016/j.ijid.2020.12.079","",NA,NA,NA,NA,NA,"sr2_original_365",NA,"original_ca_exclude","original","10.1016/j.ijid.2020.12.079"
"Yokota IsaoShane Peter Y.Okada KazufumiUnoki YokoYang YichiIwasaki SumioFujisawa ShinichiNishida MutsumiTeshima Takanori","A novel strategy for SARS-CoV-2 mass screening with quantitative antigen testing of saliva: a diagnostic accuracy study","https://doi.org/10.1016/S2666-5247(21)00092-6","",NA,NA,NA,NA,NA,"sr2_original_366",NA,"original_ca_exclude","original","10.1016/S2666-5247(21)00092-6"
"Zacharias MartinStangl VerenaThüringer AndreaLoibner MartinaWurm PhilippWolfgruber StellaZatloukal KurtKashofer KarlGorkiewicz Gregor","Rapid Antigen Test for Postmortem Evaluation of SARS-CoV-2 Carriage","https://doi.org/10.3201%2Feid2706.210226","",NA,NA,NA,NA,NA,"sr2_original_367",NA,"original_ca_exclude","original",NA
"Zhang C.Zhou L.Du K.Zhang Y.Wang J.Chen L.Lyu Y.Li J.Liu H.Huo J.Li F.Wang J.Sang P.Lin S.Xiao Y.Zhang K.He K.","Foundation and Clinical Evaluation of a New Method for Detecting SARS-CoV-2 Antigen by Fluorescent Microsphere Immunochromatography","https://doi.org/10.3389/fcimb.2020.553837","",NA,NA,NA,NA,NA,"sr2_original_368",NA,"original_ca_exclude","original","10.3389/fcimb.2020.553837"
"Koeleman J. G. M.Brand H.de Man S. J.Ong D. S. Y.","Clinical evaluation of rapid point-of-care antigen tests for diagnosis of SARS-CoV-2 infection","https://doi.org/10.1007/s10096-021-04274-7","",NA,NA,NA,NA,NA,"sr2_original_369",NA,"original_ca_exclude","original","10.1007/s10096-021-04274-7"
"Seynaeve Y.Heylen J.Fontaine C.Maclot F.Meex C.Diep A. N.Donneau
A. F.Hayette M. P.Descy J.","Evaluation of Two Rapid Antigenic Tests for the Detection of SARS-CoV-2 in Nasopharyngeal Swabs","https://doi.org/10.3390/jcm10132774","",NA,NA,NA,NA,NA,"sr2_original_370",NA,"original_ca_exclude","original","10.3390/jcm10132774"
"Corman V. M.Haage V. C.Bleicker T.Schmidt M. L.Mühlemann B.Zuchowski M.Jo W. K.Tscheak P.Möncke-Buchner E.Müller M. A.Krumbholz A.Drexler J. F.Drosten C.","Comparison of seven commercial SARS-CoV-2 rapid point-of-care antigen tests: a single-centre laboratory evaluation study","https://doi.org/10.1016/S2666-5247(21)00056-2","",NA,NA,NA,NA,NA,"sr2_original_371",NA,"original_ca_exclude","original","10.1016/S2666-5247(21)00056-2"
"Y. Akashi; Y. Kiyasu; Y. Takeuchi; D. Kato; M. Kuwahara; S. Muramatsu; A. Ueda; S. Notake; K. Nakamura; H.
Ishikawa; H. Suzuki","Evaluation and clinical implications of the time to a positive results of antigen testing for SARS-CoV-2","https://doi.org/10.1016/j.jiac.2021.10.026","",NA,NA,NA,NA,NA,"sr2_original_372",NA,"original_ca_exclude","original","10.1016/j.jiac.2021.10.026"
"J. Andreani; J. Lupo; R. Germi; C. Laugier; M. Roccon; S. Larrat; P. Morand; B. Nemoz","Evaluation of six commercial SARS-CoV-2 rapid antigen tests in nasopharyngeal swabs: Better knowledge for better patient management?","https://doi.org/10.1016/j.jcv.2021.104947","",NA,NA,NA,NA,NA,"sr2_original_373",NA,"original_ca_exclude","original","10.1016/j.jcv.2021.104947"
"C. Barrera-Avalos; R. Luraschi; E. Vallejos-Vidal; A. Mella-Torres; F. Hernández; M. Figueroa; C. Rioseco;
D. Valdés; M. Imarai; C. Acuña-
Castillo; F. E. Reyes-López; A. M. Sandino","The Rapid Antigen Detection Test for SARS-CoV-2 Underestimates the Identification of COVID-19 Positive Cases and Compromises the Diagnosis of the SARS-CoV-2 (K417N/T, E484K, and N501Y) Variants","https://doi.org/10.3389/fpubh.2021.780801","",NA,NA,NA,NA,NA,"sr2_original_374",NA,"original_ca_exclude","original","10.3389/fpubh.2021.780801"
"J. L. Bayart; J. Degosserie; J. Favresse; C. Gillot; M. Didembourg; H.
P. Djokoto; V. Verbelen; G. Roussel;
C. Maschietto; F. Mullier; J. M. Dogné;
J. Douxfils","Analytical Sensitivity of Six SARS-CoV-2 Rapid Antigen Tests for Omicron Versus Delta Variant","https://doi.org/10.3390/v14040654","",NA,NA,NA,NA,NA,"sr2_original_375",NA,"original_ca_exclude","original","10.3390/v14040654"
"J. Beaumont; M. M. Nargesi; S. Smith;
D. Harte; E. Smit; J. Ussher; G. McAuliffe","Sensitivity and potential utility of SARS-CoV-2 rapid antigen and nucleic acid amplification tests in the context of an elimination approach","PMID: 34855731","",NA,NA,NA,NA,NA,"sr2_original_376",NA,"original_ca_exclude","original",NA
"R. Y. T. Chiu; N. Kojima; G. L. Mosley;
K. K. Cheng; D. Y. Pereira; M. Brobeck; T. L. Chan; J. S. Zee; H. Kittur; C. Y. T. Chung; E. Tsang; K. Maran; R. W. Yung; A. C. Leung; R. H.
Siu; J. P. Ng; T. H. Choi; M. W. Fung;
W. S. Chan; H. Y. Lam; K. H. Lee; S.
Parkin; F. C. Chao; S. K. Ho; D. R. Marshak; E. S. Ma; J. D. Klausner","Evaluation of the INDICAID COVID-19 Rapid Antigen Test in Symptomatic Populations and Asymptomatic Community Testing","https://doi.org/10.1128/spectrum.00342-21","",NA,NA,NA,NA,NA,"sr2_original_377",NA,"original_ca_exclude","original","10.1128/spectrum.00342-21"
"J. Christoph; F. Kirvina; S. Tavion; W. Dashaunette; M. Keith; C. Donaldson;
m. indira","EVALUATION OF THE PANBIO SARS-COV-2 RAPID ANTIGEN DETECTION TEST IN THE BAHAMAS","https://doi.org/10.1101/2021.07.13.21260402","",NA,NA,NA,NA,NA,"sr2_original_378",NA,"original_ca_exclude","original","10.1101/2021.07.13.21260402"
"V. R. Francis; M. A. R. V. Muthugala","Field evaluation of a commercially available COVID-19 rapid antigen test kit","https://doi.org/10.1371/journal.pone.0262399","",NA,NA,NA,NA,NA,"sr2_original_379",NA,"original_ca_exclude","original","10.4038/sljid.v11i1.8356"
"M. R. K. A. R. S. A. V. T. Gunell","Clinical evaluation of an automated, rapid mariPOC® antigen test in screening of symptomatics and asymptomatics for SARS-CoV-2 infections (preprint)","https://doi.org/10.1002/jmv.28189","",NA,NA,NA,NA,NA,"sr2_original_380",NA,"original_ca_exclude","original","10.1002/jmv.28189"
"M. Ifko; M. Skvarc","Use of Immunochromatographic SARS-CoV-2 Antigen Testing in Eight Long-Term Care Facilities for the Elderly","https://doi.org/10.3390/healthcare9070868","",NA,NA,NA,NA,NA,"sr2_original_381",NA,"original_ca_exclude","original","10.3390/healthcare9070868"
"S. N. K. Iyaloo; C. Douglas; N. Emmy- Else; N.-P. Victoria; G.-o. Nathalia; F. Ndahafa; N. Pentikainen; S. Andreas;
R. Gerhard van; S. Ferlin; H. Lindile; N.
Pendapala; N.-O. Ifeoma; C. Francis;
B. Sirak Hailu; T. Kapena","Laboratory and field evaluation of the STANDARD Q and PanbioTM SARS-CoV-2 antigen rapid test in Namibia using nasopharyngeal samples","https://doi.org/10.1371/journal.pone.0269329","",NA,NA,NA,NA,NA,"sr2_original_382",NA,"original_ca_exclude","original","10.1371/journal.pone.0269329"
"M. N. A. Kalil; W. Yusof; N. Ahmed; M.
H. Fauzi; M. A. A. Bakar; A. S. Sjahid;
R. Hassan; C. Yean Yean","Performance Validation of COVID-19 Self-Conduct Buccal and Nasal Swabs RTK- Antigen Diagnostic Kit","https://doi.org/10.3390/diagnostics11122245","",NA,NA,NA,NA,NA,"sr2_original_383",NA,"original_ca_exclude","original","10.3390/diagnostics11122245"
"J. K. E. C. S.-Y. L. Y.-H. J. S. L. K. H.
E. V. B. H. J.-H. H. J.-H. K. N. S. M.-K.
K. H.-. Kwon","Bean Extract-Based Gargle as Promising Tool for Efficient Diagnosis of COVID-19 at Early Stage Using Rapid Antigen Tests: A Clinical, Prospective, Diagnostic Sensitivity Study","https://doi.org/10.2139/ssrn.3895641","",NA,NA,NA,NA,NA,"sr2_original_384",NA,"original_ca_exclude","original","10.2139/ssrn.3895641"
"S. Lee; K. Widyasari; H. R. Yang; J. Jang; T. Kang; S. Kim","Evaluation of the Diagnostic Accuracy of Nasal Cavity and Nasopharyngeal Swab Specimens for SARS-CoV-2 Detection via Rapid Antigen Test according to Specimen Collection Timing and Viral Load","https://doi.org/10.3390/diagnostics12030710","",NA,NA,NA,NA,NA,"sr2_original_385",NA,"original_ca_exclude","original","10.3390/diagnostics12030710"
"C. Leli; L. Di Matteo; F. Gotta; E. Cornaglia; D. Vay; I. Megna; R. E. Pensato; R. Boverio; A. Rocchetti","Performance of a SARS-CoV-2 antigen rapid immunoassay in patients admitted to the emergency department","https://doi.org/10.1016/j.ijid.2021.07.043","",NA,NA,NA,NA,NA,"sr2_original_386",NA,"original_ca_exclude","original","10.1016/j.ijid.2021.07.043"
"Y. K. Lim; O. J. Kweon; H. R. Kim; T.
H. Kim; M. K. Lee","Field evaluation of seven SARS-COV-2 antigen assays","https://doi.org/10.1016/j.jiph.2021.12.012","",NA,NA,NA,NA,NA,"sr2_original_387",NA,"original_ca_exclude","original","10.1016/j.jiph.2021.12.012"
"F. T. G. Y. B. L. Z. M. P. O. E. J. W. Z.
S. M. A. Lombardo","Diagnostic Performance of a Rapid Antigen Test Compared with the Reverse Transcription Polymerase Chain Reaction for SARS-CoV-2 Detection in Asymptomatic Individuals Referring to a Drive-in Testing Facility","https://doi.org/10.3390/covid1040063","",NA,NA,NA,NA,NA,"sr2_original_388",NA,"original_ca_exclude","original","10.3390/covid1040063"
"D. Doolabh; R. Joseph; A. Enoch; C.
Y. Chu; C. Williamson; A. Brink; D. Hardie","Improved oral detection is a characteristic of Omicron infection and has implications for clinical sampling and tissue tropism","https://doi.org/10.1016/j.jcv.2022.105170","",NA,NA,NA,NA,NA,"sr2_original_389",NA,"original_ca_exclude","original","10.1016/j.jcv.2022.105170"
"B. Merrick; M. Noronha; R. Batra; S. Douthwaite; G. Nebbia; L. B. Snell; S. Pickering; R. P. Galao; J. Whitfield; A. Jahangeer; R. Gunawardena; T. Godfrey; R. Laifa; K. Webber; P. R. Cliff; E. Cunningham; S. J. D. Neil; H. Gettings; J. D. Edgeworth; H. L.
Harrison","Real-world deployment of lateral flow SARS-CoV-2 antigen detection in the emergency department to provide rapid, accurate and safe diagnosis of COVID-19","https://doi.org/10.1016/j.infpip.2021.100186","",NA,NA,NA,NA,NA,"sr2_original_390",NA,"original_ca_exclude","original","10.1016/j.infpip.2021.100186"
"J. Navero-Castillejos; C. Casals- Pascual; S. Narváez; G. Cuesta; J. Carlos Hurtado; M. Fernandez; M. Navarro; A. Peiró-Mestres; M. V. Lasheras; P. Rodriguez; A. Pulgarín;
M. Á. Marcos; J. Vila; M. J. Martínez","Diagnostic Performance of Six Rapid Antigen Tests for SARSCoV-2","https://doi.org/10.1128/spectrum.02351-21","",NA,NA,NA,NA,NA,"sr2_original_391",NA,"original_ca_exclude","original","10.1128/spectrum.02351-21"
"N. Noorliza Mohamad; L. Chee Loon;
L. Zhuo-zhi; L. Teck Onn","Field evaluation of Rapid SARS-Cov2 Antigen screening test on self-collected deep throat saliva samples in Malaysia","https://doi.org/10.1101/2021.12.20.21268141","",NA,NA,NA,NA,NA,"sr2_original_392",NA,"original_ca_exclude","original","10.1101/2021.12.20.21268141"
"A. Parikh; L. Cooper; D. Frogel; K. Le Benger; C. K. Cooper; V. Parvu","Large-Scale SARS-CoV-2 Antigen Testing With Real-World Specimens","https://doi.org/10.3389/fpubh.2022.836328","",NA,NA,NA,NA,NA,"sr2_original_393",NA,"original_ca_exclude","original","10.3389/fpubh.2022.836328"
"P. Posteraro; F. M. Errico; A. De Carolis; G. Menchinelli; M. Sanguinetti;
B. Posteraro","Setting-specific variability of false-positive result rates with rapid testing for SARS- CoV-2 antigen","https://doi.org/10.1016/j.jcv.2022.105132","",NA,NA,NA,NA,NA,"sr2_original_394",NA,"original_ca_exclude","original","10.1016/j.jcv.2022.105132"
"H. Scheiblauer; A. Filomena; A. Nitsche; A. Puyskens; V. M. Corman;
C. Drosten; K. Zwirglmaier; C. Lange;
P. Emmerich; M. Müller; O. Knauer; C.
M. Nübling","Comparative sensitivity evaluation for 122 CE-marked rapid diagnostic tests for SARS-CoV-2 antigen, Germany, September 2020 to April 2021","https://doi.org/10.2807/1560-7917.es.2021.26.44.2100441","",NA,NA,NA,NA,NA,"sr2_original_395",NA,"original_ca_exclude","original","10.2807/1560-7917.es.2021.26.44.2100441"
"U. V. Schneider; M. W. Forsberg; T. D.
Leineweber; C. B. Jensen; K. Ghathian; C. N. Agergaard; K. K. Mortensen; A. Cohen; C. S. Jørgensen; H. Larsen; M. B. Hansen;
U. Saleme; A. Koch; N. S. Kirkby; T. Kallemose; M. L. Schaadt; F. H. Jensen; R. L. Jørgensen; C. M. G. Ma;
N. Steenhard; J. D. Knudsen; J. G.
Lisby","A nationwide analytical and clinical evaluation of 44 rapid antigen tests for SARS- CoV-2 compared to RT-qPCR","https://doi.org/10.1016/j.jcv.2022.105214","",NA,NA,NA,NA,NA,"sr2_original_396",NA,"original_ca_exclude","original","10.1016/j.jcv.2022.105214"
"T. Seitz; B. Lickefett; M. Traugott; E. Pawelka; M. Karolyi; S. Baumgartner;
S. Jansen-Skoupy; J. Atamaniuk; R. Fritsche-Polanz; J. Asenbaum; C.
Wenisch; M. Födinger; A. Zoufaly","Evaluation of Five Commercial SARS-CoV-2 Antigen Tests in a Clinical Setting","https://doi.org/10.1007/s11606-022-07448-x","",NA,NA,NA,NA,NA,"sr2_original_397",NA,"original_ca_exclude","original","10.1007/s11606-022-07448-x"
"E. V. Divisenko; M. A. Nikiforova; A. E. Siniavin; D. A. Ogarkova; A. V. Shagaev; M. A. Semashko; A. P. Tkachuk; O. A. Burgasova; V. A. Gushchin","The Value of Rapid Antigen Tests for Identifying Carriers of Viable SARS-CoV-2","https://doi.org/10.3390/v13102012","",NA,NA,NA,NA,NA,"sr2_original_398",NA,"original_ca_exclude","original","10.3390/v13102012"
"H. Shin; S. Lee; K. Widyasari; J. Yi; E.
Bae; S. Kim","Performance evaluation of STANDARD Q COVID-19 Ag home test for the diagnosis
of COVID-19 during early symptom onset","https://doi.org/10.1002/jcla.24410","",NA,NA,NA,NA,NA,"sr2_original_399",NA,"original_ca_exclude","original","10.1002/jcla.24410"
"R. L. Smith; L. L. Gibson; P. P. Martinez; R. Ke; A. Mirza; M. Conte; N. Gallagher; A. Conte; L. Wang; R. Fredrickson; D. C. Edmonson; M. E. Baughman; K. K. Chiu; H. Choi; T. W. Jensen; K. R. Scardina; S. Bradley; S.
L. Gloss; C. Reinhart; J. Yedetore; A.
N. Owens; J. Broach; B. Barton; P. Lazar; D. Henness; T. Young; A. Dunnett; M. L. Robinson; H. H. Mostafa; A. Pekosz; Y. C. Manabe; W.
J. Heetderks; D. D. McManus; C. B.
Brooke","Longitudinal Assessment of Diagnostic Test Performance Over the Course of Acute SARS-CoV-2 Infection","https://doi.org/10.1101/2021.03.19.21253964","",NA,NA,NA,NA,NA,"sr2_original_400",NA,"original_ca_exclude","original","10.1101/2021.03.19.21253964"
"I. Tabain; D. Cucevic; N. Skreb; A. Mrzljak; I. Ferencak; Z. Hruskar; A. Misic; J. Kuzle; A. M. Skoda; H. Jankovic; T. Vilibic-Cavlek","Field evaluation of COVID-19 rapid antigen test: Are rapid antigen tests less reliable among the elderly?","https://doi.org/10.12998/wjcc.v10.i19.6456","",NA,NA,NA,NA,NA,"sr2_original_401",NA,"original_ca_exclude","original","10.12998/wjcc.v10.i19.6456"
"J. Wachinger; I. D. Olaru; S. Horner; P. Schnitzler; K. Heeg; C. M. Denkinger","The potential of SARS-CoV-2 antigen-detection tests in the screening of asymptomatic persons","https://doi.org/10.1016/j.cmi.2021.07.020","",NA,NA,NA,NA,NA,"sr2_original_402",NA,"original_ca_exclude","original","10.1016/j.cmi.2021.07.020"
"M. Wölfl-Duchek; F. Bergmann; A. Jorda; M. Weber; M. Müller; T. Seitz;
A. Zoufaly; R. Strassl; M. Zeitlinger; H.
Herkner; H. Schnidar; K. Anderle; U. Derhaschnig","Sensitivity and Specificity of SARS-CoV-2 Rapid Antigen Detection Tests Using Oral, Anterior Nasal, and Nasopharyngeal Swabs: a Diagnostic Accuracy Study","https://doi.org/10.1128/spectrum.02029-21","",NA,NA,NA,NA,NA,"sr2_original_403",NA,"original_ca_exclude","original","10.1128/spectrum.02029-21"
"B. Xu; H. Tang; Y. Weng; V. S. Jones;
S. Luo; C. Y. Cho; Y. Lin; J. Fang; X. Song; R. P. Huang","Development and evaluation of time-resolved fluorescent immunochromatographic assay for quantitative detection of SARS-CoV-2 spike antigen","https://doi.org/10.1002/jcla.24513","",NA,NA,NA,NA,NA,"sr2_original_404",NA,"original_ca_exclude","original","10.1002/jcla.24513"
"T. H. Yi; J. H. Lee","Comparison Between GenBody COVID-19 Rapid Antigen Kit and SARS-CoV-2 RT-
PCR","https://doi.org/10.7754/clin.lab.2021.210717","",NA,NA,NA,NA,NA,"sr2_original_405",NA,"original_ca_exclude","original","10.7754/clin.lab.2021.210717"
"K. Zannat; H. Mohabbat; S. Sara; L. Shahin; G. Jesse; B. Gama; R. Redwan; A. Mokibul Hassan; R. Mohammed Ziaur; H. Imrul; S. Abu Bakar; M. Glenn; R. W. David; C. I. Louise; C. L. Regina; B. H. Jason; Q. Firdausi","An assessment of a rapid SARS-CoV-2 antigen test in Bangladesh","https://doi.org/10.4269/ajtmh.22-0068","",NA,NA,NA,NA,NA,"sr2_original_406",NA,"original_ca_exclude","original","10.4269/ajtmh.22-0068"
"J. S. T. Zee; C. T. L. Chan; A. C. P.
Leung; B. P. W. Yu; J. R. L. Hung; Q.
W. L. Chan; E. S. K. Ma; K. H. Lee; C.
C. Lau; R. W. H. Yung","Rapid antigen test during a COVID-19 outbreak in a private hospital in Hong Kong","https://doi.org/10.12809/hkmj219559","",NA,NA,NA,NA,NA,"sr2_original_407",NA,"original_ca_exclude","original","10.12809/hkmj219559"
"M. Hagbom; N. Carmona-Vicente; S. Sharma; H. Olsson; M. Jämtberg; Å. Nilsdotter-Augustinsson; J. Sjöwall; J.
Nordgren","Evaluation of SARS-CoV-2 rapid antigen diagnostic tests for saliva samples","https://doi.org/10.1016/j.heliyon.2022.e08998","",NA,NA,NA,NA,NA,"sr2_original_408",NA,"original_ca_exclude","original","10.1016/j.heliyon.2022.e08998"
"P. Halfon; G. Penaranda; H. Khiri; V. Garcia; H. Drouet; P. Philibert; C. Psomas; M. Delord; F. Retornaz; C. Charpin; T. Gonzales; H. Pegliasco; J. Allardet-Servent","An optimized stepwise algorithm combining rapid antigen and RT-qPCR for screening of COVID-19 patients","https://doi.org/10.1371/journal.pone.0257817","",NA,NA,NA,NA,NA,"sr2_original_409",NA,"original_ca_exclude","original","10.1371/journal.pone.0257817"
"A. Harmon; C. Chang; N. Salcedo; B. Sena; B. B. Herrera; I. Bosch; L. E. Holberger","Validation of an At-Home Direct Antigen Rapid Test for COVID-19","https://doi.org/10.1001/jamanetworkopen.2021.26931","",NA,NA,NA,NA,NA,"sr2_original_410",NA,"original_ca_exclude","original","10.1001/jamanetworkopen.2021.26931"
"S. Jungnick; B. Hobmaier; N. Paravinja; L. Mautner; M. Hoyos; R. Konrad; M. Haase; A. Baiker; U. Eberle; M. Bichler; B. Treis; M. Okeyo;
B. Streibl; C. Wimmer; S. Hepner; A. Sprenger; C. Berger; L. Weise; A. Dangel; S. Ippisch; W. Jonas; M. Wildner; B. Liebl; N. Ackermann; A.
Sing; V. Fingerle","Analysis of seven SARS-CoV-2 rapid antigen tests in detecting omicron (B.1.1.529) versus delta (B.1.617.2) using cell culture supernatants and clinical specimens","https://doi.org/10.1007/s15010-022-01844-5","",NA,NA,NA,NA,NA,"sr2_original_411",NA,"original_ca_exclude","original","10.1007/s15010-022-01844-5"
"S. Kepka; M. Ohana; F. Séverac; J. Muller; E. Bayle; Y. Ruch; E. Laugel;
M. Oberlin; M. Solis; Y. Hansmann; P.
Bilbault; S. F. Kremer","Rapid antigen test combined with chest computed tomography to rule out COVID-19 in patients admitted to the emergency department","https://doi.org/10.3390/jcm10163455","",NA,NA,NA,NA,NA,"sr2_original_412",NA,"original_ca_exclude","original","10.3390/jcm10163455"
"M. L. Lind; O. L. Schultes; A. J. Robertson; A. J. Houde; D. A. T. Cummings; A. I. Ko; B. S. Kennedy; R.
P. Richeson","Testing Frequency Matters : An Evaluation of the Diagnostic Performance of a SARS-CoV-2 Rapid Antigen Test in United States Correctional Facilities","https://doi.org/10.1093/cid/ciac450","",NA,NA,NA,NA,NA,"sr2_original_413",NA,"original_ca_exclude","original","10.1093/cid/ciac450"
"M. A. Rodgers; A. Olivo; B. J. Harris;
C. Lark; X. Luo; M. G. Berg; T. V. Meyer; A. Mohaimani; G. S. Orf; Y. Goldstein; A. S. Fox; J. Hirschhorn; W.
B. Glen; F. Nolte; A. Landay; C. Jennings; J. Moy; V. Servellita; C. Chiu; R. Batra; L. B. Snell; G. Nebbia;
S. Douthwaite; A. Tanuri; L. Singh; T. de Oliveira; A. Ahouidi; S. Mboup; G.
A. Cloherty","Detection of SARS-CoV-2 variants by Abbott molecular, antigen, and serological tests","https://doi.org/10.1016/j.jcv.2022.105080","",NA,NA,NA,NA,NA,"sr2_original_414",NA,"original_ca_exclude","original","10.1016/j.jcv.2022.105080"
"N. Salcedo; A. Reddy; A. R. Gomez; I. Bosch; B. B. Herrera","Monoclonal antibody pairs against SARS-CoV-2 for rapid antigen test development","https://doi.org/10.1371/journal.pntd.0010311","",NA,NA,NA,NA,NA,"sr2_original_415",NA,"original_ca_exclude","original","10.1371/journal.pntd.0010311"
"G. L. Salvagno; R. Nocini; G. Gianfilippi; G. Fiorio; L. Pighi; S. De Nitto; A. Cominziolli; B. M. Henry; G. Lippi","Performance of Fujirebio Espline SARS-CoV-2 rapid antigen test for identifying potentially infectious individuals","https://doi.org/10.1515/dx-2021-0107","",NA,NA,NA,NA,NA,"sr2_original_416",NA,"original_ca_exclude","original","10.1515/dx-2021-0107"
"O. Y. Bello-Chavolla; N. E. Antonio- Villa; L. Fernández-Chirino; E. C. Guerra; C. A. Fermín-Martínez; A. Márquez-Salinas; A. Vargas-Vázquez;
J. P. Bahena-López","Diagnostic performance and clinical implications of rapid SARS-CoV-2 antigen testing in Mexico using real-world nationwide COVID-19 registry data","https://doi.org/10.1371/journal.pone.0256447","",NA,NA,NA,NA,NA,"sr2_original_417",NA,"original_ca_exclude","original","10.1371/journal.pone.0256447"
"Sachithanandham; A. Fall; Z. Siddiqui;
A. Pekosz; Y. C. Manabe; H. H. Mostafa","Evaluation of Four Point of Care (POC) Antigen Assays for the Detection of the SARS-CoV-2 Variant Omicron","https://doi.org/10.1128/spectrum.01025-22","",NA,NA,NA,NA,NA,"sr2_original_418",NA,"original_ca_exclude","original","10.1128/spectrum.01025-22"
"G. C. K. Mak; S. S. Y. Lau; K. K. Y.
Wong; N. L. S. Chow; C. S. Lau; K. H.
L. Ng; E. T. K. Lam; R. C. W. Chan; D.
N. C. Tsang","Evaluation of automated antigen detection test for detection of SARS-CoV-2","https://doi.org/10.1016/j.diagmicrobio.2021.115490","",NA,NA,NA,NA,NA,"sr2_original_419",NA,"original_ca_exclude","original","10.1016/j.diagmicrobio.2021.115490"
"M. Bollinger; P. Saile; A. D. Shapeton;
M. Kohl; B. Kumle","Sensitivity of severe acute respiratory syndrome coronavirus type 2 rapid antigen point-of-care tests in vaccinated patients","https://doi.org/10.1097%2FMEJ.0000000000000928","",NA,NA,NA,NA,NA,"sr2_original_420",NA,"original_ca_exclude","original",NA
"T. J. Lopera; J. C. Alzate-Ángel; F. J. Díaz; M. T. Rugeles; W. Aguilar- Jiménez","The Usefulness of Antigen Testing in Predicting Contagiousness in COVID-19","https://doi.org/10.1128/spectrum.01962-21","",NA,NA,NA,NA,NA,"sr2_original_421",NA,"original_ca_exclude","original","10.1128/spectrum.01962-21"
"E. M. S. M. M. B. G. Q. F. K. Z. L. S. I.
L. W. D. S. S. M. M. G. J. Muthamia","CHARACTERISTICS OF RAPID POINT OF CARE SARS-CoV-2 ANTIGEN TESTING IN KENYA","https://doi.org/10.1101/2021.06.03.21258290","",NA,NA,NA,NA,NA,"sr2_original_422",NA,"original_ca_exclude","original","10.1101/2021.06.03.21258290"
"G. Patriquin; J. J. LeBlanc; C. Williams;
T. F. Hatchette; J. Ross; L. Barrett; R. Davidson","Comparison between Nasal and Nasopharyngeal Swabs for SARS-CoV-2 Rapid Antigen Detection in an Asymptomatic Population, and Direct Confirmation by RT- PCR from the Residual Buffer","https://doi.org/10.1128/spectrum.02455-21","",NA,NA,NA,NA,NA,"sr2_original_423",NA,"original_ca_exclude","original","10.1128/spectrum.02455-21"
"D. Petonnet; S. Marot; I. Leroy; J. Cohier; C. Ramahefasolo; S. Mansaly;
V. Calvez; A. G. Marcelin; S. Burrel","Comparison of Rapid and Automated Antigen Detection Tests for the Diagnosis of SARS-CoV-2 Infection","https://doi.org/10.3390/diagnostics12010104","",NA,NA,NA,NA,NA,"sr2_original_424",NA,"original_ca_exclude","original","10.3390/diagnostics12010104"
"S. B. R. S. L. M. B. N. G. D. S. P. A. I.
M. T. K. P. B. C. T. A.-M. A. L. M. J. C.
P. C. Pickering; R. P. Galão","Comparative performance of SARS CoV-2 lateral flow antigen tests demonstrates their utility for high sensitivity detection of infectious virus in clinical specimens","https://doi.org/10.1101/2021.02.27.21252427   ","",NA,NA,NA,NA,NA,"sr2_original_425",NA,"original_ca_exclude","original","10.1101/2021.02.27.21252427   "
"A. Kritikos; G. Caruana; R. Brouillet; J.-
P. Miroz; S. Abed-Maillard; G. Stieger;
O. Opota; A. Croxatto; P. Vollenweider; P.-A. Bart; J.-D. Chiche; G. Greub","Sensitivity of Rapid Antigen Testing and RT-PCR Performed on Nasopharyngeal Swabs versus Saliva Samples in COVID-19 Hospitalized Patients: Results of a Prospective Comparative Trial (RESTART)","https://doi.org/10.3390/microorganisms9091910","",NA,NA,NA,NA,NA,"sr2_original_426",NA,"original_ca_exclude","original","10.3390/microorganisms9091910"
"Baro B.Rodo P.Ouchi D.Bordoy A. E.Saya Amaro E. N.Salsench S. V.Molinos S.Alemany A.Ubals M.Corbacho-Monné M.Millat-Martinez P.Marks M.Clotet B.Prat N.Estrada O.Vilar M.Ara J.Vall-Mayans M.G.
Beiras C nullBassat Q.Blanco I.Mitjà O.","Performance characteristics of five antigen-detecting rapid diagnostic test (Ag-RDT) for SARS-CoV-2 asymptomatic infection: a head-to-head benchmark comparison","https://doi.org/10.1016/j.jinf.2021.04.009","",NA,NA,NA,NA,NA,"sr2_original_427",NA,"original_ca_exclude","original","10.1016/j.jinf.2021.04.009"
"Carrillo R. J. D.Sarmiento A. D.Ang M.
A. C.Diwa M. H.Dungog C. C.Tan D. I.Lacuata J. A. C.Salud J. E. D.Lopa R.
A. B.Velasco J. M. S.Berba R.
P.Chiong C. M.","Validation of snort-spit saliva in detecting COVID-19 using RT-PCR and rapid antigen detection test","https://doi.org/10.47895/amp.v55i2.2779","",NA,NA,NA,NA,NA,"sr2_original_428",NA,"original_ca_exclude","original","10.47895/amp.v55i2.2779"
"Takeuchi Y.Akashi Y.Kato D.Kuwahara
M.Muramatsu S.Ueda A.Notake S.Nakamura K.Ishikawa H.Suzuki H.","The evaluation of a newly developed antigen test (QuickNavi™-COVID19 Ag) for SARS-CoV-2: A prospective observational study in Japan","https://doi.org/10.1016/j.jiac.2021.02.029","",NA,NA,NA,NA,NA,"sr2_original_429",NA,"original_ca_exclude","original","10.1016/j.jiac.2021.02.029"
"Young S.Taylor S. N.Cammarata C. L.Varnado K. G.Roger-Dalbert C.Montano A.Griego-Fullbright C.Burgard C.Fernandez C.Eckert K.Andrews J. C.Ren H.Allen J.Ackerman R.Cooper C. K.","Clinical Evaluation of BD Veritor SARS-CoV-2 Point-of-Care Test Performance Compared to PCR-Based Testing and versus the Sofia 2 SARS Antigen Point-of- Care Test","https://doi.org/10.1128/jcm.02338-20","",NA,NA,NA,NA,NA,"sr2_original_430",NA,"original_ca_exclude","original","10.1128/jcm.02338-20"
"Dankova Z.Novakova E.Skerenova M.Holubekova V.Lucansky V.Dvorska D.Brany D.Kolkova Z.Strnadel J.Mersakova S.Janikova K.Samec M.Pokusa M.Petras M.Sarlinova M.Kasubova I.Loderer D.Sadlonova V.Kompanikova J.Kotlebova N.Kompanikova A.Hrnciarova M.Stanclova A.Antosova M.Dzian A.Nosal V.Kocan I.Murgas D.Krkoska D.Calkovska A.Halasova E.","Comparison of sars-cov-2 detection by rapid antigen and by three commercial rt-qpcr tests: A study from martin university hospital in slovakia","https://doi.org/10.3390/ijerph18137037","",NA,NA,NA,NA,NA,"sr2_original_431",NA,"original_ca_exclude","original","10.3390/ijerph18137037"
"Murakami M.Sato H.Irie T. Kamo M. Naito W. Yasutaka T. Imoto S.","Sensitivity of rapid antigen tests for COVID-19 during the Omicron variant outbreak","https://doi.org/10.1101/2022.06.13.22276325","",NA,NA,NA,NA,NA,"sr2_original_432",NA,"original_ca_exclude","original","10.1101/2022.06.13.22276325"
"Chen H.Li Z.Feng S.Wang A.Richard- Greenblatt M.Hutson E.Andrianus S.Glaser L. J.Rodino K. G.Qian J.Jayaraman D.Collman R. G.Glascock A.Bushman F. D.Lee J. S.Cherry S.Fausto A.Weiss S. R.Koo H.Corby
P. M.O'Doherty U.Garfall A. L.Vogl D.
T.Stadtmauer E. A.Wang P.","Femtomolar SARS-CoV-2 Antigen Detection Using the Microbubbling Digital Assay with Smartphone Readout Enables Antigen Burden Quantitation and Dynamics Tracking","https://doi.org/10.1101/2021.03.17.21253847","",NA,NA,NA,NA,NA,"sr2_original_433",NA,"original_ca_exclude","original","10.1101/2021.03.17.21253847"
"Yin N.Debuysschere C.Decroly M.Bouazza F. Z.Collot V.Martin C.Ponthieux F.Dahma H.Gilbert
M.Wautier M.Duterme C.De Vos
N.Delforge M. L.Malinverni S.Cotton F.Bartiaux M.Hallin M.","SARS-CoV-2 Diagnostic Tests: Algorithm and Field Evaluation From the Near Patient Testing to the Automated Diagnostic Platform","https://doi.org/10.3389/fmed.2021.650581","",NA,NA,NA,NA,NA,"sr2_original_434",NA,"original_ca_exclude","original","10.3389/fmed.2021.650581"
"Jadhav; M. Kiran Kumar; N. T. Chauhan; A. B. Kavishvar; J. K. Kosambiya","Diagnostic Accuracy of Rapid Antigen Test for COVID-19 Infection: A Retrospective Analysis","https://doi.org/10.7860/JCDR/2022/52529.16321","",NA,NA,NA,NA,NA,"sr2_original_435",NA,"original_ca_exclude","original","10.7860/JCDR/2022/52529.16321"
"F. Cigliano; A. Boccuzzi; V. Basile; A. Ferraro; A. Macciotta; A. Catalano; G. Costa; P. Vineis; C. Sacerdote; V. Caramello","Are antigen tests useful as screening for the identification of SARS-CoV-2 in emergency rooms?","https://doi.org/10.1093/eurpub/ckab164.813","",NA,NA,NA,NA,NA,"sr2_original_436",NA,"original_ca_exclude","original","10.1093/eurpub/ckab164.813"
"S. Mathew; J. Saunders; J. Petty; R. Davis","Verification and implementation of a rapid antigen test for SARS-CoV2 detection in clinical settings in Sydney local health district (SLHD)","https://doi.org/10.1016/j.pathol.2021.12.278","",NA,NA,NA,NA,NA,"sr2_original_437",NA,"original_ca_exclude","original","10.1016/j.pathol.2021.12.278"
"A. M. Abdelrazik; S. M. Elshafie; H. M. Abdelaziz","Potential Use of Antigen-Based Rapid Test for SARS-CoV-2 in Respiratory Specimens in Low-Resource Settings in Egypt for Symptomatic Patients and High-Risk Contacts","10.1093/labmed/lmaa104","Lab Med",NA,NA,NA,NA,NA,"sr2_original_438",NA,"original_data_include","original","10.1093/labmed/lmaa104"
"Z. Abusrewil; I. M. Alhudiri; H. H. Kaal; S. E. El Meshri; F. O. Ebrahim; T. Dalyoum; A. A. Efrefer; K. Ibrahim; M. B. Elfghi; S. Abusrewil; A. Elzagheid","Time scale performance of rapid antigen testing for SARS-CoV-2: Evaluation of 10 rapid antigen assays","10.1002/jmv.27186","J Med Virol",NA,NA,NA,NA,NA,"sr2_original_439",NA,"original_data_include","original","10.1002/jmv.27186"
"A. S. Afzal RK, Ahmad F, Nasir S, Younas M, Ahmad T. ","Diagnostic accuracy of PANBIO COVID-19 rapid antigen method for screening in emergency cases.","","Pak Armed Forces Med J",NA,NA,NA,NA,NA,"sr2_original_440",NA,"original_data_include","original",NA
"Y. Akashi; M. Horie; Y. Takeuchi; K. Togashi; Y. Adachi; A. Ueda; S. Notake; K. Nakamura; N. Terada; Y. Kurihara; Y. Kiyasu; H. Suzuki","A prospective clinical evaluation of the diagnostic accuracy of the SARS-CoV-2 rapid antigen test using anterior nasal samples","10.1016/j.jiac.2022.02.016","J Infect Chemother",NA,NA,NA,NA,NA,"sr2_original_441",NA,"original_data_include","original","10.1016/j.jiac.2022.02.016"
"S. Al-Alawi; H. Al-Hinai; N. Al-Kindi; M. Al-Rashidi; H. Al-Kindi; I. Al-Shukri; A. Al-Rashdi; S. Jose; A. Al-Jardani","Evaluation of Four Rapid Antigen Tests for Detection of SARS-CoV-2 virus","10.5001/omj.2021.106","Oman Med J",NA,NA,NA,NA,NA,"sr2_original_442",NA,"original_data_include","original","10.5001/omj.2021.106"
"Z. N. Aleem S, Jeelani A, SalimKhan SM","Diagnostic accuracy of STANDARD QCOVID-19 antigen detection kit in comparison with RT-PCR assay using nasopharyngeal samples in India.","","J Clin Diagn Res",NA,NA,NA,NA,NA,"sr2_original_443",NA,"original_data_include","original",NA
"M. Alghounaim; H. Bastaki; F. Bin Essa; H. Motlagh; S. Al-Sabah","The Performance of Two Rapid Antigen Tests During Population-Level Screening for SARS-CoV-2 Infection","10.3389/fmed.2021.797109","Front Med (Lausanne)",NA,NA,NA,NA,NA,"sr2_original_444",NA,"original_data_include","original","10.3389/fmed.2021.797109"
"L. T. Allan-Blitz; J. D. Klausner","A Real-World Comparison of SARS-CoV-2 Rapid Antigen Testing versus PCR Testing in Florida","10.1128/JCM.01107-21","J Clin Microbiol",NA,NA,NA,NA,NA,"sr2_original_445",NA,"original_data_include","original","10.1128/JCM.01107-21"
"R. M. Amer; M. Samir; O. A. Gaber; N. A. El-Deeb; A. A. Abdelmoaty; A. A. Ahmed; W. Samy; A. H. Atta; M. Walaa; R. H. Anis","Diagnostic performance of rapid antigen test for COVID-19 and the effect of viral load, sampling time, subject's clinical and laboratory parameters on test accuracy","10.1016/j.jiph.2021.06.002","J Infect Public Health",NA,NA,NA,NA,NA,"sr2_original_446",NA,"original_data_include","original","10.1016/j.jiph.2021.06.002"
"O. E. Anastasiou; C. Holtkamp; M. Schafer; F. Schon; A. M. Eis-Hubinger; A. Krumbholz","Fast Detection of SARS-CoV-2 RNA Directly from Respiratory Samples Using a Loop-Mediated Isothermal Amplification (LAMP) Test","10.3390/v13050801","Viruses",NA,NA,NA,NA,NA,"sr2_original_447",NA,"original_data_include","original","10.3390/v13050801"
"K. Avgoulea; M. I. Beredaki; S. Vourli; M. Siopi; N. Siafakas; S. Pournaras","Field Evaluation of the New Rapid NG-Test((R)) SARS-CoV-2 Ag for Diagnosis of COVID-19 in the Emergency Department of an Academic Referral Hospital","10.3389/fpubh.2022.840984","Front Public Health",NA,NA,NA,NA,NA,"sr2_original_448",NA,"original_data_include","original","10.3389/fpubh.2022.840984"
"G. R. Babu; R. Sundaresan; S. Athreya; J. Akhtar; P. K. Pandey; P. S. Maroor; M. R. Padma; R. Lalitha; M. Shariff; L. Krishnappa; C. N. Manjunath; M. K. Sudarshan; G. Gururaj; T. S. Ranganath; K. D. E. Vasanth; P. Banandur; D. Ravi; S. Shiju; E. Lobo; A. Satapathy; L. Alahari; P. Dinesh; V. Thakar; A. Desai; A. Rangaiah; A. Munivenkatappa; K. S; S. G. Basawarajappa; H. G. Sreedhara; S. Kc; A. K. B; N. Umar; M. Ba; R. Vasanthapuram","The burden of active infection and anti-SARS-CoV-2 IgG antibodies in the general population: Results from a statewide sentinel-based population survey in Karnataka, India","10.1016/j.ijid.2021.05.043","Int J Infect Dis",NA,NA,NA,NA,NA,"sr2_original_449",NA,"original_data_include","original","10.1016/j.ijid.2021.05.043"
"C. M. Bachman; B. D. Grant; C. E. Anderson; L. F. Alonzo; S. Garing; S. A. Byrnes; R. Rivera; S. Burkot; A. Ball; J. W. Stafford; W. Wang; D. Banik; M. D. Keller; D. M. Cate; K. P. Nichols; B. H. Weigl; P. Dewan","Clinical validation of an open-access SARS-COV-2 antigen detection lateral flow assay, compared to commercially available assays","10.1371/journal.pone.0256352","PLoS One",NA,NA,NA,NA,NA,"sr2_original_450",NA,"original_data_include","original","10.1371/journal.pone.0256352"
"D. Basso; A. Aita; A. Padoan; C. Cosma; F. Navaglia; S. Moz; N. Contran; C. F. Zambon; A. Maria Cattelan; M. Plebani","Salivary SARS-CoV-2 antigen rapid detection: A prospective cohort study","10.1016/j.cca.2021.02.014","Clin Chim Acta",NA,NA,NA,NA,NA,"sr2_original_451",NA,"original_data_include","original","10.1016/j.cca.2021.02.014"
"L. Blairon; A. Wilmet; I. Beukinga; M. Tre-Hardy","Implementation of rapid SARS-CoV-2 antigenic testing in a laboratory without access to molecular methods: Experiences of a general hospital","10.1016/j.jcv.2020.104472","J Clin Virol",NA,NA,NA,NA,NA,"sr2_original_452",NA,"original_data_include","original","10.1016/j.jcv.2020.104472"
"K. A. Bond; B. Smith; E. Gardiner; K. C. Liew; E. Williams; N. Walsham; M. Putland; D. A. Williamson","Utility of SARS-CoV-2 rapid antigen testing for patient triage in the emergency department: A clinical implementation study in Melbourne, Australia","10.1016/j.lanwpc.2022.100486","Lancet Reg Health West Pac",NA,NA,NA,NA,NA,"sr2_original_453",NA,"original_data_include","original","10.1016/j.lanwpc.2022.100486"
"M. Borro; G. Salerno; A. Montori; A. Petrucca; P. Anibaldi; A. Marcolongo; R. Bonfini; M. Simmaco; I. Santino","SARS-CoV-2 Transmission Control Measures in the Emergency Department: The Role of Rapid Antigenic Testing in Asymptomatic Subjects","10.3390/healthcare10050790","Healthcare (Basel)",NA,NA,NA,NA,NA,"sr2_original_454",NA,"original_data_include","original","10.3390/healthcare10050790"
"Y. Boum; K. N. Fai; B. Nikolay; A. B. Mboringong; L. M. Bebell; M. Ndifon; A. Abbah; R. Essaka; L. Eteki; F. Luquero; C. Langendorf; N. F. Mbarga; R. G. Essomba; B. D. Buri; T. M. Corine; B. T. Kameni; N. Mandeng; M. Fanne; A. Z. Bisseck; C. B. Ndongmo; S. Eyangoh; A. Hamadou; J. P. Ouamba; M. T. Koku; R. Njouom; O. M. Claire; L. Esso; E. Epee; G. A. E. Mballa","Performance and operational feasibility of antigen and antibody rapid diagnostic tests for COVID-19 in symptomatic and asymptomatic patients in Cameroon: a clinical, prospective, diagnostic accuracy study","10.1016/S1473-3099(21)00132-8","Lancet Infect Dis",NA,NA,NA,NA,NA,"sr2_original_455",NA,"original_data_include","original","10.1016/S1473-3099(21)00132-8"
"O. Bulilete; P. Lorente; A. Leiva; E. Carandell; A. Oliver; E. Rojo; P. Pericas; J. Llobera; C.-P. C. R. Group","Panbio rapid antigen test for SARS-CoV-2 has acceptable accuracy in symptomatic patients in primary health care","10.1016/j.jinf.2021.02.014","J Infect",NA,NA,NA,NA,NA,"sr2_original_456",NA,"original_data_include","original","10.1016/j.jinf.2021.02.014"
"E. Burdino; F. Cerutti; F. Panero; T. Allice; G. Gregori; M. G. Milia; G. Cavalot; A. Altavilla; F. Apra; V. Ghisetti","SARS-CoV-2 microfluidic antigen point-of-care testing in Emergency Room patients during COVID-19 pandemic","10.1016/j.jviromet.2021.114337","J Virol Methods",NA,NA,NA,NA,NA,"sr2_original_457",NA,"original_data_include","original","10.1016/j.jviromet.2021.114337"
"J. Bwogi; T. Lutalo; P. Tushabe; H. Bukenya; J. P. Eliku; I. Ssewanyana; S. Nabadda; C. Nsereko; M. Cotten; R. Downing; J. Lutwama; P. Kaleebu; E. P. I. L. team; U. C. T. team","Field evaluation of the performance of seven Antigen Rapid diagnostic tests for the diagnosis of SARs-CoV-2 virus infection in Uganda","10.1371/journal.pone.0265334","PLoS One",NA,NA,NA,NA,NA,"sr2_original_458",NA,"original_data_include","original","10.1371/journal.pone.0265334"
"G. Caruana; A. Croxatto; E. Kampouri; A. Kritikos; O. Opota; M. Foerster; R. Brouillet; L. Senn; R. Lienhard; A. Egli; G. Pantaleo; P. N. Carron; G. Greub","Implementing SARS-CoV-2 Rapid Antigen Testing in the Emergency Ward of a Swiss University Hospital: The INCREASE Study","10.3390/microorganisms9040798","Microorganisms",NA,NA,NA,NA,NA,"sr2_original_459",NA,"original_data_include","original","10.3390/microorganisms9040798"
"G. Caruana; L. L. Lebrun; O. Aebischer; O. Opota; L. Urbano; M. de Rham; O. Marchetti; G. Greub","The dark side of SARS-CoV-2 rapid antigen testing: screening asymptomatic patients","10.1016/j.nmni.2021.100899","New Microbes New Infect",NA,NA,NA,NA,NA,"sr2_original_460",NA,"original_data_include","original","10.1016/j.nmni.2021.100899"
"N. G. Cassuto; A. Gravier; M. Colin; A. Theillay; D. Pires-Roteira; S. Pallay; R. Serreau; L. Hocqueloux; T. Prazuck","Evaluation of a SARS-CoV-2 antigen-detecting rapid diagnostic test as a self-test: Diagnostic performance and usability","10.1002/jmv.27249","J Med Virol",NA,NA,NA,NA,NA,"sr2_original_461",NA,"original_data_include","original","10.1002/jmv.27249"
"A. M. Cattelan; L. Sasset; F. Zabeo; A. Ferrari; L. Rossi; M. Mazzitelli; S. Cocchio; V. Baldo","Rapid Antigen Test LumiraDx(TM) vs. Real Time Polymerase Chain Reaction for the Diagnosis of SARS-CoV-2 Infection: A Retrospective Cohort Study","10.3390/ijerph19073826","Int J Environ Res Public Health",NA,NA,NA,NA,NA,"sr2_original_462",NA,"original_data_include","original","10.3390/ijerph19073826"
"V. Cento; S. Renica; E. Matarazzo; M. Antonello; L. Colagrossi; F. Di Ruscio; A. Pani; D. Fanti; C. Vismara; M. Puoti; F. Scaglione; C. F. Perno; C. Alteri; S. C. V. S. G. On Behalf Of The","Frontline Screening for SARS-CoV-2 Infection at Emergency Department Admission by Third Generation Rapid Antigen Test: Can We Spare RT-qPCR?","10.3390/v13050818","Viruses",NA,NA,NA,NA,NA,"sr2_original_463",NA,"original_data_include","original","10.3390/v13050818"
"F. Cerutti; E. Burdino; M. G. Milia; T. Allice; G. Gregori; B. Bruzzone; V. Ghisetti","Urgent need of rapid tests for SARS CoV-2 antigen detection: Evaluation of the SD-Biosensor antigen test for SARS-CoV-2","10.1016/j.jcv.2020.104654","J Clin Virol",NA,NA,NA,NA,NA,"sr2_original_464",NA,"original_data_include","original","10.1016/j.jcv.2020.104654"
"C. Chaimayo; B. Kaewnaphan; N. Tanlieng; N. Athipanyasilp; R. Sirijatuphat; M. Chayakulkeeree; N. Angkasekwinai; R. Sutthent; N. Puangpunngam; T. Tharmviboonsri; O. Pongraweewan; S. Chuthapisith; Y. Sirivatanauksorn; W. Kantakamalakul; N. Horthongkham","Rapid SARS-CoV-2 antigen detection assay in comparison with real-time RT-PCR assay for laboratory diagnosis of COVID-19 in Thailand","10.1186/s12985-020-01452-5","Virol J",NA,NA,NA,NA,NA,"sr2_original_465",NA,"original_data_include","original","10.1186/s12985-020-01452-5"
"C. C. Cheng; C. C. Liu; T. F. Chiu; S. Shiou-Sheng Chen","Evaluation of a Rapid Antigen Test for the Diagnosis of SARS-CoV-2 during the COVID-19 Pandemic","10.1177/00469580221105354","Inquiry",NA,NA,NA,NA,NA,"sr2_original_466",NA,"original_data_include","original","10.1177/00469580221105354"
"E. Cottone; F. Van Hoecke; G. A. Martens; E. De Laere; R. De Smedt; S. Vervaeke; M. Vanhee; D. De Smet","Pitfalls of SARS-CoV-2 antigen testing at emergency department","10.1080/23744235.2022.2083226","Infect Dis (Lond)",NA,NA,NA,NA,NA,"sr2_original_467",NA,"original_data_include","original","10.1080/23744235.2022.2083226"
"B. F. Cubas-Atienzar AI, Byrne RL, Buist K, Clark DJ, Cocozza M, et al.","Accuracy of the Mologic COVID-19 rapid antigen test: a prospective multi-centre analytical and clinical evaluation [version 1; peer review 1: 1 approved with reservations].","","Wellcome Open Res",NA,NA,NA,NA,NA,"sr2_original_468",NA,"original_data_include","original",NA
"S. Dierks; O. Bader; J. Schwanbeck; U. Gross; M. S. Weig; K. Mese; R. Lugert; W. Bohne; A. Hahn; N. Feltgen; S. Torkieh; F. R. Denker; P. Lauermann; M. W. Storch; H. Frickmann; A. E. Zautner","Diagnosing SARS-CoV-2 with Antigen Testing, Transcription-Mediated Amplification and Real-Time PCR","10.3390/jcm10112404","J Clin Med",NA,NA,NA,NA,NA,"sr2_original_469",NA,"original_data_include","original","10.3390/jcm10112404"
"P. Escribano; A. E. Sanchez-Pulido; J. Gonzalez-Leiva; I. Valero-Lopez; P. Catalan; P. Munoz; J. Guinea; C.-s. g. H. G. Maranon; C.-s. g. P. c. centre","Different performance of three point-of-care SARS-CoV-2 antigen detection devices in symptomatic patients and close asymptomatic contacts: a real-life study","10.1016/j.cmi.2022.02.014","Clin Microbiol Infect",NA,NA,NA,NA,NA,"sr2_original_470",NA,"original_data_include","original","10.1016/j.cmi.2022.02.014"
"B. F. Escriva; M. D. O. Mochon; R. M. Gonzalez; C. S. Garcia; A. T. Pla; A. S. Ricart; M. M. Garcia; I. T. Aranda; F. G. Garcia; C. G. Cardona","The effectiveness of rapid antigen test-based for SARS-CoV-2 detection in nursing homes in Valencia, Spain""""","10.1016/j.jcv.2021.104941","J Clin Virol",NA,NA,NA,NA,NA,"sr2_original_471",NA,"original_data_include","original","10.1016/j.jcv.2021.104941"
"K. S. Faico-Filho; F. E. F. Junior; L. V. L. Moreira; P. R. G. Lins; A. F. O. Justo; N. Bellei","Evaluation of the Panbio COVID-19 ag rapid test at an emergency room in a hospital in Sao Paulo, Brazil","10.1016/j.bjid.2022.102349","Braz J Infect Dis",NA,NA,NA,NA,NA,"sr2_original_472",NA,"original_data_include","original","10.1016/j.bjid.2022.102349"
"E. Farfour; C. Amiel; E. Jolly; S. Zia-Chahabi; L. Mazaux; P. Simonin; I. Berkane; M. Cornily; T. Pascreau; V. M. Sars-Co","The Panbio COVID-19 Ag Rapid Test: Which Performances are for COVID-19 Diagnosis?","10.7754/Clin.Lab.2021.210304","Clin Lab",NA,NA,NA,NA,NA,"sr2_original_473",NA,"original_data_include","original","10.7754/Clin.Lab.2021.210304"
"A. Fernandez-Montero; J. Argemi; J. A. Rodriguez; A. H. Arino; L. Moreno-Galarraga","Validation of a rapid antigen test as a screening tool for SARS-CoV-2 infection in asymptomatic populations. Sensitivity, specificity and predictive values","10.1016/j.eclinm.2021.100954","EClinicalMedicine",NA,NA,NA,NA,NA,"sr2_original_474",NA,"original_data_include","original","10.1016/j.eclinm.2021.100954"
"T. Ferte; V. Ramel; C. Cazanave; M. E. Lafon; C. Bebear; D. Malvy; A. Georges-Walryck; P. Dehail","Accuracy of COVID-19 rapid antigenic tests compared to RT-PCR in a student population: The StudyCov study","10.1016/j.jcv.2021.104878","J Clin Virol",NA,NA,NA,NA,NA,"sr2_original_475",NA,"original_data_include","original","10.1016/j.jcv.2021.104878"
"F. Fitoussi; S. Tonen-Wolyec; N. Awaida; R. Dupont; L. Belec","Analytical performance of the point-of-care BIOSYNEX COVID-19 Ag BSS for the detection of SARS-CoV-2 nucleocapsid protein in nasopharyngeal swabs: a prospective field evaluation during the COVID-19 third wave in France","10.1007/s15010-021-01723-5","Infection",NA,NA,NA,NA,NA,"sr2_original_476",NA,"original_data_include","original","10.1007/s15010-021-01723-5"
"L. Ford; M. J. Whaley; M. M. Shah; P. P. Salvatore; H. E. Segaloff; A. Delaney; D. W. Currie; L. Boyle-Estheimer; M. O'Hegarty; C. N. Morgan; J. Meece; L. Ivacic; N. J. Thornburg; A. Tamin; J. L. Harcourt; J. M. Folster; M. Medrzycki; S. Jain; P. Wong; K. Goffard; D. Gieryn; J. Kahrs; K. Langolf; T. Zochert; J. E. Tate; C. H. Hsu; H. L. Kirking","Antigen Test Performance Among Children and Adults at a SARS-CoV-2 Community Testing Site","10.1093/jpids/piab081","J Pediatric Infect Dis Soc",NA,NA,NA,NA,NA,"sr2_original_477",NA,"original_data_include","original","10.1093/jpids/piab081"
"M. L. Freire; L. L. Alves; C. S. de Souza; J. W. Saliba; V. Faria; M. J. Pedras; N. O. Carvalho; G. Q. Andrade; A. Rabello; D. M. Avelar; G. Cota","Performance differences among commercially available antigen rapid tests for COVID-19 in Brazil","10.1371/journal.pone.0269997","PLoS One",NA,NA,NA,NA,NA,"sr2_original_478",NA,"original_data_include","original","10.1371/journal.pone.0269997"
"R. M. Galliez; L. Bomfim; D. Mariani; I. C. Leitao; A. C. P. Castineiras; C. C. A. Goncalves; B. Ortiz da Silva; P. H. Cardoso; M. B. Arruda; P. Alvarez; R. Brindeiro; V. A. Ota; D. G. M. Rodrigues; L. J. da Costa; O. D. C. Ferreira, Jr.; T. Castineiras; D. S. Faffe; A. Tanuri","Evaluation of the Panbio COVID-19 Antigen Rapid Diagnostic Test in Subjects Infected with Omicron Using Different Specimens","10.1128/spectrum.01250-22","Microbiol Spectr",NA,NA,NA,NA,NA,"sr2_original_479",NA,"original_data_include","original","10.1128/spectrum.01250-22"
"F. Garcia-Cardenas; F. Penaloza; J. Bertin-Montoya; R. Valdez-Vazquez; A. Franco; R. Cortes; E. Frias-Jimenez; A. Cedro-Tanda; A. Mendoza-Vargas; J. P. Reyes-Grajeda; A. Hidalgo-Miranda; L. A. Herrera","Analytical Performances of the COVISTIX(TM) Antigen Rapid Test for SARS-CoV-2 Detection in an Unselected Population (All-Comers)","10.3390/pathogens11060628","Pathogens",NA,NA,NA,NA,NA,"sr2_original_480",NA,"original_data_include","original","10.3390/pathogens11060628"
"S. Garcia-Fernandez; D. Pablo-Marcos; S. V. de la Fuente; M. J. R. Rodriguez; M. Gozalo; J. Rodriguez-Lozano; J. M. Mendez-Legaza; J. Calvo","Evaluation of the rapid antigen detection test STANDARD F COVID-19 Ag FIA for diagnosing SARS-CoV-2: experience from an Emergency Department","10.1016/j.diagmicrobio.2022.115683","Diagn Microbiol Infect Dis",NA,NA,NA,NA,NA,"sr2_original_481",NA,"original_data_include","original","10.1016/j.diagmicrobio.2022.115683"
"M. Garcia-Finana; D. M. Hughes; C. P. Cheyne; G. Burnside; M. Stockbridge; T. A. Fowler; V. L. Fowler; M. H. Wilcox; M. G. Semple; I. Buchan","Performance of the Innova SARS-CoV-2 antigen rapid lateral flow test in the Liverpool asymptomatic testing pilot: population based cohort study","10.1136/bmj.n1637","BMJ",NA,NA,NA,NA,NA,"sr2_original_482",NA,"original_data_include","original","10.1136/bmj.n1637"
"M. E. Goga A, Woeber K, Takuva S, Nsibande D, Lekalakala M, et al.","Point-of-care antibody tests for COVID-19: field-based performance, South Africa [CROI Abstract 824]. In special issue: Abstracts from the 2022 Conference on Retroviruses and Opportunistic Infections.","","Top Antiv Med",NA,NA,NA,NA,NA,"sr2_original_483",NA,"original_data_include","original",NA
"S. Gonzalez-Fiallo; I. Mena-Rodriguez; P. Castro-Batista; V. M. Doeste-Hernandez; V. Louit-Laborit","Evaluation of SARS-CoV-2 Rapid Antigen Tests in Use on the Isle of Youth, Cuba","10.37757/mr2022.v24.n2.3","MEDICC Rev",NA,NA,NA,NA,NA,"sr2_original_484",NA,"original_data_include","original","10.37757/mr2022.v24.n2.3"
"K. S. Gupta A, Das R, Srigyan D, Singh A, Mittal A, et al. ","Rapid chromatographic immunoassay-based evaluation of COVID-19: a cross-sectional, diagnostic test accuracy study & its implications for COVID-19 management in India.","","Indian J Med Res",NA,NA,NA,NA,NA,"sr2_original_485",NA,"original_data_include","original",NA
"D. T. Harris; M. Badowski; B. Jernigan; R. Sprissler; T. Edwards; R. Cohen; S. Paul; N. Merchant; C. C. Weinkauf; C. Bime; H. E. Erickson; B. Bixby; S. Parthasarathy; S. Chaudhary; B. Natt; E. Cristan; T. El Aini; F. Rischard; J. Campion; M. Chopra; M. Insel; A. Sam; J. L. Knepler; K. Knox; J. Mosier; C. Spier; M. D. Dake","SARS-CoV-2 Rapid Antigen Testing of Symptomatic and Asymptomatic Individuals on the University of Arizona Campus","10.3390/biomedicines9050539","Biomedicines",NA,NA,NA,NA,NA,"sr2_original_486",NA,"original_data_include","original","10.3390/biomedicines9050539"
"C. Holzner; D. Pabst; O. E. Anastasiou; U. Dittmer; R. K. Manegold; J. Risse; D. Fistera; C. Kill; M. Falk","SARS-CoV-2 rapid antigen test: Fast-safe or dangerous? An analysis in the emergency department of an university hospital","10.1002/jmv.27033","J Med Virol",NA,NA,NA,NA,NA,"sr2_original_487",NA,"original_data_include","original","10.1002/jmv.27033"
"M. Homza; H. Zelena; J. Janosek; H. Tomaskova; E. Jezo; A. Kloudova; J. Mrazek; Z. Svagera; R. Prymula","Five Antigen Tests for SARS-CoV-2: Virus Viability Matters","10.3390/v13040684","Viruses",NA,NA,NA,NA,NA,"sr2_original_488",NA,"original_data_include","original","10.3390/v13040684"
"S. Horber; C. Drees; T. Ganzenmueller; K. Schmauder; S. Peter; D. Biskup; A. Peter","Evaluation of a laboratory-based high-throughput SARS-CoV-2 antigen assay","10.1515/cclm-2022-0360","Clin Chem Lab Med",NA,NA,NA,NA,NA,"sr2_original_489",NA,"original_data_include","original","10.1515/cclm-2022-0360"
"M. Ifko; Z. Tkalcic Svabek; I. Friscic; M. M. Kardum Paro; I. Prkacin; L. Derek; A. Livun; M. Skvarc","Diagnostic validation of two SARS-CoV-2 immunochromatographic tests in Slovenian and Croatian hospitals","10.3325/cmj.2021.62.513","Croat Med J",NA,NA,NA,NA,NA,"sr2_original_490",NA,"original_data_include","original","10.3325/cmj.2021.62.513"
"Z. Igloi; J. Velzing; J. van Beek; D. van de Vijver; G. Aron; R. Ensing; K. Benschop; W. Han; T. Boelsums; M. Koopmans; C. Geurtsvankessel; R. Molenkamp","Clinical Evaluation of Roche SD Biosensor Rapid Antigen Test for SARS-CoV-2 in Municipal Health Service Testing Site, the Netherlands","10.3201/eid2705.204688","Emerg Infect Dis",NA,NA,NA,NA,NA,"sr2_original_491",NA,"original_data_include","original","10.3201/eid2705.204688"
"K. K. Jakobsen; J. S. Jensen; T. Todsen; N. Kirkby; F. Lippert; A. M. Vangsted; M. Klokker; C. von Buchwald","Accuracy of anterior nasal swab rapid antigen tests compared with RT-PCR for massive SARS-CoV-2 screening in low prevalence population","10.1111/apm.13189","APMIS",NA,NA,NA,NA,NA,"sr2_original_492",NA,"original_data_include","original","10.1111/apm.13189"
"K. K. Jakobsen; J. S. Jensen; T. Todsen; M. G. Tolsgaard; N. Kirkby; F. Lippert; A. M. Vangsted; C. J. Martel; M. Klokker; C. von Buchwald","Accuracy and cost description of rapid antigen test compared with reverse transcriptase-polymerase chain reaction for SARS-CoV-2 detection","","Dan Med J",NA,NA,NA,NA,NA,"sr2_original_493",NA,"original_data_include","original",NA
"C. Jeewandara; D. Guruge; P. D. Pushpakumara; D. Madhusanka; T. T. Jayadas; I. P. Chaturanga; I. S. Aberathna; S. Danasekara; T. Pathmanathan; D. Jayathilaka; G. Somathilaka; H. Kuruppu; L. Gomes; V. Gunasekara; R. Wijayamuni; G. S. Ogg; G. N. Malavige","Sensitivity and specificity of two WHO approved SARS-CoV2 antigen assays in detecting patients with SARS-CoV2 infection","10.1186/s12879-022-07240-6","BMC Infect Dis",NA,NA,NA,NA,NA,"sr2_original_494",NA,"original_data_include","original","10.1186/s12879-022-07240-6"
"S. Jegerlehner; F. Suter-Riniker; P. Jent; P. Bittel; M. Nagler","Diagnostic accuracy of a SARS-CoV-2 rapid antigen test in real-life clinical settings","10.1016/j.ijid.2021.07.010","Int J Infect Dis",NA,NA,NA,NA,NA,"sr2_original_495",NA,"original_data_include","original","10.1016/j.ijid.2021.07.010"
"S. Jegerlehner; F. Suter-Riniker; P. Jent; P. Bittel; M. Nagler","Diagnostic accuracy of SARS-CoV-2 saliva antigen testing in a real-life clinical setting","10.1016/j.ijid.2022.03.037","Int J Infect Dis",NA,NA,NA,NA,NA,"sr2_original_496",NA,"original_data_include","original","10.1016/j.ijid.2022.03.037"
"K. P. Jirungda S, Klaprajun K, Prachakul T, Kraisin J.","Clinical performance of the standard F COVID-19 AG FIA for the detection of SARS-COV-2 infection.","","Clinica Chimica Acta",NA,NA,NA,NA,NA,"sr2_original_497",NA,"original_data_include","original",NA
"M. Kahn; L. Schuierer; C. Bartenschlager; S. Zellmer; R. Frey; M. Freitag; C. Dhillon; M. Heier; A. Ebigbo; C. Denzel; S. Temizel; H. Messmann; M. Wehler; R. Hoffmann; E. Kling; C. Rommele","Performance of antigen testing for diagnosis of COVID-19: a direct comparison of a lateral flow device to nucleic acid amplification based tests","10.1186/s12879-021-06524-7","BMC Infect Dis",NA,NA,NA,NA,NA,"sr2_original_498",NA,"original_data_include","original","10.1186/s12879-021-06524-7"
"H. H. Kessler; F. Pruller; M. Hardt; E. Stelzl; E. Foderl-Hobenreich; S. Pailer; A. Lueger; P. Kreuzer; K. Zatloukal; M. Herrmann","Identification of contagious SARS-CoV-2 infected individuals by Roche's Rapid Antigen Test","10.1515/cclm-2021-1276","Clin Chem Lab Med",NA,NA,NA,NA,NA,"sr2_original_499",NA,"original_data_include","original","10.1515/cclm-2021-1276"
"D. Kim; J. Lee; J. Bal; S. K. Seo; C. K. Chong; J. H. Lee; H. Park","Development and Clinical Evaluation of an Immunochromatography-Based Rapid Antigen Test (GenBody COVAG025) for COVID-19 Diagnosis","10.3390/v13050796","Viruses",NA,NA,NA,NA,NA,"sr2_original_500",NA,"original_data_include","original","10.3390/v13050796"
"L.-d. W. E. King C, Henry M, Steingrover R, Fleming C, Panneflek R, et al.","Validation of the Panbio™ COVID-19 Antigen Rapid Test (Abbott) to screen for SARS-CoV-2 infection in Sint Maarten: a diagnostic accuracy study.","","medRxiv",NA,NA,NA,NA,NA,"sr2_original_501",NA,"original_data_include","original",NA
"Y. Kiyasu; Y. Takeuchi; Y. Akashi; D. Kato; M. Kuwahara; S. Muramatsu; S. Notake; A. Ueda; K. Nakamura; H. Ishikawa; H. Suzuki","Prospective analytical performance evaluation of the QuickNavi-COVID19 Ag for asymptomatic individuals","10.1016/j.jiac.2021.07.005","J Infect Chemother",NA,NA,NA,NA,NA,"sr2_original_502",NA,"original_data_include","original","10.1016/j.jiac.2021.07.005"
"A. Klajmon; A. Olechowska-Jarzab; D. Salamon; A. Sroka-Oleksiak; M. Brzychczy-Wloch; T. Gosiewski","Comparison of Antigen Tests and qPCR in Rapid Diagnostics of Infections Caused by SARS-CoV-2 Virus","10.3390/v14010017","Viruses",NA,NA,NA,NA,NA,"sr2_original_503",NA,"original_data_include","original","10.3390/v14010017"
"J. A. F. Klein; L. J. Kruger; F. Tobian; M. Gaeddert; F. Lainati; P. Schnitzler; A. K. Lindner; O. Nikolai; B. Knorr; A. Welker; M. de Vos; J. A. Sacks; C. Escadafal; C. M. Denkinger; T. Study","Head-to-head performance comparison of self-collected nasal versus professional-collected nasopharyngeal swab for a WHO-listed SARS-CoV-2 antigen-detecting rapid diagnostic test","10.1007/s00430-021-00710-9","Med Microbiol Immunol",NA,NA,NA,NA,NA,"sr2_original_504",NA,"original_data_include","original","10.1007/s00430-021-00710-9"
"N. Kohmer; T. Toptan; C. Pallas; O. Karaca; A. Pfeiffer; S. Westhaus; M. Widera; A. Berger; S. Hoehl; M. Kammel; S. Ciesek; H. F. Rabenau","The Comparative Clinical Performance of Four SARS-CoV-2 Rapid Antigen Tests and Their Correlation to Infectivity In Vitro","10.3390/jcm10020328","J Clin Med",NA,NA,NA,NA,NA,"sr2_original_505",NA,"original_data_include","original","10.3390/jcm10020328"
"M. Korenkov; N. Poopalasingam; M. Madler; K. Vanshylla; R. Eggeling; M. Wirtz; I. Fish; F. Dewald; L. Gieselmann; C. Lehmann; G. Fatkenheuer; H. Gruell; N. Pfeifer; E. Heger; F. Klein","Evaluation of a Rapid Antigen Test To Detect SARS-CoV-2 Infection and Identify Potentially Infectious Individuals","10.1128/JCM.00896-21","J Clin Microbiol",NA,NA,NA,NA,NA,"sr2_original_506",NA,"original_data_include","original","10.1128/JCM.00896-21"
"P. N. Korenkov M, Madler M, Vanshylla K, Eggeling R, Wirtz M, et al.","Assessment of SARS-CoV-2 infectivity by a rapid antigen detection test.","","medRxiv",NA,NA,NA,NA,NA,"sr2_original_507",NA,"original_data_include","original",NA
"L. J. Kruger; M. Gaeddert; F. Tobian; F. Lainati; C. Gottschalk; J. A. F. Klein; P. Schnitzler; H. G. Krausslich; O. Nikolai; A. K. Lindner; F. P. Mockenhaupt; J. Seybold; V. M. Corman; C. Drosten; N. R. Pollock; B. Knorr; A. Welker; M. de Vos; J. A. Sacks; C. M. Denkinger; t. study","The Abbott PanBio WHO emergency use listed, rapid, antigen-detecting point-of-care diagnostic test for SARS-CoV-2-Evaluation of the accuracy and ease-of-use","10.1371/journal.pone.0247918","PLoS One",NA,NA,NA,NA,NA,"sr2_original_508",NA,"original_data_include","original","10.1371/journal.pone.0247918"
"L. J. Kruger; J. A. F. Klein; F. Tobian; M. Gaeddert; F. Lainati; S. Klemm; P. Schnitzler; R. Bartenschlager; B. Cerikan; C. J. Neufeldt; O. Nikolai; A. K. Lindner; F. P. Mockenhaupt; J. Seybold; T. C. Jones; V. M. Corman; N. R. Pollock; B. Knorr; A. Welker; M. de Vos; J. A. Sacks; C. M. Denkinger; A.-I. S. Group","Evaluation of accuracy, exclusivity, limit-of-detection and ease-of-use of LumiraDx: An antigen-detecting point-of-care device for SARS-CoV-2","10.1007/s15010-021-01681-y","Infection",NA,NA,NA,NA,NA,"sr2_original_509",NA,"original_data_include","original","10.1007/s15010-021-01681-y"
"L. J. Kruger; A. K. Lindner; M. Gaeddert; F. Tobian; J. Klein; S. Steinke; F. Lainati; P. Schnitzler; O. Nikolai; F. P. Mockenhaupt; J. Seybold; V. M. Corman; T. C. Jones; N. R. Pollock; B. Knorr; A. Welker; S. Weber; N. Sethurarnan; J. Swaminathan; H. Solomon; A. Padmanaban; M. Thirunarayan; P. L; M. de Vos; S. Ongarello; J. A. Sacks; C. Escadafal; C. M. Denkinger","A Multicenter Clinical Diagnostic Accuracy Study of SureStatus, an Affordable, WHO Emergency Use-Listed, Rapid, Point-Of-Care Antigen-Detecting Diagnostic Test for SARS-CoV-2","10.1128/spectrum.01229-22","Microbiol Spectr",NA,NA,NA,NA,NA,"sr2_original_510",NA,"original_data_include","original","10.1128/spectrum.01229-22"
"L. J. Kruger; A. Tanuri; A. K. Lindner; M. Gaeddert; L. Koppel; F. Tobian; L. E. Brummer; J. A. F. Klein; F. Lainati; P. Schnitzler; O. Nikolai; F. P. Mockenhaupt; J. Seybold; V. M. Corman; T. C. Jones; C. Drosten; C. Gottschalk; S. F. Weber; S. Weber; O. C. Ferreira; D. Mariani; E. R. Dos Santos Nascimento; T. M. Pereira Pinto Castineiras; R. M. Galliez; D. S. Faffe; I. C. Leitao; C. Dos Santos Rodrigues; T. S. Frauches; K. Nocchi; N. M. Feitosa; S. S. Ribeiro; N. R. Pollock; B. Knorr; A. Welker; M. de Vos; J. Sacks; S. Ongarello; C. M. Denkinger; T. Study","Accuracy and ease-of-use of seven point-of-care SARS-CoV-2 antigen-detecting tests: A multi-centre clinical evaluation","10.1016/j.ebiom.2021.103774","EBioMedicine",NA,NA,NA,NA,NA,"sr2_original_511",NA,"original_data_include","original","10.1016/j.ebiom.2021.103774"
"Y. Kurihara; Y. Kiyasu; Y. Akashi; Y. Takeuchi; K. Narahara; S. Mori; T. Takeshige; S. Notake; A. Ueda; K. Nakamura; H. Ishikawa; H. Suzuki","The evaluation of a novel digital immunochromatographic assay with silver amplification to detect SARS-CoV-2","10.1016/j.jiac.2021.07.006","J Infect Chemother",NA,NA,NA,NA,NA,"sr2_original_512",NA,"original_data_include","original","10.1016/j.jiac.2021.07.006"
"O. J. Kweon; J. H. Lee; Y. S. Choi; B. S. Kim; Y. K. Lim; M. K. Lee; J. H. Park; J. Y. Park; S. H. Kim","Positivity of Rapid Antigen Testing for SARS-CoV-2 With Serial Followed-up Nasopharyngeal Swabs in Hospitalized Patients due to COVID-19","10.3346/jkms.2022.37.e168","J Korean Med Sci",NA,NA,NA,NA,NA,"sr2_original_513",NA,"original_data_include","original","10.3346/jkms.2022.37.e168"
"M. Kyritsi; A. Vontas; I. Voulgaridi; A. Matziri; A. Komnos; D. Babalis; A. Papadogoulas; A. Oikonomou; V. A. Mouchtouri; M. Speletas; C. Hadjichristodoulou","Rapid Test Ag 2019-nCoV (PROGNOSIS, BIOTECH, Larissa, Greece); Performance Evaluation in Hospital Setting with Real Time RT-PCR","10.3390/ijerph18179151","Int J Environ Res Public Health",NA,NA,NA,NA,NA,"sr2_original_514",NA,"original_data_include","original","10.3390/ijerph18179151"
"L. Landaverde; J. Turcinovic; L. Doucette-Stamm; K. Gonzales; J. Platt; J. H. Connor; C. Klapperich","Comparison of BinaxNOW and SARS-CoV-2 qRT-PCR Detection of the Omicron Variant from Matched Anterior Nares Swabs","10.1128/spectrum.01307-22","Microbiol Spectr",NA,NA,NA,NA,NA,"sr2_original_515",NA,"original_data_include","original","10.1128/spectrum.01307-22"
"E. Layer; S. Hoehl; M. Widera; D. Bojkova; T. Westphal; R. Gottschalk; B. Boeddinghaus; J. Schork; S. Ciesek; U. Goetsch","SARS-CoV-2 screening strategies for returning international travellers: Evaluation of a rapid antigen test approach","10.1016/j.ijid.2022.02.045","Int J Infect Dis",NA,NA,NA,NA,NA,"sr2_original_516",NA,"original_data_include","original","10.1016/j.ijid.2022.02.045"
"J. LeGoff; S. Kerneis; C. Elie; S. Mercier-Delarue; N. Gastli; L. Choupeaux; J. Fourgeaud; M. L. Alby; P. Quentin; J. Pavie; P. Brazille; M. L. Nere; M. Minier; A. Gabassi; C. Leroy; B. Parfait; J. M. Treluyer; C. Delaugerre","Evaluation of a saliva molecular point of care for the detection of SARS-CoV-2 in ambulatory care","10.1038/s41598-021-00560-8","Sci Rep",NA,NA,NA,NA,NA,"sr2_original_517",NA,"original_data_include","original","10.1038/s41598-021-00560-8"
"G. Leixner; A. Voill-Glaninger; E. Bonner; A. Kreil; R. Zadnikar; A. Viveiros","Evaluation of the AMP SARS-CoV-2 rapid antigen test in a hospital setting","10.1016/j.ijid.2021.05.063","Int J Infect Dis",NA,NA,NA,NA,NA,"sr2_original_518",NA,"original_data_include","original","10.1016/j.ijid.2021.05.063"
"M. Linares; R. Perez-Tanoira; A. Carrero; J. Romanyk; F. Perez-Garcia; P. Gomez-Herruz; T. Arroyo; J. Cuadros","Panbio antigen rapid test is reliable to diagnose SARS-CoV-2 infection in the first 7 days after the onset of symptoms","10.1016/j.jcv.2020.104659","J Clin Virol",NA,NA,NA,NA,NA,"sr2_original_519",NA,"original_data_include","original","10.1016/j.jcv.2020.104659"
"A. K. Lindner; O. Nikolai; F. Kausch; M. Wintel; F. Hommes; M. Gertler; L. J. Kruger; M. Gaeddert; F. Tobian; F. Lainati; L. Koppel; J. Seybold; V. M. Corman; C. Drosten; J. Hofmann; J. A. Sacks; F. P. Mockenhaupt; C. M. Denkinger","Head-to-head comparison of SARS-CoV-2 antigen-detecting rapid test with self-collected nasal swab versus professional-collected nasopharyngeal swab","10.1183/13993003.03961-2020","Eur Respir J",NA,NA,NA,NA,NA,"sr2_original_520",NA,"original_data_include","original","10.1183/13993003.03961-2020"
"A. K. Lindner; O. Nikolai; C. Rohardt; S. Burock; C. Hulso; A. Bolke; M. Gertler; L. J. Kruger; M. Gaeddert; F. Tobian; F. Lainati; J. Seybold; T. C. Jones; J. Hofmann; J. A. Sacks; F. P. Mockenhaupt; C. M. Denkinger","Head-to-head comparison of SARS-CoV-2 antigen-detecting rapid test with professional-collected nasal versus nasopharyngeal swab","10.1183/13993003.04430-2020","Eur Respir J",NA,NA,NA,NA,NA,"sr2_original_521",NA,"original_data_include","original","10.1183/13993003.04430-2020"
"A. K. Lindner; O. Nikolai; C. Rohardt; F. Kausch; M. Wintel; M. Gertler; S. Burock; M. Horig; J. Bernhard; F. Tobian; M. Gaeddert; F. Lainati; V. M. Corman; T. C. Jones; J. A. Sacks; J. Seybold; C. M. Denkinger; F. P. Mockenhaupt","Diagnostic accuracy and feasibility of patient self-testing with a SARS-CoV-2 antigen-detecting rapid test","10.1016/j.jcv.2021.104874","J Clin Virol",NA,NA,NA,NA,NA,"sr2_original_522",NA,"original_data_include","original","10.1016/j.jcv.2021.104874"
"P. M.","Evaluation of a rapid in vitro diagnostic test device for detection of SARS-CoV-2 antigen in nasal swabs.","","Health Sci J",NA,NA,NA,NA,NA,"sr2_original_523",NA,"original_data_include","original",NA
"D. K. Mandal; B. R. Bhattarai; S. Pokhrel; M. Chhusyabaga; P. Bhandari; M. P. Bhatt; S. B. Marhattha","Diagnostic Performance of SARS-CoV-2 Rapid Antigen Test in relation to RT-PCR C(q) Value","10.1155/2022/9245248","Adv Virol",NA,NA,NA,NA,NA,"sr2_original_524",NA,"original_data_include","original","10.1155/2022/9245248"
"A. Mane; S. Jain; A. Jain; M. Pereira; A. Sirsat; G. Pathak; V. Bhoi; S. Bhavsar; S. Panda","Diagnostic performance of oral swab specimen for SARS-CoV-2 detection with rapid point-of-care lateral flow antigen test","10.1038/s41598-022-11284-8","Sci Rep",NA,NA,NA,NA,NA,"sr2_original_525",NA,"original_data_include","original","10.1038/s41598-022-11284-8"
"M. Maniscalco; P. Ambrosino; A. Ciullo; S. Fuschillo; V. Valente; C. Gaudiosi; D. Paris; R. Cobuccio; F. Stefanelli; A. Motta","A Rapid Antigen Detection Test to Diagnose SARS-CoV-2 Infection Using Exhaled Breath Condensate by A Modified Inflammacheck((R)) Device","10.3390/s21175710","Sensors (Basel)",NA,NA,NA,NA,NA,"sr2_original_526",NA,"original_data_include","original","10.3390/s21175710"
"M. Masia; M. Fernandez-Gonzalez; M. Sanchez; M. Carvajal; J. A. Garcia; N. Gonzalo-Jimenez; V. Ortiz de la Tabla; V. Agullo; I. Candela; J. Guijarro; J. A. Gutierrez; C. de Gregorio; F. Gutierrez","Nasopharyngeal Panbio COVID-19 Antigen Performed at Point-of-Care Has a High Sensitivity in Symptomatic and Asymptomatic Patients With Higher Risk for Transmission and Older Age","10.1093/ofid/ofab059","Open Forum Infect Dis",NA,NA,NA,NA,NA,"sr2_original_527",NA,"original_data_include","original","10.1093/ofid/ofab059"
"A. Mizrahi; J. C. Nguyen Van; N. El Helali; J. Lourtet-Hascoet; I. Jabnoune; M. L. Pacreau; Y. Talb; J. Fourgeaud; M. Leruez-Ville; B. Pilmis; V. Avettand-Fenoel; A. Le Monnier","The Coris BioConcept COVID 19 Ag Respi-Strip, a field experience feedback","10.1016/j.jviromet.2021.114366","J Virol Methods",NA,NA,NA,NA,NA,"sr2_original_528",NA,"original_data_include","original","10.1016/j.jviromet.2021.114366"
"I. J. B. Moller; A. R. Utke; U. K. Rysgaard; L. J. Ostergaard; S. Jespersen","Diagnostic performance, user acceptability, and safety of unsupervised SARS-CoV-2 rapid antigen-detecting tests performed at home","10.1016/j.ijid.2022.01.019","Int J Infect Dis",NA,NA,NA,NA,NA,"sr2_original_529",NA,"original_data_include","original","10.1016/j.ijid.2022.01.019"
"M. Nagura-Ikeda; K. Imai; S. Tabata; K. Miyoshi; N. Murahara; T. Mizuno; M. Horiuchi; K. Kato; Y. Imoto; M. Iwata; S. Mimura; T. Ito; K. Tamura; Y. Kato","Clinical Evaluation of Self-Collected Saliva by Quantitative Reverse Transcription-PCR (RT-qPCR), Direct RT-qPCR, Reverse Transcription-Loop-Mediated Isothermal Amplification, and a Rapid Antigen Test To Diagnose COVID-19","10.1128/JCM.01438-20","J Clin Microbiol",NA,NA,NA,NA,NA,"sr2_original_530",NA,"original_data_include","original","10.1128/JCM.01438-20"
"O. Nikolai; C. Rohardt; F. Tobian; A. Junge; V. M. Corman; T. C. Jones; M. Gaeddert; F. Lainati; J. A. Sacks; J. Seybold; F. P. Mockenhaupt; C. M. Denkinger; A. K. Lindner","Anterior nasal versus nasal mid-turbinate sampling for a SARS-CoV-2 antigen-detecting rapid test: does localisation or professional collection matter?","10.1080/23744235.2021.1969426","Infect Dis (Lond)",NA,NA,NA,NA,NA,"sr2_original_531",NA,"original_data_include","original","10.1080/23744235.2021.1969426"
"M. Nora; D. Deri; D. S. Veres; Z. Kis; E. Barcsay; B. Palyi","Evaluating the field performance of multiple SARS-Cov-2 antigen rapid tests using nasopharyngeal swab samples","10.1371/journal.pone.0262399","PLoS One",NA,NA,NA,NA,NA,"sr2_original_532",NA,"original_data_include","original","10.1371/journal.pone.0262399"
"G. A. Okoye; H. I. Kamara; M. Strobeck; T. A. Mellman; J. Kwagyan; A. Sullivan; A. S. Byrd; B. Shokrani; H. E. Mighty","Diagnostic accuracy of a rapid diagnostic test for the early detection of COVID-19","10.1016/j.jcv.2021.105023","J Clin Virol",NA,NA,NA,NA,NA,"sr2_original_533",NA,"original_data_include","original","10.1016/j.jcv.2021.105023"
"S. N. Onsongo; K. Otieno; S. van Duijn; E. Adams; M. Omollo; I. A. Odero; A. K'Oloo; N. Houben; E. Milimo; R. Aroka; H. C. Barsosio; F. Oluoch; A. Odhiambo; S. Kariuki; T. F. R. de Wit","Performance of a rapid antigen test for SARS-CoV-2 in Kenya","10.1016/j.diagmicrobio.2021.115591","Diagn Microbiol Infect Dis",NA,NA,NA,NA,NA,"sr2_original_534",NA,"original_data_include","original","10.1016/j.diagmicrobio.2021.115591"
"K. C. Paap; A. M. van Loon; F. M. Koene; L. W. van Buul; S. Jurriaans; M. Smalbrugge; M. D. de Jong; C. Hertogh","Clinical evaluation of single-swab sampling for rapid COVID-19 detection in outbreak settings in Dutch nursing homes","10.1007/s41999-021-00584-3","Eur Geriatr Med",NA,NA,NA,NA,NA,"sr2_original_535",NA,"original_data_include","original","10.1007/s41999-021-00584-3"
"A. K. Pandey; A. Mohanty; V. Hada; R. S. Rath; S. Kumar; S. Kishore; R. Kant","Comparison of the Rapid Antigen Testing Method With RT-qPCR for the Diagnosis of COVID-19","10.7759/cureus.17405","Cureus",NA,NA,NA,NA,NA,"sr2_original_536",NA,"original_data_include","original","10.7759/cureus.17405"
"J. Y. Park; J. H. Lee; B. K. Cha; B. S. Kim; H. J. Lee; G. H. Kim; K. T. Kang; Y. S. Lee; S. K. Ahn; S. H. Kim","Analysis of the Efficacy of Universal Screening of Coronavirus Disease with Antigen-Detecting Rapid Diagnostic Tests at Point-or-Care Settings and Sharing the Experience of Admission Protocol-A Pilot Study","10.3390/jpm12020319","J Pers Med",NA,NA,NA,NA,NA,"sr2_original_537",NA,"original_data_include","original","10.3390/jpm12020319"
"W. F. Peacock; K. M. Soto-Ruiz; S. L. House; C. M. Cannon; G. Headden; B. Tiffany; S. Motov; K. Merchant-Borna; A. M. Chang; C. Pearson; B. W. Patterson; A. E. Jones; J. Miller; J. Varon; A. Bastani; C. Clark; Z. Rafique; B. Kea; J. Eppensteiner; J. M. Williams; S. A. Mahler; B. E. Driver; P. Hendry; E. Quackenbush; D. Robinson; J. W. Schrock; J. P. D'Etienne; C. J. Hogan; A. Osborne; R. Riviello; S. Young","Utility of COVID-19 antigen testing in the emergency department","10.1002/emp2.12605","J Am Coll Emerg Physicians Open",NA,NA,NA,NA,NA,"sr2_original_538",NA,"original_data_include","original","10.1002/emp2.12605"
"M. Pena; M. Ampuero; C. Garces; A. Gaggero; P. Garcia; M. S. Velasquez; R. Luza; P. Alvarez; F. Paredes; J. Acevedo; M. J. Farfan; S. Solari; R. Soto-Rifo; F. Valiente-Echeverria","Performance of SARS-CoV-2 rapid antigen test compared with real-time RT-PCR in asymptomatic individuals","10.1016/j.ijid.2021.04.087","Int J Infect Dis",NA,NA,NA,NA,NA,"sr2_original_539",NA,"original_data_include","original","10.1016/j.ijid.2021.04.087"
"M. Pena-Rodriguez; O. Viera-Segura; M. Garcia-Chagollan; J. S. Zepeda-Nuno; J. F. Munoz-Valle; J. Mora-Mora; G. Espinoza-De Leon; G. Bustillo-Armendariz; F. Garcia-Cedillo; N. Vega-Magana","Performance evaluation of a lateral flow assay for nasopharyngeal antigen detection for SARS-CoV-2 diagnosis","10.1002/jcla.23745","J Clin Lab Anal",NA,NA,NA,NA,NA,"sr2_original_540",NA,"original_data_include","original","10.1002/jcla.23745"
"C. Peronace; R. Tallerico; M. Colosimo; V. Sacco; R. Talarico; M. De Fazio; F. Pasceri; I. Talotta; G. Panduri; J. H. Kim; E. Cione; P. Minchella","Validation of GeneFinder COVID-19 Ag Plus Rapid Test and Its Potential Utility to Slowing Infection Waves: A Single-Center Laboratory Evaluation Study","10.3390/diagnostics12051126","Diagnostics (Basel)",NA,NA,NA,NA,NA,"sr2_original_541",NA,"original_data_include","original","10.3390/diagnostics12051126"
"G. Pilarowski; P. Lebel; S. Sunshine; J. Liu; E. Crawford; C. Marquez; L. Rubio; G. Chamie; J. Martinez; J. Peng; D. Black; W. Wu; J. Pak; M. T. Laurie; D. Jones; S. Miller; J. Jacobo; S. Rojas; S. Rojas; R. Nakamura; V. Tulier-Laiwa; M. Petersen; D. V. Havlir; J. DeRisi","Performance Characteristics of a Rapid Severe Acute Respiratory Syndrome Coronavirus 2 Antigen Detection Assay at a Public Plaza Testing Site in San Francisco","10.1093/infdis/jiaa802","J Infect Dis",NA,NA,NA,NA,NA,"sr2_original_542",NA,"original_data_include","original","10.1093/infdis/jiaa802"
"N. R. Pollock; J. R. Jacobs; K. Tran; A. E. Cranston; S. Smith; C. Y. O'Kane; T. J. Roady; A. Moran; A. Scarry; M. Carroll; L. Volinsky; G. Perez; P. Patel; S. Gabriel; N. J. Lennon; L. C. Madoff; C. Brown; S. C. Smole","Performance and Implementation Evaluation of the Abbott BinaxNOW Rapid Antigen Test in a High-Throughput Drive-Through Community Testing Site in Massachusetts","10.1128/JCM.00083-21","J Clin Microbiol",NA,NA,NA,NA,NA,"sr2_original_543",NA,"original_data_include","original","10.1128/JCM.00083-21"
"N. Poopalasingam; M. Korenkov; A. Ashurov; J. Strobel; I. Fish; M. Hellmich; H. Gruell; C. Lehmann; E. Heger; F. Klein","Determining the reliability of rapid SARS-CoV-2 antigen detection in fully vaccinated individuals","10.1016/j.jcv.2022.105119","J Clin Virol",NA,NA,NA,NA,NA,"sr2_original_544",NA,"original_data_include","original","10.1016/j.jcv.2022.105119"
"M. M. Rahman; A. F. Hoque; Y. Karim; Z. Kawser; A. B. Siddik; M. K. Sumiya; A. Siddika; M. S. Alam; A. N. Alam; M. Alam; M. E. Hossain; S. Banu; F. Qadri; T. Shirin; M. Rahman; M. Z. Rahman","Clinical evaluation of SARS-CoV-2 antigen-based rapid diagnostic test kit for detection of COVID-19 cases in Bangladesh","10.1016/j.heliyon.2021.e08455","Heliyon",NA,NA,NA,NA,NA,"sr2_original_545",NA,"original_data_include","original","10.1016/j.heliyon.2021.e08455"
"T. P. Rana N, Saxena S, Manchanda V, Arora R. ","Utility of Antigen-Based Rapid Diagnostic Test for Detection of SARS-CoV-2 Virus in Routine Hospital Settings","","Indian J Med Microbiol",NA,NA,NA,NA,NA,"sr2_original_546",NA,"original_data_include","original",NA
"W. Rastawicki; R. Gierczynski; G. Juszczyk; K. Mitura; B. M. Henry","Evaluation of PCL rapid point of care antigen test for detection of SARS-CoV-2 in nasopharyngeal swabs","10.1002/jmv.26765","J Med Virol",NA,NA,NA,NA,NA,"sr2_original_547",NA,"original_data_include","original","10.1002/jmv.26765"
"J. Rohde; W. Himmel; C. Hofinger; T. T. Lam; H. Schrader; J. Wallstabe; O. Kurzai; I. Gagyor","Diagnostic accuracy and feasibility of a rapid SARS-CoV-2 antigen test in general practice - a prospective multicenter validation and implementation study","10.1186/s12875-022-01756-1","BMC Prim Care",NA,NA,NA,NA,NA,"sr2_original_548",NA,"original_data_include","original","10.1186/s12875-022-01756-1"
"N. Salcedo; B. F. Sena; X. Qu; B. B. Herrera","Comparative Evaluation of Rapid Isothermal Amplification and Antigen Assays for Screening Testing of SARS-CoV-2","10.3390/v14030468","Viruses",NA,NA,NA,NA,NA,"sr2_original_549",NA,"original_data_include","original","10.3390/v14030468"
"G. L. Salvagno; G. Gianfilippi; D. Bragantini; B. M. Henry; G. Lippi","Clinical assessment of the Roche SARS-CoV-2 rapid antigen test","10.1515/dx-2020-0154","Diagnosis (Berl)",NA,NA,NA,NA,NA,"sr2_original_550",NA,"original_data_include","original","10.1515/dx-2020-0154"
"G. L. Salvagno; G. Gianfilippi; L. Pighi; S. De Nitto; B. M. Henry; G. Lippi","Real-world assessment of Fluorecare SARS-CoV-2 Spike Protein Test Kit","10.1515/almed-2021-0041","Adv Lab Med",NA,NA,NA,NA,NA,"sr2_original_551",NA,"original_data_include","original","10.1515/almed-2021-0041"
"H. R. Savage; L. Finch; R. Body; R. L. Watkins; L. D. group; C. s. group; G. Hayward; E. Cook; A. I. Cubas-Atienzar; L. E. Cuevas; P. MacPherson; E. R. Adams","A prospective diagnostic evaluation of accuracy of self-taken and healthcare worker-taken swabs for rapid COVID-19 testing","10.1371/journal.pone.0270715","PLoS One",NA,NA,NA,NA,NA,"sr2_original_552",NA,"original_data_include","original","10.1371/journal.pone.0270715"
"V. Schildgen; S. Demuth; J. Lusebrink; O. Schildgen","Limits and Opportunities of SARS-CoV-2 Antigen Rapid Tests: An Experienced-Based Perspective","10.3390/pathogens10010038","Pathogens",NA,NA,NA,NA,NA,"sr2_original_553",NA,"original_data_include","original","10.3390/pathogens10010038"
"R. A. Selvabai; L. V. Koshy; P. Shanmugam","Diagnostic Efficacy of COVID-19 Rapid Antigen Detection Card in Diagnosis of SARS-CoV-2","10.1055/s-0042-1744237","J Lab Physicians",NA,NA,NA,NA,NA,"sr2_original_554",NA,"original_data_include","original","10.1055/s-0042-1744237"
"J. L. V. Shaw; V. Deslandes; J. Smith; M. Desjardins","Evaluation of the Abbott Panbio(TM) COVID-19 Ag rapid antigen test for the detection of SARS-CoV-2 in asymptomatic Canadians","10.1016/j.diagmicrobio.2021.115514","Diagn Microbiol Infect Dis",NA,NA,NA,NA,NA,"sr2_original_555",NA,"original_data_include","original","10.1016/j.diagmicrobio.2021.115514"
"C. SIA.","Validation of rapid SARS-COV-2 antigen detection test as a screening tool for detection of Covid-19 infection at district hospital in northern India.","","Asian J Med Sci",NA,NA,NA,NA,NA,"sr2_original_556",NA,"original_data_include","original",NA
"Z. K. Siddiqui; M. Chaudhary; M. L. Robinson; A. B. McCall; R. Peralta; R. Esteve; C. W. Callahan; Y. C. Manabe; J. D. Campbell; J. K. Johnson; M. Elhabashy; M. Kantsiper; C. C. Consortium; J. R. Ficke","Implementation and Accuracy of BinaxNOW Rapid Antigen COVID-19 Test in Asymptomatic and Symptomatic Populations in a High-Volume Self-Referred Testing Site","10.1128/Spectrum.01008-21","Microbiol Spectr",NA,NA,NA,NA,NA,"sr2_original_557",NA,"original_data_include","original","10.1128/Spectrum.01008-21"
"N. Sitoe; J. Sambo; N. Nguenha; J. Chilaule; I. Chelene; O. Loquiha; C. Mudenyanga; S. Viegas; J. Cunningham; I. Jani","Performance Evaluation of the STANDARD(TM) Q COVID-19 and Panbio(TM) COVID-19 Antigen Tests in Detecting SARS-CoV-2 during High Transmission Period in Mozambique","10.3390/diagnostics12020475","Diagnostics (Basel)",NA,NA,NA,NA,NA,"sr2_original_558",NA,"original_data_include","original","10.3390/diagnostics12020475"
"M. Skvarc","Clinical validation of two immunochromatographic SARS-CoV-2 antigen tests in near hospital facilities","10.3855/jidc.14953","J Infect Dev Ctries",NA,NA,NA,NA,NA,"sr2_original_559",NA,"original_data_include","original","10.3855/jidc.14953"
"R. D. Smith; J. K. Johnson; C. Clay; L. Girio-Herrera; D. Stevens; M. Abraham; P. Zimand; M. Ahlman; S. Gimigliano; R. Zhao; C. Hildenbrand; F. Barrueto; S. Leekha","Clinical evaluation of Sofia Rapid Antigen Assay for detection of severe acute respiratory syndrome coronavirus 2 (SARS-CoV-2) among emergency department to hospital admissions","10.1017/ice.2021.281","Infect Control Hosp Epidemiol",NA,NA,NA,NA,NA,"sr2_original_560",NA,"original_data_include","original","10.1017/ice.2021.281"
"R. Soleimani; C. Deckers; T. D. Huang; P. Bogaerts; S. Evrard; I. Wallemme; B. Habib; P. Rouze; O. Denis","Rapid COVID-19 antigenic tests: Usefulness of a modified method for diagnosis","10.1002/jmv.27094","J Med Virol",NA,NA,NA,NA,NA,"sr2_original_561",NA,"original_data_include","original","10.1002/jmv.27094"
"J. Stohr; V. F. Zwart; G. Goderski; A. Meijer; C. R. S. Nagel-Imming; M. F. Q. Kluytmans-van den Bergh; S. D. Pas; F. van den Oetelaar; M. Hellwich; K. H. Gan; A. Rietveld; J. J. Verweij; J. L. Murk; W. van den Bijllaardt; J. Kluytmans","Self-testing for the detection of SARS-CoV-2 infection with rapid antigen tests for people with suspected COVID-19 in the community","10.1016/j.cmi.2021.07.039","Clin Microbiol Infect",NA,NA,NA,NA,NA,"sr2_original_562",NA,"original_data_include","original","10.1016/j.cmi.2021.07.039"
"K. Surasi; K. J. Cummings; C. Hanson; M. K. Morris; M. Salas; D. Seftel; L. Ortiz; R. Thilakaratne; C. Stainken; D. A. Wadford","Effectiveness of Abbott BinaxNOW Rapid Antigen Test for Detection of SARS-CoV-2 Infections in Outbreak among Horse Racetrack Workers, California, USA","10.3201/eid2711.211449","Emerg Infect Dis",NA,NA,NA,NA,NA,"sr2_original_563",NA,"original_data_include","original","10.3201/eid2711.211449"
"H. Suzuki; Y. Akashi; D. Kato; Y. Takeuchi; Y. Kiyasu; N. Terada; Y. Kurihara; M. Kuwahara; S. Muramatsu; A. Ueda; S. Notake; K. Nakamura","Analytical performance of the rapid qualitative antigen kit for the detection of SARS-CoV-2 during widespread circulation of the Omicron variant","10.1016/j.jiac.2022.11.006","J Infect Chemother",NA,NA,NA,NA,NA,"sr2_original_564",NA,"original_data_include","original","10.1016/j.jiac.2022.11.006"
"H. Suzuki; Y. Akashi; A. Ueda; Y. Kiyasu; Y. Takeuchi; Y. Maehara; Y. Ochiai; S. Okuyama; S. Notake; K. Nakamura; H. Ishikawa","Diagnostic performance of a novel digital immunoassay (RapidTesta SARS-CoV-2): A prospective observational study with nasopharyngeal samples","10.1016/j.jiac.2021.10.024","J Infect Chemother",NA,NA,NA,NA,NA,"sr2_original_565",NA,"original_data_include","original","10.1016/j.jiac.2021.10.024"
"E. Terpos; I. Ntanasis-Stathopoulos; M. Skvarc","Clinical Application of a New SARS-CoV-2 Antigen Detection Kit (Colloidal Gold) in the Detection of COVID-19","10.3390/diagnostics11060995","Diagnostics (Basel)",NA,NA,NA,NA,NA,"sr2_original_566",NA,"original_data_include","original","10.3390/diagnostics11060995"
"P. Thakur; S. Saxena; V. Manchanda; N. Rana; R. Goel; R. Arora","Utility of Antigen-Based Rapid Diagnostic Test for Detection of SARS-CoV-2 Virus in Routine Hospital Settings","10.1093/labmed/lmab033","Lab Med",NA,NA,NA,NA,NA,"sr2_original_567",NA,"original_data_include","original","10.1093/labmed/lmab033"
"R. Thell; V. Kallab; W. Weinhappel; W. Mueckstein; L. Heschl; M. Heschl; S. Korsatko; F. Toedling; A. Blaschke; T. Herzog; A. Klicpera; C. Koeller; M. Haugk; A. Kreil; A. Spiel; P. Kreuzer; R. Krause; C. Sebesta; S. Winkler; B. Laky; M. Szell","Evaluation of a novel, rapid antigen detection test for the diagnosis of SARS-CoV-2","10.1371/journal.pone.0259527","PLoS One",NA,NA,NA,NA,NA,"sr2_original_568",NA,"original_data_include","original","10.1371/journal.pone.0259527"
"I. Thirion-Romero; D. S. Guerrero-Zuniga; D. A. Arias-Mendoza; D. D. P. Cornejo-Juarez; D. P. Meza-Meneses; D. D. S. Torres-Erazo; D. T. Hernandez-Gilsoul; D. A. Galindo-Fraga; D. I. Villegas-Mota; D. J. Sepulveda-Delgado; D. S. Avila-Rios; D. E. Becerril-Vargas; R. Fernandez-Plata; T. M. Perez-Kawabe; D. A. Coeto-Cano; D. J. A. Vazquez-Perez; D. S. Kawa-Karasik; D. G. Reyes-Teran; D. J. R. Perez-Padilla","Evaluation of Panbio rapid antigen test for SARS-CoV-2 in symptomatic patients and their contacts: a multicenter study","10.1016/j.ijid.2021.10.027","Int J Infect Dis",NA,NA,NA,NA,NA,"sr2_original_569",NA,"original_data_include","original","10.1016/j.ijid.2021.10.027"
"V. Tonelotto; A. Davini; L. Cardarelli; M. Calderone; P. Marin","Efficacy of Fluorecare SARS-CoV-2 Spike Protein Test Kit for SARS-CoV-2 detection in nasopharyngeal samples of 121 individuals working in a manufacturing company","10.1371/journal.pone.0262174","PLoS One",NA,NA,NA,NA,NA,"sr2_original_570",NA,"original_data_include","original","10.1371/journal.pone.0262174"
"T. Toptan; L. Eckermann; A. E. Pfeiffer; S. Hoehl; S. Ciesek; C. Drosten; V. M. Corman","Evaluation of a SARS-CoV-2 rapid antigen test: Potential to help reduce community spread?","10.1016/j.jcv.2020.104713","J Clin Virol",NA,NA,NA,NA,NA,"sr2_original_571",NA,"original_data_include","original","10.1016/j.jcv.2020.104713"
"C. Trobajo-Sanmartin; A. Navascues; A. Miqueleiz; C. Ezpeleta","Evaluation of the rapid antigen test CerTest SARS-CoV-2 as an alternative COVID-19 diagnosis technique","10.1080/23744235.2021.1902563","Infect Dis (Lond)",NA,NA,NA,NA,NA,"sr2_original_572",NA,"original_data_include","original","10.1080/23744235.2021.1902563"
"G. Turcato; A. Zaboli; N. Pfeifer; L. Ciccariello; S. Sibilio; G. Tezza; D. Ausserhofer","Clinical application of a rapid antigen test for the detection of SARS-CoV-2 infection in symptomatic and asymptomatic patients evaluated in the emergency department: A preliminary report","10.1016/j.jinf.2020.12.012","J Infect",NA,NA,NA,NA,NA,"sr2_original_573",NA,"original_data_include","original","10.1016/j.jinf.2020.12.012"
"G. Turcato; A. Zaboli; N. Pfeifer; S. Sibilio; G. Tezza; A. Bonora; L. Ciccariello; D. Ausserhofer","Rapid antigen test to identify COVID-19 infected patients with and without symptoms admitted to the Emergency Department","10.1016/j.ajem.2021.10.022","Am J Emerg Med",NA,NA,NA,NA,NA,"sr2_original_574",NA,"original_data_include","original","10.1016/j.ajem.2021.10.022"
"N. Van der Moeren; V. F. Zwart; E. B. Lodder; W. Van den Bijllaardt; H. Van Esch; J. Stohr; J. Pot; I. Welschen; P. M. F. Van Mechelen; S. D. Pas; J. Kluytmans","Evaluation of the test accuracy of a SARS-CoV-2 rapid antigen test in symptomatic community dwelling individuals in the Netherlands","10.1371/journal.pone.0250886","PLoS One",NA,NA,NA,NA,NA,"sr2_original_575",NA,"original_data_include","original","10.1371/journal.pone.0250886"
"E. Van Honacker; K. Van Vaerenbergh; A. Boel; H. De Beenhouwer; I. Leroux-Roels; L. Cattoir","Comparison of five SARS-CoV-2 rapid antigen detection tests in a hospital setting and performance of one antigen assay in routine practice: a useful tool to guide isolation precautions?","10.1016/j.jhin.2021.03.021","J Hosp Infect",NA,NA,NA,NA,NA,"sr2_original_576",NA,"original_data_include","original","10.1016/j.jhin.2021.03.021"
"T. von Ahnen; M. von Ahnen; U. Wirth; H. M. Schardey; S. Herdtle","Evaluation of a rapid-antigen test for COVID-19 in an asymptomatic collective : A prospective study","10.1007/s10354-021-00883-1","Wien Med Wochenschr",NA,NA,NA,NA,NA,"sr2_original_577",NA,"original_data_include","original","10.1007/s10354-021-00883-1"
"C. Wertenauer; A. Dressel; E. Wieland; H. J. Wertenauer; H. Braitmaier; A. Straub; S. Helfert; N. Lutzner; W. Marz","Diagnostic performance of rapid antigen testing for SARS-CoV-2: the COVid-19 AntiGen (COVAG) extension study","10.3389/fmed.2024.1352633","Front Med (Lausanne)",NA,NA,NA,NA,NA,"sr2_original_578",NA,"original_data_include","original","10.3389/fmed.2024.1352633"
"M. Prost","Evaluation of a rapid in vitro diagnostic test device for detection of SARS-CoV-2 antigen in nasal swabs. ","10.36648/1791-809X.15.11.903","Health Sci J",NA,NA,NA,NA,NA,"sr2_original_579",NA,"original_data_include","original","10.36648/1791-809X.15.11.903"
