Title,Authors,DOI,DOI link,Venue,Citation count,Year,Population Age,"Reasoning for ""Population Age""",Study Design,"Reasoning for ""Study Design""",Data Reporting,"Reasoning for ""Data Reporting""",Outcome Measures,"Reasoning for ""Outcome Measures""",Study Setting,"Reasoning for ""Study Setting""",Test Methodology,"Reasoning for ""Test Methodology""",Test Type and Reference Standard,"Reasoning for ""Test Type and Reference Standard""",Screening judgement,"Reasoning for ""Screening judgement""",Screening score
Comparison of diagnostic accuracy of rapid antigen tests for COVID-19 compared to the viral genetic test in adults: a systematic review and meta-analysis,"Ellyn Hirabayashi, Guadalupe Mercado, Brandi Hull, Sabrina Soin, Sherli Koshy-Chenthittayil, Sarina Raman, Timothy Huang, Chathushya Keerthisinghe, Shelby Feliciano, Andrew Dongo, James Kal, Azliyati Azizan, Karen Duus, Terry Else, Megan DeArmond, Amy E L Stone",10.11124/JBIES-23-00291,https://doi.org/10.11124/JBIES-23-00291,JBI Evidence Synthesis,0,2024,yes,"The study only includes non-pregnant adult participants (aged 18 years or older), as explicitly stated in the inclusion criteria.",yes,"The study is a systematic review and meta-analysis that includes primary diagnostic accuracy studies, as mentioned in the abstract.",yes,"The study reports rapid antigen test results separately from other test types, as indicated by the abstract's focus on analyzing RAT results compared to RT-PCR.",yes,"The study reports quantifiable diagnostic accuracy data, including sensitivity, specificity, positive predictive value, and negative predictive value.",yes,"The study is conducted in primary care settings, as mentioned in the abstract.",yes,"The study evaluates point-of-care rapid antigen tests (RATs) that detect viral proteins, distinguishing them from other test types.",yes,"The study uses RT-PCR as the reference standard for evaluating the rapid antigen tests, as stated in the abstract.",Include,"A systematic review and meta-analysis of rapid antigen tests for COVID-19 diagnostic accuracy, focusing exclusively on non-pregnant adults aged 18 and older, using RT-PCR as the reference standard. The study comprehensively reports diagnostic performance metrics across multiple test brands, with clear methodology and rigorous inclusion criteria. Quantifiable outcomes including sensitivity, specificity, and predictive values were systematically analyzed across 91 primary studies.",4.9
Comparing the diagnostic accuracy of rapid antigen detection tests to real time polymerase chain reaction in the diagnosis of SARS-CoV-2 infection: A systematic review and meta-analysis,"Jonghoo Lee, J. Song, S. Shim",10.1016/j.jcv.2021.104985,https://doi.org/10.1016/j.jcv.2021.104985,Journal of Clinical Virology,51,2021,maybe,"The abstract does not explicitly state the age range of participants, so there is uncertainty about whether the data includes or separates adult participants from others.",yes,"The study is a meta-analysis that reports original diagnostic accuracy data from 24 studies comprising 14,188 patients, even though it is not a primary diagnostic accuracy study.",yes,"The study reports rapid antigen test results separately from other test types, as it is a meta-analysis specifically focused on RADTs and the results are presented independently with clear sensitivity and specificity values.",yes,"The study reports clear quantifiable diagnostic accuracy data, including sensitivity, specificity, diagnostic odds ratio, and other measures.",maybe,"While the abstract mentions ""subjects in the community,"" it doesn't explicitly state whether all included studies were conducted in clinical or community settings. However, given the nature of the tests and reference standard, it's likely these were clinical settings.",yes,"The study specifically evaluates rapid antigen detection tests (RADTs) for SARS-CoV-2, which is exactly what the criterion is looking for.",yes,"The study explicitly uses RT-PCR as the reference standard, comparing RADTs against both commercial and laboratory-developed RT-PCR.",Include,"A comprehensive meta-analysis of rapid antigen detection tests for SARS-CoV-2 demonstrates strong alignment with most screening criteria, including clear test methodology, reference standard, and quantifiable diagnostic accuracy measures. The primary uncertainty lies in the lack of explicit confirmation regarding participant age range, which introduces a potential limitation in fully meeting all screening requirements. Despite this, the study provides robust evidence on rapid antigen test performance across multiple studies.",4.3
Diagnostic Accuracy of Antigenic Tests for the Diagnosis of SARS-CoV-2 Infection: Systematic Review and Meta-Analysis,"Aura Gutiérrez, Diego Larrotta-Castillo, Kelly Estrada-Orozco",10.2139/ssrn.4157895,https://doi.org/10.2139/ssrn.4157895,Social Science Research Network,0,2022,no,The abstract mentions both adult and pediatric populations were included in the analysis. This is a significant issue as the screening criteria specifically require adult-only populations or separate reporting of adult data. The abstract doesn't indicate whether adult data was analyzed separately.,yes,"This is a systematic review and meta-analysis of diagnostic accuracy studies. While it's not a primary study, it does report original meta-analyzed data, which meets this criterion.",maybe,"The abstract indicates this is a meta-analysis of rapid antigen tests compared against RT-PCR. While it reports combined sensitivity and specificity, it's not explicitly stated whether results are separated from other test types. However, as a focused meta-analysis on antigen tests, this criterion is likely met.",yes,"The study reports clear diagnostic accuracy measures, including combined sensitivity (72.7%) and specificity (99.7%), meeting this criterion.",maybe,"While not explicitly stated, the context suggests clinical and community settings were included, as it mentions both symptomatic and asymptomatic patients.",yes,"The study clearly focuses on rapid antigen tests for SARS-CoV-2, meeting this criterion.",yes,"The study explicitly uses RT-PCR as the reference standard for evaluating rapid antigen tests, meeting this criterion.",Include,"A systematic review and meta-analysis of rapid antigen tests for SARS-CoV-2 demonstrates strong alignment with most screening criteria, including test methodology, reference standard, and outcome measures. However, the inclusion of both adult and pediatric populations without clear separate reporting of adult data represents a significant deviation from the specified screening requirements. The study provides comprehensive diagnostic accuracy data but falls short of the strict population age criterion.",3.4
Diagnostic accuracy of rapid antigen tests for COVID-19 compared to the viral genetic test in adults: a systematic review protocol.,"M. DeArmond, Shelby Feliciano, Ellyn Hirabayashi, K. Duus, T. Else, Amy Stone",10.11124/JBIES-20-00561,https://doi.org/10.11124/JBIES-20-00561,JBI Evidence Synthesis,1,2021,yes,"The abstract explicitly states it will include ""ages over 18"" and excludes pregnant women, which aligns perfectly with this criterion.",no,"This is a systematic review protocol, not a primary diagnostic accuracy study or meta-analysis reporting original data. This is a critical mismatch with the inclusion criteria.",maybe,"The abstract indicates this is a systematic review that will evaluate rapid antigen tests separately from PCR tests. However, as this is a protocol for a systematic review rather than a primary study, it doesn't actually report test results itself.",yes,"The abstract indicates they will analyze diagnostic accuracy measures, including sensitivity and specificity, meeting this criterion.",maybe,"The abstract doesn't explicitly specify the study setting, though as a systematic review, it will likely include both clinical and community settings.",yes,"The study focuses specifically on rapid antigen tests versus PCR tests, meeting this criterion.",yes,"The abstract mentions comparing rapid antigen tests to ""viral genetic PCR-based tests,"" which suggests PCR is used as the reference standard, meeting this criterion.",Exclude,"A systematic review protocol examining rapid antigen tests for COVID-19 in adults over 18, comparing them to PCR tests, meets most screening criteria. However, as a protocol rather than a primary study reporting original data, it fundamentally fails to meet the critical requirement of being a diagnostic accuracy study or meta-analysis with original results. The document outlines a research approach but does not provide actual diagnostic accuracy data.",1.4
Diagnostic Accuracy of Rapid Antigen Tests for COVID-19 Detection: A Systematic Review With Meta-analysis,"M. Arshadi, F. Fardsanei, B. Deihim, Z. Farshadzadeh, F. Nikkhahi, Farima Khalili, G. Sotgiu, A. H. Shahidi Bonjar, R. Centis, G. Migliori, M. Nasiri, M. Mirsaeidi",10.3389/fmed.2022.870738,https://doi.org/10.3389/fmed.2022.870738,Frontiers in Medicine,27,2022,maybe,"The abstract does not explicitly specify the age range of participants included in the analysis, creating some uncertainty about whether the data includes or separates results for adults vs. children.",yes,"The study is a systematic review and meta-analysis that reports original diagnostic accuracy data from 60 primary studies, which meets the criterion for a primary diagnostic accuracy study or meta-analysis reporting original data.",yes,"The study reports rapid antigen test results separately from other test types, as it is a meta-analysis specifically focused on RAT performance against RT-PCR.",yes,"The study reports comprehensive diagnostic accuracy measures including sensitivity (69%), specificity (99%), DOR, PLR, NLR, and AUC.",maybe,"While the abstract mentions application in ""countries with limited resources,"" it doesn't explicitly specify whether the included studies were conducted in clinical or community settings. However, given the nature of RAT evaluation, these are likely clinical/community settings.",yes,The study specifically focuses on rapid antigen tests (RAT) and clearly distinguishes them from other test types.,yes,"The study explicitly evaluates point-of-care rapid antigen tests using RT-PCR as the reference standard, which is clearly stated multiple times in the abstract.",Include,"A systematic review and meta-analysis of rapid antigen tests for SARS-CoV-2 demonstrates comprehensive diagnostic accuracy assessment using RT-PCR as the reference standard, with clear reporting of sensitivity, specificity, and other performance metrics. The study meets most screening criteria, with strong methodological alignment, though some uncertainty exists regarding participant age demographics. Overall, the research provides valuable insights into rapid antigen test performance across multiple studies.",4.6
"Diagnostic accuracy of rapid antigen test for SARS-CoV-2: A systematic review and meta‐analysis of 166,943 suspected COVID-19 patients","Jia-Wen Xie, Yunhua He, Yaqiong Zheng, Mao Wang, Yong Lin, Li-Rong Lin",10.1016/j.micres.2022.127185,https://doi.org/10.1016/j.micres.2022.127185,Microbiology Research,19,2022,maybe,"The abstract does not explicitly state the age range of participants or whether adult data is reported separately, creating some uncertainty around this criterion.",yes,"The study is a meta-analysis of 135 studies, which is explicitly stated in the abstract. While it is not a primary diagnostic accuracy study, meta-analyses are included in the criteria.",yes,"The study reports rapid antigen test results separately from other test types, as evidenced by the detailed diagnostic accuracy metrics provided in the abstract.",yes,"The study reports extensive quantifiable diagnostic accuracy data, including sensitivity, specificity, positive and negative likelihood ratios, and diagnostic odds ratio, with confidence intervals, strongly meeting this criterion.",maybe,"While not explicitly stated, as a meta-analysis of 135 studies, it likely includes both clinical and community settings, but this creates some uncertainty.",yes,"The study specifically focuses on rapid antigen tests (RAT) for SARS-CoV-2, meeting this criterion.",yes,"The abstract explicitly states that RT-PCR is used as the reference standard for evaluating RATs, meeting this criterion.",Include,"A comprehensive meta-analysis of rapid antigen tests for SARS-CoV-2 demonstrates strong diagnostic accuracy using RT-PCR as a reference standard, with detailed reporting of sensitivity, specificity, and other key performance metrics. While the study provides robust evidence across multiple criteria, some uncertainty exists regarding participant age ranges and specific testing settings. The analysis covers 135 studies with 166,943 samples, offering a robust assessment of rapid antigen test performance.",4.6
"Evaluation of a novel, rapid antigen detection test for the diagnosis of SARS-CoV-2","R. Thell, V. Kallab, W. Weinhappel, Wolfgang Mueckstein, Lukas Heschl, M. Heschl, S. Korsatko, Franz Toedling, A. Blaschke, Theresa Herzog, A. Klicpera, Clara Koeller, M. Haugk, A. Kreil, Alexander O Spiel, Philipp Kreuzer, R. Krause, C. Sebesta, S. Winkler, B. Laky, M. Széll",10.1371/journal.pone.0259527,https://doi.org/10.1371/journal.pone.0259527,medRxiv,16,2021,yes,"The study explicitly states participants were ""aged between 18 and 95 years,"" meeting the adult population criterion.",yes,"This is a primary diagnostic accuracy study comparing AG-rt with rt-PCR, with original data collection from 541 patients.",yes,"The study clearly reports rapid antigen test results separately from RT-PCR results, with specific numbers provided (174 AG-rt positive vs 213 rt-PCR positive).",yes,"The study reports comprehensive diagnostic accuracy data including sensitivity (80.3%), specificity (99.1%), PPV, NPV, and likelihood ratios.",yes,The study was conducted in clinical settings (five emergency departments and four primary healthcare centres).,yes,"The study specifically evaluates a point-of-care antigen rapid test (AG-rt) device, not antibody tests or other diagnostics.",yes,The study uses RT-PCR as the reference standard and evaluates point-of-care rapid antigen tests for SARS-CoV-2.,Include,"A comprehensive diagnostic accuracy study of rapid antigen tests for SARS-CoV-2 was conducted across multiple clinical settings, involving 541 adult participants aged 18-95 years. The research systematically compared point-of-care antigen rapid tests with RT-PCR as the reference standard, reporting detailed diagnostic performance metrics including sensitivity, specificity, and predictive values. The study met all screening criteria, providing robust evidence on the diagnostic utility of rapid antigen testing in symptomatic patients.",4.9
Diagnostic accuracy of a SARS-CoV-2 rapid antigen test in real-life clinical settings,"S. Jegerlehner, F. Suter-Riniker, Philipp Jent, P. Bittel, M. Nagler",10.1016/j.ijid.2021.07.010,https://doi.org/10.1016/j.ijid.2021.07.010,International Journal of Infectious Diseases,91,2021,maybe,"The abstract doesn't explicitly state the age range of participants, so it's unclear if the study only includes non-pregnant adult participants or if the data of adult participants are reported separately.",yes,This is a primary diagnostic accuracy study with original data collection from 1465 patients.,yes,"The study clearly reports rapid antigen test results separately, with specific numbers for both positive and negative results.",yes,The study reports clear diagnostic accuracy measures including sensitivity (65.3%) and specificity (99.9%) with confidence intervals.,yes,"The study was conducted in a ""primary/secondary care testing facility affiliated to a Swiss University Hospital,"" which qualifies as a clinical setting.",yes,The study specifically evaluates a rapid antigen test (Roche/SD Biosensor rapid antigen test).,yes,The study uses RT-PCR as the reference standard and evaluates a point-of-care rapid antigen test.,Include,"A comprehensive diagnostic accuracy study of a rapid antigen test for SARS-CoV-2 was conducted in a clinical setting, utilizing RT-PCR as the reference standard and reporting detailed sensitivity and specificity measures. The research systematically evaluated test performance across 1465 patients, providing robust quantitative data on diagnostic accuracy with clear methodological rigor. While most screening criteria were definitively met, the participant age range remained slightly ambiguous.",4.6
Diagnostic accuracy of two commercial SARS-CoV-2 antigen-detecting rapid tests at the point of care in community-based testing centers,"A. Berger, Marie Thérèse Ngo Nsoga, F. Pérez-Rodriguez, Y. Aad, Pascale Sattonnet-Roche, A. Gayet-Ageron, Cyril Jaksic, G. Torriani, E. Boehm, I. Kronig, J. Sacks, M. de Vos, F. Bausch, F. Chappuis, A. Renzoni, L. Kaiser, M. Schibler, I. Eckerle",10.1371/journal.pone.0248921,https://doi.org/10.1371/journal.pone.0248921,medRxiv,145,2020,maybe,"The abstract doesn't explicitly state the age range of participants. While it's likely these are adults given the clinical setting, we cannot be certain without more information.",yes,"This is a primary diagnostic accuracy study, specifically described as a ""prospective, single-center, point of care validation"" study with original data collection.",yes,"The study clearly reports rapid antigen test results separately, with detailed results for two different Ag-RDTs (Panbio and Standard Q) compared against RT-PCR.",yes,"The study reports clear diagnostic accuracy data, including sensitivity and specificity with confidence intervals for both tests.",yes,"The study is conducted in a clinical setting, described as a ""single-center"" validation study.",yes,"The study specifically evaluates rapid antigen tests (Ag-RDTs), with two different commercial products being tested.",yes,The study evaluates point-of-care rapid antigen tests and explicitly uses RT-PCR as the reference standard on nasopharyngeal swabs.,Include,"A prospective diagnostic accuracy study validating two rapid antigen tests for SARS-CoV-2 using RT-PCR as the reference standard, with comprehensive reporting of sensitivity and specificity across different test conditions. The research meets most screening criteria, with robust methodology and clear outcome measures, though participant age range remains uncertain. The study provides valuable insights into point-of-care diagnostic testing for COVID-19.",4.6
"Diagnostic Accuracy of Rapid Antigen Test Kits for Detecting SARS-CoV-2: A Systematic Review and Meta-Analysis of 17,171 Suspected COVID-19 Patients","S. Khandker, N. H. H. Nik Hashim, Z. Deris, R. Shueb, Md. Asiful Islam",10.3390/jcm10163493,https://doi.org/10.3390/jcm10163493,Journal of Clinical Medicine,94,2021,maybe,"The abstract does not explicitly state the age range of participants or whether data for adults was reported separately, creating significant uncertainty for this criterion.",yes,"The study is a meta-analysis of diagnostic accuracy studies, as explicitly stated in the abstract. The study analyzes pooled sensitivity and specificity data from multiple studies.",yes,"The study reports rapid antigen test results separately from other test types, as evidenced by the abstract providing specific pooled sensitivity and specificity values for RAT.",yes,"The study clearly reports quantifiable diagnostic accuracy data, including pooled sensitivity (68.4%) and specificity (99.4%) with confidence intervals.",maybe,"The abstract mentions both developing nations/rural areas and discusses clinical applications, suggesting clinical/community settings were included, though specific settings aren't detailed.",yes,The study specifically focuses on rapid antigen tests (RAT) for SARS-CoV-2 diagnosis.,maybe,"While the study evaluates RAT for SARS-CoV-2, it doesn't explicitly state that RT-PCR was used as the reference standard in all included studies. However, RT-PCR is mentioned in the context of re-testing negative samples, suggesting it was likely used as a reference standard in many cases.",Include,"A meta-analysis of rapid antigen tests for SARS-CoV-2 demonstrates strong reporting of diagnostic accuracy metrics with clear sensitivity and specificity data. While the study comprehensively evaluates test performance across different populations and settings, uncertainties remain regarding participant age range and precise reference standard usage. The research provides valuable insights into rapid antigen test performance, particularly in resource-limited contexts.",4
Performance of Rapid Antigen Tests for COVID-19 Diagnosis: A Systematic Review and Meta-Analysis,"Muhammad Fazli Khalid, Kasturi Selvam, Alfeq Jazree Nashru Jeffry, Mohamad Fazrul Salmi, M. A. Najib, M. N. Norhayati, I. Aziah",10.3390/diagnostics12010110,https://doi.org/10.3390/diagnostics12010110,Diagnostics,81,2022,maybe,The abstract does not explicitly state the age range of participants or whether data for adults is reported separately. This is a significant uncertainty.,yes,"This is a systematic review and meta-analysis of diagnostic accuracy studies, which is explicitly stated in the abstract. While it's not a primary study, meta-analyses are included in the criteria.",yes,"The study reports rapid antigen test results separately from other test types, as the abstract clearly focuses on rapid antigen test results and reports them separately. The study specifically analyzes RAT performance with pooled sensitivity and specificity values.",yes,"The study reports clear quantifiable diagnostic accuracy data, including pooled sensitivity (70%) and specificity (98%) with confidence intervals.",maybe,"While the abstract mentions ""different settings"" and discusses various sample types (nasal, nasopharyngeal, throat swabs, and saliva), it doesn't explicitly specify whether these are clinical or community settings. However, the context suggests clinical settings.",yes,The study specifically focuses on rapid antigen tests (RATs) and compares them to RT-qPCR. It does not mix results with antibody tests or other diagnostics.,yes,"The study clearly uses RT-qPCR as the reference standard, which is explicitly mentioned as the ""gold standard."" The focus is specifically on point-of-care rapid antigen tests.",Include,"A systematic review of rapid antigen tests for SARS-CoV-2 demonstrates strong alignment with most screening criteria, including clear diagnostic accuracy reporting, appropriate test methodology, and use of RT-qPCR as a reference standard. The primary uncertainty lies in the explicit reporting of participant age ranges, which would require full-text review to confirm. Despite this minor limitation, the study provides comprehensive diagnostic performance data across different sample types and patient populations.",4.3
Accuracy of rapid point-of-care antigen-based diagnostics for SARS-CoV-2: An updated systematic review and meta-analysis with meta-regression analyzing influencing factors,"Lukas E Brümmer, S. Katzenschlager, S. McGrath, Stephan Schmitz, M. Gaeddert, C. Erdmann, M. Bota, M. Grilli, J. Larmann, M. Weigand, N. Pollock, A. Macé, B. Erkosar, S. Carmona, J. Sacks, S. Ongarello, C. Denkinger",10.1371/journal.pmed.1004011,https://doi.org/10.1371/journal.pmed.1004011,PLoS Medicine,45,2022,maybe,"The abstract does not explicitly state the age range of participants, creating some uncertainty about whether the study only includes non-pregnant adult participants or if adult data is reported separately.",yes,"The study is a systematic review and meta-analysis that includes primary diagnostic accuracy studies, meeting this criterion.",yes,"The study reports rapid antigen test results (Ag-RDTs) separately from other test types, meeting this criterion.",yes,"The study reports clear quantifiable diagnostic accuracy data, including sensitivity (72.0%) and specificity (98.9%), meeting this criterion.",maybe,"While not explicitly stated, the context suggests clinical and community settings, as it discusses public health decision-making and various testing scenarios. However, there is some uncertainty about the specific settings included.",yes,"The study specifically focuses on antigen rapid diagnostic tests (Ag-RDTs) for SARS-CoV-2, meeting this criterion.",yes,"The study explicitly uses RT-PCR as the reference standard for evaluating Ag-RDTs, meeting this criterion.",Include,"A comprehensive meta-analysis of rapid antigen diagnostic tests for SARS-CoV-2 demonstrates strong alignment with most screening criteria, including clear test methodology, reference standard, and outcome measures. While the study robustly reports diagnostic accuracy data and uses RT-PCR as a reference, some uncertainty exists regarding participant age range and specific study settings. The research provides detailed insights into antigen test performance across different viral load conditions and testing scenarios.",4.3
Diagnostic accuracy of antigen-detection rapid diagnostic tests for diagnosis of COVID-19 in low-and middle-income countries: A systematic review and meta-analysis,"S. Pandey, Arisa Poudel, Dikshya Karki, Jeevan Thapa",10.1371/journal.pgph.0000358,https://doi.org/10.1371/journal.pgph.0000358,PLOS Global Public Health,6,2022,no,"The study includes people of all ages, not just non-pregnant adults 18 years or older, and does not report adult data separately.",yes,"This is a systematic review and meta-analysis that includes primary diagnostic accuracy studies, and it reports original data from 12 diagnostic accuracy studies.",yes,"The study reports rapid antigen test results separately, as it specifically focuses on Ag-RDTs and their diagnostic accuracy.",yes,"The study clearly reports quantifiable diagnostic accuracy data, including pooled sensitivity (78.2%) and specificity (99.5%).",maybe,"While not explicitly stated, the context of LMICs and the discussion of screening tools suggests the study was conducted in clinical/community settings.",yes,The study specifically evaluates rapid antigen tests (Ag-RDTs) for SARS-CoV-2 nucleocapsid protein detection.,yes,The study explicitly uses RT-PCR as the reference standard for evaluating Ag-RDTs.,Include,"A systematic review and meta-analysis of rapid antigen tests for SARS-CoV-2 demonstrates strong methodological alignment with most screening criteria, including appropriate test methodology, reference standard, and outcome measures. However, the study's inclusion of participants across all ages without separate adult data reporting represents a significant deviation from the specified population age requirement. Despite this limitation, the research provides valuable insights into diagnostic accuracy of antigen tests in low and middle-income countries.",3.1
Accuracy of rapid point-of-care antigen-based diagnostics for SARS-CoV-2: an updated systematic review and meta-analysis with meta regression analyzing influencing factors,"L. Bruemmer, S. Katzenschlager, S. McGrath, S. Schmitz, M. Gaeddert, C. Erdmann, M. Bota, M. Grilli, J. Larmann, M. Weigand, N. Pollock, A. Macé, B. Erkosar, S. Carmona, J. Sacks, S. Ongarello, C. Denkinger",10.1101/2022.02.11.22270831,https://doi.org/10.1101/2022.02.11.22270831,medRxiv,17,2022,maybe,"The abstract does not explicitly state the age range of participants, so there is some uncertainty about whether the study only includes non-pregnant adult participants or if the data of adult participants are reported separately.",yes,"The study is a systematic review and meta-analysis that includes primary diagnostic accuracy studies, meeting this criterion.",yes,"The study reports rapid antigen test results (Ag-RDTs) separately from other test types, meeting this criterion.",yes,"The study reports clear quantifiable diagnostic accuracy data, including sensitivity (72.0%) and specificity (98.9%), meeting this criterion.",maybe,"While the abstract doesn't explicitly state the setting, it includes analysis of both symptomatic and asymptomatic testing, suggesting clinical and community settings were included, likely meeting this criterion.",yes,"The study specifically focuses on antigen rapid diagnostic tests (Ag-RDTs) for SARS-CoV-2, meeting this criterion.",yes,"The study explicitly uses RT-PCR as the reference standard for evaluating Ag-RDTs, meeting this criterion.",Include,"A comprehensive systematic review and meta-analysis of rapid antigen diagnostic tests for SARS-CoV-2, reporting detailed diagnostic accuracy data with RT-PCR as the reference standard. The study provides robust evidence on test performance across different viral load levels, symptom statuses, and sample types, with high sensitivity and specificity reported. While most screening criteria are strongly met, some uncertainty exists regarding the specific age range of participants.",4.6
Cochrane corner: rapid point-of-care antigen and molecular-based tests for the diagnosis of COVID-19 infection,"D. Ndwandwe, Lindi Mathebula, R. Kamadjeu, C. Wiysonge",10.11604/pamj.supp.2020.37.1.25982,https://doi.org/10.11604/pamj.supp.2020.37.1.25982,The Pan African Medical Journal,9,2020,maybe,"The abstract doesn't specify age restrictions or whether adult data is reported separately, so this is a significant uncertainty.",yes,"This is a Cochrane review/meta-analysis that appears to include primary diagnostic accuracy studies, meeting this criterion.",maybe,"The abstract discusses both antigen and molecular tests, but it's unclear whether the results are reported separately. However, since this is a Cochrane review, it likely separates the data types, but this cannot be confirmed from the abstract alone.",yes,"The abstract mentions that the review reports sensitivity and specificity data, meeting this criterion.",yes,"The abstract mentions ""various parts of the world"" and discusses community transmission, suggesting clinical and community settings, meeting this criterion.",yes,"The study explicitly evaluates point-of-care antigen tests, meeting this criterion.",maybe,"While the study evaluates point-of-care antigen tests, it doesn't explicitly mention RT-PCR as the reference standard, which is a significant uncertainty.",Include,"A Cochrane review examining point-of-care antigen tests for SARS-CoV-2 demonstrates clear reporting of diagnostic accuracy measures across multiple global settings. While the study meets several key screening criteria, significant uncertainties exist regarding population age restrictions, reference standard methodology, and separate reporting of test results. The review provides valuable insights into diagnostic test performance but requires full text verification to confirm complete alignment with all screening requirements.",3.9
"Evaluation of the accuracy, ease of use and limit of detection of novel, rapid, antigen-detecting point-of-care diagnostics for SARS-CoV-2","L. J. Krüger, M. Gaeddert, Lisa Köppel, L. Bruemmer, Claudius Gottschalk, Isabel Barreto Barreto Miranda, Paul Schnitzler, H. Kräusslich, A. Lindner, O. Nikolai, F. P. Mockenhaupt, J. Seybold, V. Corman, V. Corman, Christian Drosten, Christian Drosten, N. Pollock, A. Cubas-Atienzar, K. Kontogianni, Andrea M. Collins, A. Wright, B. Knorr, A. Welker, M. D. Vos, J. Sacks, Emily R. Adams, C. Denkinger",10.1101/2020.10.01.20203836,https://doi.org/10.1101/2020.10.01.20203836,medRxiv,92,2020,maybe,"The abstract doesn't explicitly state the age range of participants, so it's unclear if the study only included non-pregnant adult participants or if the data of adult participants were reported separately.",yes,"The study is explicitly described as a ""prospective, multi-centre diagnostic accuracy study"" with original data collection and analysis.",yes,"The study clearly reports rapid antigen test results separately, with detailed performance metrics for each of the three Ag-RDTs tested.",yes,"The study reports clear diagnostic accuracy data, including sensitivity (76.6%) and specificity (99.3%) for the best-performing test, with confidence intervals.",yes,The study was conducted in clinical settings across Germany and UK.,yes,"The study specifically evaluates rapid antigen tests (Ag-RDTs) for SARS-CoV-2, with three different tests being compared.",yes,The study uses RT-PCR as the reference standard and evaluates point-of-care rapid antigen tests.,Include,"A comprehensive diagnostic accuracy study of rapid antigen tests for SARS-CoV-2, conducted across multiple clinical sites in Germany and UK, systematically evaluated three point-of-care tests using RT-PCR as a reference standard. The research reported detailed diagnostic performance metrics, including sensitivity and specificity, with one test demonstrating promising results while others showed variable performance. While most screening criteria were definitively met, the participant age range remained slightly uncertain.",4.6
Diagnostic Accuracy of SARS-CoV-2 Antigen Tests for Community Transmission Screening: A Systematic Review and Meta-Analysis,"Cheng-Chieh Chen, Shou-Cheng Lu, C. Bai, Pei-Yu Wang, Kang-Yun Lee, Yuan-Hung Wang",10.3390/ijerph182111451,https://doi.org/10.3390/ijerph182111451,International Journal of Environmental Research and Public Health,22,2021,maybe,"The abstract does not specify the age range of participants. While it mentions ""community participants,"" there's no explicit mention of whether pediatric cases were excluded or reported separately.",yes,"This is a meta-analysis that appears to include primary diagnostic accuracy studies, as it reports original data from 18 studies with 34,865 participants. The studies included appear to be diagnostic accuracy studies.",maybe,"The abstract indicates this is a meta-analysis specifically focused on antigen tests, suggesting the data is reported separately for antigen tests. However, it's not explicitly stated whether other test types were included in the original studies.",yes,"The study clearly reports quantifiable diagnostic accuracy data, including pooled sensitivity (0.82) and specificity (1.00).",yes,"The abstract mentions ""community participants"" and discusses community testing, indicating appropriate study settings.",yes,"The study specifically focuses on antigen tests for SARS-CoV-2, meeting this criterion.",maybe,"While the study evaluates antigen tests, the abstract doesn't explicitly mention RT-PCR as the reference standard. This is a significant uncertainty.",Include,"A meta-analysis of SARS-CoV-2 antigen tests demonstrates strong diagnostic accuracy with high sensitivity and specificity across community participants. While the study meets several key screening criteria, significant uncertainties exist regarding participant age range and reference standard methodology. The research provides valuable insights into rapid antigen testing for COVID-19, but requires further investigation to fully address all screening requirements.",4
Evaluation of a novel antigen-based rapid detection test for the diagnosis of SARS-CoV-2 in respiratory samples,"L. Porte, Paulette Legarraga, V. Vollrath, X. Aguilera, J. Munita, R. Araos, Gabriel Pizarro, P. Vial, M. Iruretagoyena, S. Dittrich, T. Weitzel",10.1016/j.ijid.2020.05.098,https://doi.org/10.1016/j.ijid.2020.05.098,International Journal of Infectious Diseases,317,2020,maybe,"While not explicitly stated that all participants are adults, the median age is 38 years, and there's no mention of pediatric or pregnant populations. The context suggests an adult population.",yes,This is a primary diagnostic accuracy study evaluating a novel rapid antigen detection test against RT-PCR.,yes,"The study clearly reports rapid antigen test results separately, with specific sensitivity and specificity values for the RDT.",yes,"The study reports clear diagnostic accuracy data, including sensitivity (93.9%), specificity (100%), and diagnostic accuracy (96.1%).",yes,"While not explicitly stated, the context of testing suspected COVID-19 cases with nasopharyngeal and oropharyngeal swabs indicates a clinical setting.",yes,The study specifically evaluates a rapid antigen detection test (RDT) for SARS-CoV-2.,yes,The study evaluates a point-of-care rapid antigen test (fluorescence immunochromatographic test) using RT-PCR as the reference standard.,Include,"A comprehensive diagnostic accuracy study of a rapid antigen test for SARS-CoV-2, utilizing RT-PCR as a reference standard and reporting detailed sensitivity and specificity metrics. The research focuses on an adult population with suspected COVID-19, evaluating a point-of-care diagnostic method in a clinical setting with high diagnostic performance. Methodologically robust, the study provides quantifiable data on test accuracy, particularly during the first week of symptom onset.",4.9
Factors that Influence the Reported Sensitivity of Rapid Antigen Testing for SARS-CoV-2,"V. Parvu, D. Gary, J. Mann, Yu‐Chi Lin, Dorsey Mills, L. Cooper, J. Andrews, Y. Manabe, A. Pekosz, Charles K. Cooper",10.3389/fmicb.2021.714242,https://doi.org/10.3389/fmicb.2021.714242,Frontiers in Microbiology,65,2021,maybe,"The abstract does not explicitly specify age restrictions or separate reporting for adults, as it mentions both symptomatic and asymptomatic individuals but does not clarify age ranges.",yes,"The study is a systematic review and meta-analysis that includes 83 primary studies, and while it is not a primary diagnostic accuracy study, it does report original meta-analyzed data.",yes,"The study reports rapid antigen test results separately from other test types, as it is a systematic review specifically focused on RALFT (rapid antigen-based lateral flow testing) compared to RT-qPCR.",yes,"The abstract reports quantifiable diagnostic accuracy data, specifically sensitivity (75.0% with 95% CI: 71.0-78.0).",maybe,"While not explicitly stated, the context suggests clinical and community settings, as it discusses both symptomatic and asymptomatic individuals and testing for COVID-19 diagnosis.",yes,"The study specifically focuses on rapid antigen tests (RALFT) for SARS-CoV-2 detection, not antibody tests or other diagnostics.",yes,The study explicitly evaluates point-of-care rapid antigen tests using RT-qPCR as the reference standard.,Include,"A systematic review of rapid antigen tests for SARS-CoV-2 demonstrates comprehensive diagnostic accuracy assessment using RT-qPCR as a reference standard, with clear reporting of sensitivity across symptomatic and asymptomatic populations. The study meets most screening criteria, with only minor uncertainty regarding participant age ranges, and provides robust meta-analyzed data on point-of-care testing performance.",4.6
Performance of point-of care molecular and antigen-based tests for SARS-CoV-2: a living systematic review and meta-analysis,"P. Fragkou, C. Moschopoulos, D. Dimopoulou, D. Ong, K. Dimopoulou, Philipp P Nelson, V. Schweitzer, Hannah Janocha, Emmanouil Karofylakis, K. Papathanasiou, Sotirios Tsiordras, Giulia de Angelis, C. Thölken, M. Sanguinetti, Ho-Ryun Chung, C. Skevaki",10.1016/j.cmi.2022.10.028,https://doi.org/10.1016/j.cmi.2022.10.028,Clinical Microbiology and Infection,13,2022,no,"The study includes patients of all ages, not just non-pregnant adults or separately reported adult data.",yes,"The study is a meta-analysis of primary diagnostic accuracy studies, as explicitly stated in the methods section.",yes,"The study reports rapid antigen test results separately from other test types, as evidenced by the distinct sensitivity and specificity values reported for antigen tests.",yes,"The study reports quantifiable diagnostic accuracy data, including sensitivity and specificity with 95% CIs for both antigen and molecular tests.",maybe,"The study includes various clinical and community settings, though not explicitly detailed.",yes,"The study evaluates rapid antigen tests, along with molecular tests, and reports their results separately.",yes,The study evaluates point-of-care rapid antigen tests and uses RT-PCR as the reference standard.,Include,"A comprehensive meta-analysis of SARS-CoV-2 diagnostic tests that meets most screening criteria, with robust reporting of antigen and molecular test performance across multiple studies. The primary limitation is the inclusion of participants of all ages without separate adult data reporting, which prevents full compliance with the screening requirements. Despite this limitation, the study provides detailed diagnostic accuracy data using RT-PCR as a reference standard.",2.7
"Rapid, point‐of‐care antigen tests for diagnosis of SARS‐CoV‐2 infection","J. Dinnes, J. Deeks, Sarah Berhane, Melissa Taylor, Ada Adriano, Clare F. Davenport, Sabine Dittrich, Devy M. Emperador, Y. Takwoingi, Jane Cunningham, S. Beese, Julie Domen, J. Dretzke, Lavinia Ferrante di Ruffano, I. Harris, Malcolm J Price, S. Taylor-Phillips, L. Hooft, M. Leeflang, Matthew D F McInnes, R. Spijker, A. Van den Bruel",10.1002/14651858.CD013705.pub2,https://doi.org/10.1002/14651858.CD013705.pub2,Cochrane Database of Systematic Reviews,12,2021,maybe,"The abstract does not explicitly state the age range of participants. While it mentions ""symptomatic and asymptomatic population groups,"" it doesn't specify whether children were included or if adult data was reported separately.",yes,"This is a systematic review and meta-analysis that includes primary diagnostic accuracy studies. The abstract explicitly states they included ""test accuracy studies of any design"" and presents pooled data.",yes,"The study clearly reports rapid antigen test results separately from other test types. The abstract presents detailed results for antigen tests (48 studies, 58 evaluations) and molecular tests separately.",yes,"The study reports detailed diagnostic accuracy data, including sensitivity and specificity with 95% confidence intervals for both symptomatic and asymptomatic populations.",yes,"The study includes clinical and community settings, as evidenced by the evaluation of tests in both symptomatic and asymptomatic populations.",yes,"The study specifically evaluates rapid antigen tests, with detailed analysis of 16 different antigen assays.",yes,"The study evaluates point-of-care rapid antigen tests and explicitly states that ""nearly all studies (97%) defined the presence or absence of SARS-CoV-2 based on a single RT-PCR result.""",Include,"A comprehensive systematic review and meta-analysis of rapid antigen tests for SARS-CoV-2, evaluating diagnostic accuracy across symptomatic and asymptomatic populations using RT-PCR as the reference standard. The study provides detailed sensitivity and specificity data for multiple antigen test brands, with robust methodology covering clinical and community settings. While most screening criteria are clearly met, the specific age range of participants remains somewhat unclear from the abstract.",4.6
Evaluation of the diagnostic accuracy of COVID-19 antigen tests: A systematic review and meta-analysis,"Yuan-Hung Wang, Chia‐Chang Wu, C. Bai, Shou-Cheng Lu, Yi-ping Yang, Yi-Ying Lin, Wei-Yi Lai, Tzu-Wei Lin, Ying-Chun Jheng, Ming‐Cheng Lee, Cheng-Chieh Chen",10.1097/JCMA.0000000000000626,https://doi.org/10.1097/JCMA.0000000000000626,Journal of the Chinese Medical Association,11,2021,maybe,"The abstract does not explicitly state the age range of participants or whether data for adults was reported separately, creating some uncertainty about this criterion.",yes,"The study is a meta-analysis that includes primary diagnostic accuracy studies and reports original data, as mentioned in the abstract's description of the 14 included studies with 8624 participants.",yes,"The study reports rapid antigen test results separately from other test types, as indicated by the abstract's focus on antigen test performance.",yes,"The study clearly reports quantifiable diagnostic accuracy data, including sensitivity (79%) and specificity (100%) with confidence intervals, as mentioned in the abstract.",maybe,"The abstract mentions testing for ""patients"" and ""contagious individuals,"" but does not explicitly specify whether the studies were conducted in clinical or community settings, creating some uncertainty.",yes,"The study specifically focuses on antigen tests for SARS-CoV-2, not antibody tests or other diagnostics, as clearly stated in the abstract.",maybe,"While the study evaluates antigen tests, the abstract does not explicitly state that RT-PCR was used as the reference standard, though this is commonly the case in such studies, creating some uncertainty.",Include,"A meta-analysis of antigen tests for SARS-CoV-2 demonstrates clear reporting of diagnostic accuracy with quantifiable sensitivity and specificity measures. While the study meets several key screening criteria, uncertainties exist regarding participant age range, reference standard, and specific study setting. The research provides valuable insights into rapid antigen testing performance, particularly within seven days of symptom onset.",4.3
"Rapid, point‐of‐care antigen and molecular‐based tests for diagnosis of SARS‐CoV‐2 infection","J. Dinnes, J. Deeks, Ada Adriano, S. Berhane, C. Davenport, S. Dittrich, Devy M. Emperador, Y. Takwoingi, J. Cunningham, S. Beese, J. Dretzke, Lavinia Ferrante di Ruffano, I. Harris, M. Price, S. Taylor-Phillips, L. Hooft, M. Leeflang, R. Spijker, A. Van den Bruel",10.1002/14651858.cd013705,https://doi.org/10.1002/14651858.cd013705,Cochrane Database of Systematic Reviews,1022,2020,maybe,"The abstract does not explicitly state the age range of participants or whether data for adults is reported separately, so there is significant uncertainty around this criterion.",yes,The study is a systematic review/meta-analysis that includes primary diagnostic accuracy studies and reports original data from 22 publications covering 18 study cohorts with 3198 unique samples.,yes,"The study clearly separates antigen test results from other test types, particularly molecular tests, and reports separate sensitivity and specificity values for each.",yes,"The study clearly reports quantifiable diagnostic accuracy data, including sensitivity and specificity with confidence intervals for both antigen and molecular tests.",yes,"The abstract mentions studies conducted in ""community or in primary or secondary care"" settings, which meets the criterion for clinical or community settings.",yes,"The study specifically evaluates point-of-care antigen tests, which is exactly what the criterion requires.",yes,The study evaluates point-of-care rapid antigen tests and explicitly mentions using RT-PCR as a reference standard.,Include,"A systematic review of point-of-care SARS-CoV-2 diagnostic tests demonstrates comprehensive reporting of antigen and molecular test performance across multiple clinical settings, with clear quantification of diagnostic accuracy using RT-PCR as a reference standard. The study provides detailed sensitivity and specificity data for multiple test types, though uncertainty remains regarding the specific age range of participants. Overall, the research offers robust insights into rapid diagnostic testing methodologies for COVID-19.",4.6
"Rapid, point‐of‐care antigen tests for diagnosis of SARS‐CoV‐2 infection","J. Dinnes, Pawana Sharma, S. Berhane, Susanna S Wyk, Nicholas Nyaaba, Julie Domen, Melissa Taylor, J. Cunningham, C. Davenport, S. Dittrich, Devy M. Emperador, L. Hooft, M. Leeflang, M. McInnes, R. Spijker, J. Verbakel, Y. Takwoingi, S. Taylor-Phillips, A. Van den Bruel, J. Deeks",10.1002/14651858.CD013705.pub3,https://doi.org/10.1002/14651858.CD013705.pub3,Cochrane Database of Systematic Reviews,196,2022,maybe,"The abstract does not explicitly state that only adults were included or that adult data was reported separately, creating some uncertainty about whether this criterion is fully met.",yes,"The study is a systematic review and meta-analysis that includes primary diagnostic accuracy studies, as evidenced by the mention of ""155 study cohorts"" and ""166 study reports"" in the abstract.",yes,"The study reports rapid antigen test results separately from other test types, as indicated by the abstract's focus on rapid antigen tests and the detailed analysis of their performance.",yes,"The study reports detailed diagnostic accuracy data, including sensitivity and specificity with confidence intervals, providing specific values for both symptomatic (73.0% sensitivity, 99.1% specificity) and asymptomatic populations (54.7% sensitivity, 99.7% specificity).",yes,"The abstract indicates the studies were conducted in clinical settings, mentioning ""clinical and public health management decisions"" and various testing contexts.",yes,"The study specifically focuses on rapid antigen tests, as stated multiple times in the abstract, and explicitly evaluates ""rapid, point-of-care antigen tests"" for SARS-CoV-2.",yes,"The abstract clearly states that RT-PCR was used as the reference standard, noting ""Reference standards for presence or absence of infection were any laboratory-based molecular test (primarily reverse transcription polymerase chain reaction RT-PCR)()""",Include,"A comprehensive systematic review of rapid antigen tests for SARS-CoV-2 demonstrates strong alignment with most screening criteria, including detailed diagnostic accuracy reporting, appropriate test methodology, and use of RT-PCR as a reference standard. The study provides nuanced analysis of test performance across symptomatic and asymptomatic populations, with only minor uncertainty regarding participant age demographics. Overall, the research offers robust evidence on rapid antigen test diagnostic accuracy across multiple clinical contexts.",4.7
Accuracy of novel antigen rapid diagnostics for SARS-CoV-2: A living systematic review and meta-analysis,"Lukas E Brümmer, S. Katzenschlager, M. Gaeddert, C. Erdmann, S. Schmitz, M. Bota, M. Grilli, J. Larmann, M. Weigand, N. Pollock, A. Macé, S. Carmona, S. Ongarello, J. Sacks, C. Denkinger",10.1101/2021.02.26.21252546,https://doi.org/10.1101/2021.02.26.21252546,medRxiv,253,2021,maybe,"The abstract does not explicitly state the age range of participants, so there is significant uncertainty about whether the study only includes non-pregnant adult participants or if the data of adult participants are reported separately.",yes,"The study is a systematic review and meta-analysis that includes original diagnostic accuracy data from 98 analytical and clinical data sets. While it's a meta-analysis rather than a primary study, it does report original data and is therefore acceptable.",yes,"The study reports rapid antigen test results separately from other test types, as it is a systematic review specifically focused on Ag-RDTs. The results are presented independently for different test types and conditions.",yes,"The study clearly reports quantifiable diagnostic accuracy data, including sensitivity (73.8% overall, with specific values for different conditions) and mentions specificity.",maybe,"While not explicitly stated, the context suggests clinical and community settings, as it discusses testing strategies and screening purposes. However, this could be more clearly specified.",yes,The study specifically focuses on rapid antigen diagnostic tests (Ag-RDTs) and clearly evaluates these as the primary test type.,yes,"The study explicitly uses RT-PCR as the reference standard, as mentioned in the methods section.",Include,"A comprehensive systematic review and meta-analysis of rapid antigen diagnostic tests for SARS-CoV-2, reporting detailed diagnostic accuracy data across multiple test conditions and sample types. The study meets most screening criteria, with strong evidence of test methodology, reference standard, and outcome measures, though uncertainty exists regarding participant age range. The research provides valuable insights into rapid antigen test performance across different clinical scenarios.",4.3
Point-of-Care Diagnostic Tests for Detecting SARS-CoV-2 Antibodies: A Systematic Review and Meta-Analysis of Real-World Data,"M. Riccò, P. Ferraro, G. Gualerzi, S. Ranzieri, B. Henry, Y. B. Said, N. Pyatigorskaya, E. Nevolina, Jianhong Wu, N. Bragazzi, C. Signorelli",10.3390/jcm9051515,https://doi.org/10.3390/jcm9051515,Journal of Clinical Medicine,79,2020,no,"The abstract does not specify the age range of participants or whether adult data is reported separately, so there is significant uncertainty about this criterion.",yes,"This is a systematic review and meta-analysis, which meets the criterion for a primary diagnostic accuracy study or meta-analysis reporting original data.",maybe,"The abstract discusses rapid diagnostic tests, and since this is a meta-analysis specifically focused on rapid diagnostic tests, it's likely that the data is reported separately from other test types.",yes,"The abstract clearly reports diagnostic accuracy measures, including pooled sensitivity (64.8%) and specificity (98.0%) with confidence intervals, meeting this criterion.",maybe,"The abstract doesn't explicitly state the study settings of the included studies, though it mentions ""clinical purposes"" and ""laboratory testing.""",maybe,"The abstract refers to ""rapid diagnostic tests"" but doesn't explicitly specify whether these are antigen tests. While it's likely that some of the included studies evaluated rapid antigen tests, this isn't definitively stated.",maybe,"The abstract mentions RT-PCR as the gold standard, which meets part of this criterion. However, it doesn't explicitly confirm that all included studies used RT-PCR as the reference standard.",Include,"A systematic review and meta-analysis of rapid diagnostic tests for COVID-19 presents diagnostic accuracy data with pooled sensitivity and specificity, but lacks clear specification of test type, participant age range, and study settings. While the study reports quantifiable diagnostic measures, significant uncertainties exist regarding the precise characteristics of the included studies, potentially limiting its direct applicability to specific screening criteria.",3.4
Comparison of seven commercial SARS-CoV-2 rapid Point-of-Care Antigen tests,"V. Corman, Verena Haage, T. Bleicker, Marie L Schmidt, Barbara Mühlemann, M. Zuchowski, Wendy Karen Jó Lei, Patricia Tscheak, E. Möncke-Buchner, M. Müller, A. Krumbholz, J. Drexler, C. Drosten",10.1101/2020.11.12.20230292,https://doi.org/10.1101/2020.11.12.20230292,medRxiv,226,2020,maybe,"The abstract does not explicitly state the age range of participants, so there is some uncertainty about whether the study only included non-pregnant adult participants or if data for adult participants was reported separately.",yes,"The study appears to be a primary diagnostic accuracy study, as it evaluates the performance of rapid antigen tests using recombinant nucleoprotein, cultured viruses, and clinical samples.",yes,"The study reports rapid antigen test results separately from other test types, as the abstract clearly compares the performance characteristics of seven different AgPOCT products.",yes,"The study reports quantifiable diagnostic accuracy data, including limits of detection and specificity ranges.",yes,"The study appears to be conducted in a clinical setting, using clinical samples and laboratory evaluation.",yes,"The study clearly evaluates rapid antigen tests (AgPOCT) specifically, comparing seven different products.",maybe,"While the study evaluates point-of-care rapid antigen tests, it's not explicitly stated that RT-PCR was used as the reference standard. The abstract mentions ""stored clinical samples with known SARS-CoV-2 viral loads"" but doesn't specify the method used to determine these loads, creating some uncertainty.",Include,"A comprehensive diagnostic accuracy study comparing seven rapid antigen tests for SARS-CoV-2, reporting detailed performance metrics including sensitivity and specificity across multiple sample types. The research provides quantitative data on test performance, though some methodological details require clarification from the full text, particularly regarding participant age range and reference standard confirmation.",4.3
Diagnostic accuracy of rapid point-of-care tests for diagnosis of current SARS-CoV-2 infections in children: a systematic review and meta-analysis,"N. Fujita-Rohwerder, L. Beckmann, Y. Zens, A. Verma",10.1136/bmjebm-2021-111828,https://doi.org/10.1136/bmjebm-2021-111828,BMJ evidence-based medicine,27,2021,no,"The study specifically focuses on pediatric populations (""children under real-life conditions""), which does not meet the criterion requiring adult participants (18+ years).",yes,"The study is a systematic review and meta-analysis that includes primary diagnostic accuracy studies, and it reports original data from the included studies.",yes,"The study reports rapid antigen test results separately from other test types, as it is a systematic review specifically focused on rapid point-of-care tests.",yes,"The study reports quantifiable diagnostic accuracy data, including specific sensitivity and specificity values with confidence intervals.",maybe,"The abstract mentions ""real-life conditions"" and includes various clinical settings, though the exact settings aren't fully detailed.",yes,"The study evaluates rapid antigen tests, which is explicitly stated multiple times in the abstract.",yes,"The study compares ""rapid point-of-care tests"" with ""RT-PCR as the reference standard.""",Exclude,"A systematic review of rapid antigen tests in pediatric populations fails to meet the screening criteria due to its exclusive focus on children under 18 years old. Despite meeting most other methodological requirements, the study's population age fundamentally disqualifies it from inclusion in a review targeting adult participants. The comprehensive analysis of diagnostic accuracy in children provides valuable insights but does not align with the specified screening parameters.",0.1
Rapid antigen-based and rapid molecular tests for the detection of SARS-CoV-2: a rapid review with network meta-analysis of diagnostic test accuracy studies,"A. Veroniki, A. Tricco, Jennifer A Watt, Sofia Tsokani, P. Khan, C. Soobiah, A. Negm, A. Doherty-Kirby, Paul Taylor, C. Lunny, J. McGowan, Julian Little, Patrick Mallon, D. Moher, Sabrina Wong, J. Dinnes, Y. Takwoingi, L. Saxinger, A. Chan, W. Isaranuwatchai, B. Lander, A. Meyers, G. Poliquin, S. Straus",10.1186/s12916-023-02810-0,https://doi.org/10.1186/s12916-023-02810-0,BMC Medicine,8,2023,no,No information is provided about the study population or age groups.,maybe,"The abstract suggests this is a diagnostic accuracy study comparing rapid tests, but it is not explicitly clear if it is primary research or a review/meta-analysis.",maybe,"The abstract mentions ""rapid tests"" but does not specify if the results are reported separately from other test types. There is uncertainty about whether this criterion is met.",maybe,"The abstract mentions ""sensitive and specific"" tests, suggesting diagnostic accuracy measures will be reported, but it is not explicitly stated.",no,No information is provided about the study setting.,maybe,"The abstract mentions ""rapid tests"" but does not specifically confirm these are antigen tests. It could include other types of rapid tests.",maybe,"While rapid tests are mentioned, there is no explicit mention of RT-PCR as the reference standard.",Include,"The abstract lacks critical details about rapid antigen test methodology, population characteristics, and reference standards, creating significant uncertainty about meeting the screening criteria. While suggesting a diagnostic accuracy study of rapid tests, insufficient information prevents confident determination of inclusion across multiple key requirements. Multiple screening criteria remain unverified due to the abstract's limited scope.",2.8
"Effectiveness of tests to detect the presence of SARS-CoV-2 virus, and antibodies to SARS-CoV-2, to inform COVID-19 diagnosis: a rapid systematic review","D. Jarrom, L. Elston, J. Washington, M. Prettyjohns, K. Cann, S. Myles, P. Groves",10.1136/bmjebm-2020-111511,https://doi.org/10.1136/bmjebm-2020-111511,BMJ evidence-based medicine,96,2020,no,"The abstract does not specify age restrictions or separate reporting for adult participants, only mentioning ""patients with confirmed or suspected COVID-19 infection"" without providing age details.",no,"This is a systematic review and meta-analysis, not a primary diagnostic accuracy study, so it fails to meet the criterion for study design.",no,"The abstract does not specifically mention rapid antigen tests or separate reporting of different test types, which is a significant concern.",yes,"The study does report quantifiable diagnostic accuracy data (sensitivity, specificity, PPV, NPV), meeting this criterion.",yes,"The abstract mentions that ""the majority were in hospital settings,"" meeting this criterion.",no,"The abstract focuses on ""tests that detect the presence of SARS-CoV-2"" and antibody tests, but does not specifically mention rapid antigen tests, indicating a focus on RT-PCR and antibody tests rather than rapid antigen tests.",no,"While RT-PCR is mentioned as a reference standard, the study does not specifically evaluate point-of-care rapid antigen tests, with the focus appearing to be on RT-PCR and antibody tests.",Exclude,"The systematic review fails to meet key screening criteria, particularly regarding study design and test methodology, as it does not focus on rapid antigen tests or provide primary diagnostic accuracy data. While the study reports diagnostic accuracy measures and includes appropriate clinical settings, it lacks specificity in test type, population age, and data reporting. The research primarily examines RT-PCR and antibody tests, diverging from the targeted screening requirements.",1.4
Antigen Detection Tests for SARS-CoV-2: a systematic review and meta-analysis on real world data,"M. Riccò, S. Ranzieri, S. Peruzzi, M. Valente, F. Marchesi, N. Bragazzi, Davide Donelli, F. Balzarini, P. Ferraro, V. Gianfredi, C. Signorelli",10.23750/abm.v93i2.11031,https://doi.org/10.23750/abm.v93i2.11031,Acta bio-medica : Atenei Parmensis,6,2022,maybe,"The abstract does not specify the age range of participants or whether adult data was reported separately, creating uncertainty about meeting this criterion.",no,"This is a systematic review and meta-analysis, not a primary diagnostic accuracy study, which is a significant issue for inclusion.",yes,"The study clearly focuses on and reports rapid antigen test results separately from other test types, meeting this criterion.",yes,"The study clearly reports quantifiable diagnostic accuracy data, including pooled sensitivity (72.8%) and specificity (99.4%), meeting this criterion.",yes,"The abstract mentions primary care and front-line settings (Emergency Departments), indicating clinical settings were included, meeting this criterion.",yes,"The study clearly evaluates rapid antigen tests (RAD tests) for SARS-CoV-2, meeting this criterion.",maybe,"The study evaluates point-of-care rapid antigen tests, and while RT-PCR is mentioned, it's not explicitly stated as the reference standard for all included studies. However, the mention of Cycle Threshold values suggests RT-PCR was used as a reference in at least some cases.",Include,"A systematic review and meta-analysis of rapid antigen tests for SARS-CoV-2, the study provides comprehensive diagnostic accuracy data with pooled sensitivity and specificity. While meeting several screening criteria, the paper's meta-analytic nature and unclear population age characteristics create potential limitations for inclusion. The research offers valuable insights into rapid antigen test performance across clinical settings, with nuanced findings about test reliability.",2.7
Evaluation of rapid antigen test for detection of SARS-CoV-2 virus,"Gannon C.K. Mak, P. Cheng, S. Lau, Kitty K. Y. Wong, C. Lau, E. Lam, R. C. Chan, D. Tsang",10.1016/j.jcv.2020.104500,https://doi.org/10.1016/j.jcv.2020.104500,Journal of Clinical Virology,424,2020,maybe,The abstract does not specify the age range of participants or whether they are pregnant/non-pregnant.,yes,This appears to be a primary diagnostic accuracy study evaluating the performance of a specific rapid antigen test (BIOCREDIT COVID-19 Ag test) against reference standards.,yes,"The study clearly reports rapid antigen test results separately, comparing them directly with RT-PCR results.",yes,"The study reports quantifiable diagnostic accuracy data, specifically mentioning detection rates (11.1% to 45.7% of RT-PCR-positive samples).",maybe,"The abstract doesn't explicitly state whether the study was conducted in a clinical or community setting, though the use of respiratory samples from confirmed COVID-19 patients suggests a clinical setting.",yes,"The study specifically evaluates a rapid antigen detection (RAD) test, not antibody tests or other diagnostics.",yes,The study evaluates a point-of-care rapid antigen test and uses RT-PCR as one of the reference standards.,Include,"A diagnostic accuracy study evaluating a rapid antigen test for SARS-CoV-2 using RT-PCR as a reference standard, with clear reporting of test performance and detection rates. The study meets most critical methodological criteria, though uncertainties exist regarding participant age range and specific study setting. Quantifiable diagnostic accuracy data and a focused comparison of rapid antigen testing against RT-PCR provide robust methodological insights.",4.3
Performance of Antigen Detection Tests for SARS-CoV-2: A Systematic Review and Meta-Analysis,"Anastasia Tapari, G. Braliou, M. Papaefthimiou, Helen Mavriki, P. Kontou, G. Nikolopoulos, P. Bagos",10.3390/diagnostics12061388,https://doi.org/10.3390/diagnostics12061388,Diagnostics,26,2022,maybe,"The abstract does not specify the age range of participants, creating significant uncertainty about whether the study only includes non-pregnant adult participants or reports data for adult participants separately.",yes,"The study is a systematic review and meta-analysis, which meets the criterion of being a primary diagnostic accuracy study or meta-analysis reporting original data.",yes,"The study reports rapid antigen test results separately from other test types, comparing different types of antigen tests (LFIA, FIA, CLEIA).",yes,"The study reports quantifiable diagnostic accuracy data, including sensitivity (72% vs 40% for different sample types) and specificity (around 99%).",yes,"The abstract mentions point-of-care settings and discusses both symptomatic and asymptomatic patients, suggesting clinical and community settings.",yes,"The study clearly focuses on rapid antigen tests, specifically discussing LFIA, FIA, and CLEIA methods.",maybe,"The study evaluates point-of-care rapid antigen tests and mentions RT-PCR as the gold standard, though it's not explicitly stated that RT-PCR was used as the reference standard in all included studies, creating some uncertainty.",Include,"A systematic review and meta-analysis of rapid antigen tests for SARS-CoV-2 demonstrates comprehensive diagnostic accuracy data across multiple test types and settings. While the study provides detailed sensitivity and specificity metrics, uncertainty remains regarding participant age range, which could potentially impact the study's alignment with screening criteria. The research effectively compares different antigen test methodologies and their performance across symptomatic and asymptomatic populations.",4
Increased anticoagulation reduces proximal deep vein thrombosis in mechanically ventilated COVID-19 patients,"Abdo A. Elfiky, Ibrahim M. Ibrahim",10.1016/j.jinf.2020.12.033,https://doi.org/10.1016/j.jinf.2020.12.033,Journal of Infection,79,2020,maybe,"While not explicitly stated, the mean age is 40.4 years (SD 24.5), suggesting an adult population. However, there's some uncertainty as the full age range isn't specified.",yes,This is a primary diagnostic accuracy study that evaluates the performance of a rapid antigen test against RT-PCR results.,yes,"The study clearly reports rapid antigen test results separately, specifically focusing on the Panbio COVID-19 Ag Test. The results are presented distinctly from other test types.",yes,"The study reports clear diagnostic accuracy data, including sensitivity (91.7%) and specificity (98.9%) with confidence intervals.",yes,The study includes samples from clinical settings (symptomatic individuals and contacts) and community settings (asymptomatic screening campaigns).,yes,The study specifically evaluates a rapid antigen test (Panbio COVID-19 Ag Test) and not antibody tests or other diagnostics.,yes,The study clearly uses RT-PCR as the reference standard and evaluates a point-of-care rapid antigen test for SARS-CoV-2.,Include,"A comprehensive diagnostic accuracy study of a rapid antigen test for SARS-CoV-2, utilizing RT-PCR as the reference standard and reporting detailed sensitivity and specificity metrics across different clinical and community settings. The research evaluated the Panbio COVID-19 Ag Test on a large sample of 1406 individuals, with robust methodology examining performance across various viral load levels and transmission scenarios. While most screening criteria were definitively met, there was slight uncertainty regarding the precise age range of participants.",4.9
Low performance of rapid antigen detection test as frontline testing for COVID-19 diagnosis,"A. Scohy, Ahalieyah Anantharajah, M. Bodéus, B. Kabamba-Mukadi, A. Verroken, H. Rodriguez‐Villalobos",10.1016/j.jcv.2020.104455,https://doi.org/10.1016/j.jcv.2020.104455,Journal of Clinical Virology,509,2020,maybe,"The abstract does not specify the age range of participants, so there is uncertainty about whether the study only includes non-pregnant adult participants or if the data of adult participants are reported separately.",yes,This is a primary diagnostic accuracy study comparing a rapid antigen test to RT-qPCR.,yes,"The study clearly reports rapid antigen test results separately, comparing them directly to RT-qPCR results.",yes,"The study reports quantifiable diagnostic accuracy data, specifically sensitivity (30.2%).",maybe,"While the study involves nasopharyngeal swabs, the specific setting (clinical or community) is not explicitly stated, so there is uncertainty about the study setting.",yes,The study specifically evaluates a rapid antigen test (Coris COVID-19 Ag Respi-Strip test).,yes,The study evaluates a point-of-care rapid antigen test using RT-qPCR as the reference standard.,Include,"A diagnostic accuracy study comparing a rapid antigen test to RT-qPCR, demonstrating clear methodology and reporting of sensitivity data. While the study meets most screening criteria, uncertainties exist regarding participant age range and specific study setting. The research provides quantifiable diagnostic performance data for a point-of-care COVID-19 antigen test.",4.3
Clinical performance evaluation of SARS-CoV-2 rapid antigen testing in point of care usage in comparison to RT-qPCR,"I. Wagenhäuser, Kerstin Knies, Vera Rauschenberger, M. Eisenmann, M. McDonogh, N. Petri, O. Andres, S. Flemming, M. Gawlik, M. Papsdorf, Regina Taurines, Hartmut Böhm, Johannes Forster, D. Weismann, B. Weissbrich, L. Dölken, J. Liese, O. Kurzai, U. Vogel, M. Krone",10.1016/j.ebiom.2021.103455,https://doi.org/10.1016/j.ebiom.2021.103455,EBioMedicine,91,2021,maybe,"The abstract doesn't explicitly state the age range of participants. While it's likely these are adults given the hospital setting, we cannot be completely certain without more information.",yes,"This is a primary diagnostic accuracy study, specifically described as a ""prospective performance evaluation study"" with original data collection.",yes,"The study clearly reports rapid antigen test results separately, comparing three different RDT manufacturers (NADAL®, Panbio™, MEDsan®) against RT-qPCR.",yes,"The study reports clear diagnostic accuracy data, including sensitivity (42.57%), specificity (99.68%), NPV, and PPV with confidence intervals.",yes,"The study was conducted in a hospital setting, which qualifies as a clinical setting.",yes,The study specifically evaluates rapid antigen tests (RDT) for SARS-CoV-2.,yes,The study uses RT-qPCR as the reference standard and evaluates point-of-care rapid antigen tests.,Include,"A comprehensive diagnostic accuracy study of rapid antigen tests for SARS-CoV-2, conducted in a hospital setting, comparing three test manufacturers against RT-qPCR with robust reporting of sensitivity, specificity, and predictive values. The research provides detailed performance data across different viral load levels, with strong methodological rigor and clear outcome measures. The only minor uncertainty relates to explicit confirmation of participant age ranges, though the clinical setting strongly suggests adult participants.",4.6
The Diagnostic Accuracy of SARS-CoV-2 Nasal Rapid Antigen Self-Test: A Systematic Review and Meta-Analysis,"E. Karlafti, Dimitrios Tsavdaris, Evangelia Kotzakioulafi, G. Kaiafa, C. Savopoulos, S. Netta, A. Michalopoulos, D. Paramythiotis",10.3390/life13020281,https://doi.org/10.3390/life13020281,Life,8,2023,maybe,The abstract does not explicitly specify the age range of participants or whether data for adults was reported separately. This is a significant uncertainty.,yes,"This is a systematic review and meta-analysis that includes original diagnostic accuracy studies. The abstract mentions ""All but original articles were excluded"" and reports pooled sensitivity and specificity values.",yes,"The study reports rapid antigen test results separately from other test types, as it is a systematic review specifically focused on self-taken rapid antigen tests. The results are clearly distinguished from RT-PCR results.",yes,"The study clearly reports quantifiable diagnostic accuracy data, including specific sensitivity (91.1%) and specificity (99.5%) values.",maybe,"While the abstract mentions ""health system,"" it doesn't explicitly specify whether the included studies were conducted in clinical or community settings. However, given the focus on self-taken tests, it's likely these were conducted in appropriate settings.",yes,"The study specifically focuses on rapid antigen tests, not antibody tests or other diagnostics. The abstract clearly states it evaluates ""self-taken nasal rapid antigen tests.""",yes,"The study explicitly uses RT-PCR as the reference standard, stating ""using rt-PCR as a reference test"" and comparing results to RT-PCR tests.",Include,"A systematic review and meta-analysis of self-taken rapid antigen tests for SARS-CoV-2 demonstrates strong alignment with most screening criteria, including specific test methodology, reference standard, and diagnostic accuracy reporting. The study provides comprehensive data on test performance, though uncertainty remains regarding participant age range, which introduces a potential limitation in the screening assessment.",4.3
Molecular and Serological Tests for COVID-19. A Comparative Review of SARS-CoV-2 Coronavirus Laboratory and Point-of-Care Diagnostics,"Robert Kubina, A. Dziedzic",10.3390/diagnostics10060434,https://doi.org/10.3390/diagnostics10060434,Diagnostics,199,2020,maybe,"No information is provided about the participant age groups, so it is uncertain whether the study only includes non-pregnant adult participants or reports data for adult participants separately.",no,"The paper is explicitly stated to be a review paper, not a primary diagnostic accuracy study or meta-analysis reporting original data.",no,"The abstract does not specifically mention reporting rapid antigen test results separately from other test types. It focuses on RT-qPCR, serology immunoassays, and protein microarray methods instead.",no,"No mention is made of specific diagnostic accuracy measures, such as sensitivity or specificity. The paper appears to be a general review of testing methods.",maybe,"The paper mentions healthcare level and national level implementation, which partially meets the criterion of being conducted in a clinical or community setting.",no,"While point-of-care diagnostics are mentioned, the focus appears to be on RT-qPCR, serology, and protein microarray, with no specific mention of rapid antigen tests.",no,"RT-PCR is mentioned, but it is not discussed as a reference standard, and there is no mention of rapid antigen tests being evaluated against RT-PCR.",Exclude,"This review paper fails to meet multiple critical screening criteria, including lack of focus on rapid antigen tests, absence of diagnostic accuracy data, and not being a primary diagnostic accuracy study. The manuscript discusses various COVID-19 testing methods but does not provide the specific methodological details or quantitative outcomes required by the screening criteria. Consequently, the paper does not align with the targeted research parameters.",1.4
Clinical and experimental factors that affect the reported performance characteristics of rapid testing for SARS-CoV-2,"V. Parvu, D. Gary, J. Mann, Y.-C. Lin, D. Mills, L. Cooper, J. Andrews, Y. Manabe, A. Pekosz, Charles K. Cooper",10.1101/2021.05.20.21257181,https://doi.org/10.1101/2021.05.20.21257181,medRxiv,1,2021,maybe,"The abstract does not explicitly specify the age range of participants, creating significant uncertainty about whether the study only includes non-pregnant adult participants or if the data of adult participants are reported separately.",maybe,"The study is a systematic review and meta-analysis that includes 83 primary studies, which partially meets the criterion for a primary diagnostic accuracy study or meta-analysis reporting original data.",yes,"The study reports rapid antigen test results separately from other test types, as indicated by the abstract mentioning that the results are reported separately for RALFT (Rapid Antigen Lateral Flow Testing).",yes,"The abstract reports quantifiable diagnostic accuracy data, specifically sensitivity (75.0% with 95% CI: 71.0-78.0), meeting this criterion.",maybe,"While the abstract mentions clinical specimens from the upper respiratory tract, it doesn't explicitly state whether the studies were conducted in clinical or community settings. However, the context suggests clinical settings were included.",yes,"The study clearly focuses on rapid antigen tests (RALFT) for SARS-CoV-2 detection, meeting this criterion.",yes,"The study explicitly compares RALFT to RT-qPCR as the reference standard, fully meeting this criterion.",Include,"A systematic review of rapid antigen tests for SARS-CoV-2 demonstrates strong alignment with most screening criteria, including appropriate test methodology, reference standard, and diagnostic accuracy reporting. Uncertainties exist regarding participant age range and precise study setting, which introduce some limitations in fully meeting all screening requirements. The comprehensive analysis of 83 studies provides valuable insights into rapid antigen test performance across symptomatic and asymptomatic populations.",4
Diagnostic Accuracy of Rapid Antigen Detection Tests for Respiratory Syncytial Virus Infection: Systematic Review and Meta-analysis,"C. Chartrand, Nicolas Tremblay, C. Renaud, J. Papenburg",10.1128/JCM.01816-15,https://doi.org/10.1128/JCM.01816-15,Journal of Clinical Microbiology,187,2015,maybe,"The study includes both children and adults, with separate reporting of results for these groups. While adult data is reported separately, this isn't the primary focus of the study.",maybe,"The paper is a systematic review and meta-analysis of diagnostic accuracy studies, which meets this criterion. However, it's analyzing RSV tests, not SARS-CoV-2 tests.",no,"The study reports rapid antigen test results separately, but for RSV, not SARS-CoV-2. This is a critical mismatch with the screening criteria.",yes,"The study reports quantifiable diagnostic accuracy data (sensitivity, specificity, positive and negative likelihood ratios), meeting this criterion.",yes,"The study appears to be conducted in clinical settings, meeting this criterion.",no,"The study evaluates rapid antigen tests (RADTs), but again, these are for RSV, not SARS-CoV-2.",maybe,"The study does use RT-PCR as a reference standard, which matches this criterion. However, the tests being evaluated are for RSV, not SARS-CoV-2.",Exclude,"The study focuses on RSV rapid antigen tests, which fundamentally differs from the required SARS-CoV-2 testing criteria. While the research demonstrates robust methodological approaches and reports comprehensive diagnostic accuracy data, the core subject matter disqualifies it from meeting the specified screening requirements. The mismatch in virus type (RSV versus SARS-CoV-2) represents a critical exclusion factor.",0.1
"A Rapid, High-Sensitivity SARS-CoV-2 Nucleocapsid Immunoassay to Aid Diagnosis of Acute COVID-19 at the Point of Care: A Clinical Performance Study","P. Drain, Madhavi Ampajwala, C. Chappel, A. B. Gvozden, Melanie Hoppers, Melody Wang, Robert Rosen, S. Young, E. Zissman, M. Montaño",10.1007/s40121-021-00413-x,https://doi.org/10.1007/s40121-021-00413-x,Infectious Disease and Therapy,50,2021,maybe,"The study includes participants aged 0-90 years, which means it includes children. However, the results are stratified by age, suggesting adult data could potentially be extracted separately.",yes,"This is a primary diagnostic accuracy study, specifically described as a ""prospective validation study"" with original data collection and analysis.",yes,"The study clearly reports rapid antigen test results separately, with specific sensitivity and specificity values provided for the LumiraDx SARS-CoV-2 antigen test.",yes,The study reports clear diagnostic accuracy measures including sensitivity (97.6% and 97.5% for different swab types) and specificity (96.6% and 97.7%).,yes,"The study was conducted in ""clinic- and community-based settings"" as explicitly stated.",yes,The study specifically evaluates a rapid antigen test (LumiraDx SARS-CoV-2 antigen test) that detects nucleocapsid protein.,yes,The study uses RT-PCR (Roche cobas 6800 platform) as the reference standard and evaluates a point-of-care rapid antigen test.,Include,"A comprehensive diagnostic accuracy study of a SARS-CoV-2 rapid antigen test was conducted across multiple age groups, utilizing RT-PCR as a reference standard and reporting detailed sensitivity and specificity metrics. The research evaluated point-of-care testing in clinical and community settings, with robust methodology and clear outcome measures. While the study included participants of all ages, the potential for extracting adult-specific data suggests high relevance for systematic review.",4.3
Field evaluation of a rapid antigen test (Panbio™ COVID-19 Ag Rapid Test Device) for COVID-19 diagnosis in primary healthcare centres,"E. Albert, I. Torres, F. Bueno, D. Huntley, Estefanía Molla, Miguel Ángel Fernández-Fuentes, Mireia Martínez, S. Poujois, Lorena Forqué, A. Valdivia, C. Solano de la Asunción, Josep Ferrer, J. Colomina, D. Navarro",10.1016/j.cmi.2020.11.004,https://doi.org/10.1016/j.cmi.2020.11.004,Clinical Microbiology and Infection,288,2020,maybe,"The abstract doesn't explicitly state the age range of participants. It mentions ""symptomatic patients"" but doesn't specify if they're adults or include children.",yes,This is a primary diagnostic accuracy study evaluating the performance of a rapid antigen test against RT-PCR.,yes,"The study clearly reports rapid antigen test results separately, with specific numbers for RAD positive/negative results compared to RT-PCR.",yes,"The study reports clear diagnostic accuracy data, including sensitivity (79.6%), specificity (100%), and negative predictive values.",yes,"The study was conducted in primary healthcare centres, which qualifies as a clinical setting.",yes,The study specifically evaluates a rapid antigen test (Panbio™ COVID-19 Ag Rapid Test Device).,yes,The study evaluates a point-of-care rapid antigen test using RT-PCR as the reference standard.,Include,"A comprehensive diagnostic accuracy study of a rapid antigen test for COVID-19 was conducted in primary healthcare centers, utilizing RT-PCR as the reference standard and reporting detailed sensitivity and specificity metrics. The research evaluated a point-of-care rapid antigen test with clear outcome measures, though the precise age range of participants remained unspecified. Overall, the study met most critical screening criteria with high methodological rigor.",4.6
Handling and accuracy of four rapid antigen tests for the diagnosis of SARS-CoV-2 compared to RT-qPCR,"F. Olearo, D. Noerz, F. Heinrich, J. P. Sutter, K. Roedel, Anna Schultze, J. Schulze zur Wiesch, P. Braun, L. Oesterreich, B. Kreuels, D. Wichmann, M. Aepfelbacher, S. Pfefferle, M. Luetgehetmann",10.1016/j.jcv.2021.104782,https://doi.org/10.1016/j.jcv.2021.104782,Journal of Clinical Virology,45,2020,maybe,"The abstract doesn't explicitly state the age range of participants. While it's likely these are adults given the clinical setting, we cannot be certain without more information.",yes,This is a primary diagnostic accuracy study evaluating four different rapid antigen tests against RT-PCR as the reference standard.,yes,"The study clearly reports rapid antigen test results separately, with detailed sensitivity and specificity data for each of the four AgPOCTs evaluated.",yes,"The study reports clear quantifiable diagnostic accuracy data, including sensitivity (with confidence intervals) and specificity for each test.",yes,"While not explicitly stated, the context suggests a clinical setting, with healthcare workers evaluating the tests and oropharyngeal swabs being collected.",yes,"The study specifically evaluates rapid antigen point-of-care tests (AgPOCTs), not antibody tests or laboratory-based tests.",yes,The study explicitly uses RT-PCR as the reference standard and evaluates point-of-care rapid antigen tests for SARS-CoV-2.,Include,"A comprehensive diagnostic accuracy study evaluating four rapid antigen point-of-care tests for SARS-CoV-2, using RT-PCR as the reference standard and reporting detailed sensitivity and specificity data. The research meets most screening criteria, with robust methodology and clear outcome measures, though participant age range remains slightly uncertain. The study provides valuable insights into the performance of rapid antigen tests across different viral load scenarios.",4.6
Accuracy and cost description of rapid antigen test compared with reverse transcriptase-polymerase chain reaction for SARS-CoV-2 detection.,"K. Jakobsen, J. S. Jensen, T. Todsen, Martin Grønnebæk Tolsaard, N. Kirkby, F. Lippert, A. Vangsted, C. J. Martel, M. Klokker, C. von Buchwald",-,-,Danish Medical Journal,25,2021,yes,"The study explicitly states it includes ""Individuals 18 years or older"" and reports median age of 45 years.",yes,"This is a primary diagnostic accuracy study comparing rapid antigen tests against RT-PCR, with original data collection and analysis.",yes,"The study clearly reports rapid antigen test results separately from RT-PCR results, with specific sensitivity and specificity values provided for the antigen test.",yes,"The study reports clear diagnostic accuracy measures, including sensitivity (69.7%) and specificity (99.5%).",yes,"The study was conducted in a clinical setting (public test centre in Copenhagen, Denmark).",yes,The study specifically evaluates a rapid antigen test (STANDARD Q COVID-19 AG test) and not antibody tests or other diagnostics.,yes,The study uses RT-PCR as the reference standard and evaluates a point-of-care rapid antigen test (SD Biosensor).,Include,"A comprehensive diagnostic accuracy study of rapid antigen testing for SARS-CoV-2 among adults, utilizing RT-PCR as the reference standard and reporting detailed sensitivity and specificity metrics. The research was conducted in a clinical setting with a large sample size, systematically evaluating point-of-care testing methodology and providing quantifiable diagnostic performance data. All key screening criteria were met, including population age, test type, reference standard, and outcome measures.",4.9
Diagnostic accuracy and feasibility of a rapid SARS-CoV-2 antigen test in general practice – a prospective multicenter validation and implementation study,"Jörn Rohde, W. Himmel, Clemens Hofinger, Thiên-Trí Lâm, H. Schrader, J. Wallstabe, O. Kurzai, Ildikó Gágyor",10.1186/s12875-022-01756-1,https://doi.org/10.1186/s12875-022-01756-1,BMC Primary Care,12,2022,yes,"The abstract explicitly states they included ""adult individuals,"" and there's no mention of including children or pregnant women.",yes,"This is a primary diagnostic accuracy study, specifically described as a ""prospective multicenter validation study"" with original data collection.",yes,"The study clearly reports rapid antigen test results separately, with specific performance metrics (sensitivity 78.3%, specificity 99.5%) compared to RT-PCR.",yes,"The study reports clear diagnostic accuracy measures including sensitivity, specificity, PPV, and NPV with 95% confidence intervals.",yes,"The study was conducted in a clinical setting (40 general practices in Würzburg, Germany).",yes,The study specifically evaluates a rapid antigen test (Roche SARS-CoV-2 Rapid Antigen Test) and not antibody or laboratory-based tests.,yes,The study uses RT-PCR as the reference standard and evaluates a point-of-care rapid antigen test for SARS-CoV-2.,Include,"A prospective multicenter validation study of rapid antigen testing for SARS-CoV-2 in adult patients across 40 general practices, utilizing RT-PCR as the reference standard and reporting comprehensive diagnostic accuracy metrics. The research systematically evaluated point-of-care testing methodology, meeting all specified screening criteria with a robust sample size and clear reporting of sensitivity, specificity, and predictive values.",4.9
Accuracy and ease-of-use of seven point-of-care SARS-CoV-2 antigen-detecting tests: A multi-centre clinical evaluation,"L. J. Krüger, A. Tanuri, A. Lindner, M. Gaeddert, Lisa Köppel, F. Tobian, Lukas E Brümmer, J. Klein, F. Lainati, P. Schnitzler, O. Nikolai, F. Mockenhaupt, J. Seybold, V. Corman, T. Jones, C. Drosten, Claudius Gottschalk, S. Weber, Stephan Weber, Orlando C. Ferreira, D. Mariani, Erika Ramos dos Santos Nascimento, Terezinha M. Pereira Pinto Castineiras, R. Galliez, D. Faffe, I. Leitão, Claudia dos Santos Rodrigues, T. S. Frauches, K. J. C. V. Nocchi, N. M. Feitosa, S. S. Ribeiro, N. Pollock, B. Knorr, A. Welker, M. de Vos, J. Sacks, S. Ongarello, C. Denkinger",10.1016/j.ebiom.2021.103774,https://doi.org/10.1016/j.ebiom.2021.103774,EBioMedicine,41,2021,maybe,"The abstract doesn't explicitly state the age range of participants. It mentions ""unvaccinated participants"" but doesn't specify if they're adults or include children.",yes,"The study is explicitly described as a ""prospective, manufacturer-independent, multi-centre cross-sectional diagnostic accuracy study"" with original data collection.",yes,"The study clearly reports rapid antigen test results separately, with detailed sensitivity and specificity data for each Ag-RDT.",yes,"The study reports clear diagnostic accuracy data, including specific sensitivity (70.4%-90.1%) and specificity (≥97.2%) values.",yes,The study was conducted in clinical settings across multiple centers in Germany and Brazil.,yes,The study specifically evaluates antigen-detecting rapid diagnostic tests (Ag-RDTs) for SARS-CoV-2.,yes,"The study evaluates point-of-care rapid antigen tests and explicitly uses RT-PCR as the reference standard (""paired swabs for routine reverse transcription polymerase chain reaction RT-PCR) testing""().",Include,"A comprehensive diagnostic accuracy study of rapid antigen tests for SARS-CoV-2, conducted across multiple clinical sites, provides detailed performance data using RT-PCR as a reference standard. The research systematically evaluated seven antigen-detecting rapid diagnostic tests, reporting sensitivity and specificity metrics with robust methodology. While most screening criteria were definitively met, the participant age range remained slightly ambiguous.",4.6
Point-of-care testing for the detection of SARS-CoV-2: a systematic review and meta-analysis.,"S. Yoon, S. Yang, H. Cho, S. Eun, C. M. Koo, M. Kim",10.26355/eurrev_202101_24422,https://doi.org/10.26355/eurrev_202101_24422,European Review for Medical and Pharmacological Sciences,9,2021,maybe,The abstract does not specify the age range of participants or whether adult data is reported separately. This is a significant missing detail that creates uncertainty.,yes,"This is a systematic review and meta-analysis of diagnostic accuracy studies, which meets this criterion. The abstract clearly states it's a systematic review of diagnostic test accuracy studies.",maybe,"The abstract indicates this is a systematic review of POCTs, but it's unclear if rapid antigen tests are reported separately from other test types. The results mention molecular assays (Cepheid Xpert Xpress and ID NOW COVID-19) but don't explicitly mention antigen tests, creating significant uncertainty.",yes,"The study clearly reports quantifiable diagnostic accuracy data, including sensitivity, specificity, and ROC curves, meeting this criterion.",maybe,"The abstract doesn't explicitly state the study setting, though as a systematic review of diagnostic accuracy studies, it likely includes clinical settings.",maybe,"The abstract focuses on FDA-EUA POCTs but specifically mentions molecular assays rather than rapid antigen tests. This suggests the review may not include or separately report antigen test results, which is a major concern for inclusion.",maybe,"While the study evaluates POCTs, it appears to focus on molecular assays rather than rapid antigen tests. The reference standard is not explicitly stated in the abstract, though it's likely RT-PCR given the context.",Include,"The systematic review focuses on molecular point-of-care tests for SARS-CoV-2, which creates uncertainty about meeting the specific screening criteria for rapid antigen tests. Critical details are missing, including population age range and explicit confirmation of antigen test methodology, which significantly reduces the likelihood of study inclusion. While the review provides comprehensive diagnostic accuracy data, it appears to diverge from the targeted screening requirements.",2.7
The Infectious Diseases Society of America Guidelines on the Diagnosis of COVID-19: Antigen Testing.,"M. Hayden, K. Hanson, J. Englund, Francesca Lee, Mark J. Lee, M. Loeb, Daniel J Morgan, Robin Patel, Abdallah El Alayli, Ibrahim K. El Mikati, S. Sultan, Y. Falck-Ytter, Razan Mansour, J. Amarin, R. Morgan, M. H. Murad, Payal Patel, A. Bhimraj, R. Mustafa",10.1093/cid/ciad032,https://doi.org/10.1093/cid/ciad032,Clinical Infectious Diseases,70,2023,maybe,"The abstract does not specify age restrictions or separate reporting for adult participants. It appears to cover all populations, including both symptomatic and asymptomatic individuals.",no,"This is NOT a primary diagnostic accuracy study or meta-analysis reporting original data. It is a systematic review and guideline development paper by IDSA. While it reviews diagnostic accuracy studies, it doesn't present original data.",maybe,"The abstract discusses SARS-CoV-2 antigen tests separately from other test types, particularly comparing them to RT-PCR/NAAT. However, this is a systematic review/guideline paper rather than primary data reporting.",yes,"The abstract mentions diagnostic accuracy measures, specifically noting ""high specificity and low to moderate sensitivity"" of antigen tests.",yes,"The paper covers both medical and non-medical settings, including point-of-care testing.",yes,"The paper specifically focuses on rapid antigen tests, including both point-of-care and laboratory-based versions.",yes,The paper evaluates point-of-care rapid antigen tests and explicitly mentions comparison with nucleic acid amplification testing (NAAT/RT-PCR) as the reference standard.,Include,"A systematic review and guideline paper on SARS-CoV-2 antigen testing that comprehensively addresses test methodology, reference standards, and diagnostic accuracy across different settings. While meeting most screening criteria, the study fails to qualify as a primary diagnostic accuracy study, lacking original data reporting and specific age-based participant analysis. The paper provides valuable insights into antigen testing but does not constitute a primary research study for systematic review purposes.",2.5
The diagnostic accuracy of isothermal nucleic acid point-of-care tests for human coronaviruses: A systematic review and meta-analysis,"P. Subsoontorn, MANUPAT LOHITNAVY, C. Kongkaew",10.1038/s41598-020-79237-7,https://doi.org/10.1038/s41598-020-79237-7,Scientific Reports,67,2020,maybe,"The abstract does not specify the age range of participants or whether data for adults was reported separately, so this information is unclear.",yes,"This is a systematic review and meta-analysis of diagnostic accuracy studies, which meets this criterion. The paper analyzes 81 studies from 65 research articles.",no,"The abstract does not specifically separate rapid antigen test results from other test types. It focuses on isothermal amplification tests (RT-LAMP, RT-RAA, etc.) and does not mention antigen tests at all, which is a significant concern.",yes,"The study clearly reports diagnostic accuracy data, including sensitivity, specificity, and diagnostic odds ratio, meeting this criterion.",maybe,"The abstract does not explicitly state the study settings, though as a systematic review of diagnostic tests, it likely includes both clinical and community settings.",no,"The study focuses on isothermal amplification tests (RT-LAMP, RT-RAA, CRISPR) and molecular tests (Abbott ID Now), but does not evaluate rapid antigen tests, which is a critical failure of this criterion.",no,"While the study evaluates point-of-care tests, they are not rapid antigen tests. The reference standard is not explicitly stated in the abstract, though it's likely RT-PCR given the context.",Exclude,"The systematic review focuses on molecular diagnostic tests for coronaviruses, primarily using isothermal amplification techniques, but does not evaluate rapid antigen tests as specified in the screening criteria. Critical methodological requirements, particularly the test type and population age specifications, are not met, rendering the study non-compliant with the predefined screening parameters. The research provides comprehensive diagnostic accuracy data but falls short of the specific test methodology and population requirements.",1.4
Accuracy of COVID-19 rapid antigenic tests compared to RT-PCR in a student population: The StudyCov study,"Thomas Ferté, V. Ramel, C. Cazanave, M. Lafon, C. Bébéar, D. Malvy, Agnès Georges-Walryck, P. Dehail",10.1016/j.jcv.2021.104878,https://doi.org/10.1016/j.jcv.2021.104878,Journal of Clinical Virology,33,2021,maybe,"The abstract mentions ""students"" but doesn't explicitly state age requirements. While university students are typically adults, this isn't explicitly confirmed, creating some uncertainty.",yes,"This is a primary diagnostic accuracy study (described as a ""monocentric cross-sectional study"") reporting original data comparing antigen tests to RT-PCR.",yes,"The study clearly reports rapid antigen test results separately from RT-PCR results, with specific sensitivity and specificity values provided for the antigen test.",yes,"The study reports clear diagnostic accuracy data, including sensitivity (63.5%) and specificity (100%) with confidence intervals.",yes,The study was conducted in a clinical setting (Bordeaux University health campus screening facility).,yes,The study specifically evaluates rapid antigen tests (Abbott Panbio™ SARS-CoV-2 antigenic rapid test) and not antibody tests or other diagnostics.,yes,The study uses RT-PCR (specifically ARGENE SARS-CoV-2 R-GENE) as the reference standard for evaluating the rapid antigen test.,Include,"A diagnostic accuracy study comparing rapid antigen tests to RT-PCR in a university setting, reporting comprehensive sensitivity and specificity data across symptomatic and asymptomatic populations. The research meets most screening criteria, with only minor uncertainty regarding participant age, and provides detailed quantitative analysis of SARS-CoV-2 diagnostic performance. Methodologically robust, the study evaluates point-of-care rapid antigen testing using a standard reference standard in a clinical research environment.",4.6
Antigen-detection in the diagnosis of SARS-CoV-2 infection using rapid immunoassays,W. Organization,-,-,-,417,2020,maybe,The abstract does not specify any age restrictions or population characteristics.,no,"This appears to be a guidance document or review rather than a primary diagnostic accuracy study or meta-analysis. The abstract explicitly states it ""seeks to provide guidance to countries.""",no,The abstract discusses Ag-RDTs but does not present specific test results. It appears to be a guidance document rather than a primary research study reporting data.,no,"The abstract only makes general statements about sensitivity (""substantially less sensitive than NAAT"") but doesn't report specific quantifiable diagnostic accuracy data.",maybe,"The abstract mentions ""appropriate settings"" but doesn't specify clinical or community settings.",yes,"The abstract clearly focuses on rapid antigen tests (Ag-RDTs) using lateral flow immunoassay, which meets this criterion.",no,"While the abstract mentions both Ag-RDTs and NAAT/PCR, it doesn't present a comparison study using PCR as a reference standard. It only discusses them conceptually.",Exclude,"The document appears to be a guidance document about COVID-19 antigen detection tests rather than a primary research study, lacking specific diagnostic accuracy data and failing to meet key screening criteria for a diagnostic accuracy study. While discussing rapid antigen tests, the text does not provide quantifiable outcomes, reference standard comparisons, or detailed methodological information required for inclusion in a diagnostic accuracy review.",1.4
The Infectious Diseases Society of America Guidelines on the Diagnosis of COVID-19: Antigen Testing.,"Kimberly E Hanson, Osama Altayar, A. M. Caliendo, Cesar A. Arias, J. Englund, Mary K. Hayden, Mark J. Lee, Mark Loeb, Robin Patel, Abdallah El Alayli, S. Sultan, Y. Falck-Ytter, Valéry Lavergne, Razan Mansour, Rebecca L. Morgan, M. H. Murad, Payal Patel, A. Bhimraj, Reem A. Mustafa",10.1093/cid/ciab557,https://doi.org/10.1093/cid/ciab557,Clinical Infectious Diseases,9,2021,maybe,The abstract does not specify age restrictions or separate reporting for adult populations. It appears to cover both symptomatic and asymptomatic individuals without age distinctions.,no,"This is a systematic review and guideline development paper, not a primary diagnostic accuracy study or meta-analysis reporting original data. The paper synthesizes existing evidence rather than presenting new diagnostic accuracy data.",no,"The abstract discusses rapid antigen tests separately from other test types, particularly comparing them to NAAT/RT-PCR. However, this is a systematic review/guideline paper rather than primary data reporting.",no,"While the abstract mentions that rapid Ag tests have ""high specificity and low to modest sensitivity,"" it doesn't provide specific quantifiable diagnostic accuracy data. It's a review of such data rather than primary reporting.",yes,"The paper covers both ""medical and non-medical settings"" and discusses point-of-care testing, meeting this criterion.",yes,"The paper clearly focuses on rapid antigen tests, specifically mentioning ""rapid lateral flow assays"" and ""SARS-CoV-2 Ag tests.""",yes,"The paper explicitly mentions using ""standard nucleic acid amplification testing (NAAT) as the reference standard"" for evaluating rapid antigen tests.",Exclude,"A systematic review and guideline paper examining SARS-CoV-2 antigen testing fails to meet key screening criteria, particularly the requirement for a primary diagnostic accuracy study with original data. While the document comprehensively discusses rapid antigen tests and their performance, it does not provide the specific quantifiable diagnostic accuracy data or original research results needed to satisfy the screening requirements.",1.4
Field evaluation of the performance of a SARS-CoV-2 antigen rapid diagnostic test in Uganda using nasopharyngeal samples,"Aminah Nalumansi, T. Lutalo, J. Kayiwa, C. Watera, S. Balinandi, J. Kiconco, J. Nakaseegu, Denis Olara, Emmanuel Odwilo, J. Serwanga, B. Kikaire, D. Ssemwanga, Susan Nabadda, I. Ssewanyana, D. Atwine, H. Mwebesa, H. K. Bosa, C. Nsereko, M. Cotten, R. Downing, J. Lutwama, P. Kaleebu",10.1016/j.ijid.2020.10.073,https://doi.org/10.1016/j.ijid.2020.10.073,International Journal of Infectious Diseases,102,2020,yes,"The study reports a mean age of 34 years, and there is no mention of including children or pregnant women, indicating the population appears to be adults.",yes,This is a primary diagnostic accuracy study that evaluates a specific rapid antigen test (STANDARD Q COVID-19 Ag Test) against a reference standard.,yes,"The study clearly reports rapid antigen test results separately from other test types, as the abstract directly compares the rapid antigen test results with qRT-PCR results.",yes,"The study reports clear diagnostic accuracy measures including sensitivity (70.0%), specificity (92%), and overall diagnostic accuracy (84%) with confidence intervals.",maybe,"While not explicitly stated, the context suggests a clinical setting, as they're testing ""suspected COVID-19 cases"" and using nasopharyngeal swabs.",yes,The study specifically evaluates a rapid antigen test (STANDARD Q COVID-19 Ag Test) for SARS-CoV-2.,yes,The study uses RT-PCR (specifically qRT-PCR) as the reference standard for evaluating the rapid antigen test.,Include,"A comprehensive diagnostic accuracy study of a rapid antigen test for SARS-CoV-2, involving adult participants and using qRT-PCR as a reference standard, with clear reporting of sensitivity, specificity, and diagnostic accuracy. The research systematically evaluated a point-of-care test in a clinical setting, providing quantifiable performance metrics for COVID-19 detection.",4.9
Performance of a rapid antigen test in the diagnosis of SARS‐CoV‐2 infection,"M. Ciotti, M. Maurici, M. Pieri, M. Andreoni, S. Bernardini",10.1002/jmv.26830,https://doi.org/10.1002/jmv.26830,Journal of Medical Virology,48,2021,maybe,"The abstract does not specify the age range of participants, creating some uncertainty in meeting this criterion.",yes,This is a primary diagnostic accuracy study comparing rapid antigen tests against RT-PCR as the reference standard.,yes,"The study clearly reports rapid antigen test results separately from RT-PCR results, with detailed comparison data provided.",yes,"The study reports detailed diagnostic accuracy measures including sensitivity (30.77%), specificity (100%), PPV, NPV, and accuracy (86.15%) with confidence intervals.",yes,"While not explicitly stated, the context suggests a clinical setting given the use of nasopharyngeal swabs and laboratory testing.",yes,The study specifically evaluates a rapid antigen test (Coris coronavirus disease 2019 Ag Respi-Strip test) for SARS-CoV-2.,yes,The study uses RT-PCR (Allplex 2019n-CoV assay) as the reference standard and evaluates a point-of-care rapid antigen test.,Include,"A comprehensive diagnostic accuracy study comparing rapid antigen tests with RT-PCR for SARS-CoV-2 detection, reporting detailed performance metrics including sensitivity, specificity, and predictive values. The research systematically evaluates a point-of-care rapid antigen test in a clinical setting, providing quantifiable diagnostic performance data with robust statistical analysis. While most screening criteria are definitively met, the participant age range remains unspecified, creating a minor point of uncertainty.",4.6
Rapid antigen and molecular tests had varied sensitivity and ≥97% specificity for detecting SARS-CoV-2 infection,C. Carpenter,10.7326/ACPJ202012150-069,https://doi.org/10.7326/ACPJ202012150-069,Annals of Internal Medicine,9,2020,no,The abstract provides no information about the age of study participants or whether adult data is reported separately.,yes,"This is a Cochrane systematic review, which meets the criterion of being a meta-analysis reporting original data.",maybe,"The abstract does not explicitly state whether rapid antigen test results are reported separately, but since this appears to be a systematic review of both antigen and molecular tests, it likely includes separate reporting of antigen test results.",maybe,"As a Cochrane review, it likely includes diagnostic accuracy data, but this isn't explicitly stated in the abstract.",no,The abstract doesn't specify the study settings included in the review.,yes,"The abstract explicitly mentions ""rapid, point-of-care antigen"" tests, meeting this criterion.",maybe,"While the study includes antigen tests, it doesn't specify whether RT-PCR is used as the reference standard.",Include,"A Cochrane systematic review on rapid antigen and molecular tests for SARS-CoV-2 diagnosis presents promising potential for meeting screening criteria, with clear confirmation of test methodology and study design. However, significant information gaps exist regarding population age, reference standard, outcome measures, and study setting, necessitating full text review to definitively assess eligibility.",3.4
Performance of a Point-of-Care Test for the Rapid Detection of SARS-CoV-2 Antigen,"Annabelle Strömer, R. Rose, Miriam Schäfer, Frieda Schön, Anna Vollersen, T. Lorentz, H. Fickenscher, A. Krumbholz",10.3390/microorganisms9010058,https://doi.org/10.3390/microorganisms9010058,Microorganisms,69,2020,maybe,"The abstract does not specify the age range of participants, so there is uncertainty about whether the study only includes non-pregnant adult participants or if the data of adult participants are reported separately.",yes,This is a primary diagnostic accuracy study comparing a rapid antigen test against RT-PCR as the reference standard.,yes,"The study clearly reports rapid antigen test results separately, comparing the POCT (NADAL® COVID-19 Ag) against RT-PCR results.",yes,"The study reports quantifiable diagnostic accuracy data, including sensitivity (100% for Ct < 25, 73.1% for Ct ≤ 30) and specificity (no false positives in SARS-CoV-2 free samples).",maybe,"While the study involves clinical samples (URT samples), the exact setting (clinical or community) is not explicitly stated, though it appears to be clinical given the laboratory comparison.",yes,"The study specifically evaluates rapid antigen tests (POCT), not antibody tests or other diagnostics.",yes,The study evaluates point-of-care rapid antigen tests (NADAL® COVID-19 Ag) using RT-PCR as the reference standard.,Include,"A diagnostic accuracy study comparing rapid antigen tests against RT-PCR demonstrates strong methodological rigor with clear reporting of sensitivity and specificity across different viral load thresholds. The research comprehensively evaluates point-of-care testing for SARS-CoV-2, though uncertainty remains regarding participant age demographics. Detailed analysis of test performance provides valuable insights into rapid diagnostic capabilities during the pandemic.",4.3
SARS-CoV-2 antigen rapid immunoassay for diagnosis of COVID-19 in the emergency department,"M. Möckel, V. Corman, M. Stegemann, J. Hofmann, Angela Stein, T. Jones, P. Gastmeier, J. Seybold, R. Offermann, Ulrike Bachmann, T. Lindner, W. Bauer, C. Drosten, A. Rosen, R. Somasundaram",10.1080/1354750X.2021.1876769,https://doi.org/10.1080/1354750X.2021.1876769,Biomarkers,71,2021,maybe,"The study includes both adult and pediatric populations, but the results are reported separately, and the adult cohort results are clearly distinguishable from the pediatric cohort.",yes,This is a primary diagnostic accuracy study evaluating the performance of rapid antigen tests against PCR as the reference standard.,yes,"The study clearly reports rapid antigen test results (AGTEST) separately from PCR results, and the results are presented distinctly for both adult and pediatric populations.",yes,"The study reports detailed diagnostic accuracy data including sensitivity, specificity, positive predictive value, and negative predictive value with confidence intervals.",yes,"The study is conducted in emergency department settings, which qualifies as a clinical setting.",yes,The study specifically evaluates rapid point-of-care antigen tests (Roche/SD Biosensor) for SARS-CoV-2.,yes,The study uses RT-PCR as the reference standard and evaluates point-of-care rapid antigen tests.,Include,"A comprehensive diagnostic accuracy study of rapid antigen tests for SARS-CoV-2 in emergency department settings, reporting detailed performance metrics across adult and pediatric populations using RT-PCR as the reference standard. The research provides quantifiable diagnostic accuracy data, including sensitivity, specificity, and predictive values, with robust methodology and clear reporting of test results. While the study includes both adult and pediatric participants, the adult data is reported separately, maintaining methodological rigor.",4.7
The Infectious Diseases Society of America Guidelines on the Diagnosis of Coronavirus Disease 2019 (COVID-19): Antigen Testing,"Hanson, Altayar, Caliendo, Arias, Englund, Hayden, Loeb, Patel, Alayli, Sultan, Falck-Ytter, Lavergne, Morgan, Murad, Mustafa",-,-,-,8,2021,maybe,The abstract does not specify age restrictions or separate reporting for adult participants. It mentions both symptomatic and asymptomatic individuals but doesn't clarify age groups.,no,This is NOT a primary diagnostic accuracy study or meta-analysis reporting original data. It is a systematic review and guideline development paper by IDSA.,maybe,"The abstract discusses rapid antigen tests separately from other test types, particularly comparing them to RT-PCR/NAAT. However, this is a systematic review/guideline paper rather than a primary study reporting original data.",maybe,"While the abstract mentions that tests have ""high specificity and low to modest sensitivity,"" it doesn't provide specific quantifiable diagnostic accuracy data. It's a review of other studies rather than reporting original accuracy data.",yes,The paper discusses both medical and non-medical settings.,yes,"The paper does focus on rapid antigen tests, specifically discussing ""rapid lateral flow assays"" and comparing them to RT-PCR.",yes,The paper explicitly discusses point-of-care rapid antigen tests and uses RT-PCR/NAAT as the reference standard.,Exclude,"This systematic review and guideline paper fails to meet key screening criteria, particularly the requirement for a primary diagnostic accuracy study or meta-analysis reporting original data. While the document discusses rapid antigen tests and their performance, it does not provide the specific quantifiable diagnostic accuracy data or original research needed for inclusion. The lack of clear age population reporting and absence of original diagnostic data further disqualify the paper from meeting the established screening criteria.",1.4
Diagnostic accuracy of rapid antigen tests in asymptomatic and presymptomatic close contacts of individuals with confirmed SARS-CoV-2 infection: cross sectional study,"E. Schuit, I. Veldhuijzen, R. Venekamp, W. van den Bijllaardt, S. Pas, E. Lodder, R. Molenkamp, C. Geurtsvankessel, J. Velzing, R. Huisman, Lieke Brouwer, T. Boelsums, G. Sips, Kimberly S M Benschop, L. Hooft, J. H. van de Wijgert, S. van den Hof, K. Moons",10.1136/bmj.n1676,https://doi.org/10.1136/bmj.n1676,British medical journal,78,2021,maybe,"The study includes participants ""aged 16 years or older."" This means some participants are under 18, though the majority are likely adults. The abstract doesn't specify if adult data is reported separately.",yes,"This is a primary diagnostic accuracy study with original data collection, described as a ""Prospective cross sectional study.""",yes,"The study clearly reports rapid antigen test results separately for two different tests (Veritor and Biosensor), with detailed sensitivity and specificity data for each.",yes,"The study reports detailed diagnostic accuracy data including sensitivity, specificity, positive and negative predictive values, with confidence intervals.",yes,"The study was conducted in ""Four public health service covid-19 test sites in the Netherlands,"" which qualifies as a clinical/community setting.",yes,"The study specifically evaluates rapid antigen tests (Veritor System and Biosensor), not antibody tests or other diagnostics.",yes,"The study evaluates point-of-care rapid antigen tests for SARS-CoV-2 using RT-PCR as the reference standard, explicitly stated in the methods.",Include,"A comprehensive diagnostic accuracy study of rapid antigen tests for SARS-CoV-2, conducted in public health settings with participants aged 16 and older, using RT-PCR as the reference standard. The research meticulously reports sensitivity, specificity, and predictive values for two different rapid antigen tests, providing detailed insights into diagnostic performance across different participant groups. While most screening criteria were definitively met, the inclusion of participants under 18 introduces a minor limitation in the study's population selection.",4.6
Performance of self-performed SARS-CoV-2 rapid antigen test: a systematic review and meta-analysis,"Peiling Cai, Junren Wang, Peng Ye, Yarong Zhang, Mengping Wang, Ronglian Guo, Hongying Zhao",10.3389/fpubh.2024.1402949,https://doi.org/10.3389/fpubh.2024.1402949,Frontiers in Public Health,1,2024,maybe,"The abstract does not explicitly specify the age range of participants, but the focus on ""suspected COVID-19 patients"" suggests an adult population. However, without explicit confirmation, there is some uncertainty around this criterion.",yes,"The study is a meta-analysis of original diagnostic accuracy studies, as stated in the abstract.",yes,"The study reports rapid antigen test results separately from other test types, as indicated by the abstract's focus on a meta-analysis specifically evaluating rapid antigen tests.",yes,"The study reports quantifiable diagnostic accuracy data, including sensitivity, specificity, and diagnostic odds ratio, as stated in the abstract.",maybe,"While not explicitly stated, the context of self-testing and use of RT-PCR as the reference standard suggests a clinical or community setting, but this could be more clearly specified.",yes,"The study specifically focuses on evaluating rapid antigen tests, as stated in the abstract.",yes,"The study uses RT-PCR as the reference standard for evaluating rapid antigen tests, as explicitly stated in the abstract.",Include,"A meta-analysis of rapid antigen tests for SARS-CoV-2 demonstrates high diagnostic accuracy using RT-PCR as a reference standard, with clear reporting of sensitivity and specificity across multiple studies. While most screening criteria are definitively met, some uncertainty exists regarding participant age range and precise study setting. The comprehensive analysis provides robust evidence for the reliability of self-performed rapid antigen testing.",4.3
Diagnostic accuracy of Siemens SARS-CoV-2 Antigen (CoV2Ag) chemiluminescent immunoassay for diagnosing acute SARS-CoV-2 infection: a pooled analysis,"G. Lippi, B. Henry, M. Plebani",10.1515/cclm-2022-1287,https://doi.org/10.1515/cclm-2022-1287,Clinical Chemistry and Laboratory Medicine,3,2023,maybe,"The abstract does not explicitly state the age range of participants, so there is some uncertainty about whether the study only includes non-pregnant adult participants or if the data of adult participants are reported separately.",yes,"The study is a meta-analysis/pooled analysis of diagnostic accuracy studies, which meets the criterion of being a primary diagnostic accuracy study or meta-analysis reporting original data.",yes,"The study reports rapid antigen test results separately from other test types, as the abstract clearly focuses on a specific antigen test (Siemens SARS-CoV-2 Antigen) and reports results separately.",yes,"The study clearly reports diagnostic accuracy measures including sensitivity, specificity, PPV, NPV, and other metrics, meeting the criterion of reporting quantifiable diagnostic accuracy data.",maybe,"While not explicitly stated, the context suggests the study was conducted in clinical settings, as it's evaluating diagnostic accuracy against molecular testing. However, this could benefit from confirmation in the full text.",yes,"The study specifically evaluates a rapid antigen test (Siemens CoV2Ag), meeting the criterion of evaluating rapid antigen tests. However, the test is described as ""fully-automated"", which might make it more laboratory-based than truly point-of-care.",yes,"The study uses RT-PCR as the reference standard, meeting the criterion of evaluating point-of-care rapid antigen tests for SARS-CoV-2 using RT-PCR as the reference standard. However, the automated nature of the test raises questions about whether it's truly a point-of-care test.",Include,"A meta-analysis of diagnostic accuracy for a SARS-CoV-2 antigen test demonstrates strong performance with high sensitivity and specificity, using RT-PCR as a reference standard. While the study meets most screening criteria, uncertainties exist regarding participant age range and the precise classification of the test as point-of-care versus laboratory-based. The research provides comprehensive diagnostic accuracy metrics for a specific antigen testing methodology.",4
Diagnostic Evaluation of Panbio™ Antigen Rapid Diagnostic Test for SARS-CoV-2: A Systematic Review and Meta-Analysis.,"Safa Boujemaa, Gurparsad Singh Suri, Gurleen Kaur",10.1016/j.jviromet.2023.114811,https://doi.org/10.1016/j.jviromet.2023.114811,Journal of Virological Methods,1,2023,no,"The study includes both adults and children, and does not report the data for adult participants separately.",yes,The study is a meta-analysis that synthesizes original diagnostic accuracy data from 49 primary studies.,yes,"The study reports rapid antigen test results (Panbio™ Ag-RDT) separately from other test types, as this is a meta-analysis specifically focused on this rapid antigen test.",yes,"The study reports multiple quantifiable diagnostic accuracy measures including sensitivity, specificity, DOR, and AUC.",maybe,"While not explicitly stated, as a diagnostic accuracy study of a point-of-care test, it's very likely conducted in clinical or community settings, though this introduces some uncertainty.",yes,"The study specifically evaluates rapid antigen tests (Panbio™ Ag-RDT), not antibody tests or other diagnostics.",yes,"The study uses RT-PCR as the reference standard, and the test evaluated is a point-of-care rapid antigen test.",Include,"A comprehensive meta-analysis of Panbio™ Ag-RDT for SARS-CoV-2 diagnostic accuracy was conducted, reporting detailed performance metrics across multiple parameters. While the study met most screening criteria, the inclusion of both adult and pediatric populations without separate reporting represents a significant limitation. The research provides robust diagnostic performance data using RT-PCR as the reference standard, with high sensitivity and specificity reported.",2.7
Comparison of Home Antigen Testing With RT-PCR and Viral Culture During the Course of SARS-CoV-2 Infection.,"V. Chu, N. Schwartz, Marisa A P Donnelly, Meagan R. Chuey, R. Soto, A. Yousaf, Emily N. Schmitt-Matzen, S. Sleweon, Jasmine Ruffin, N. Thornburg, J. Harcourt, A. Tamin, Gimin Kim, J. Folster, Laura J. Hughes, S. Tong, Ginger Stringer, B. Albanese, S. Totten, Meghan M. Hudziec, Shannon R. Matzinger, E. Dietrich, Sarah W. Sheldon, Sarah Stous, E. McDonald, B. Austin, M. Beatty, J. E. Staples, M. Killerby, Christopher H. Hsu, J. Tate, H. Kirking, Almea M Matanock, W. Abara, L. Alexander, Melissa M. Arons, M. Firestone, M. Foster, E. Garza, Yessica Gomez, S. Guagliardo, D. Haberling, B. Humrighouse, Stacey L. Konkle, Perrine Marcenac, Benjamin P. Monroe, Apophia Namageyo-Funa, M. O’Hegarty, C. Pratt, Ian W. Pray, Byron F. Robinson, H. Ruiseñor-Escudero, H. Segaloff, Talya Shragai, Tarah Somers, F. Tobolowsky, R. Zacks, Raydel D. Anderson, A. Chakrabarti, Blake Cherney, Stephen P. LaVoie, Kaitlin F. Mitchell, Clint N. Morgan, R. Rossetti, R. Stoddard, Jeni T. Vuong, M. Whaley, J. Castro Georgi, R. Chancey, Erica Figueroa, J. Lehman, Kristine Lindell, Reed Magleby, G. Marx, D. McCormick, Paul Mead, Laird J. Ruth, Maggie Silver, S. Visser, M. Waltenburg, Karen L. Boroughs, A. Brault, A. Drexler, Janet McAllister, Jamie L. Pawloski, Janae L. Stovall, Maria I. Dionicio Bernabe, A. L. Manlutac, Graciela Zuniga-Groot, Seema Jain, H. Baily, Alexis W. Burakoff, Christopher Grano, L. Webb, Evelyn Álvarez, Cassandra N Bundalian, Hannah Collins, Christopher Delmonico, Shaun Dunyak, Hannah M Fortune, Wyatt Giddmore, Kimberly Huynh-Templeman, T. Ling, Hunter Olsen, Nicholas J Pysnack, Aleigha M Ricci, Tara M. Stitzlein, J. Drobeniuc, Sabrina Weis-Torres, L. Punkova, T. Jia, Peter Browning, Shanna J Bolcen, P. Maniatis, So Hee Park, K. M. Moss, B. Zellner, K. Ortiz, A. Uehara, Adam C. Retchless, Ying Tao, Yan Li, Anna Kelleher, H. Ng, Jing Zhang, Brian Lynch, P. W. Cook, Clinton R. Paden, Krista J. Queen, M. Medrzycki, Shannon L. Rogers, Phili Wong, Shilpi Jain, A. Tejada-Strop, J. Metz, E. David, Xiaoling Tang, N. Wynn, R. Tiller, S. Sakthivel, Srinivasan Velusamy, Brett Whitaker, Marla Petway",10.1001/jamainternmed.2022.1827,https://doi.org/10.1001/jamainternmed.2022.1827,JAMA Internal Medicine,116,2022,maybe,"The study includes both adults and children (median age 29, range 1-83 years). The abstract doesn't indicate whether adult data is reported separately, which is a significant limitation.",yes,This is a primary diagnostic accuracy study (prospective cohort study) reporting original data on test performance.,yes,"The study clearly reports rapid antigen test results separately, with detailed sensitivity data and comparisons to RT-PCR and viral culture.",yes,"The study reports quantifiable diagnostic accuracy data, including sensitivity with confidence intervals (e.g., 50% [95% CI, 45%-55%] during infectious period).",yes,"The study was conducted in a clinical/community setting (San Diego County, California, and metropolitan Denver, Colorado).",yes,The study specifically evaluates rapid antigen tests (self-collected home antigen tests).,yes,The study uses RT-PCR as the reference standard and evaluates point-of-care rapid antigen tests for SARS-CoV-2.,Include,"A prospective cohort study evaluating home antigen tests for SARS-CoV-2 demonstrates strong methodological alignment with most screening criteria, including appropriate test methodology, reference standard, and outcome measures. The primary limitation involves a mixed population of adults and children, without clear separation of adult-specific data, which introduces potential uncertainty in meeting the population age screening requirement.",4
Diagnostic accuracy of three prevailing rapid antigen tests for detection of SARS-CoV-2 infection in the general population: cross sectional study,"R. Venekamp, I. Veldhuijzen, K. Moons, W. van den Bijllaardt, S. Pas, E. Lodder, R. Molenkamp, Z. Iglói, C. Wijers, C. Oliviera dos Santos, S. Debast, M. Bruins, K. Polad, C. Nagel-Imming, W. Han, J. H. van de Wijgert, S. van den Hof, E. Schuit",10.1101/2021.11.19.21266579,https://doi.org/10.1101/2021.11.19.21266579,medRxiv,5,2021,maybe,"The study includes individuals ""aged 16 years and older."" This means it includes some participants under 18, though the majority are likely adults. The abstract doesn't specify if adult data is reported separately.",yes,"This is a primary diagnostic accuracy study with original data collection, described as a ""Cross-sectional study with follow-up.""",yes,"The study clearly reports rapid antigen test results separately for three different tests (BD-Veritor, PanBio, and SD-Biosensor) with detailed sensitivity and specificity data.",yes,"The study reports detailed diagnostic accuracy data including sensitivity, specificity, positive and negative predictive values.",yes,"The study was conducted in ""three Dutch public health service COVID-19 test sites,"" which qualifies as a clinical/community setting.",yes,The study specifically evaluates rapid antigen tests (Ag-RDTs) and clearly distinguishes them from other test types.,yes,"The study evaluates point-of-care rapid antigen tests for SARS-CoV-2 using ""molecular testing as reference standard"" (which refers to RT-PCR).",Include,"A comprehensive diagnostic accuracy study of rapid antigen tests for SARS-CoV-2, conducted in public health service test sites, reporting detailed sensitivity and specificity data across multiple test types. The research meets most screening criteria, with robust methodology and clear reporting of diagnostic performance, though with a minor limitation regarding participant age range. Overall, the study provides high-quality, clinically relevant data on rapid antigen test performance.",4.6
Comparative Evaluation of Different SARS-CoV-2 Rapid Point-of-Care Antigen Tests with SARS-CoV-2 PCR for Diagnosis of COVID-19,"Ghada Ismail, D. Abdelhamid, R. A. Halim, M. Mostafa, H. Abdelghaffar, Noha Alaa Eldin Fahim, Ahmed Elshafei, Menna Asker, N. Omar",10.3889/oamjms.2022.10335,https://doi.org/10.3889/oamjms.2022.10335,Open Access Macedonian Journal of Medical Sciences,0,2022,maybe,"The abstract doesn't specify the age range of participants. They are described as ""attendees of the Reference Laboratory of Egyptian university hospitals"" but age criteria are not mentioned.",yes,This is a primary diagnostic accuracy study comparing rapid antigen tests against RT-PCR as the reference standard.,yes,"The study clearly reports rapid antigen test results separately, comparing eight different rapid antigen tests against RT-PCR.",yes,"The study reports detailed diagnostic accuracy data including sensitivity, specificity, PPV, NPV, and accuracy for each test.",yes,The study was conducted in a clinical setting (Reference Laboratory of Egyptian university hospitals).,yes,The study specifically evaluates rapid antigen tests (RATs) for SARS-CoV-2.,yes,The study evaluates point-of-care rapid antigen tests using RT-PCR as the reference standard.,Include,"A comprehensive diagnostic accuracy study comparing eight rapid antigen tests for SARS-CoV-2 against RT-PCR, conducted in a university hospital setting with detailed reporting of sensitivity, specificity, and other performance metrics. The research meets most screening criteria, with robust methodology and clear outcome measures, though participant age range remains unspecified. Multiple rapid antigen tests were evaluated, demonstrating heterogeneous diagnostic performance with some tests showing promising results.",4.6
Performance of a novel diagnostic assay for rapid SARS-CoV-2 antigen detection in nasopharynx samples,"F. M. Liotti, G. Menchinelli, E. Lalle, I. Palucci, S. Marchetti, F. Colavita, M. La Sorda, Giuseppe Sberna, L. Bordi, M. Sanguinetti, P. Cattani, M. Capobianchi, B. Posteraro",10.1016/j.cmi.2020.09.030,https://doi.org/10.1016/j.cmi.2020.09.030,Clinical Microbiology and Infection,78,2020,maybe,"The abstract does not explicitly state the age range of participants. While it's likely these are adult patients given the hospital setting, we cannot be certain without explicit confirmation.",yes,This is a primary diagnostic accuracy study evaluating the performance of a rapid antigen test against RT-PCR as the reference standard.,yes,"The study clearly reports rapid antigen test results (STANDARD F COVID-19 Ag FIA) separately from RT-PCR results, with detailed comparison data provided in Table 1.",yes,"The study reports quantifiable diagnostic accuracy data, including sensitivity (47.1%), specificity (98.4%), positive predictive value (92.5%), and negative predictive value (82.0%).",yes,The study was conducted in clinical settings (two COVID-19 reference hospitals in Rome).,yes,The study specifically evaluates a rapid antigen test (STANDARD F COVID-19 Ag FIA) that detects SARS-CoV-2 nucleoprotein antigen.,yes,"The study uses RT-PCR as the reference standard (specifically mentioning Altona Diagnostics RealStar® SARS-CoV-2 RT-PCR, Seegene Allplex™ 2019-nCoV, DiaSorin Simplexa™ COVID-19 Direct, and Roche Diagnostics Cobas® SARS-CoV-2 test).",Include,"A comprehensive diagnostic accuracy study evaluating a rapid antigen test for SARS-CoV-2 using RT-PCR as the reference standard, conducted in clinical settings with detailed reporting of sensitivity, specificity, and predictive values. The research meets most screening criteria, with robust methodology and clear outcome measures, though the participant age range remains unconfirmed from the abstract. The study provides valuable insights into the performance of rapid antigen testing for COVID-19 diagnosis.",4.6
Comparing the diagnostic accuracy of point-of-care lateral flow antigen testing for SARS-CoV-2 with RT-PCR in primary care (REAP-2),"W. Leber, O. Lammel, A. Siebenhofer, M. Redlberger-Fritz, J. Panovska-Griffiths, T. Czypionka",10.1016/j.eclinm.2021.101011,https://doi.org/10.1016/j.eclinm.2021.101011,EClinicalMedicine,37,2021,maybe,"The abstract doesn't explicitly state the age range of participants. While it's a primary care setting, we cannot confirm if only adults were included or if data for adults was reported separately.",yes,This is a primary diagnostic accuracy study comparing LFT against RT-PCR in a clinical setting.,yes,"The study clearly reports rapid antigen test (LFT) results separately from RT-PCR results, with detailed breakdown of true reactive and false non-reactive cases.",yes,"The study reports detailed diagnostic accuracy measures including sensitivity (95.4%), specificity (89.1%), PPV, and NPV with confidence intervals.",yes,The study was conducted in a clinical setting (general practice network in Austria).,yes,"The study specifically evaluates lateral flow testing (LFT), which is a type of rapid antigen test.",yes,The study uses RT-PCR as the reference standard and evaluates point-of-care LFT for SARS-CoV-2.,Include,"A comprehensive diagnostic accuracy study of lateral flow testing for COVID-19 in a primary care setting, comparing rapid antigen tests against RT-PCR with robust methodology and detailed outcome measures. The research provides high-quality data on test performance, including sensitivity, specificity, and predictive values, with only minor uncertainty regarding participant age range. The study meets most critical screening criteria and offers valuable insights into point-of-care diagnostic testing for SARS-CoV-2.",4.6
Diagnostic accuracy of Panbio rapid antigen tests on oropharyngeal swabs for detection of SARS-CoV-2,"M. N. Ngo Nsoga, I. Kronig, F. P. Perez Rodriguez, Pascale Sattonnet-Roche, Diogo Tiago da Silva, J. Helbling, J. Sacks, M. de Vos, E. Boehm, A. Gayet-Ageron, A. Berger, F. Jacquerioz-Bausch, F. Chappuis, L. Kaiser, M. Schibler, A. Renzoni, I. Eckerle",10.1371/journal.pone.0253321,https://doi.org/10.1371/journal.pone.0253321,medRxiv,36,2021,maybe,"The abstract mentions ""outpatients"" but doesn't specify age restrictions. This creates some uncertainty, though the setting suggests adult participants.",yes,"This is a primary diagnostic accuracy study with original data collection, explicitly stated as a ""prospective study.""",yes,The study clearly reports rapid antigen test results (PanbioTM COVID-19 Ag Rapid Test) separately from RT-qPCR results.,yes,"The study reports clear diagnostic accuracy data, including sensitivity (81%) and specificity (99.1%) with confidence intervals.",yes,"The study was conducted in a ""COVID-19 screening center,"" which qualifies as a clinical setting.",yes,The study specifically evaluates a rapid antigen test (PanbioTM COVID-19 Ag Rapid Test).,yes,The study evaluates a point-of-care rapid antigen test and uses RT-qPCR as the reference standard.,Include,"A prospective diagnostic accuracy study evaluating a rapid antigen test for SARS-CoV-2 using RT-qPCR as the reference standard, with comprehensive reporting of sensitivity and specificity in a clinical screening setting. The study meets most screening criteria, with only minor uncertainty regarding participant age range, and provides robust diagnostic performance data for the PanbioTM COVID-19 Ag Rapid Test.",4.7
"Diagnosis of SARS-CoV-2 infection and COVID-19: accuracy of signs and symptoms; molecular, antigen, and antibody tests; and routine laboratory markers","J. Deeks, J. Dinnes, Y. Takwoingi, C. Davenport, M. Leeflang, R. Spijker, L. Hooft, A. Bruel, Devy M. Emperador, S. Dittrich",10.1002/14651858.cd013596,https://doi.org/10.1002/14651858.cd013596,-,38,2020,maybe,"The abstract does not specify age restrictions or separate reporting for adults. It mentions ""person presenting in the community or in secondary care"" without age specifications.",no,"This is a protocol for a Cochrane Review, not a primary diagnostic accuracy study or meta-analysis reporting original data. This is a critical failure of the inclusion criteria.",maybe,"The abstract indicates this is a protocol for a review that will look at multiple test types, including rapid antigen tests. However, it's not clear if the results will be reported separately, creating some uncertainty.",yes,"The protocol indicates that diagnostic accuracy will be assessed, meeting this criterion.",yes,"The protocol explicitly mentions community and secondary care settings, meeting this criterion.",yes,"The protocol does include evaluation of rapid antigen tests, along with other test types. This criterion is met.",maybe,"While RT-PCR is mentioned as a reference standard, it's not clear if this will be used specifically for evaluating rapid antigen tests. The protocol mentions multiple reference standards and test types.",Exclude,"A Cochrane Review protocol examining diagnostic tests for SARS-CoV-2 fails to meet key screening criteria, particularly the requirement for a primary diagnostic accuracy study or meta-analysis reporting original data. While the protocol addresses multiple test methodologies and settings, its nature as a review protocol rather than an original research study disqualifies it from inclusion based on the specified screening criteria.",1.4
Update on Rapid Diagnostics for COVID-19: A Systematic Review,"Bruna de Paula Dias, R. Gonçalves, Cyntia Silva Ferreira, Camila C. Barbosa, O. Arrieta, Samara Mayra Soares Alves dos Santos, Wellington Carvalho Malta, Mariela Alves e Silva, Maria Laura Maximiano Dias Gomes, A. Guimarães, L. Borges, Breno de Mello Silva",10.3390/ijtm2020023,https://doi.org/10.3390/ijtm2020023,International Journal of Translational Medicine,2,2022,maybe,The abstract mentions pediatric samples but does not specify if adult data is reported separately. This creates uncertainty about whether the age criterion is met.,no,"This appears to be a review/meta-analysis of scientific reports rather than a primary diagnostic accuracy study. While it analyzes diagnostic accuracy data, it is not presenting original data.",maybe,"The abstract discusses rapid tests but does not clearly indicate if the results are reported separately from other test types. It mentions both antigen and antibody tests, but the reporting structure is unclear.",yes,"The study reports quantifiable diagnostic accuracy data, including sensitivity ranges (45.4% to 66% for some tests).",maybe,"The setting is not explicitly stated in the abstract, though it appears to be analyzing clinical studies.",yes,"The study does evaluate rapid antigen tests, along with other test types.",maybe,"While RT-PCR is mentioned (Ct values), it is not clear if it is consistently used as the reference standard for all evaluations. The abstract discusses multiple test types and reference standards.",Include,"A systematic review of COVID-19 diagnostic tests reveals complex findings across multiple test types, with notable variations in sensitivity and accuracy. While the study provides insights into rapid antigen and antibody testing, it fails to meet key screening criteria, particularly as a primary diagnostic accuracy study. Significant uncertainties exist regarding population age, test methodology, and reference standard consistency.",2.5
Point-of-care diagnosis of COVID-19 disease based on antigen tests.,M. Pohanka,10.4149/BLL_2021_122,https://doi.org/10.4149/BLL_2021_122,Bratislava Medical Journal,3,2021,no,"The abstract does not mention any specific population or age groups, as it is a review of diagnostic methods rather than a clinical study.",no,This is explicitly a review paper rather than a primary diagnostic accuracy study or meta-analysis reporting original data.,no,The abstract does not indicate that the paper reports specific rapid antigen test results. This appears to be a review paper discussing various antigen tests rather than reporting primary data.,no,"The abstract does not indicate that the paper reports specific diagnostic accuracy measures (sensitivity, specificity). It appears to be a general review of test characteristics rather than a quantitative analysis of diagnostic accuracy.",no,The paper mentions point-of-care conditions but does not report on specific clinical or community settings where tests were evaluated.,yes,"The paper does discuss rapid antigen tests, including lateral flow tests and biosensors for SARS-CoV-2 antigen detection.",no,"While the paper discusses point-of-care rapid antigen tests, it does not mention RT-PCR as a reference standard. The abstract focuses on describing different test types rather than comparing them against a reference standard.",Exclude,"This review paper fails to meet critical screening criteria, particularly as a non-primary diagnostic study lacking specific diagnostic accuracy data and population details. While discussing rapid antigen tests for COVID-19, the abstract does not provide quantifiable diagnostic performance measures or evaluate tests against a reference standard. The paper's review nature and absence of original research data render it unsuitable for inclusion in the systematic review.",0.1
Diagnostic Performance of Rapid Antigen Testing for SARS-CoV-2: The COVid-19 AntiGen (COVAG) study,"Christoph Wertenauer, Geovana Brenner Michael, A. Dressel, Caroline Pfeifer, U. Hauser, E. Wieland, Christian Mayer, Caren Mutschmann, M. Roskos, Hans-Jörg Wertenauer, A. Moissl, S. Lorkowski, W. März",10.3389/fmed.2022.774550,https://doi.org/10.3389/fmed.2022.774550,Frontiers in Medicine,18,2022,maybe,"The abstract doesn't explicitly state the age range of participants. While it mentions ""all-comers,"" we cannot confirm if pediatric patients were included or if adult data was reported separately.",yes,"This is a primary diagnostic accuracy study comparing RDTs against RT-PCR, with original data collection from 2,215 participants.",yes,"The study clearly reports rapid antigen test results separately, comparing two specific RDTs (Roche and Abbott) with detailed sensitivity and specificity data.",yes,"The study reports clear quantifiable diagnostic accuracy data, including sensitivity (60.4% and 56.8%) and specificity (99.7% and 99.8%) for both tests.",yes,"The study was conducted in a diagnostic center, which qualifies as a clinical setting.",yes,"The study specifically evaluates rapid antigen tests (RDTs) for SARS-CoV-2, comparing two different brands.",yes,The study uses RT-PCR (specifically rRT-PCR) as the reference standard for evaluating the rapid antigen tests.,Include,"A comprehensive diagnostic accuracy study comparing two rapid antigen tests for SARS-CoV-2 using RT-PCR as a reference standard, with detailed sensitivity and specificity data across different patient subgroups. The research provides robust quantitative analysis of test performance in a clinical setting, though uncertainty remains regarding the precise age range of participants. Methodologically sound, the study offers critical insights into rapid diagnostic testing during the COVID-19 pandemic.",4.6
Clinical assessment of the Roche SARS-CoV-2 rapid antigen test,"G. Salvagno, Gianluca Gianfilippi, Damiano Bragantini, B. Henry, G. Lippi",10.2139/ssrn.3746520,https://doi.org/10.2139/ssrn.3746520,Diagnosis,42,2021,yes,"The study population has a mean age of 46 years (IQR 32-56), indicating an adult population. While not explicitly stated that all participants were ≥18, the age distribution strongly suggests this.",yes,This is a primary diagnostic accuracy study comparing the Roche SARS-CoV-2 Rapid Antigen Test against RT-PCR.,yes,"The study clearly reports rapid antigen test results separately, with specific numbers for both the antigen test (109/321 positive) and RT-PCR results (149/321 positive).",yes,"The study reports clear diagnostic accuracy measures including overall accuracy (86.9%), sensitivity (72.5%), and specificity (99.4%).",yes,The study was conducted in a clinical setting (Pederzoli Hospital).,yes,The study specifically evaluates a rapid antigen test (Roche SARS-CoV-2 Rapid Antigen Test).,yes,The study evaluates a point-of-care rapid antigen test and uses RT-PCR (Seegene AllplexTM2019-nCoV) as the reference standard.,Include,"A comprehensive diagnostic accuracy study of a SARS-CoV-2 rapid antigen test was conducted in a clinical setting with adult participants, using RT-PCR as the reference standard. The research meticulously reported test performance across different viral load levels, providing detailed sensitivity and specificity metrics for the point-of-care diagnostic tool. The study met all screening criteria with robust methodology and clear reporting of diagnostic accuracy measures.",4.9
Clinical Performance of Rapid and Point-of-Care Antigen Tests for SARS-CoV-2 Variants of Concern: A Living Systematic Review and Meta-Analysis,"Jimin Kim, H. Sung, Hyukmin Lee, Jae-Seok Kim, Sue Shin, Seri Jeong, Miyoung Choi, Hyeon-Jeong Lee, On Behalf Of The Development Committee And Clinica",10.3390/v14071479,https://doi.org/10.3390/v14071479,Viruses,14,2022,maybe,"The abstract does not explicitly specify the age range of participants, so there is uncertainty about whether the study only includes non-pregnant adult participants or reports their data separately.",yes,"The study is a meta-analysis that reports original data from multiple studies, analyzing 7562 samples from six studies and additional data from seven studies.",yes,"The study reports rapid antigen test results separately from other test types, as it is a meta-analysis specifically focused on RATs.",yes,"The study reports quantifiable diagnostic accuracy data, specifically sensitivity (69.7% and 50.0% in different analyses) and specificity (100.0%).",maybe,"While the abstract mentions ""real-world performance,"" it doesn't explicitly specify whether the studies were conducted in clinical or community settings.",yes,"The study specifically focuses on rapid antigen tests (RATs) and explicitly mentions they are ""instrument-free RATs.""",yes,"The study clearly uses RT-PCR as the reference standard, explicitly stating ""in comparison with real-time reverse transcription-polymerase chain reaction as the reference test.""",Include,"A meta-analysis of rapid antigen tests for SARS-CoV-2 demonstrates strong alignment with most screening criteria, including specific test methodology, reference standard, and diagnostic accuracy reporting. While some uncertainty exists regarding participant age and study setting, the comprehensive analysis of 7562 samples provides robust insights into rapid antigen test performance across COVID-19 variants.",4.3
Comparing SARS-CoV-2 antigen-detection rapid diagnostic tests for COVID-19 self-testing/self-sampling with molecular and professional-use tests: a systematic review and meta-analysis,"S. Katzenschlager, Lukas E Brümmer, Stephani Schmitz, Hannah Tolle, K. Manten, M. Gaeddert, C. Erdmann, Andreas Lindner, F. Tobian, Maurizio Grilli, N. Pollock, A. Macé, B. Erkosar, Sergio Carmona, S. Ongarello, Cheryl C Johnson, J. Sacks, C. Denkinger, S. Yerlikaya",10.1038/s41598-023-48892-x,https://doi.org/10.1038/s41598-023-48892-x,Scientific Reports,8,2023,maybe,"The abstract does not specify the age range of participants or whether adult data was reported separately, creating a significant uncertainty.",yes,"This is a meta-analysis that includes primary diagnostic accuracy studies. The abstract mentions ""43 studies included"" and reports pooled performance estimates, meeting this criterion.",maybe,"The abstract discusses Ag-RDT results, but it's a meta-analysis comparing self-testing to professional testing. While it reports separate results, it's not clear if the original studies reported rapid antigen tests separately from other types, creating some uncertainty.",yes,"The study clearly reports quantifiable diagnostic accuracy data, including sensitivity (70.5%) and specificity (99.4%), meeting this criterion.",yes,"The abstract mentions both self-testing and professional testing settings, which would include clinical and community settings, meeting this criterion.",yes,"The study clearly focuses on antigen-detection rapid diagnostic tests (Ag-RDTs), meeting this criterion.",maybe,"The study evaluates point-of-care rapid antigen tests and mentions comparison to ""molecular testing"" (presumably RT-PCR), though this isn't explicitly stated as the reference standard, creating some uncertainty.",Include,"A meta-analysis of COVID-19 rapid antigen tests demonstrates strong diagnostic accuracy with high sensitivity and specificity across self-testing and professional testing settings. While the study meets several key methodological criteria, significant uncertainties exist regarding participant age range and precise reference standard testing. The research provides valuable insights into point-of-care diagnostic testing, though some critical screening details remain ambiguous.",3.9
Accuracy of a nucleocapsid protein antigen rapid test in the diagnosis of SARS-CoV-2 infection,"B. Diao, K. Wen, Ji Zhang, Jian Chen, Chao Han, Yongwen Chen, Shufeng Wang, Guohong Deng, Hongwei Zhou, Yuzhang Wu",10.1016/j.cmi.2020.09.057,https://doi.org/10.1016/j.cmi.2020.09.057,Clinical Microbiology and Infection,162,2020,maybe,"The abstract doesn't specify the age range of participants. While it's likely these are adults given the hospital setting, we cannot be certain without explicit confirmation.",yes,"This is a primary diagnostic accuracy study with original data collection, explicitly stated as a ""prospective study.""",yes,The study clearly reports rapid antigen test results (FIC assay) separately from RT-PCR results.,yes,"The study reports clear diagnostic accuracy measures including sensitivity (75.6%), specificity (100%), and percentage agreement (80.5%) with confidence intervals.",yes,The study was conducted in clinical settings (seven hospitals in Wuhan and one hospital in Chongqing).,yes,The study evaluates a rapid antigen test (FIC assay for SARS-CoV-2 nucleocapsid protein).,yes,The study uses RT-PCR as the reference standard and evaluates a point-of-care rapid antigen test (FIC assay).,Include,"A prospective diagnostic accuracy study evaluating a rapid antigen test for SARS-CoV-2 using RT-PCR as the reference standard, conducted across multiple hospitals in China. The research comprehensively reports diagnostic performance metrics including sensitivity, specificity, and percentage agreement, with robust methodology in a clinical setting. The only minor uncertainty relates to explicit confirmation of participant age range, though the hospital context suggests an adult population.",4.6
"Real-world clinical performance of commercial SARS-CoV-2 rapid antigen tests in suspected COVID-19: A systematic meta-analysis of available data as per November 20, 2020","J. Hayer, D. Kasapic, Claudia Zemmrich",10.1101/2020.12.22.20248614,https://doi.org/10.1101/2020.12.22.20248614,medRxiv,40,2020,maybe,"The abstract doesn't explicitly state the age range of participants. While it mentions ""patients,"" it doesn't specify whether they are adults or include children.",yes,"This is a systematic meta-analysis of primary diagnostic accuracy studies, which is explicitly stated in the methods section.",yes,"The study clearly reports rapid antigen test results separately, as it specifically focuses on comparing RATs with RT-PCR results.",yes,"The study reports quantifiable diagnostic accuracy data, including sensitivity (28.9-98.3%) and specificity (92.4-100%) ranges.",yes,"The study appears to be conducted in clinical settings, as it mentions ""real-world clinical performance"" and includes symptomatic patients.",yes,"The study specifically evaluates rapid antigen tests (RATs), focusing on lateral flow immunoassays for SARS-CoV-2 detection.",yes,The study explicitly uses RT-PCR as the reference standard for comparing RAT performance.,Include,"A systematic meta-analysis of rapid antigen tests for SARS-CoV-2 demonstrates comprehensive diagnostic accuracy assessment using RT-PCR as a reference standard, with detailed reporting of sensitivity and specificity across multiple studies. The research provides robust quantitative data on test performance in clinical settings, though some uncertainty remains regarding the specific age range of participants. Overall, the study meets most screening criteria with high methodological rigor and relevance to COVID-19 diagnostic testing.",4.6
The Comparative Clinical Performance of Four SARS-CoV-2 Rapid Antigen Tests and Their Correlation to Infectivity In Vitro,"N. Kohmer, T. Toptan, C. Pallas, Onur Karaca, A. Pfeiffer, S. Westhaus, M. Widera, A. Berger, S. Hoehl, M. Kammel, S. Ciesek, H. Rabenau",10.3390/jcm10020328,https://doi.org/10.3390/jcm10020328,Journal of Clinical Medicine,146,2021,maybe,"The abstract doesn't specify the age range of participants or whether they are adults, creating some uncertainty in meeting this criterion.",yes,This is a primary diagnostic accuracy study comparing Ag-RDTs against rRT-PCR and cell culture testing.,yes,"The study clearly reports rapid antigen test results separately, evaluating three different lateral flow assays and one microfluidic immunofluorescence assay with specific sensitivity values reported.",yes,"The study reports quantifiable diagnostic accuracy data, specifically sensitivity values ranging from 24.3% to 50% for rRT-PCR-positive samples and 81.8% to 100% for samples with high viral load.",yes,"While not explicitly stated, the use of clinical samples and reference to ""large-scale testing"" suggests a clinical setting.",yes,"The study specifically evaluates rapid antigen tests (Ag-RDTs), including both lateral flow assays and a microfluidic immunofluorescence assay.",yes,"The study evaluates point-of-care rapid antigen tests and uses RT-PCR as one of the reference standards, along with cell culture testing.",Include,"A comprehensive diagnostic accuracy study evaluating multiple rapid antigen tests for SARS-CoV-2, utilizing RT-PCR and cell culture as reference standards, with detailed sensitivity reporting across different viral load levels. The research provides robust methodology and quantifiable outcomes, though participant age demographics remain unspecified. Multiple rapid antigen test types were systematically assessed for their potential in detecting infectious cases and reducing viral transmission.",4.6
Rationale of using SARS-CoV-2 Rapid Antigen Test as a Point of care device in resource poor clinical set up: A comparative study in a peripheral health set up to meet up pandemic needs,"Protik Mondal, Purba Mukherjee, Debasis Das, T. Mandal, Piyali Haldar, S. Chatterjee, Utpal Dan, Ramaprasasd Roy",10.5455/jmas.82384,https://doi.org/10.5455/jmas.82384,Journal of Medical and Allied Sciences,0,2022,maybe,"The abstract does not explicitly state the age range of participants, so there is uncertainty about whether the study only includes non-pregnant adult participants or if the data of adult participants are reported separately.",yes,"This is a primary diagnostic accuracy study comparing RAT with RT-PCR, with original data from 389 samples.",yes,"The study clearly reports rapid antigen test results separately from RT-PCR results, with detailed comparison data provided.",yes,"The study reports comprehensive diagnostic accuracy data including sensitivity (75.47%), specificity (92.26%), PPV, NPV, and diagnostic accuracy (91.42%).",yes,"The study was conducted in a peripheral healthcare setting, which qualifies as a clinical setting.",yes,"The study specifically evaluates rapid antigen tests (RAT) for SARS-CoV-2, not antibody tests or other diagnostics.",yes,The study explicitly uses RT-PCR as the reference standard and evaluates point-of-care rapid antigen tests.,Include,"A comprehensive diagnostic accuracy study comparing rapid antigen tests with RT-PCR in a clinical setting, reporting detailed sensitivity, specificity, and predictive values across 389 samples. The research meets most screening criteria, with robust methodology and clear outcome measures, though participant age range remains unconfirmed. The study provides valuable insights into rapid antigen testing performance in peripheral healthcare settings.",4.6
Rapid SARS-CoV-2 antigen detection assay in comparison with real-time RT-PCR assay for laboratory diagnosis of COVID-19 in Thailand,"Chutikarn Chaimayo, Bualan Kaewnaphan, Nattaya Tanlieng, N. Athipanyasilp, R. Sirijatuphat, M. Chayakulkeeree, N. Angkasekwinai, R. Sutthent, Nattawut Puangpunngam, Theerawoot Tharmviboonsri, O. Pongraweewan, S. Chuthapisith, Y. Sirivatanauksorn, W. Kantakamalakul, N. Horthongkham",10.1186/s12985-020-01452-5,https://doi.org/10.1186/s12985-020-01452-5,Virology Journal,265,2020,maybe,"The abstract doesn't explicitly state the age range of participants. While it mentions ""pre-operative patients,"" it doesn't specify if children were included or excluded.",yes,"This is a primary diagnostic accuracy study comparing the rapid antigen test against RT-PCR, with original data from 454 samples.",yes,"The study clearly reports rapid antigen test results separately, with specific sensitivity and specificity values for the Standard™ Q COVID-19 Ag kit.",yes,"The study reports clear diagnostic accuracy data, including sensitivity (98.33%) and specificity (98.73%) with confidence intervals.",yes,"The study was conducted in a clinical setting (Siriraj Hospital, Bangkok, Thailand).",yes,The study specifically evaluates a rapid antigen test (Standard™ Q COVID-19 Ag kit) for SARS-CoV-2 detection.,yes,The study uses RT-PCR (Allplex™ 2019-nCoV Assay) as the reference standard and evaluates a point-of-care rapid antigen test.,Include,"A diagnostic accuracy study comparing rapid antigen testing for SARS-CoV-2 against RT-PCR, demonstrating high sensitivity and specificity in a clinical setting. The research comprehensively reports test performance across 454 respiratory samples, with robust methodology and clear outcome measures. The only potential limitation is uncertainty regarding participant age range, which would require full text review for definitive confirmation.",4.6
LumiraDX SARS-CoV-2 Antigen Test for Diagnosing Acute SARS-CoV-2 Infection: Critical Literature Review and Meta-Analysis,"G. Lippi, B. Henry, M. Plebani",10.3390/diagnostics12040947,https://doi.org/10.3390/diagnostics12040947,Diagnostics,8,2022,maybe,"The abstract does not explicitly state the age range of participants or whether data for adults was reported separately, creating significant uncertainty about this criterion.",yes,"The study is a meta-analysis that includes primary diagnostic accuracy studies, as the abstract mentions ""eleven studies (n = 8527 samples) could be included in our pooled analysis,"" indicating original data analysis.",yes,"The study reports rapid antigen test results separately from other test types, as indicated by the abstract focusing specifically on the LumiraDX SARS-CoV-2 Antigen Test results without mixing other test types.",yes,"The study clearly reports quantifiable diagnostic accuracy data, including sensitivity (0.86), specificity (0.99), and other accuracy measures.",maybe,"While the abstract mentions ""clinical studies,"" it doesn't explicitly specify whether these were conducted in clinical or community settings. However, the context suggests clinical settings, so this criterion is likely met but with some uncertainty.",yes,"The study specifically evaluates a rapid antigen test (LumiraDX SARS-CoV-2 Antigen Test), not antibody tests or laboratory-based tests.",maybe,"The abstract mentions ""reference molecular diagnostic methods"" and specifically evaluates a point-of-care rapid antigen test. While RT-PCR isn't explicitly mentioned as the reference standard, molecular diagnostic methods typically refer to RT-PCR, so this criterion is likely met but with some uncertainty.",Include,"A meta-analysis of the LumiraDX SARS-CoV-2 Antigen Test demonstrates strong diagnostic accuracy with high sensitivity and specificity, evaluating rapid antigen testing against molecular diagnostic methods. While the study provides comprehensive diagnostic performance data, uncertainties remain regarding participant age ranges and precise reference standard methodology. The research offers valuable insights into point-of-care COVID-19 diagnostic testing, with robust quantifiable outcomes across multiple studies.",4.3
Systematic Review of Diagnostic Accuracy of DiaSorin Liaison SARS-CoV-2 Antigen Immunoassay,"G. Lippi, B. Henry, M. Plebani, K. Adeli",-,-,EJIFCC,2,2022,maybe,"The abstract does not specify the age range of participants or whether data for adults was reported separately, creating uncertainty about meeting this criterion.",no,"This is a systematic review and meta-analysis of diagnostic accuracy studies, not a primary diagnostic accuracy study. While it reports original data through meta-analysis, it doesn't meet the criterion of being a primary diagnostic accuracy study.",yes,"The study reports rapid antigen test results separately from other test types, as the abstract clearly focuses on the DiaSorin Liaison SARS-CoV-2 antigen immunoassay.",yes,"The study clearly reports quantifiable diagnostic accuracy data, including sensitivity, specificity, and AUC.",maybe,"The abstract doesn't explicitly state the study setting, though it appears to be in a clinical context given the nature of the testing, creating some uncertainty.",maybe,"The study evaluates an antigen immunoassay, which is a type of rapid antigen test. However, it's described as ""fully-automated"" and ""high-throughput,"" which might not align with typical point-of-care rapid antigen tests, creating some uncertainty.",yes,"The study uses molecular diagnostic techniques (presumably RT-PCR) as the reference standard, which meets this criterion. However, the test itself is an automated immunoassay rather than a typical point-of-care rapid antigen test.",Include,"A systematic review of an automated antigen immunoassay presents diagnostic accuracy data for SARS-CoV-2 testing, but fails to meet key screening criteria as a primary diagnostic study. Uncertainties exist regarding population age, test methodology, and study setting, which significantly impact the study's alignment with the specified screening requirements.",2.7
Clinical evaluation of rapid point-of-care antigen tests for diagnosis of SARS-CoV-2 infection,"J. Koeleman, H. Brand, S. de Man, D. Ong",10.1007/s10096-021-04274-7,https://doi.org/10.1007/s10096-021-04274-7,European Journal of Clinical Microbiology and Infectious Diseases,15,2021,maybe,"The abstract doesn't explicitly state the age range of participants. While it includes healthcare workers and nursing home patients, suggesting adults, it doesn't explicitly confirm all participants were ≥18 years.",yes,This is a primary diagnostic accuracy study with two parts: a comparison study of five tests and a larger prospective evaluation of one test.,yes,"The study clearly reports rapid antigen test results separately, comparing five different rapid antigen tests against RT-qPCR.",yes,"The study reports clear diagnostic accuracy data, including sensitivity (55.0-80.0% and 73.3% for Romed), specificity (87.5-100.0% and 99.8% for Romed), and negative predictive value (99.7%).",yes,"The study was conducted in clinical settings (emergency room, nursing homes) and includes healthcare workers.",yes,"The study specifically evaluates rapid antigen tests, comparing them against RT-qPCR.",yes,The study uses RT-qPCR as the reference standard and evaluates point-of-care rapid antigen tests for SARS-CoV-2.,Include,"A comprehensive diagnostic accuracy study comparing rapid antigen tests against RT-qPCR across multiple clinical settings, reporting detailed sensitivity and specificity metrics for SARS-CoV-2 detection. The research systematically evaluated five rapid antigen tests with a large sample size, providing robust diagnostic performance data across different patient populations. While most screening criteria were definitively met, slight uncertainty remained regarding the precise age range of participants.",4.6
Head-to-head comparison of four antigen-based rapid detection tests for the diagnosis of SARS-CoV-2 in respiratory samples,"T. Weitzel, Paulette Legarraga, M. Iruretagoyena, Gabriel Pizarro, V. Vollrath, R. Araos, J. Munita, L. Porte",10.1101/2020.05.27.119255,https://doi.org/10.1101/2020.05.27.119255,bioRxiv,48,2020,maybe,"The abstract mentions median age of 40 years and doesn't specify if all participants were adults. However, given the median age and context, it's likely these were adult participants, but we cannot be completely certain without full text.",yes,This is a primary diagnostic accuracy study comparing multiple rapid antigen tests against RT-PCR.,yes,"The study clearly reports rapid antigen test results separately for each test type (RapiGEN, Liming bio, Savant, and Bioeasy).",yes,"The study reports quantifiable diagnostic accuracy data, including sensitivity (with confidence intervals) and specificity for each test.",yes,"While not explicitly stated, the context of testing suspected Covid-19 cases with naso-oropharyngeal swabs suggests a clinical setting.",yes,The study specifically evaluates rapid antigen detection tests for SARS-CoV-2.,yes,The study evaluates point-of-care rapid antigen tests and uses RT-PCR as the reference standard.,Include,"A comprehensive diagnostic accuracy study comparing multiple rapid antigen tests for SARS-CoV-2, utilizing RT-PCR as a reference standard and reporting detailed sensitivity and specificity data. The research evaluates point-of-care tests in a clinical setting, with participants having a median age of 40 years, and provides quantifiable diagnostic performance metrics across different test types. While most screening criteria are definitively met, there is slight uncertainty regarding the precise age range of all participants.",4.6
"Antigen rapid tests, nasopharyngeal PCR and saliva PCR to detect SARS-CoV-2: a prospective comparative clinical trial","J. Schwob, A. Miauton, D. Petrović, J. Perdrix, N. Senn, K. Jaton, O. Opota, A. Maillard, G. Minghelli, J. Cornuz, Gilbert GREUB, B. Genton, V. D'Acremont",10.1101/2020.11.23.20237057,https://doi.org/10.1101/2020.11.23.20237057,medRxiv,47,2020,maybe,"The abstract doesn't explicitly state the age range of participants. While it mentions ""patients presenting at testing centers,"" there's no specific mention of age restrictions or separate reporting for adults.",yes,This is a primary diagnostic accuracy study comparing RDTs with PCR tests in a prospective trial design.,yes,"The study clearly reports rapid antigen test (RDT) results separately from other test types, providing detailed sensitivity and specificity data for RDTs compared to PCR tests.",yes,"The study reports detailed diagnostic accuracy data, including sensitivity (87.4% overall, 96.5% for high viral loads) and specificity (100%) for RDTs.",yes,"The study was conducted in testing centers, which represents a clinical setting.",yes,"The study specifically evaluates rapid antigen tests (RDTs) for SARS-CoV-2, including specific brands (STANDARD-Q, Panbio, and COVID-VIRO Ag tests).",yes,The study evaluates point-of-care rapid antigen tests and uses RT-PCR (both nasopharyngeal and saliva) as reference standards.,Include,"A prospective diagnostic accuracy study comparing rapid antigen tests with PCR for SARS-CoV-2 detection, demonstrating high sensitivity and specificity across multiple test types. The research comprehensively reports diagnostic performance in a clinical testing center setting, with detailed quantifiable accuracy measures for different viral load scenarios. While most screening criteria are strongly met, the participant age range remains unclear from the abstract.",4.6
Urgent need of rapid tests for SARS CoV-2 antigen detection: Evaluation of the SD-Biosensor antigen test for SARS-CoV-2,"F. Cerutti, E. Burdino, M. G. Milia, T. Allice, G. Gregori, B. Bruzzone, V. Ghisetti",10.1016/j.jcv.2020.104654,https://doi.org/10.1016/j.jcv.2020.104654,Journal of Clinical Virology,188,2020,maybe,"The abstract does not explicitly state the age range of participants, so it is unclear whether the study only included non-pregnant adult participants or if the data for adult participants were reported separately.",yes,The study appears to be a primary diagnostic accuracy study evaluating a specific rapid antigen test.,yes,"The study reports rapid antigen test results separately from other test types, as indicated by the abstract's focus on evaluating a single rapid antigen test (SD-Biosensor).",yes,"The abstract mentions that sensitivity, specificity, accuracy, and predictive values were measured, though specific numbers are not provided.",yes,"The study was conducted in an Emergency Room setting with patients admitted for suspected COVID-19 and travelers, which qualifies as a clinical setting.",yes,The study clearly evaluates a rapid antigen test (SD-Biosensor for SARS-CoV-2 nucleoprotein detection).,maybe,"The study evaluates a point-of-care rapid antigen test, but the abstract does not explicitly mention RT-PCR as the reference standard, though this is likely given the context.",Include,"A diagnostic accuracy study of a rapid antigen test for SARS-CoV-2 was conducted in an Emergency Room setting, evaluating test performance across multiple diagnostic measures. While the study meets most screening criteria, uncertainties exist regarding participant age range and explicit confirmation of the reference standard. The research appears to provide valuable insights into point-of-care COVID-19 testing methodology.",4.3
Diagnostic utility of antigen detection rapid diagnostic tests for Covid-19: a systematic review and meta-analysis,"M. Ebrahimi, N. N. Harmooshi, F. Rahim",10.1186/s13000-022-01215-6,https://doi.org/10.1186/s13000-022-01215-6,Diagnostic Pathology,20,2021,maybe,The abstract does not specify the age range of participants or whether data for adults is reported separately. This is a significant uncertainty.,maybe,"This appears to be a systematic review/meta-analysis (""we investigate the eligible studies"") rather than a primary diagnostic accuracy study. While it analyzes original data, it's not clear if it's reporting new primary data.",maybe,"The abstract mentions ""rapid diagnostic tests (RDTs)"" and discusses their sensitivity, but it's not entirely clear if the results are reported separately from other test types. The study appears to focus specifically on RDTs, but there's some uncertainty.",yes,The study explicitly reports on sensitivity and specificity of rapid tests.,maybe,"While the abstract mentions point-of-care testing, it doesn't explicitly specify whether the included studies were conducted in clinical or community settings.",yes,"The study clearly focuses on rapid diagnostic tests (RDTs) for SARS-CoV-2, including both pharyngeal and blood specimens.",maybe,"The study mentions RT-PCR as a reference standard and discusses RDTs, but it's not explicitly stated that all included studies used RT-PCR as the reference standard. The abstract mentions ""several reports indicated the rapid test of blood and pharyngeal samples has the same sensitivity as the RT-PCR.""",Include,"A systematic review of rapid diagnostic tests for COVID-19 reveals significant methodological uncertainties, including unclear population age range, inconsistent reference standard usage, and potential limitations in study design. While the study addresses rapid antigen test sensitivity and specificity, multiple screening criteria remain ambiguous, creating challenges for definitive inclusion. The research provides insights into diagnostic testing but lacks precise details needed for comprehensive screening.",2.9
COVID-19 rapid antigen testing strategies require careful evaluation,J. Dinnes,10.1016/j.ebiom.2021.103491,https://doi.org/10.1016/j.ebiom.2021.103491,EBioMedicine,12,2021,maybe,"The abstract does not explicitly state the age range of participants, so there is uncertainty about whether the study only included non-pregnant adult participants or if the data for adult participants were reported separately.",yes,"This appears to be a primary diagnostic accuracy study evaluating RDTs against RT-PCR in a clinical setting, with over 5,000 participants and original diagnostic accuracy data.",yes,"The study clearly reports rapid antigen test results separately from RT-PCR results, with specific reporting of RDT sensitivity (42% overall, 49% in symptomatic cases).",yes,"The study reports quantifiable diagnostic accuracy data, including sensitivity (42% overall, 49% in symptomatic cases) and positive predictive value (29% in those with no/atypical symptoms).",yes,The study was conducted in a clinical setting (tertiary care hospital facility) and included community-based screening.,yes,"The study clearly evaluates rapid antigen tests (RDTs) for SARS-CoV-2, not antibody tests or other diagnostics.",yes,The study explicitly uses RT-PCR as the reference standard for evaluating point-of-care rapid antigen tests.,Include,"A comprehensive diagnostic accuracy study of rapid antigen tests for SARS-CoV-2, conducted in a clinical setting with over 5,000 participants, provides detailed performance data using RT-PCR as the reference standard. The research reports quantifiable diagnostic accuracy measures, including sensitivity and positive predictive value, with clear methodology for evaluating point-of-care testing. The only minor uncertainty relates to the explicit confirmation of participant age ranges, which would likely be clarified in the full manuscript.",4.6
"Diagnostic Performance of Antigen Rapid Diagnostic Tests, Chest Computed Tomography, and Lung Point-of-Care-Ultrasonography for SARS-CoV-2 Compared with RT-PCR Testing: A Systematic Review and Network Meta-Analysis","S. Shim, Seong-Jang Kim, Myunghee Hong, Jonghoo Lee, Min-Gyu Kang, H. Han",10.3390/diagnostics12061302,https://doi.org/10.3390/diagnostics12061302,Diagnostics,4,2022,maybe,"The abstract does not specify the age range of participants or whether adult data is reported separately, so there is significant uncertainty about this criterion.",yes,"This is a meta-analysis that includes primary diagnostic accuracy studies, as the abstract mentions analyzing 69 RDT studies with original data.",yes,"The study reports rapid antigen test results separately from other test types, as indicated in the results section where RDT performance is analyzed separately.",yes,"The study reports quantifiable diagnostic accuracy data, including sensitivity and specificity for RDTs (specificity of 0.978 with 95% CrI).",maybe,"While the abstract does not explicitly state whether the included studies were conducted in clinical or community settings, the nature of the tests (RDTs, CT, US) suggests they were likely conducted in clinical settings.",yes,The study explicitly evaluates rapid antigen diagnostic tests (RDTs) among other methods.,yes,"The study uses RT-PCR as the reference standard for evaluating RDTs, which is explicitly stated in the abstract.",Include,"A comprehensive meta-analysis examining rapid antigen diagnostic tests for SARS-CoV-2 using RT-PCR as the reference standard, with clear reporting of diagnostic accuracy measures across multiple test types. The study provides detailed performance data for rapid antigen tests, though uncertainty remains regarding the specific age range of participants. Multiple diagnostic methods were systematically compared, offering insights into COVID-19 diagnostic approaches.",4.3
Rapid community point-of-care testing for COVID-19 (RAPTOR-C19): protocol for a platform diagnostic study,"B. Nicholson, G. Hayward, P. Turner, J. Lee, A. Deeks, M. Logan, A. Moore, A. Seeley, T. Fanshawe, J. Oke, Constantinos Koshiaris, J. Sheppard, U. Hoang, Vaishnavi Parimalanathan, G. Edwards, H. Liyange, J. Sherlock, R. Byford, M. Zambon, J. Ellis, J. L. Bernal, G. Amirthalingam, E. Linley, R. Borrow, G. Howsam, Sophie Baines, F. Ferreira, S. de Lusignan, R. Perera, F. Hobbs",10.1186/s41512-021-00093-8,https://doi.org/10.1186/s41512-021-00093-8,Diagnostic and Prognostic Research,9,2021,no,"The study includes both adults (≥16 years) and children, and doesn't specify separate reporting for adults, which is a significant deviation from the criterion requiring adult-only or separately reported adult data.",yes,"This is a primary diagnostic accuracy study, specifically described as ""prospective observational parallel diagnostic accuracy studies.""",maybe,"The abstract indicates this is a protocol for evaluating multiple POCTs, and the methodology suggests separate evaluation of each test type, so the data reporting is likely to be separate for rapid antigen tests.",yes,"The study clearly plans to report quantifiable diagnostic accuracy data, including ""sensitivity, specificity, positive, and negative predictive values.""",yes,"The study is explicitly conducted in ""community settings,"" which meets this criterion.",maybe,"The study evaluates point-of-care tests (POCTs) for SARS-CoV-2, but it's not explicitly stated whether these are specifically antigen tests. The abstract mentions ""multiple current and emerging point-of-care tests"" which could include various test types.",maybe,"The study uses RT-PCR as the reference standard, which meets this part of the criterion. However, it's not explicitly confirmed that the POCTs being evaluated are specifically rapid antigen tests.",Include,"A prospective diagnostic accuracy study evaluating point-of-care tests for SARS-CoV-2 in community settings, with comprehensive outcome measures and RT-PCR reference standard. However, the inclusion of children and uncertainty about specific test types create potential screening challenges. The protocol demonstrates rigorous methodology but may not fully align with all predefined screening criteria.",3.1
Evaluating the field performance of multiple SARS-Cov-2 antigen rapid tests using nasopharyngeal swab samples,"Magyar Nóra, Dániel Déri, D. Veres, Z. Kis, E. Barcsay, B. Pályi",10.1371/journal.pone.0262399,https://doi.org/10.1371/journal.pone.0262399,PLoS ONE,16,2022,maybe,"The abstract doesn't explicitly state the age range of participants. It mentions ""symptomatic individuals"" but doesn't specify if they're adults or if pediatric data is included.",yes,This is a primary diagnostic accuracy study evaluating multiple rapid antigen tests against RT-PCR as the reference standard.,yes,"The study clearly reports rapid antigen test results separately, evaluating ten different rapid antigen tests with their individual performance metrics.",yes,"The study reports quantifiable diagnostic accuracy data, including sensitivity (66.7-100% for strong positives, up to 87.5% for all positives) and specificity (79-100%).",yes,"The study was conducted in clinical settings (hospitals treating COVID-19 patients) and community settings (National Ambulance Service, COVID-testing trucks).",yes,"The study specifically evaluates rapid antigen tests, not antibody tests or other diagnostics.",yes,The study evaluates point-of-care rapid antigen tests and explicitly uses RT-qPCR as the reference standard.,Include,"A comprehensive diagnostic accuracy study evaluating ten rapid antigen tests for SARS-CoV-2 using RT-PCR as the reference standard, with clear reporting of sensitivity and specificity across multiple clinical and community settings. The research provides detailed performance metrics for point-of-care antigen tests, though the specific age range of participants remains unclear from the abstract. Multiple test manufacturers were assessed, offering valuable insights into rapid diagnostic approaches during the COVID-19 pandemic.",4.3
Accuracy of 2 Rapid Antigen Tests During 3 Phases of SARS-CoV-2 Variants,"P. Drain, Meagan J. Bemer, J. Morton, R. Dalmat, H. Abdille, Katherine K. Thomas, T. Uppal, D. Hau, H. R. Green, M. Gates-Hollingsworth, D. Aucoin, S. Verma",10.1001/jamanetworkopen.2022.28143,https://doi.org/10.1001/jamanetworkopen.2022.28143,JAMA Network Open,15,2022,yes,"The abstract mentions ""adults"" specifically, meeting this criterion.",yes,"The abstract explicitly states this is a ""diagnostic study"" assessing accuracy, indicating it's a primary diagnostic accuracy study.",maybe,"The abstract mentions ""2 rapid antigen tests"" specifically, suggesting separate reporting, but this isn't explicitly confirmed.",maybe,"The abstract mentions ""analytical and clinical accuracy"" but doesn't explicitly state whether sensitivity, specificity, or other specific accuracy measures are reported.",maybe,The setting (clinical or community) is not specified in the abstract.,yes,"The study explicitly evaluates ""rapid antigen tests,"" meeting this criterion.",maybe,"While the study evaluates rapid antigen tests for SARS-CoV-2, the reference standard (RT-PCR) is not mentioned in the abstract. This is a significant uncertainty.",Include,"A diagnostic study of rapid antigen tests for SARS-CoV-2 among adults demonstrates clear alignment with several key screening criteria, including study design, population age, and test methodology. However, significant uncertainties exist regarding the reference standard, specific outcome measures, and study setting, which prevent definitive confirmation of all screening requirements.",3.9
Critical literature review and pooled analysis of diagnostic accuracy of Ortho VITROS SARS-CoV-2 antigen test for diagnosing acute SARS-CoV-2 infections,"G. Lippi, R. Nocini, Henry Brandon",10.5937/jomb0-36107,https://doi.org/10.5937/jomb0-36107,Journal of Medical Biochemistry,6,2022,maybe,"The abstract does not explicitly state the age range of participants, creating some uncertainty about whether the study only includes non-pregnant adult participants or reports their data separately.",yes,"The study is a meta-analysis of diagnostic accuracy studies, which meets the criterion for a primary diagnostic accuracy study or meta-analysis reporting original data.",yes,"The study reports rapid antigen test results separately from other test types, as the abstract clearly focuses on the Ortho VITROS SARS-CoV-2 antigen test results and reports them separately.",yes,"The study clearly reports quantifiable diagnostic accuracy data, including sensitivity, specificity, and other measures like area under the curve and kappa statistics.",maybe,"While the abstract doesn't explicitly state the setting, as a diagnostic accuracy study of a point-of-care test, it's likely conducted in clinical settings, though this creates some uncertainty.",yes,"The study clearly evaluates a rapid antigen test (Ortho VITROS SARS-CoV-2 antigen test), meeting this criterion.",maybe,"The study evaluates a point-of-care antigen test and explicitly mentions comparison with ""reference molecular diagnostic methods,"" which likely refers to RT-PCR, though this is not explicitly stated.",Include,"A meta-analysis of the Ortho VITROS SARS-CoV-2 antigen test demonstrates strong diagnostic accuracy with high sensitivity and specificity across multiple studies. The research comprehensively evaluates a point-of-care antigen test using molecular diagnostic methods as a reference standard, providing quantifiable diagnostic performance metrics. While some minor uncertainties exist regarding participant demographics and precise study settings, the overall methodology appears robust and aligned with diagnostic accuracy research standards.",4.6
Comparable performance of antigen‐detecting rapid test by healthcare worker‐collected and self‐collected swabs for SARS‐CoV‐2 diagnostic: A systematic review and meta‐analysis,"Samuel Johnson Kurniawan, M. M. M. Kaisar, Helen Kristin, Soegianto Ali",10.1002/rmv.2492,https://doi.org/10.1002/rmv.2492,Reviews in Medical Virology,3,2023,maybe,"The abstract does not specify the age range of participants or whether data for adults was reported separately, creating uncertainty for this criterion.",no,"This is a systematic review/meta-analysis of diagnostic accuracy studies, not a primary diagnostic accuracy study. While it reports original data synthesis, it doesn't meet the criterion of being a primary diagnostic accuracy study.",yes,"The study clearly reports rapid antigen test results separately, focusing specifically on Ag-RDTs.",yes,"The study clearly reports quantifiable diagnostic accuracy data, including sensitivity (79% and 83%), specificity (98% and 99%), PPV, and NPV.",yes,"The study appears to be conducted in clinical settings, as it compares healthcare worker-conducted tests with self-conducted tests.",yes,"The study clearly evaluates rapid antigen tests (Ag-RDTs), meeting this criterion.",maybe,"While the study evaluates point-of-care rapid antigen tests, the abstract doesn't explicitly mention RT-PCR as the reference standard, creating uncertainty.",Include,"A systematic review of rapid antigen tests for SARS-CoV-2 demonstrates comprehensive diagnostic accuracy data with clear methodology, but fails to meet key screening criteria as a primary diagnostic accuracy study. Uncertainties exist regarding participant age range and reference standard, which limit the study's alignment with the specified screening requirements. Despite reporting detailed sensitivity and specificity metrics, the meta-analysis design prevents full compliance with the established screening criteria.",2.5
Test accuracy of rapid diagnostic tests and reverse‐transcription polymerase chain reaction against virus isolation in cell culture for assessing SARS‐CoV‐2 infectivity: Systematic review and meta‐analysis,"Alexey Fomenko, Theo Dähne, S. Weibel, M. Panning, Kathrin Grummich, S. Schlesinger, G. Rücker, Hartmut Hengel",10.1002/rmv.2569,https://doi.org/10.1002/rmv.2569,Reviews in Medical Virology,2,2024,maybe,"The abstract does not specify the age range of participants, so there is significant uncertainty about whether the study only includes non-pregnant adult participants or reports data for adult participants separately.",yes,"This is a meta-analysis of diagnostic accuracy studies, which is explicitly stated in the abstract. It synthesizes data from 20 studies using a bivariate model.",yes,"The study clearly reports rapid antigen test (Ag-RDT) results separately from RT-qPCR results, with distinct sensitivity and specificity values provided for each.",yes,"The study clearly reports quantifiable diagnostic accuracy data, including sensitivity and specificity with confidence intervals for both Ag-RDT and RT-qPCR.",maybe,"The abstract does not explicitly state whether the studies were conducted in clinical or community settings, so the study setting is unclear.",yes,The study specifically evaluates rapid antigen tests (Ag-RDT) and compares them with RT-qPCR.,no,"While the study evaluates rapid antigen tests, it uses cell culture as the reference standard rather than RT-PCR, which is a significant deviation from the criteria.",Include,"A meta-analysis of diagnostic accuracy studies comparing rapid antigen tests and RT-qPCR, with comprehensive reporting of sensitivity and specificity. While the study provides detailed diagnostic performance data, it deviates from screening criteria by using cell culture as a reference standard and lacks clarity on participant age and study setting. The research offers valuable insights into test performance but does not fully align with all predefined screening requirements.",2.9
Diagnostic accuracy of a novel SARS-CoV-2 antigen-detecting rapid diagnostic test from standardized self-collected anterior nasal swabs,"B. Osmanodja, K. Budde, D. Zickler, M. Naik, J. Hofmann, M. Gertler, C. HuÌlso, H. RoÌssig, P. Horn, J. Seybold, S. Lunow, M. Bothmann, A. Barrera-Pesek, M. Mayrdorfer",10.1101/2021.04.20.21255797,https://doi.org/10.1101/2021.04.20.21255797,medRxiv,21,2021,maybe,"The abstract doesn't explicitly state the age range of participants. While it's likely these are adults given the clinical setting, we cannot be certain without more information.",yes,"This is a primary diagnostic accuracy study, specifically described as a ""prospective, single-center, point of care validation"" study.",yes,"The study clearly reports rapid antigen test results separately, with specific sensitivity and specificity values provided for the Ag-RDT.",yes,"The study reports clear diagnostic accuracy data, including sensitivity (96.7% and 88.6% for different scenarios) and specificity (99.7%) with confidence intervals.",yes,"The study is conducted in a clinical setting, described as a ""single-center"" validation study.",yes,The study specifically evaluates an antigen-detecting rapid diagnostic test (Ag-RDT) for SARS-CoV-2.,yes,"The study uses RT-PCR from combined oropharyngeal/nasopharyngeal swabs as the reference standard, and evaluates a point-of-care rapid antigen test.",Include,"A prospective diagnostic accuracy study evaluating a rapid antigen test for SARS-CoV-2 using RT-PCR as a reference standard, with comprehensive reporting of sensitivity and specificity across symptomatic and asymptomatic populations. The research meets most screening criteria, demonstrating robust methodology in a clinical setting, though participant age range remains slightly uncertain. Diagnostic accuracy measures were precisely reported, including sensitivity of 88.6% and specificity of 99.7%, indicating a high-quality diagnostic validation study.",4.6
Diagnostic accuracy of the Cepheid Xpert Xpress and the Abbott ID NOW assay for rapid detection of SARS‐CoV‐2: A systematic review and meta‐analysis,"Jonghoo Lee, J. Song",10.1002/jmv.26994,https://doi.org/10.1002/jmv.26994,Journal of Medical Virology,34,2021,maybe,"The abstract does not specify the age range of participants or whether data for adults was reported separately, creating significant uncertainty about whether this criterion is met.",yes,"The study is a meta-analysis of diagnostic accuracy studies, which meets the criterion for a primary diagnostic accuracy study or meta-analysis reporting original data.",yes,"The study reports rapid antigen test results separately from other test types, as the abstract clearly states that the results for specific test types (Xpert Xpress and ID NOW) are reported separately.",yes,"The study clearly reports quantifiable diagnostic accuracy data (sensitivity and specificity with confidence intervals), meeting this criterion.",maybe,"While the abstract mentions ""patients with suspected SARS-CoV-2 infection,"" it doesn't explicitly specify whether the studies were conducted in clinical or community settings, creating some uncertainty.",no,"The tests evaluated (Xpert Xpress and ID NOW) are molecular tests, not rapid antigen tests, which is a critical failure as these are different types of diagnostic tests than what's specified in the criteria.",no,"While the study does use RT-PCR as a reference standard, the tests being evaluated are not rapid antigen tests, failing the other half of this criterion.",Exclude,"The study focuses on molecular diagnostic tests (Xpert Xpress and ID NOW) rather than rapid antigen tests, which fundamentally disqualifies it from meeting the screening criteria. While the research provides detailed diagnostic accuracy data and uses RT-PCR as a reference standard, the core methodology does not align with the specified requirements for rapid antigen test evaluation. Uncertainty also exists regarding participant age range and study setting, further complicating its potential inclusion.",1.4
Head-to-Head Comparison of Rapid and Automated Antigen Detection Tests for the Diagnosis of SARS-CoV-2 Infection,"J. Favresse, Constant Gillot, M. Oliveira, Julie Cadrobbi, M. Elsen, Christine Eucher, K. Laffineur, Catherine Rosseels, Sandrine van Eeckhoudt, J. Nicolas, L. Morimont, J. Dogné, J. Douxfils",10.3390/jcm10020265,https://doi.org/10.3390/jcm10020265,Journal of Clinical Medicine,73,2021,maybe,"The abstract mentions symptomatic and asymptomatic subjects but does not specify age ranges or whether data for adults is reported separately, creating some uncertainty.",yes,"This is a primary diagnostic accuracy study comparing different antigen tests against RT-PCR, reporting original data.",yes,"The study clearly reports rapid antigen test results separately, comparing five different AD tests (four RAD tests and one automated AD test) with RT-PCR as the reference standard.",yes,"The study reports clear quantifiable diagnostic accuracy data, including sensitivity and specificity with confidence intervals for different viral load thresholds.",yes,"While not explicitly stated, the context suggests a clinical setting given the testing of symptomatic and asymptomatic patients with RT-PCR comparison.",yes,"The study specifically evaluates rapid antigen tests (RAD tests) and an automated AD test, which are the focus of interest.",yes,"The study evaluates point-of-care rapid antigen tests and uses RT-PCR as the reference standard, explicitly stated as ""the standard gold method.""",Include,"A comprehensive diagnostic accuracy study comparing rapid antigen tests against RT-PCR, evaluating performance across different viral load thresholds with detailed sensitivity and specificity reporting. The research meets most screening criteria, with robust methodology and clear outcome measures, though some uncertainty exists regarding participant age demographics. Multiple rapid antigen tests were systematically assessed in a clinical context, providing valuable insights into SARS-CoV-2 diagnostic performance.",4.6
Comparison of Rapid Antigen Tests for COVID-19,"S. Yamayoshi, Yuko Sakai-Tagawa, M. Koga, O. Akasaka, I. Nakachi, Hidefumi Koh, K. Maeda, E. Adachi, M. Saito, H. Nagai, Kazuhiko Ikeuchi, T. Ogura, R. Baba, Kensuke Fujita, T. Fukui, Fumimaro Ito, S. Hattori, Kei Yamamoto, T. Nakamoto, Y. Furusawa, A. Yasuhara, M. Ujie, Shinya Yamada, Mutsumi Ito, H. Mitsuya, N. Omagari, H. Yotsuyanagi, K. Iwatsuki-Horimoto, M. Imai, Y. Kawaoka",10.3390/v12121420,https://doi.org/10.3390/v12121420,Viruses,183,2020,maybe,"The abstract does not specify the age range of participants or whether they are pregnant/non-pregnant, creating a significant uncertainty that could affect inclusion.",yes,The study appears to be a primary diagnostic accuracy study evaluating original data comparing RATs with RT-qPCR and virus isolation.,yes,"The study reports rapid antigen test results separately from other test types, as indicated by the abstract comparing four different RATs against RT-qPCR and virus isolation.",maybe,"While the abstract discusses sensitivity comparisons, it doesn't explicitly report quantifiable diagnostic accuracy measures (sensitivity/specificity values), but implies these are measured in the full paper, creating some uncertainty.",maybe,"The abstract mentions ""local clinics"" but doesn't clearly specify whether the study was conducted in a clinical or community setting, creating some uncertainty.",yes,"The study explicitly evaluates rapid antigen tests (RATs) based on lateral flow immunoassays, comparing them with RT-qPCR.",yes,"The study uses RT-qPCR as one of the reference standards, along with virus isolation.",Include,"A diagnostic accuracy study comparing rapid antigen tests for COVID-19 using RT-qPCR and virus isolation as reference standards, with clear methodology for evaluating test performance. While the study demonstrates strong alignment with most screening criteria, key uncertainties remain regarding participant age range and specific diagnostic accuracy measures. The research provides valuable insights into rapid antigen test sensitivity across different testing approaches.",4
Diagnostic accuracy of rapid antigen tests in pre-/asymptomatic close contacts of individuals with a confirmed SARS-CoV-2 infection,"E. Schuit, I. Veldhuijzen, R. Venekamp, W. Bijllaardt, S. Pas, E. Lodder, R. Molenkamp, C. Geurtsvankessel, J. Velzing, Robin Huisman, Lieke Brouwer, T. Boelsums, G. Sips, Kim Benschop, L. Hooft, J. Wijgert, S. V. D. Hof, K. Moons",10.1101/2021.03.18.21253874,https://doi.org/10.1101/2021.03.18.21253874,medRxiv,7,2021,maybe,"The study includes participants ""aged ≥16 years,"" which means some participants are under 18, though the majority are likely adults. The abstract doesn't specify if adult data is reported separately.",yes,"The study is explicitly described as a ""prospective cross-sectional diagnostic test accuracy study"" with original data collection.",yes,"The study clearly reports rapid antigen test results separately, with specific data for two different Ag-RDTs (BD Veritor and Roche/SD Biosensor).",yes,"The study reports clear diagnostic accuracy data, including sensitivity (63.9% and 62.9% for the two tests) and specificity (>99% for both).",yes,"The study was conducted in ""Dutch public health service test sites,"" which qualifies as a clinical/community setting.",yes,The study specifically evaluates rapid antigen tests (Ag-RDTs) and clearly distinguishes them from other test types.,yes,The study explicitly uses RT-PCR as the reference standard for evaluating point-of-care rapid antigen tests for SARS-CoV-2.,Include,"A comprehensive diagnostic accuracy study of rapid antigen tests for SARS-CoV-2, conducted in a clinical setting with RT-PCR as the reference standard, reporting detailed sensitivity and specificity metrics. The research evaluated two point-of-care antigen tests among close contacts, with robust methodology and clear outcome measures, though slightly deviating from strict adult-only participant criteria. Overall, the study provides high-quality diagnostic performance data for rapid antigen testing in a real-world context.",4.6
Comparison of the SARS-CoV-2 Rapid antigen test to the real star Sars-CoV-2 RT PCR kit,"A. Krüttgen, C. Cornelissen, M. Dreher, M. Hornef, M. Imöhl, M. Kleines",10.1016/j.jviromet.2020.114024,https://doi.org/10.1016/j.jviromet.2020.114024,Journal of Virological Methods,159,2020,maybe,"The abstract doesn't specify participant age ranges, creating some uncertainty in meeting this criterion.",yes,This is a primary diagnostic accuracy study comparing antigen test results against PCR reference standard.,yes,"The study clearly reports rapid antigen test results separately, specifically focusing on the Roche SARS-CoV-2 Rapid Antigen Test.",yes,"The study reports quantifiable diagnostic accuracy data, including sensitivity and specificity values.",maybe,"While the study involves patient samples, the specific setting (clinical or community) isn't explicitly stated, though it appears to be clinical given the PCR testing context.",yes,The study specifically evaluates a rapid antigen test (Roche SARS-CoV-2 Rapid Antigen Test).,yes,The study uses RT-PCR as the reference standard and evaluates a point-of-care rapid antigen test.,Include,"A diagnostic accuracy study comparing rapid antigen testing to PCR for SARS-CoV-2 demonstrates clear methodology with quantifiable sensitivity and specificity metrics. The research focuses on a point-of-care rapid antigen test, using PCR as a reference standard, though some uncertainty exists regarding participant age range and precise study setting. Overall, the study provides a comprehensive assessment of rapid antigen test performance across different viral load levels.",4.6
"Real-world clinical performance of commercial SARS-CoV-2 rapid antigen tests in suspected COVID-19: A systematic meta-analysis of available data as of November 20, 2020","J. Hayer, D. Kasapic, Claudia Zemmrich",10.1016/j.ijid.2021.05.029,https://doi.org/10.1016/j.ijid.2021.05.029,International Journal of Infectious Diseases,10,2021,no,"The abstract provides no information about the age of study participants or whether data is stratified by age groups, creating a significant uncertainty.",yes,"The abstract indicates this is a systematic meta-analysis, which meets the criterion for a primary diagnostic accuracy study or meta-analysis reporting original data.",maybe,"The abstract mentions RATs specifically, but does not explicitly state whether the results are reported separately from other test types, creating some uncertainty.",maybe,"The abstract mentions ""real-world performance"" but does not explicitly state whether diagnostic accuracy measures are reported, creating uncertainty.",maybe,"The abstract mentions ""real-world performance"" which suggests clinical/community settings, but this is not explicitly stated.",yes,"The abstract clearly focuses on rapid antigen tests (RATs) and specifically describes them as ""lateral flow chromatographic immunoassay,"" meeting this criterion.",maybe,"While the study evaluates RATs, the abstract does not explicitly mention RT-PCR as the reference standard, creating a significant uncertainty.",Include,"A systematic meta-analysis of rapid antigen tests for SARS-CoV-2 demonstrates clear focus on test methodology, but lacks explicit details about population age, reference standard, and specific diagnostic accuracy measures. Multiple screening criteria remain uncertain due to limited information in the abstract, suggesting the need for full text review to definitively assess study eligibility.",3.4
Evaluation of the diagnostic accuracy of two point-of-care tests for COVID-19 when used in symptomatic patients in community settings in the UK primary care COVID diagnostic accuracy platform trial (RAPTOR-C19),"B. Nicholson, P. Turner, T. Fanshawe, A. Williams, G. Amirthalingam, Sharon Tonner, M. Zambon, Rick Body, Kerrie Davies, R. Perera, S. de Lusignan, G. Hayward, F. R. Hobbs",10.1371/journal.pone.0288612,https://doi.org/10.1371/journal.pone.0288612,PLoS ONE,1,2023,maybe,"The abstract mentions ""Adults and children"" were included, but doesn't specify if adult data was reported separately. This creates some uncertainty about whether we can isolate adult-only results.",yes,This is a primary diagnostic accuracy study with original data collection and analysis.,yes,"The study clearly reports rapid antigen test results separately, with specific data for two different POCTs (Roche SD Biosensor and BD Veritor).",yes,"The study reports clear diagnostic accuracy data, including sensitivity and specificity with confidence intervals for both tests.",yes,The study was conducted in clinical settings (19 UK general practices and two COVID-19 testing centres).,yes,The study specifically evaluates rapid antigen tests (POCTs) and clearly describes them as such.,yes,"The study evaluates point-of-care rapid antigen tests and uses RT-PCR as the reference standard, specifically ""laboratory triplex reverse transcription quantitative PCR.""",Include,"A comprehensive diagnostic accuracy study of rapid antigen tests for SARS-CoV-2, conducted across multiple UK clinical settings, reporting detailed sensitivity and specificity data using RT-PCR as the reference standard. The research evaluates two point-of-care tests with robust methodology, though there is some uncertainty regarding the separation of adult and pediatric participant data. Overall, the study provides high-quality diagnostic performance insights for COVID-19 testing.",4.3
Accuracy of rapid point-of-care antibody test in patients with suspected or confirmed COVID-19,"R. Vancheeswaran, M. Willcox, B. Stuart, M. Knight, H. Kandil, A. Barlow, Mayon Haresh Patel, Jade Stockham, A. O’Neill, Tristan Clark, T. Wilkinson, P. Little, Nick Francis, Gareth Griffiths, M. Moore",10.1016/j.jinf.2021.07.006,https://doi.org/10.1016/j.jinf.2021.07.006,Journal of Infection,2,2020,yes,"The study includes adult participants, with no mention of pediatric or pregnant populations, meeting the criterion for population age.",yes,"The study is a primary diagnostic accuracy study evaluating a point-of-care test against reference standards, which meets the criterion for study design.",no,"The study reports antibody test results, not rapid antigen test results. The abstract explicitly discusses ""rapid point-of-care antibody test"" and ""antibody tests"" throughout, indicating that the data reported does not meet the requirement of reporting rapid antigen test results separately.",yes,"The study reports clear diagnostic accuracy data including sensitivity (90.1%) and specificity (100%), meeting the criterion for outcome measures.",yes,"The study was conducted in a clinical setting (Watford General Hospital), meeting the criterion for study setting.",no,"The study evaluates antibody tests (specifically IgM/IgG tests), not rapid antigen tests, which fails to meet the criterion for test methodology.",maybe,"While the study does use RT-PCR as a reference standard (along with laboratory-based antibody tests), it evaluates antibody tests rather than antigen tests, which partially meets the criterion but fails on the test type requirement.",Exclude,"The study focuses on antibody tests for COVID-19, which fundamentally differs from the required rapid antigen test methodology. Despite meeting several screening criteria like study design, population age, and outcome reporting, the core test type disqualifies the paper from inclusion. The mismatch in test methodology represents a critical exclusion factor for this systematic review.",0.1
Diagnostic sensitivity of RT-PCR assays on nasopharyngeal specimens for detection of SARS-CoV-2 infection: A Systematic Review and Meta-Analysis,"Marco Marando, A. Tamburello, P. Gianella, Rebecca Taylor, E. Bernasconi, Tanja Fusi-Schmidhauser",10.22088/cjim.13.0.139,https://doi.org/10.22088/cjim.13.0.139,Caspian Journal of Internal Medicine,6,2022,yes,"The abstract specifically mentions that the study includes ""adults"", indicating that it meets the criterion of including only non-pregnant adult participants (aged 18 years or older).",no,"While this is a systematic review and meta-analysis, it is not evaluating rapid antigen tests, but rather RT-PCR testing. Therefore, it does not meet the criterion of being a primary diagnostic accuracy study or meta-analysis reporting original data on rapid antigen tests.",no,"The abstract does not mention rapid antigen test results at all, and instead focuses entirely on RT-PCR testing. This indicates that the study does not report rapid antigen test results separately from other test types.",no,"The study does report quantifiable diagnostic accuracy data (sensitivity), but this is for RT-PCR, not rapid antigen tests. Therefore, it does not meet the criterion of reporting quantifiable diagnostic accuracy data for rapid antigen tests.",yes,"The abstract mentions ""outpatient clinical practice"", indicating that the study was conducted in a clinical setting, meeting this criterion.",no,"The study exclusively focuses on RT-PCR testing and does not evaluate rapid antigen tests at all, failing to meet the criterion of evaluating rapid antigen tests.",no,"While RT-PCR is mentioned as the reference standard, the study is evaluating RT-PCR itself, not rapid antigen tests. Therefore, it does not meet the criterion of evaluating point-of-care rapid antigen tests for SARS-CoV-2 using RT-PCR as the reference standard.",Exclude,"This systematic review and meta-analysis focuses exclusively on RT-PCR testing for SARS-CoV-2, failing to meet key screening criteria related to rapid antigen tests. While the study includes adult participants and was conducted in a clinical setting, it does not evaluate rapid antigen test performance, sensitivity, or diagnostic accuracy. Consequently, the paper does not align with the specified screening requirements for a rapid antigen test review.",0.1
Evaluation of three rapid lateral flow antigen detection tests for the diagnosis of SARS-CoV-2 infection,"Anu E Jaaskelainen, M. Ahava, P. Jokela, Leonóra Szirovicza, Sari Pohjala, O. Vapalahti, Maija Lappalainen, J. Hepojoki, S. Kurkela",10.1016/j.jcv.2021.104785,https://doi.org/10.1016/j.jcv.2021.104785,Journal of Clinical Virology,69,2021,maybe,The abstract doesn't specify participant age ranges or whether the samples were from adults. This is a significant uncertainty.,yes,This is a primary diagnostic accuracy study evaluating multiple rapid antigen tests against RT-PCR.,yes,"The study clearly reports rapid antigen test results separately for each test type (Sofia, Standard Q, and Panbio™).",yes,"The study reports clear diagnostic accuracy data including sensitivity, specificity, and percent agreement for each test.",maybe,"While the study uses clinical samples, it's not entirely clear if this was conducted in a clinical or community setting. The retrospective nature of the samples suggests a clinical setting, but this isn't explicitly stated.",yes,The study specifically evaluates rapid antigen detection tests (RADTs) and clearly distinguishes them from RT-PCR.,yes,The study evaluates point-of-care rapid antigen tests and uses RT-PCR as the reference standard.,Include,"A diagnostic accuracy study evaluating multiple rapid antigen tests for SARS-CoV-2 using RT-PCR as a reference standard, with comprehensive reporting of sensitivity, specificity, and performance metrics. The research provides detailed analysis of point-of-care tests across different manufacturers, though uncertainty exists regarding participant age demographics. Methodologically robust, the study offers valuable insights into rapid antigen test performance with clear quantifiable outcomes.",4.3
Performance of the LumiraDx Microfluidic Immunofluorescence Point-of-Care SARS-CoV-2 Antigen Test in Asymptomatic Adults and Children,"P. Drain, R. Sulaiman, Melanie Hoppers, N. Lindner, V. Lawson, J. Ellis",10.1093/ajcp/aqab173,https://doi.org/10.1093/ajcp/aqab173,American Journal of Clinical Pathology,15,2021,maybe,"The abstract mentions both adults and children were included, but it's unclear if adult data was reported separately.",yes,This is a primary diagnostic accuracy study comparing the rapid antigen test against RT-PCR as the reference standard.,yes,The study clearly reports rapid antigen test results (LumiraDx SARS-CoV-2 Ag Test) separately from RT-PCR results.,yes,"The study reports quantifiable diagnostic accuracy data, including positive percent agreement (PPA) and negative percent agreement (NPA).",yes,"The study was conducted in ""5 point-of-care (POC) settings"" and mentions clinic- and community-based settings.",yes,The study specifically evaluates a rapid antigen test (LumiraDx SARS-CoV-2 Ag Test).,yes,The study evaluates a point-of-care rapid antigen test and uses RT-PCR (cobas 6800 or TaqPath) as the reference standard.,Include,"A diagnostic accuracy study evaluating a rapid antigen test for SARS-CoV-2 in point-of-care settings, using RT-PCR as the reference standard and reporting quantifiable diagnostic performance metrics. The study comprehensively assessed test performance across multiple settings, with strong methodological alignment to screening criteria, though some uncertainty exists regarding the precise age stratification of participants.",4.3
Diagnostic accuracy of SARS-CoV-2 antigen test in the pediatric population: A systematic review and meta-analysis,"Cheng-Chieh Chen, Shih-Yen Chen, S. Fang, Shou-Cheng Lu, C. Bai, Yuan-Hung Wang",10.1016/j.pedneo.2022.07.012,https://doi.org/10.1016/j.pedneo.2022.07.012,Pediatrics and Neonatology,3,2022,no,"The study specifically focuses on pediatric populations, which does not meet the criterion of including only non-pregnant adult participants (aged 18 years or older) or reporting data for adult participants separately.",yes,The study is a meta-analysis that reports original diagnostic accuracy data from included studies.,yes,"The study reports rapid antigen test results separately from other test types, as it is a meta-analysis specifically focused on antigen tests.",yes,"The study clearly reports quantifiable diagnostic accuracy data, including sensitivity (65.9%) and specificity (99.9%) with confidence intervals.",yes,"While not explicitly stated, the context suggests the study was conducted in clinical and community settings, as it discusses testing in both symptomatic and asymptomatic populations.",yes,"The study evaluates rapid antigen tests for SARS-CoV-2, meeting this criterion.",maybe,"While the study evaluates point-of-care rapid antigen tests, the abstract does not explicitly mention RT-PCR as the reference standard, creating some uncertainty.",Exclude,"A meta-analysis of rapid antigen tests for SARS-CoV-2 in pediatric populations fails to meet the screening criteria due to its exclusive focus on children, which contradicts the requirement for adult participants. Despite strong methodological rigor and comprehensive reporting of diagnostic accuracy measures, the study's pediatric-only population represents a fundamental disqualifying factor for the review's specified inclusion criteria.",1.4
Detection of SARS-CoV-2 infection by rapid antigen test in comparison with RT-PCR in a public setting,"K. Jakobsen, J. S. Jensen, T. Todsen, Freddy Lippert, Cyril Jean-Marie Martel, Mads Klokker, C. von Buchwald",10.1101/2021.01.22.21250042,https://doi.org/10.1101/2021.01.22.21250042,medRxiv,21,2021,yes,"The study explicitly states it includes ""Individuals aged 18 years or older"" and provides mean age (44.7 years).",yes,This is a primary diagnostic accuracy study comparing the rapid antigen test against RT-PCR as the reference standard.,yes,"The study clearly reports rapid antigen test results (STANDARD Q COVID-19 Ag test) separately from RT-PCR results, with specific accuracy metrics provided.",yes,"The study reports clear quantifiable diagnostic accuracy data including sensitivity (69.7%), specificity (99.5%), PPV (87.0%), and NPV (98.5%).",yes,"The study was conducted in a ""public test center in Copenhagen, Denmark,"" which qualifies as a clinical/community setting.",yes,The study specifically evaluates a rapid antigen test (STANDARD Q COVID-19 Ag test) rather than antibody or laboratory-based tests.,yes,The study evaluates a point-of-care rapid antigen test and explicitly uses RT-PCR as the reference standard.,Include,"A comprehensive diagnostic accuracy study of a rapid antigen test for SARS-CoV-2 was conducted among adults aged 18 and older, using RT-PCR as the reference standard in a public test center. The research meticulously reported quantifiable diagnostic performance metrics, including sensitivity, specificity, and predictive values, while evaluating a point-of-care rapid antigen test in a clinical setting. All key screening criteria were explicitly met, demonstrating a robust methodological approach to assessing COVID-19 diagnostic testing.",4.9
Diagnostic Performance of Six Rapid Antigen Tests for SARS-CoV-2,"Jéssica Navero-Castillejos, C. Casals-Pascual, S. Narváez, G. Cuesta, J. Hurtado, M. Fernández, M. Navarro, Aida Peiró-Mestres, Ma Victoria Lasheras, Patricia Rodriguez, Andrea Pulgarín, M. Marcos, J. Vila, M. Martínez",10.1128/spectrum.02351-21,https://doi.org/10.1128/spectrum.02351-21,Microbiology spectrum,16,2022,maybe,"The abstract does not explicitly state the age range of participants. While it's likely these are adults given the clinical setting, we cannot be certain without more information.",yes,This is a primary diagnostic accuracy study evaluating six different rapid antigen tests against RT-PCR as the reference standard.,yes,"The study clearly reports rapid antigen test results separately, evaluating six different commercial rapid antigen tests with their specific performance metrics.",yes,"The study reports quantifiable diagnostic accuracy data, including sensitivity (65-79%) and specificity (100%) for all tests.",yes,"While not explicitly stated, the context suggests a clinical setting, as it involves nasopharyngeal swab samples and RT-PCR testing.",yes,"The study specifically evaluates rapid antigen tests, with six different commercial tests being assessed.",yes,The study explicitly uses RT-PCR as the reference standard and evaluates point-of-care rapid antigen tests for SARS-CoV-2.,Include,"A comprehensive diagnostic accuracy study evaluating six rapid antigen tests for SARS-CoV-2 using RT-PCR as the reference standard, with clear reporting of sensitivity and specificity across different viral load conditions. The research provides detailed performance metrics for point-of-care diagnostic tests, though participant age range remains unconfirmed. Multiple commercial rapid antigen tests were systematically assessed in a clinical setting, demonstrating their potential for rapid COVID-19 detection.",4.6
Clinical performance of rapid antigen tests in comparison to RT‐PCR for SARS‐COV‐2 diagnosis in Omicron variant: A systematic review and meta‐analysis,"Zahra Eslami Mohammadie, S. Akhlaghi, Saeed Samaeinasab, Shakiba Shaterzadeh-Bojd, T. Jamialahmadi, A. Sahebkar",10.1002/rmv.2428,https://doi.org/10.1002/rmv.2428,Reviews in Medical Virology,21,2023,maybe,"The abstract does not specify the age range of participants in the included studies, so there is uncertainty about whether the study only includes non-pregnant adult participants or if the data for adult participants are reported separately.",yes,The study is a systematic review and meta-analysis that includes original diagnostic accuracy data from 18 qualified articles.,yes,"The study reports rapid antigen test results separately from other test types, as evidenced by the specific sensitivity and specificity values provided in the abstract.",yes,"The study reports clear quantifiable diagnostic accuracy data, including pooled sensitivity (0.671) and specificity (1.000).",maybe,"While the abstract mentions clinical samples (nasal and nasopharyngeal swabs), it doesn't explicitly state whether all included studies were conducted in clinical or community settings.",yes,The study specifically focuses on rapid antigen tests (RATs) and compares them to RT-PCR.,yes,The study explicitly evaluates point-of-care rapid antigen tests using RT-PCR as the reference standard.,Include,"A systematic review and meta-analysis of rapid antigen tests for SARS-CoV-2 demonstrates strong alignment with most screening criteria, including clear reporting of diagnostic accuracy, use of RT-PCR as a reference standard, and comprehensive test methodology. The primary uncertainty lies in the lack of explicit confirmation about participant age ranges, though the study's comprehensive approach suggests potential for extractable data on adult populations.",4.3
Evaluation of Four Rapid Antigen Tests for Detection of SARS-CoV-2 virus,"S. Al-Alawi, Hala Al-Hinai, Nawal Al-Kindi, Mohammed A. Al-Rashidi, H. Al-Kindi, I. Al-Shukri, Azza Al-Rashdi, S. Jose, A. Al-Jardani",10.5001/omj.2021.106,https://doi.org/10.5001/omj.2021.106,Oman Medical Journal,7,2021,maybe,"The abstract doesn't explicitly state the age range of participants, so it's unclear if the study only includes non-pregnant adult participants or if the data of adult participants are reported separately.",yes,"The study is explicitly described as a ""prospective diagnostic test accuracy study"" with original data collection and analysis.",yes,"The study clearly reports rapid antigen test results separately, with detailed sensitivity and specificity values for each of the four different antigen tests evaluated.",yes,"The study reports clear quantifiable diagnostic accuracy data, including specific sensitivity (64.0-69.8%) and specificity (94.1-100%) values for each test.",yes,"The study is conducted in a clinical setting, as explicitly stated in the objectives and methods.",yes,"The study specifically evaluates rapid antigen tests from four different manufacturers (STANDARD™ Q, PCL, BIOCREDIT, and Sofia).",yes,"The study evaluates point-of-care rapid antigen tests and uses rRT-PCR as the reference standard, explicitly stated in the methods and results.",Include,"A prospective diagnostic accuracy study evaluating four rapid antigen tests for COVID-19 using RT-PCR as a reference standard, with comprehensive reporting of sensitivity and specificity across different test types. The research provides detailed diagnostic performance data in a clinical setting, meeting most screening criteria with only minor uncertainty regarding participant age range. The study's methodology and outcome measures align closely with systematic review requirements for diagnostic test evaluation.",4.6
Accuracy of the Mologic COVID-19 rapid antigen test: a prospective multi-centre analytical and clinical evaluation [version 1; peer review: 1 approved with reservations],"A. Cubas-Atienzar, Fiona Bell, R. Byrne, K. Buist, D. Clark, M. Cocozza, A. Collins, L. Cuevas, A. Duvoix, N. Easom, T. Edwards, Daniella M. Ferreira, T. Fletcher, Elisabetta Groppelli, A. Hyder-Wright, Ewelina Kadamus, D. Kirwan, K. Kontogianni, S. Krishna, Diana Kluczna, Julian Mark, J. Mensah-Kane, E. Miller, E. Mitsi, D. Norton, E. O'Connor, S. Owen, T. Planche, S. Shelley, H. Staines, D. Tate, C. R. Thompson, G. Walker, C. Williams, D. Wooding, J. Fitchett, E. Adams, J. H. Wijgert",-,-,-,5,2021,no,The abstract provides no information about participant age groups or whether data is reported separately for adults.,yes,"The abstract indicates this is a primary diagnostic accuracy study evaluating a specific test (Mologic COVID-19 Ag-RDT), meeting this criterion.",maybe,"The abstract mentions evaluating an Ag-RDT (antigen rapid diagnostic test) specifically, suggesting separate reporting of antigen test results. However, this is not explicitly confirmed.",yes,"The abstract explicitly mentions evaluating ""analytical sensitivity, specificity, and clinical accuracy,"" meeting this criterion.",maybe,"The abstract mentions this is a ""multi-centre evaluation,"" suggesting a clinical setting, though this could be more explicitly confirmed.",yes,"The study clearly evaluates a rapid antigen test (Mologic COVID-19 Ag-RDT), meeting this criterion.",yes,"The study evaluates a point-of-care rapid antigen test and mentions comparison to RT-PCR, meeting this criterion.",Include,"A multi-centre diagnostic accuracy study evaluating a rapid antigen test for COVID-19 demonstrates strong alignment with key screening criteria, including test methodology, reference standard, and outcome measures. Critical uncertainties remain regarding participant age groups, which prevents definitive confirmation of all screening requirements. The study appears to be a primary diagnostic accuracy investigation with promising methodological characteristics.",4.2
High performance of a novel antigen detection test on nasopharyngeal specimens for diagnosing SARS‐CoV‐2 infection,"L. Courtellemont, J. Guinard, C. Guillaume, S. Giaché, V. Rzepecki, A. Sève, C. Gubavu, K. Baud, C. Le Helloco, G. Cassuto, G. Pialoux, L. Hocqueloux, T. Prazuck",10.1002/jmv.26896,https://doi.org/10.1002/jmv.26896,Journal of Medical Virology,26,2021,yes,"The abstract specifically mentions ""adult patients"" and doesn't indicate inclusion of pregnant women or children.",yes,This is a primary diagnostic accuracy study comparing the rapid antigen test against RT-PCR as the reference standard.,yes,The study clearly reports rapid antigen test (COVID-VIRO®) results separately from RT-PCR results.,yes,"The study reports clear diagnostic accuracy data, including sensitivity (96.7%) and specificity (100%), with confidence intervals.",yes,The study was conducted in a clinical setting (Infectious Diseases Department and COVID-19 Screening Department of a hospital).,yes,The study evaluates a rapid antigen test (COVID-VIRO®) specifically.,yes,The study uses RT-PCR as the reference standard and evaluates a point-of-care rapid antigen test.,Include,"A comprehensive diagnostic accuracy study of a rapid antigen test for SARS-CoV-2 was conducted among adult patients, utilizing RT-PCR as the reference standard in a clinical setting. The research meticulously reported test performance across symptomatic and asymptomatic groups, providing detailed sensitivity and specificity data that exceeded WHO recommendations. The study's methodology and reporting fully satisfied all predefined screening criteria for diagnostic test evaluation.",4.9
Diagnostic Efficacy of Rapid Antigen Testing for SARS-CoV-2: The COVid-19 AntiGen (COVAG) study,"Christoph Wertenauer, G. B. Michael, A. Dressel, Caroline Pfeifer, U. Hauser, E. Wieland, C. Mayer, Caren Mutschmann, M. Roskos, Hans-Jörg Wertenauer, W. März",10.1101/2021.08.04.21261609,https://doi.org/10.1101/2021.08.04.21261609,medRxiv,9,2021,maybe,"The abstract doesn't explicitly state the age range of participants. It mentions ""all-comers"" but doesn't specify if children were included or if adult data was reported separately.",yes,"This is a primary diagnostic accuracy study comparing RDTs against rRT-PCR in 2,215 participants.",yes,"The study clearly reports rapid antigen test results separately, comparing two specific RDTs (Roche and Abbott) against rRT-PCR.",yes,"The study reports clear diagnostic accuracy data, including sensitivity (60.4% and 56.8%) and specificity (99.7% and 99.8%) for both tests.",yes,"The study was conducted in a diagnostic centre, which qualifies as a clinical setting.",yes,The study specifically evaluates rapid antigen tests (SD Biosensor and Panbio COVID-19 Ag Rapid Test).,yes,The study evaluates point-of-care rapid antigen tests and uses rRT-PCR as the reference standard.,Include,"A comprehensive diagnostic accuracy study comparing two rapid antigen tests against RT-PCR, conducted in a clinical setting with clear reporting of sensitivity and specificity. The research meets most screening criteria, with robust methodology and detailed outcome measures, though uncertainty exists regarding participant age range. The study provides valuable insights into rapid COVID-19 diagnostic testing performance.",4.6
SARS-CoV-2 patient self-testing with an antigen-detecting rapid test: a head-to-head comparison with professional testing,"A. Lindner, O. Nikolai, C. Rohardt, F. Kausch, M. Wintel, M. Gertler, S. Burock, Merle Hörig, Julian Bernhard, F. Tobian, M. Gaeddert, F. Lainati, V. Corman, Terry C. Jones, J. Sacks, J. Seybold, C. Denkinger, F. Mockenhaupt",10.1101/2021.01.06.20249009,https://doi.org/10.1101/2021.01.06.20249009,medRxiv,31,2021,yes,"The study specifically mentions ""146 symptomatic adults"" with a mean age of 35 years, indicating adult participants only.",yes,"The study is explicitly described as a ""manufacturer-independent, prospective diagnostic accuracy study"" with original data collection.",yes,"The study clearly reports rapid antigen test results separately, with specific sensitivity values for both self-testing (82.5%) and professional testing (85.0%).",yes,"The study reports clear diagnostic accuracy data, including sensitivity (82.5% and 85.0% for different testing methods) and agreement measures.",yes,The study is conducted in a clinical setting with ambulatory participants suspected of having COVID-19.,yes,"The study evaluates rapid antigen tests (Ag-RDTs) specifically, using a WHO-listed SARS-CoV-2 Ag-RDT.",yes,"The study uses RT-PCR as the reference standard (""relative to RT-PCR on a combined oro-/nasopharyngeal sample"") and evaluates point-of-care rapid antigen tests.",Include,"A comprehensive diagnostic accuracy study of rapid antigen tests for SARS-CoV-2 was conducted among adult participants, utilizing RT-PCR as the reference standard and reporting detailed sensitivity and specificity metrics. The research systematically evaluated point-of-care testing through both self-testing and professional testing methodologies, providing quantifiable diagnostic performance data in a clinical setting. All key screening criteria were met with high precision, including population age, test type, reference standard, and outcome measures.",4.9
Diagnostic Accuracy of SARS-CoV-2 Rapid Antigen Detection Testing in Symptomatic and Asymptomatic Children in the Clinical Setting,"A. L'Huillier, Matthieu Lacour, Debora Sadiku, M. A. Gadiri, Loraine De Siebenthal, M. Schibler, I. Eckerle, Selina Pinösch, L. Kaiser, A. Gervaix, Alban Glangetas, A. Galetto-Lacour, L. Lacroix",10.1128/JCM.00991-21,https://doi.org/10.1128/JCM.00991-21,medRxiv,46,2021,no,"The study specifically focuses on children aged 0-16 years, which explicitly fails the criterion requiring adult participants (≥18 years).",yes,This is a primary diagnostic accuracy study evaluating the performance of a rapid antigen test against RT-PCR.,yes,The study clearly reports rapid antigen test results (Panbio-COVID-19 Ag Rapid Test Device) separately from RT-PCR results.,yes,"The study reports quantifiable diagnostic accuracy data, including sensitivity (0.66 overall, with specific values for different subgroups) and specificity (1.00).",yes,"While not explicitly stated, the context suggests a clinical setting given the systematic collection of nasopharyngeal swabs and RT-PCR testing.",yes,The study evaluates a rapid antigen test (Panbio-COVID-19 Ag Rapid Test Device).,yes,The study uses RT-PCR as the reference standard and evaluates a point-of-care rapid antigen test for SARS-CoV-2.,Exclude,"The study comprehensively evaluates a rapid antigen test for COVID-19 in children, reporting detailed diagnostic accuracy data with RT-PCR as the reference standard. However, the research exclusively focuses on participants aged 0-16 years, which critically fails the requirement for adult participants. Despite meeting most other screening criteria, the population age restriction necessitates exclusion from the systematic review.",0.1
Accuracy of anterior nasal swab rapid antigen tests compared with RT‐PCR for massive SARS‐CoV‐2 screening in low prevalence population,"K. Jakobsen, J. S. Jensen, T. Todsen, N. Kirkby, F. Lippert, A. Vangsted, M. Klokker, C. von Buchwald",10.1111/apm.13189,https://doi.org/10.1111/apm.13189,"Acta Pathologica, Microbiologica et Immunologica Scandinavica (APMIS)",15,2021,yes,"The study explicitly states it includes ""Individuals, aged 18 years or older"" and provides age demographics (median age 48 years).",yes,This is a primary diagnostic accuracy study comparing rapid antigen tests against RT-PCR as the reference standard.,yes,"The study clearly reports rapid antigen test results separately, with specific sensitivity and specificity values provided for the antigen test.",yes,"The study reports clear diagnostic accuracy data, including sensitivity (48.5%) and specificity (100%).",yes,The study was conducted in a clinical/community setting (public test center in Copenhagen).,yes,The study specifically evaluates rapid antigen tests (SD Biosensor) for SARS-CoV-2 detection.,yes,The study uses RT-PCR as the reference standard and evaluates point-of-care rapid antigen tests.,Include,"A comprehensive diagnostic accuracy study of rapid antigen tests for SARS-CoV-2 was conducted among adults in a low-prevalence setting, utilizing RT-PCR as the reference standard. The research meticulously reported sensitivity and specificity, evaluated point-of-care testing methodology, and included a large sample of participants aged 18 and older. All screening criteria were met with clear, quantifiable data demonstrating the test's diagnostic performance.",4.9
Longitudinal assessment of diagnostic test performance over the course of acute SARS-CoV-2 infection,"Rebecca L. Smith, Laura L. Gibson, Pamela P Martinez, Ruian Ke, Agha Mirza, M. Conte, N. Gallagher, Abigail R. Conte, Leyi Wang, R. Fredrickson, Darci C. Edmonson, M. Baughman, Karen K. Chiu, Hannah Choi, Tor W Jensen, K. Scardina, Shannon Bradley, S. Gloss, Crystal Reinhart, J. Yedetore, Alyssa N. Owens, J. Broach, B. Barton, P. Lazar, Darcy Henness, Todd Young, Alastair Dunnett, M. Robinson, H. Mostafa, A. Pekosz, Y. Manabe, W. Heetderks, David D. McManus, C. Brooke",10.1101/2021.03.19.21253964,https://doi.org/10.1101/2021.03.19.21253964,medRxiv,136,2021,maybe,"The abstract does not specify the age range of participants or whether they are pregnant/non-pregnant, so there is significant uncertainty around the population age criterion.",maybe,"The abstract suggests the study is a primary diagnostic accuracy study, but there is some uncertainty as the language is not entirely clear on whether it is a primary study or a meta-analysis.",yes,"The study reports rapid antigen test results (Quidel SARS Sofia FIA) separately from RT-PCR results, which meets the data reporting criterion.",yes,"The study reports sensitivity data for both test types, including specific sensitivity thresholds (>94% and >95%), which meets the outcome measures criterion.",maybe,"The abstract does not explicitly state whether the study was conducted in a clinical or community setting, so there is uncertainty around the study setting criterion.",yes,"The study clearly evaluates rapid antigen tests (Quidel SARS Sofia FIA) alongside RT-PCR, which meets the test methodology criterion.",yes,"The study uses RT-PCR as a reference standard and evaluates point-of-care rapid antigen tests for SARS-CoV-2, which meets the test type and reference standard criterion.",Include,"The study demonstrates clear reporting of rapid antigen test results with RT-PCR as a reference standard, providing quantifiable diagnostic accuracy data for SARS-CoV-2 testing. However, significant uncertainties exist regarding participant age range, study setting, and precise study design, which create potential limitations in fully meeting all screening criteria. The research offers valuable insights into rapid antigen test performance, particularly in surveillance and screening contexts.",3.9
Correlation of SARS-CoV-2 Nucleocapsid Antigen and RNA Concentrations in Nasopharyngeal Samples from Children and Adults Using an Ultrasensitive and Quantitative Antigen Assay,"N. Pollock, T. Savage, Hanna Wardell, Rose A. Lee, A. Mathew, Martin Stengelin, G. Sigal",10.1128/JCM.03077-20,https://doi.org/10.1128/JCM.03077-20,Journal of Clinical Microbiology,74,2020,maybe,"The study includes both adults and children, but reports results separately for these groups. While this partially meets the criterion, the inclusion of pediatric data without clear separation in all analyses is a limitation.",yes,"The study is a primary diagnostic accuracy study comparing the S-PLEX assay with PCR results, which meets this criterion.",maybe,"The study reports antigen test results separately, specifically focusing on the S-PLEX SARS-CoV-2 N assay. However, this appears to be a laboratory-based electrochemiluminescence immunoassay rather than a rapid point-of-care test, which is a significant concern.",yes,"The study reports clear diagnostic accuracy data, including sensitivity and specificity with confidence intervals, which meets this criterion.",yes,"The study appears to be conducted in a clinical setting, as it uses clinical nasopharyngeal samples, which meets this criterion.",no,"The study evaluates an antigen test, but it's a laboratory-based electrochemiluminescence immunoassay rather than a rapid point-of-care test, which is a critical failure of this criterion.",no,"While the study uses RT-PCR as the reference standard, the test being evaluated is not a point-of-care rapid antigen test but rather a laboratory-based assay, which fails to meet the full criterion.",Include,"The study fails to meet key screening criteria due to its use of a laboratory-based electrochemiluminescence immunoassay instead of a rapid point-of-care antigen test. While the research provides valuable diagnostic accuracy data and uses RT-PCR as a reference standard, the methodology does not align with the specified requirements for rapid antigen testing. The inclusion of pediatric data and the laboratory-based test approach further compromise its suitability for the intended screening process.",2.5
Combined Point-of-Care Nucleic Acid and Antibody Testing for SARS-CoV-2 following Emergence of D614G Spike Variant,"P. Mlcochova, D. Collier, A. Ritchie, S. Assennato, M. Hosmillo, N. Goel, B. Meng, Krishna Chatterjee, V. Mendoza, Nigel James Temperton, L. Kiss, L. James, K. Ciazynska, X. Xiong, J. Briggs, J. Nathan, Federica Mescia, L. Bergamaschi, Hongyi Zhang, P. Barmpounakis, N. Demeris, R. Skells, P. Lyons, J. Bradley, Steven F. Baker, J. Allain, Kenneth G. C. Smith, R. Bousfield, M. Wilson, Dominic Sparkes, Glenn Amoroso, E. Gkrania-Klotsas, Susie Hardwick, A. Boyle, I. Goodfellow, Ravindra K. Gupta, Stephen Baker, G. Dougan, Ravindra K. Gupta, P. Lehner, P. Lyons, N. Matheson, M. Toshner, M. Weekes, Nick M Brown, M. Curran, Surendra Palmar, D. Enoch, D. Chapman, A. Shaw, Sherly Jose, A. Bermperi, Julie Ann Zerrudo, Evgenia Kourampa, Laura Watson, Jieniean Worsley, C. Saunders, Ranalie de Jesus, Jason Domingo, C. Pasquale, B. Vergese, P. Vargas, Marivic Fabiculana, M. Perales, Lee Mynott, Elizabeth Blake, A. Bates, A. Vallier, Alexandria Williams, David Phillips, E. Chiu, A. Overhill, N. Ramenatte, J. Sipple, Steven G. Frost, H. Knock, R. Hardy, Emily Foster, Fiona Davidson, V. Rundell, P. Bundi, Richmond Abeseabe, S. Clark, I. Vicente, A. Elmer, C. Ribeiro, Jenny Kourampa, J. Kennet, J. Rowlands, A. Meadows, Criona O’Brien, Rebecca J Rastall, Cherry Crucusio, S. Hewitt, Jane Price, J. Calder, L. Canna, Ashlea Bucke, Hugo Tordesillas, Julie Harris, Valentina Ruffolo, B. Graves, H. Butcher, D. Caputo, Emma Le Gresley, B. Dunmore, Jennifer M. Martin, E. Legchenko, C. Treacy, Christopher Huang, Jennifer Wood, R. Sutcliffe, J. Hodgson, J. Shih, S. Graf, Z. Tong, F. Mescia, T. Tilly, Ciara O’Donnell, K. Hunter, L. Pointon, Nicole Pond, Marta Wylot, E. Jones, Stuart Fawke, Ben Bullman, L. Turner, Isobel Jarvis, Ommar Omarjee, Aloka De Sa, J. Marsden, Ariana Betancourt, Marianne R Perera, M. Epping, N. Richoz, G. Bower, Rahul Sharma, Francesca L. Nice, O. Huhn, Natalia Savoinykh Yarkoni, N. Romashova, Dan Lewis, Andrew Hinch, C. Cossetti, Mateusz Strezlecki, R. Grenfell, H. Stark, N. Walker, K. Stirrups, Nigel R. Ovington, Eleanor Dewhust, Emily Li, S. Papadia, N. Kingston, A. Lever, E. Torok, William Hamilton, G. Hall, A. Jahun, Y. Chaudhry, M. Pinckert, I. Georgana, A. Yakovleva, L. Caller, S. Caddy, T. Feltwell, F. Khokhar, L. Meredith, Charlotte Holdcroft, S. Parmar",10.1016/j.xcrm.2020.100099,https://doi.org/10.1016/j.xcrm.2020.100099,Cell Reports Medicine,70,2020,maybe,The abstract does not specify the age range of participants or whether data is reported separately for adults.,yes,This appears to be a primary diagnostic accuracy study evaluating the performance of different testing approaches.,no,"The abstract discusses both antibody tests and nucleic acid tests, but does not clearly separate the results for rapid antigen tests specifically. The focus appears to be on combined testing rather than separate reporting of antigen test results.",yes,"The study does report quantifiable diagnostic accuracy data, mentioning sensitivity and specificity.",yes,"The study is conducted in a hospital setting, which qualifies as a clinical setting.",no,"The study focuses on antibody tests and nucleic acid tests, not specifically rapid antigen tests. While it mentions ""rapid NAAT,"" this refers to nucleic acid amplification testing, not antigen testing.",no,"The study uses nucleic acid amplification testing (NAAT) as one of its methods, but this is not the same as rapid antigen testing. The reference standard appears to be NAAT itself, not RT-PCR specifically.",Exclude,"The study primarily focuses on antibody and nucleic acid tests for COVID-19, which diverges from the specified screening criteria for rapid antigen testing. Critical requirements such as test methodology, reference standard, and separate reporting of antigen test results are not met, rendering the study non-compliant with the established screening parameters. While the research demonstrates diagnostic accuracy in a clinical setting, it fundamentally differs from the targeted research focus.",1.4
"A rapid, high-sensitivity SARS-CoV-2 nucleocapsid immunoassay to aid diagnosis of acute COVID-19 at the point of care","Paul K. Drain, Madhavi Ampajwala, C. Chappel, A. B. Gvozden, Melanie Hoppers, Melody Wang, Robert Rosen, Stephen Young, Edward Zissman, Michalina A Montaño",10.1101/2020.12.11.20238410,https://doi.org/10.1101/2020.12.11.20238410,medRxiv,8,2020,maybe,"The study includes participants aged 0-90 years, which means it includes children. The abstract doesn't indicate that adult data is reported separately, which is a significant limitation for inclusion.",yes,"This is a primary diagnostic accuracy study, specifically described as a ""prospective validation study"" with original data collection and analysis.",yes,"The study clearly reports rapid antigen test results separately, with specific sensitivity and specificity values provided for the LumiraDx SARS-CoV-2 antigen test.",yes,"The study clearly reports quantifiable diagnostic accuracy data, including sensitivity (97.6%) and specificity (96.6%).",yes,"The study is conducted in ""clinic- and community-based settings"" as explicitly stated.",yes,The study evaluates a rapid antigen test (LumiraDx SARS-CoV-2 antigen test) that uses a microfluidic immunoassay to detect nucleocapsid protein.,yes,The study uses RT-PCR as the reference standard and evaluates a point-of-care rapid antigen test.,Include,"A comprehensive diagnostic accuracy study of a rapid SARS-CoV-2 antigen test was conducted across multiple age groups, utilizing RT-PCR as a reference standard and reporting high sensitivity and specificity. While the study meets most screening criteria, the inclusion of participants aged 0-90 years without separate adult data reporting represents a potential limitation for strict inclusion requirements. The research provides detailed diagnostic performance metrics in clinic and community settings, with robust methodology and clear outcome measures.",3.4
"Sensitivity and Specificity of SARS-CoV-2 Rapid Antigen Detection Tests Using Oral, Anterior Nasal, and Nasopharyngeal Swabs: a Diagnostic Accuracy Study","M. Wölfl-Duchek, Felix Bergmann, Anselm Jorda, Maria Weber, M. Müller, T. Seitz, A. Zoufaly, R. Strassl, M. Zeitlinger, H. Herkner, Harald Schnidar, Karolina Anderle, U. Derhaschnig",10.1128/spectrum.02029-21,https://doi.org/10.1128/spectrum.02029-21,Microbiology spectrum,60,2022,maybe,"The abstract doesn't explicitly state the age range of participants. While it mentions ""hospitalized and nonhospitalized participants,"" it doesn't specify if they were adults or if pediatric data was included.",yes,"This is a primary diagnostic accuracy study (""prospective, diagnostic case-control-type accuracy study"") with original data collection.",yes,"The study clearly reports rapid antigen test results separately, with detailed sensitivity and specificity data for different sampling methods.",yes,"The study reports clear diagnostic accuracy data, including sensitivity (with 95% CIs) and specificity for different sampling methods.",yes,"The study was conducted in a clinical setting (""two hospitals in Vienna"").",yes,The study specifically evaluates rapid antigen detection tests for SARS-CoV-2.,yes,The study uses RT-PCR as the reference standard and evaluates point-of-care rapid antigen tests.,Include,"A comprehensive diagnostic accuracy study of rapid antigen tests for SARS-CoV-2, conducted in a clinical setting with RT-PCR as the reference standard, reporting detailed sensitivity and specificity across different sampling methods. The research provides robust data on test performance, with clear outcome measures and a well-defined methodology, though some uncertainty exists regarding the precise age range of participants.",4.6
SARS-CoV-2 sensitivity limbo – How low can we go?,"G. Patriquin, J. LeBlanc",10.1016/j.ijid.2020.11.138,https://doi.org/10.1016/j.ijid.2020.11.138,International Journal of Infectious Diseases,11,2020,no,The abstract doesn't specify any particular age group or population characteristics. There's no mention of whether the discussion is limited to adults or includes other age groups.,no,"This appears to be a commentary or perspective piece discussing the role of rapid diagnostic tests, rather than a primary diagnostic accuracy study or meta-analysis reporting original data. The abstract references other studies but doesn't present original research.",no,"The abstract discusses rapid antigen tests and their sensitivity, but it appears to be a commentary/review rather than a primary study reporting original test results. While it mentions sensitivity values, these are referenced from other studies rather than original data.",no,The paper discusses diagnostic accuracy measures (sensitivity) but is referencing values from other studies rather than reporting original accuracy data.,no,"The abstract discusses both laboratory and point-of-care settings, but this is in a general context rather than reporting results from a specific study setting.",maybe,"The paper does focus on rapid antigen tests (RDTs) for SARS-CoV-2, which meets this criterion. However, it's discussing them in general rather than evaluating specific tests.",no,"While the paper mentions RT-PCR as the reference standard, it's not conducting a direct comparison but rather discussing the relationship between RDTs and RT-PCR in general terms.",Exclude,"This commentary discusses rapid diagnostic tests for SARS-CoV-2 but lacks original research data, failing to meet key screening criteria for a primary diagnostic accuracy study. While providing insights into test sensitivity and methodology, the paper does not report original diagnostic accuracy measures or present a specific study design with quantifiable outcomes. Consequently, the manuscript would not qualify for inclusion in a systematic review focused on diagnostic test performance.",1.4
"Multi-site assessment of rapid, point-of-care antigen testing for the diagnosis of SARS-CoV-2 infection in a low-prevalence setting: A validation and implementation study","Stephen Muhi, Nick Tayler, T. Hoang, S. Ballard, Maryza Graham, A. Rojek, J. Kwong, J. Trubiano, O. Smibert, G. Drewett, Fiona James, E. Gardiner, Socheata Chea, Nicole Isles, M. Sait, S. Pasricha, G. Taiaroa, J. McAuley, Eloise Williams, K. Gibney, T. Stinear, K. Bond, S. Lewin, M. Putland, B. Howden, D. Williamson",10.1016/j.lanwpc.2021.100115,https://doi.org/10.1016/j.lanwpc.2021.100115,The Lancet Regional Health - Western Pacific,41,2021,maybe,"The abstract doesn't explicitly state the age range of participants. However, since it's conducted in hospitals and there's no mention of pediatric or pregnant populations, it likely includes adults, but we cannot be certain without full text.",yes,This is a primary diagnostic accuracy study comparing rapid antigen tests against RT-PCR in a clinical setting.,yes,The study clearly reports rapid antigen test results (Abbott PanBioTM COVID-19 Ag) separately from RT-PCR results.,yes,"The study reports quantifiable diagnostic accuracy data, including specificity (99.96%) and sensitivity (ranging from 77.3% to 100%).",yes,"The study was conducted in three Melbourne metropolitan hospitals, which is a clinical setting.",yes,The study specifically evaluates a rapid antigen test (Abbott PanBioTM COVID-19 Ag) for SARS-CoV-2.,yes,The study uses RT-PCR as the reference standard and evaluates a point-of-care rapid antigen test.,Include,"A diagnostic accuracy study of rapid antigen testing for SARS-CoV-2 in a clinical setting, utilizing RT-PCR as a reference standard and reporting comprehensive sensitivity and specificity data. The research meets most screening criteria, with only minor uncertainty regarding participant age range, and provides detailed insights into point-of-care testing performance in a low-prevalence environment.",4.6
Diagnostic Accuracy of a Rapid SARS-CoV-2 Antigen Test Among People Experiencing Homelessness: A Prospective Cohort and Implementation Study,"P. De Nardo, M. Tebon, A. Savoldi, N. Soriolo, E. Danese, D. Peserico, Matteo Morra, E. Gentilotti, Gulser Caliskan, P. Marchetti, Riccardo Cecchetto, A. Mazzariol, G. Verlato, D. Gibellini, E. Tacconelli",10.1007/s40121-023-00787-0,https://doi.org/10.1007/s40121-023-00787-0,Infectious Disease and Therapy,2,2023,yes,"The study explicitly states participants were ""PEH ≥ 18 years,"" meeting the adult population requirement.",yes,This is a primary diagnostic accuracy study with original data collection and analysis.,yes,"The study clearly reports rapid antigen test results separately, with detailed comparison against rtRT-PCR results.",yes,"The study reports comprehensive diagnostic accuracy data including sensitivity (63.8%), specificity (99.8%), PPV (97.5%), and NPV (96.8%).",yes,The study was conducted in a clinical/community setting (shelters for people experiencing homelessness).,yes,"The study specifically evaluates a rapid antigen test (Biocredit® COVID-19 Ag), which is a lateral flow immunochromatographic assay.",yes,The study uses point-of-care rapid antigen tests and rtRT-PCR (Allplex™ SARS-CoV-2 assay kit) as the reference standard.,Include,"A comprehensive diagnostic accuracy study of rapid antigen testing for SARS-CoV-2 among people experiencing homelessness, utilizing a point-of-care lateral flow immunochromatographic assay with rtRT-PCR as the reference standard. The research meticulously reports diagnostic performance metrics including sensitivity, specificity, and predictive values across two pandemic waves, with a robust methodology involving adult participants and a large sample size. The study meets all critical screening criteria for a high-quality diagnostic accuracy investigation.",4.9
Diagnostic accuracy and feasibility of patient self-testing with a SARS-CoV-2 antigen-detecting rapid test,"A. Lindner, O. Nikolai, C. Rohardt, F. Kausch, M. Wintel, M. Gertler, S. Burock, Merle Hörig, Julian Bernhard, F. Tobian, M. Gaeddert, F. Lainati, V. Corman, T. Jones, J. Sacks, J. Seybold, C. Denkinger, F. Mockenhaupt",10.1016/j.jcv.2021.104874,https://doi.org/10.1016/j.jcv.2021.104874,Journal of Clinical Virology,50,2021,yes,"The study specifically mentions ""symptomatic adults"" and there's no indication of including children or pregnant women.",yes,"The study is explicitly described as a ""manufacturer-independent, prospective diagnostic accuracy study"" with original data collection.",yes,"The study clearly reports rapid antigen test results separately, with specific sensitivity values for both self-testing and professional testing.",yes,"The study reports clear diagnostic accuracy data, including sensitivity (82.5% for self-testing, 85.0% for professional testing) with confidence intervals.",maybe,"While not explicitly stated, the context of testing symptomatic adults and comparing self-testing to professional testing implies a clinical setting.",yes,"The study evaluates SARS-CoV-2 antigen-detecting rapid diagnostic tests (Ag-RDTs), which are specifically mentioned as WHO-listed.",yes,"The study uses RT-PCR as the reference standard (""relative to RT-PCR on a combined oro-/nasopharyngeal sample"") and evaluates point-of-care rapid antigen tests.",Include,"A comprehensive diagnostic accuracy study of SARS-CoV-2 rapid antigen tests among symptomatic adults, utilizing RT-PCR as the reference standard and reporting detailed sensitivity and specificity data. The research systematically compared self-testing and professional testing methodologies, providing quantifiable diagnostic performance metrics across different viral load scenarios. The study meets all key screening criteria, offering robust insights into point-of-care antigen testing effectiveness.",4.9
"Diagnostic Performance of an Antigen Test with RT-PCR for the Detection of SARS-CoV-2 in a Hospital Setting — Los Angeles County, California, June–August 2020","Auguste Brihn, Jamie Chang, Kelsey Oyong, S. Balter, D. Terashita, Zach Rubin, N. Yeganeh",10.15585/mmwr.mm7019a3,https://doi.org/10.15585/mmwr.mm7019a3,MMWR. Morbidity and mortality weekly report,75,2021,maybe,"The abstract doesn't explicitly state the age range of participants. While it mentions ""patients"" and ""health care providers,"" there's no specific mention of age restrictions or separate reporting for adults.",yes,This is a primary diagnostic accuracy study comparing antigen test performance with RT-PCR in a hospital setting.,yes,"The study clearly reports rapid antigen test results (Quidel Sofia 2 SARS Antigen FIA) separately from RT-PCR results, with specific performance metrics provided.",yes,"The study reports clear diagnostic accuracy data, including sensitivity and specificity for both symptomatic (72.1% sensitivity, 98.7% specificity) and asymptomatic (60.5% sensitivity, 99.5% specificity) patients.",yes,"The study was conducted in a hospital setting, which meets the clinical setting requirement.",yes,The study specifically evaluates a rapid antigen test (Quidel Sofia 2 SARS Antigen FIA) and compares it with RT-PCR.,yes,The study evaluates a point-of-care rapid antigen test and uses RT-PCR as the reference standard.,Include,"A diagnostic accuracy study comparing rapid antigen testing with RT-PCR in a hospital setting, reporting comprehensive sensitivity and specificity data for both symptomatic and asymptomatic patients. The research meets most screening criteria, with robust methodology and clear outcome measures, though participant age range remains slightly ambiguous. The study provides valuable insights into point-of-care SARS-CoV-2 diagnostic performance across different patient populations.",4.6
Performance of SARS-CoV-2 rapid antigen test compared with real-time RT-PCR in asymptomatic individuals,"M. Peña, Manuel Ampuero, C. Garcés, A. Gaggero, Patricia García, M. Velasquez, Ricardo Luza, P. Alvarez, F. Paredes, Johanna Acevedo, M. Farfán, S. Solari, R. Soto-Rifo, F. Valiente-Echeverría",10.1016/j.ijid.2021.04.087,https://doi.org/10.1016/j.ijid.2021.04.087,International Journal of Infectious Diseases,58,2021,maybe,"The abstract only mentions ""asymptomatic individuals"" without specifying age ranges, creating some uncertainty about whether the study meets the age criterion.",yes,This is a primary diagnostic accuracy study comparing RAT with RT-PCR in a defined population.,yes,"The study clearly reported rapid antigen test (RAT) results separately from other test types, with specific accuracy metrics provided.",yes,"The study reports clear diagnostic accuracy data including sensitivity (69.86%), specificity (99.61%), PPV (94.44%), and NPV (97.22%).",yes,"The study was conducted in Tarapacá, Chile, in what appears to be a clinical/community setting, testing asymptomatic individuals.",yes,The study explicitly evaluates a SARS-CoV-2 rapid antigen test (RAT).,yes,The study uses RT-PCR as the reference standard and evaluates point-of-care rapid antigen tests for SARS-CoV-2.,Include,"A diagnostic accuracy study comparing rapid antigen tests with RT-PCR in asymptomatic individuals demonstrates strong methodological alignment with most screening criteria. The research provides comprehensive diagnostic performance metrics, uses appropriate testing methodology, and evaluates point-of-care testing in a clinical setting. The only notable uncertainty relates to participant age range, which would require full text review for definitive confirmation.",4.6
Evaluation of diagnostic performance of a rapid antigen test in diagnosing COVID-19.,"Eman R. Badawy, Azza M Ezz El-Din, Randa A. El Zohne",10.55133/eji.300102,https://doi.org/10.55133/eji.300102,Egyptian Journal of Immunology,1,2023,maybe,"The abstract does not explicitly state the age range of participants, and there is no specific mention of age restrictions or separate reporting for adults.",yes,"This is a primary diagnostic accuracy study comparing antigen tests to RT-PCR, with original data collection and analysis.",yes,"The study clearly reports rapid antigen test results separately from other test types, with specific numbers provided for both RT-PCR and antigen test results.",yes,"The study reports clear diagnostic accuracy measures including sensitivity (91.11%), specificity (100%), PPV, NPV, and accuracy (91.8%).",yes,"While not explicitly stated, the context suggests a clinical setting given the use of RT-PCR and the structured comparison of test results.",yes,The study specifically evaluates a rapid antigen test (BIOZEK antigen COVID-19 Ag rapid test device) and not antibody tests or other diagnostics.,yes,The study uses RT-PCR as the reference standard and evaluates a point-of-care rapid antigen test for SARS-CoV-2.,Include,"A comprehensive diagnostic accuracy study comparing rapid antigen tests to RT-PCR for SARS-CoV-2 detection, with robust methodology and detailed reporting of sensitivity, specificity, and other performance metrics. The research meets most screening criteria, with only minor uncertainty regarding participant age range, and provides valuable insights into point-of-care diagnostic testing during the COVID-19 pandemic.",4.6
Performance of six rapid diagnostic tests for SARS-CoV-2 antigen detection and implications for practical use,"S. Fourati, C. Langendorf, E. Audureau, D. Challine, J. Michel, A. Soulier, Nazim Ahnou, Isaac Désveaux, O. Picard, Valérie Ortonne, Aurélie Gourgeon, C. Mills, F. Hemery, C. Rieux, J. Pawlotsky, N. Malou, S. Chevaliez",10.1016/j.jcv.2021.104930,https://doi.org/10.1016/j.jcv.2021.104930,Journal of Clinical Virology,14,2021,maybe,"The abstract mentions ""hospitalized patients or outpatients"" but doesn't specify age ranges, creating some uncertainty about whether the study includes only adults or includes children.",yes,This is a primary diagnostic accuracy study comparing RDTs against RT-PCR as the reference standard.,yes,"The study clearly reports rapid antigen test results separately, evaluating 6 different RDTs with specific sensitivity and specificity values.",yes,"The study reports clear quantifiable diagnostic accuracy data, including sensitivity (32.3% to 61.7%) and specificity (93.2% to 98.5%).",yes,"The study was conducted in a clinical setting, including both hospitalized patients and outpatients.",yes,"The study specifically evaluates rapid antigen tests (RDTs) for SARS-CoV-2, using lateral flow immunoassays to detect viral proteins.",yes,The study uses RT-PCR as the reference standard and evaluates point-of-care rapid antigen tests.,Include,"A comprehensive diagnostic accuracy study of SARS-CoV-2 rapid antigen tests was conducted across multiple patient groups, utilizing RT-PCR as a reference standard and reporting detailed sensitivity and specificity metrics. The research systematically evaluated six different rapid diagnostic tests, providing quantifiable performance data across clinical settings with robust methodological approaches. While most screening criteria were definitively met, some uncertainty remained regarding the precise age range of study participants.",4.6
IFCC interim guidelines on rapid point-of-care antigen testing for SARS-CoV-2 detection in asymptomatic and symptomatic individuals,"M. K. Bohn, G. Lippi, A. Horvath, R. Erasmus, M. Grimmler, M. Gramegna, N. Mancini, R. Mueller, W. Rawlinson, M. E. Menezes, M. Patru, F. Rota, S. Sethi, Krishna Singh, K. Yuen, Cheng-bin Wang, K. Adeli",10.1515/cclm-2021-0455,https://doi.org/10.1515/cclm-2021-0455,Clinical Chemistry and Laboratory Medicine,37,2021,no,"The abstract does not specify any age restrictions or population characteristics. It only mentions ""target populations"" in general terms.",no,"This appears to be a guidance document/review from the IFCC Taskforce, not a primary diagnostic accuracy study or meta-analysis reporting original data. It aims to ""summarize available data"" and provide guidance.",no,"The abstract does not present specific test results, but rather appears to be a guidance document summarizing available data on antigen tests. It does not report original test results separately.",no,"The abstract does not indicate that specific diagnostic accuracy measures (sensitivity, specificity) are reported. It appears to be a guidance document rather than a study reporting quantifiable accuracy data.",no,"The abstract mentions point-of-care settings and laboratory settings, but as a guidance document rather than a study conducted in these settings.",yes,"The paper does focus on rapid antigen tests (Ag-RDTs) specifically, so this criterion is met.",no,"While the paper discusses both antigen tests and NAAT (RT-PCR) as reference standard, it does not appear to present original comparative data between these tests.",Exclude,"This document appears to be a guidance paper summarizing rapid antigen test methodologies rather than a primary diagnostic accuracy study. While it focuses on SARS-CoV-2 antigen tests, it lacks original data reporting, specific population details, and quantifiable diagnostic accuracy measures. The paper provides methodological insights but does not meet the systematic review's core screening criteria for a diagnostic accuracy study.",1.4
Molecular Diagnosis of SARS-CoV-2: Assessing and Interpreting Nucleic Acid and Antigen Tests,"P. Zimmerman, C. King, M. Ghannoum, R. Bonomo, G. Procop",10.20411/pai.v6i1.422,https://doi.org/10.20411/pai.v6i1.422,Pathogens and Immunity,8,2021,no,The abstract does not specify any age groups or population characteristics. There is no information about whether the review focuses on adults or includes other populations.,no,"This is explicitly a review paper (""In this review, we summarize...""), not a primary diagnostic accuracy study or meta-analysis reporting original data.",no,"The abstract does not report any specific rapid antigen test results. It is a review paper discussing both nucleic acid and antigen testing in general terms, without presenting original data.",no,The abstract does not report any quantifiable diagnostic accuracy data. It discusses the role of tests in general terms but doesn't present specific accuracy measures.,maybe,"The abstract mentions both clinical and public health settings, which would meet this criterion, but this is in the context of a general review rather than a specific study.",no,"While the paper discusses antigen tests, it does so in a general context alongside nucleic acid tests. It's not focused specifically on evaluating rapid antigen tests.",no,"The abstract mentions both RT-PCR and antigen tests, but does not describe a comparative evaluation of rapid antigen tests against RT-PCR as a reference standard.",Exclude,"This review paper fails to meet multiple critical screening criteria, particularly the requirement for a primary diagnostic accuracy study with original data. The abstract discusses nucleic acid and antigen testing in general terms but lacks specific diagnostic accuracy measures, quantifiable results, and a focused evaluation of rapid antigen tests against a reference standard. Consequently, the paper does not align with the specified screening requirements for a diagnostic accuracy study.",0.1
Rapid antigen tests for large-scale diagnostic campaigns: A case study from North-Eastern Italy,"M. Riccò, S. Ranzieri, F. Marchesi",10.1016/j.jinf.2021.01.011,https://doi.org/10.1016/j.jinf.2021.01.011,Journal of Infection,6,2021,maybe,"The abstract doesn't specify the age range of participants in the screening campaign. It only mentions that 361,781 people (67.9% of the total population) were tested, without age breakdown.",maybe,"This appears to be an analysis of public health data from a mass screening campaign, not a primary diagnostic accuracy study or meta-analysis. The focus is on population-level outcomes rather than diagnostic accuracy evaluation.",maybe,"The abstract discusses rapid antigen diagnostic (RAD) tests, but it is primarily focused on analyzing population-level data from a mass screening campaign rather than reporting specific test results. While RAD tests are mentioned, the data presented is more about epidemiological outcomes than individual test results.",maybe,"The abstract doesn't report specific diagnostic accuracy measures (sensitivity, specificity). Instead, it focuses on epidemiological outcomes like case notification rates.",yes,"The study was conducted in a community setting (mass screening campaign in South Tyrol), so this criterion is met.",yes,"The study does evaluate rapid antigen tests (RAD tests) for SARS-CoV-2, so this criterion is met.",maybe,"While RAD tests are evaluated, there's no mention of RT-PCR as a reference standard. The study appears to focus on population-level outcomes rather than comparing test results against a reference standard.",Include,"The study involves rapid antigen tests for SARS-CoV-2 in a community setting, but lacks critical diagnostic accuracy elements such as reference standard comparison, specific age group reporting, and quantifiable diagnostic performance measures. While the research provides insights into mass screening campaign outcomes, it does not meet the comprehensive criteria for a diagnostic accuracy study. The analysis focuses more on epidemiological trends than precise test performance evaluation.",2.5
"In adults and children, a rapid POC antigen test for COVID-19 (LumiraDx) had ≥97% sensitivity and specificity vs. RT-PCR",T. Fekete,10.7326/ACPJ202107200-082,https://doi.org/10.7326/ACPJ202107200-082,Annals of Internal Medicine,2,2021,no,The abstract provides no information about participant age groups or whether data is reported separately for adults.,yes,"The title indicates this is a ""clinical performance study"" which suggests it's a primary diagnostic accuracy study.",maybe,"The abstract does not explicitly state whether rapid antigen test results are reported separately, but the title suggests this is a specific immunoassay study, which implies separate reporting.",maybe,"The abstract mentions ""clinical performance"" but doesn't explicitly state whether it reports sensitivity, specificity, or other accuracy measures.",yes,"The title mentions ""point of care"" which suggests a clinical setting.",yes,"The study evaluates a ""SARS-CoV-2 nucleocapsid immunoassay"" which appears to be a rapid antigen test.",maybe,"While the test type appears to be a point-of-care immunoassay, the abstract doesn't explicitly mention RT-PCR as the reference standard.",Include,"A SARS-CoV-2 nucleocapsid immunoassay study appears to meet several screening criteria, including test methodology and study design, with potential for diagnostic accuracy reporting. However, significant information gaps exist regarding population age, reference standard, and specific outcome measures, creating substantial uncertainty about full compliance with screening requirements.",3.4
Influence of seasonal and operator variations on diagnostic accuracy of lateral flow devices during the COVID-19 pandemic: a systematic review and meta-analysis,"A. Krishnamoorthy, S. Chandrapalan, Gohar JalayeriNia, Yaqza Hussain, A. Bannaga, I. I. Lei, R. Arasaradnam",10.7861/clinmed.2022-0319,https://doi.org/10.7861/clinmed.2022-0319,Clinical medicine (London),4,2023,maybe,"The abstract does not explicitly specify the age range of participants, creating some uncertainty about whether the study only includes non-pregnant adult participants or if the data of adult participants are reported separately.",yes,"The study is a systematic review and meta-analysis of diagnostic accuracy studies, which meets the criterion of being a primary diagnostic accuracy study or meta-analysis reporting original data.",yes,"The study reports rapid antigen test results separately from other test types, as indicated by the abstract providing specific sensitivity and specificity values for the lateral flow tests (LFTs).",yes,"The study clearly reports quantifiable diagnostic accuracy data, including pooled sensitivity (72%) and specificity (100%) with confidence intervals, meeting this criterion.",maybe,"While not explicitly stated, the context suggests the study was conducted in clinical and community settings, as it discusses both staff operation and self-operation of tests, likely meeting this criterion.",yes,"The study specifically focuses on lateral flow tests (LFTs), which are point-of-care rapid antigen tests, meeting this criterion.",yes,"The abstract explicitly states that the LFTs are compared with PCR tests as the reference standard, meeting this criterion.",Include,"A systematic review and meta-analysis of lateral flow tests for SARS-CoV-2 demonstrates strong diagnostic accuracy with PCR as the reference standard, reporting clear sensitivity and specificity metrics. The study comprehensively evaluates point-of-care rapid antigen tests across multiple settings, though some uncertainty exists regarding the precise age range of participants. Overall, the research provides robust evidence for the diagnostic performance of lateral flow tests in detecting COVID-19.",4.3
"The Abbott PanBio WHO emergency use listed, rapid, antigen-detecting point-of-care diagnostic test for SARS-CoV-2—Evaluation of the accuracy and ease-of-use","L. J. Krüger, M. Gaeddert, F. Tobian, F. Lainati, Claudius Gottschalk, J. Klein, P. Schnitzler, H. Kräusslich, O. Nikolai, A. Lindner, F. Mockenhaupt, J. Seybold, V. Corman, C. Drosten, N. Pollock, B. Knorr, A. Welker, M. de Vos, J. Sacks, C. Denkinger",10.1371/journal.pone.0247918,https://doi.org/10.1371/journal.pone.0247918,PLoS ONE,38,2021,maybe,"The abstract doesn't explicitly state the age range of participants, so it's unclear if the study only includes non-pregnant adult participants or if the data of adult participants are reported separately.",yes,"The study is explicitly described as a ""prospective, multi-centre diagnostic accuracy study"" with original data collection.",yes,The study clearly reports rapid antigen test results (Abbott PanBio) separately from RT-PCR results.,yes,"The study reports clear diagnostic accuracy data, including sensitivity (86.8%) and specificity (99.9%) with confidence intervals.",yes,The study was conducted in clinical settings (multi-centre study in Germany).,yes,The study specifically evaluates a rapid antigen test (Abbott PanBio Ag-RDT) for SARS-CoV-2.,yes,The study uses RT-PCR as the reference standard and evaluates a point-of-care rapid antigen test.,Include,"A comprehensive diagnostic accuracy study of a rapid antigen test for SARS-CoV-2, conducted in clinical settings with RT-PCR as the reference standard, reporting detailed sensitivity and specificity data. The research meets most screening criteria, with only minor uncertainty regarding participant age range, but demonstrates robust methodology and clear reporting of diagnostic performance metrics.",4.6
FebriDx point-of-care test in patients with suspected COVID-19: a systematic review and individual patient data meta-analysis of diagnostic test accuracy studies,"Samuel G Urwin, B. C. Lendrem, Jana Suklan, Kile Green, S. Graziadio, P. Buckle, Paul, M. Dark, Adam L. Gordon, D. Lasserson, Brian Nicholson, D. A. Price, Charles, Reynard, M. Wilcox, G. Hayward, Graham Prestwich, V. Tate, W. Tristan, Clark, Raja V. Reddy, Hamish Houston, A. Gupta-Wright, L. John, Richard, Body, A. Allen",-,-,-,0,2021,maybe,"The study includes adult patients, with age ranges specified as 16-73 years and >73 years. While it includes some participants under 18 (16-17 years), the data is analyzed separately for different age groups.",yes,The study is a systematic review and IPD meta-analysis that includes original data from primary diagnostic accuracy studies.,yes,The study reports rapid antigen test results (FebriDx lateral flow device) separately from other test types (RT-PCR).,yes,"The study clearly reports quantifiable diagnostic accuracy data, including pooled sensitivity (0.911) and specificity (0.868) with 95% CIs.",yes,"The study was conducted in a clinical setting, as the abstract mentions that patients received ""hospital care.""",yes,The study evaluates a lateral flow device (LFD) which is a type of rapid antigen test.,yes,The study explicitly uses RT-PCR as the reference standard for evaluating the FebriDx LFD.,Include,"A systematic review and meta-analysis of a rapid antigen test for COVID-19 demonstrates strong alignment with most screening criteria, including appropriate test methodology, reference standard, and outcome measures. The study reports diagnostic accuracy data from a clinical setting with adult participants, though it includes a small number of participants under 18 years old. Comprehensive analysis of sensitivity, specificity, and age-related subgroups provides robust evidence for the diagnostic test's performance.",4.6
The potential of SARS-CoV-2 antigen-detection tests in the screening of asymptomatic persons,"Jonas Wachinger, I. Olaru, Susanne Horner, P. Schnitzler, K. Heeg, C. Denkinger",10.1016/j.cmi.2021.07.020,https://doi.org/10.1016/j.cmi.2021.07.020,Clinical Microbiology and Infection,19,2021,maybe,"The abstract doesn't explicitly state the age range of participants. While it mentions ""patients presenting for elective procedures and selected personnel,"" it doesn't specify if they're all adults or if pediatric data is included.",yes,This is a primary diagnostic accuracy study evaluating the performance of Ag-RDTs in a real-world setting.,yes,"The study clearly reports rapid antigen test results separately, with specific numbers for positive and negative results (222 positive results, 94 false negatives).",yes,"The study reports quantifiable diagnostic accuracy data, specifically positive predictive value (86.7%) and discusses false negatives.",yes,The study was conducted in a clinical setting (tertiary care hospital) and includes community screening.,yes,The study specifically evaluates antigen-based rapid diagnostic tests (Ag-RDTs) for SARS-CoV-2.,yes,"The study uses point-of-care Ag-RDTs and confirms positive results with PCR testing, which serves as the reference standard.",Include,"A comprehensive diagnostic accuracy study of rapid antigen tests for SARS-CoV-2 was conducted in a clinical setting, utilizing point-of-care testing with PCR as a reference standard and reporting detailed performance metrics. The research evaluated 49,542 tests across 27,421 asymptomatic individuals, providing robust data on test performance with clear quantifiable outcomes. The only potential limitation was the lack of explicit confirmation regarding participant age range.",4.3
Evaluation of the test accuracy of a SARS-CoV-2 rapid antigen test in symptomatic community dwelling individuals in the Netherlands,"N. Van der Moeren, V. Zwart, E. Lodder, W. van den Bijllaardt, Harald R J M Van Esch, J. Stohr, J. Pot, I. Welschen, P. V. Van Mechelen, S. Pas, J. Kluytmans",10.1371/journal.pone.0250886,https://doi.org/10.1371/journal.pone.0250886,PLoS ONE,26,2021,yes,"The abstract specifically mentions ""adults"" as the study population, indicating participants are 18+ years.",yes,This is a primary diagnostic accuracy study evaluating the BD Veritor System for Rapid Detection of SARS-CoV-2 against qRT-PCR.,yes,"The study clearly reports rapid antigen test results (VRD) separately from RT-PCR results, with specific sensitivity and specificity values provided.",yes,"The study reports clear diagnostic accuracy data, including sensitivity (94.1% and 78.9% in different parts) and specificity (100%).",yes,"The study was conducted in Municipal Health Service (MHS) COVID-19 test centers, which represents a clinical/community setting.",yes,The study explicitly evaluates a rapid antigen test (BD Veritor System) rather than antibody or laboratory-based tests.,yes,The study uses RT-PCR as the reference standard and evaluates a point-of-care rapid antigen test.,Include,"A comprehensive diagnostic accuracy study of a rapid antigen test for SARS-CoV-2 was conducted among adult participants in a clinical setting, using RT-PCR as the reference standard. The research meticulously reported quantifiable diagnostic accuracy measures, including sensitivity and specificity, with clear stratification by symptom onset and viral load. All key screening criteria were met, demonstrating a robust methodology for evaluating point-of-care COVID-19 testing.",4.9
Diagnostic Accuracy of Rapid Antigen Tests in Asymptomatic Close Contacts of Individuals With Confirmed SARS-CoV-2 Infections in the Herat Province of Afghanistan in 2021: Cross-sectional Study (Preprint),Ahmad Amirnajad,10.2196/preprints.36575,https://doi.org/10.2196/preprints.36575,-,2,2022,maybe,"The study includes participants aged 11-90 years, with a median age of 35. The abstract doesn't indicate whether adult data is reported separately from pediatric data.",yes,This is a primary diagnostic accuracy study comparing rapid antigen tests against RT-PCR in a cross-sectional design.,yes,"The study clearly reports rapid antigen test results separately from RT-PCR results, with specific numbers provided (30 cases confirmed by rapid antigen test vs 105 by RT-PCR).",yes,"The study reports quantifiable diagnostic accuracy data, specifically sensitivity (20.1%) and specificity (90%).",yes,The study was conducted in a clinical/community setting through contact-tracing surveillance teams.,yes,The study specifically evaluates rapid antigen tests (Biosensor brand) for SARS-CoV-2 detection.,yes,The study uses point-of-care rapid antigen tests and RT-PCR as the reference standard.,Include,"A diagnostic accuracy study comparing rapid antigen tests with RT-PCR in COVID-19 contact tracing, demonstrating low sensitivity (20.1%) and high specificity (90%) across a diverse age range. The research meets most screening criteria, with the primary limitation being the inclusion of participants under 18 years without separate adult data reporting. The study provides valuable insights into rapid antigen test performance in a resource-constrained setting.",4
Head-to-head comparison of SARS-CoV-2 antigen-detecting rapid test with self-collected anterior nasal swab versus professional-collected nasopharyngeal swab,"A. Lindner, O. Nikolai, F. Kausch, M. Wintel, F. Hommes, M. Gertler, L. J. Krüger, M. Gaeddert, F. Tobian, F. Lainati, Lisa Köppel, J. Seybold, V. Corman, V. Corman, Christian Drosten, Christian Drosten, J. Hofmann, J. Sacks, F. Mockenhaupt, C. Denkinger",10.1101/2020.10.26.20219600,https://doi.org/10.1101/2020.10.26.20219600,medRxiv,130,2020,maybe,"The abstract doesn't explicitly state the age range of participants, so it's unclear if the study only includes non-pregnant adult participants or if the data of adult participants are reported separately.",yes,"The study is explicitly described as a ""manufacturer-independent, prospective diagnostic accuracy study"" with original data collection.",yes,"The study clearly reports rapid antigen test results separately, with detailed accuracy metrics for the STANDARD Q COVID-19 Ag Test.",yes,"The study reports clear diagnostic accuracy data including sensitivity, specificity, and positive/negative agreement with confidence intervals.",yes,"While not explicitly stated, the context suggests a clinical setting with professional healthcare personnel involvement.",yes,The study specifically evaluates a rapid antigen test (STANDARD Q COVID-19 Ag Test) and not antibody or laboratory-based tests.,yes,"The study uses a point-of-care rapid antigen test and RT-PCR as the reference standard, explicitly stated in the methods.",Include,"A comprehensive diagnostic accuracy study of a rapid antigen test for SARS-CoV-2 demonstrates strong methodological rigor, utilizing RT-PCR as a reference standard and reporting detailed sensitivity and specificity metrics. The research effectively compares anterior nasal and nasopharyngeal sampling techniques, with only minor uncertainty regarding participant age range. Overall, the study provides robust evidence for the diagnostic performance of point-of-care antigen testing.",4.6
Evaluation of an antigen-based test for hospital point-of-care diagnosis of SARS-CoV-2 infection,"G. Bianco, M. Boattini, A. Barbui, G. Scozzari, F. Riccardini, M. Coggiola, E. Lupia, R. Cavallo, C. Costa",10.1016/j.jcv.2021.104838,https://doi.org/10.1016/j.jcv.2021.104838,Journal of Clinical Virology,24,2021,maybe,"The study mentions both adult and pediatric emergency departments, so it's not clear if the results are reported separately for adults. This creates some uncertainty.",yes,This is a primary diagnostic accuracy study comparing the LumiraDx POCT against a reference standard.,yes,"The study clearly reports rapid antigen test results separately, with detailed sensitivity, specificity, PPV, and NPV values provided.",yes,"The study reports detailed diagnostic accuracy measures including sensitivity, specificity, PPV, and NPV with confidence intervals.",yes,The study was conducted in a clinical setting (hospital emergency departments and occupational medicine department).,yes,The study specifically evaluates a rapid antigen point-of-care test (SARS-CoV-2 Ag Test on the LumiraDx Platform).,yes,The study uses a rapid antigen POCT and compares it against Xpert Xpress SARS-CoV-2 assay (a NAAT/RT-PCR-based test) as the reference standard.,Include,"A diagnostic accuracy study of a rapid antigen point-of-care test for SARS-CoV-2 was conducted in a hospital setting, comparing test results against a reference standard and reporting comprehensive diagnostic performance metrics. The study evaluated the test across symptomatic and asymptomatic groups, providing detailed sensitivity, specificity, and predictive value data. While most screening criteria were clearly met, some uncertainty exists regarding the separate reporting of adult participant data.",4.3
"Validation of the STANDARD Q COVID-19 antigen test in Vojvodina, Serbia","M. Ristić, N. Nikolic, V. Čabarkapa, V. Turkulov, V. Petrović",10.1371/journal.pone.0247606,https://doi.org/10.1371/journal.pone.0247606,PLoS ONE,58,2021,yes,"The study includes adult participants with a median age of 49 (IQR 36-70), indicating an adult population. No mention of pregnant participants.",yes,This is a primary diagnostic accuracy study comparing a rapid antigen test against RT-qPCR as the reference standard.,yes,The study clearly reports rapid antigen test results (STANDARD Q COVID-19 Ag Test) separately from RT-qPCR results.,yes,"The study reports quantifiable diagnostic accuracy data, including sensitivity (58.1% with 95% CI) and other measures like Kappa values.",yes,"The study was conducted in a healthcare facility in Novi Sad, Serbia, which qualifies as a clinical setting.",yes,The study specifically evaluates a rapid antigen test (STANDARD Q COVID-19 Ag Test) for SARS-CoV-2 detection.,yes,The study evaluates a point-of-care rapid antigen test and uses RT-qPCR as the reference standard.,Include,"A comprehensive diagnostic accuracy study of a rapid antigen COVID-19 test was conducted among adult patients, utilizing RT-qPCR as the reference standard in a clinical setting. The research systematically evaluated test performance, reporting quantifiable diagnostic accuracy measures including sensitivity and Kappa values across different disease stages. The study met all critical screening criteria, providing robust evidence for the rapid antigen test's diagnostic utility, particularly in the early phase of COVID-19.",4.9
"Clinical Evaluation of Roche SD Biosensor Rapid Antigen Test for SARS-CoV-2 in Municipal Health Service Testing Site, the Netherlands","Zsὁfia Iglὁi, J. Velzing, J. van Beek, D. A. van de Vijver, G. Aron, R. Ensing, Kim Benschop, W. Han, T. Boelsums, M. Koopmans, C. Geurtsvankessel, R. Molenkamp",10.3201/eid2705.204688,https://doi.org/10.3201/eid2705.204688,Emerging Infectious Diseases,77,2021,maybe,"The abstract mentions a ""nonhospitalized symptomatic population"", which suggests the study likely included adult participants, though the exact age range is not explicitly stated.",yes,This is a primary diagnostic accuracy study comparing rapid antigen test results with RT-PCR and virus culture as reference standards.,yes,"The study reports rapid antigen test results separately from other test types, with specific sensitivity and specificity values provided for the Roche SD Biosensor rapid antigen test.",yes,"The study clearly reports quantifiable diagnostic accuracy data, including sensitivity (84.9%) and specificity (99.5%) with confidence intervals.",yes,The study was conducted in a clinical setting with symptomatic patients seeking care.,yes,The study specifically evaluates a rapid antigen test (Roche SD Biosensor) for SARS-CoV-2.,yes,The study evaluates a point-of-care rapid antigen test and uses RT-PCR as one of the reference standards (along with virus culture).,Include,"A diagnostic accuracy study of a rapid antigen test for SARS-CoV-2 demonstrates high sensitivity and specificity in a symptomatic population, using RT-PCR and virus culture as reference standards. The research comprehensively reports quantifiable diagnostic performance metrics across multiple parameters, with strong methodological alignment to most screening criteria. The only minor uncertainty relates to explicit confirmation of participant age range.",4.6
"In suspected SARS-CoV-2, rapid antigen detection tests had 67% to 73% sensitivity and 98% to 100% specificity",S. Stovitz,10.7326/ACPJ202105180-056,https://doi.org/10.7326/ACPJ202105180-056,Annals of Internal Medicine,7,2021,no,No information is provided about the study population or age criteria.,maybe,"The title of the study suggests that it is a primary diagnostic accuracy study comparing different tests, but the abstract is too brief to confirm if it is reporting original data.",maybe,"The abstract mentions a ""head-to-head comparison of rapid and automated antigen detection tests,"" suggesting that the study may have reported rapid antigen test results separately from other test types. However, this is not explicitly confirmed in the abstract.",no,No specific diagnostic accuracy measures are mentioned in the abstract.,no,No information is provided about the study setting.,yes,"The study clearly focuses on antigen detection tests, meeting this criterion.",no,"While antigen tests are mentioned, there is no information about whether RT-PCR was used as the reference standard.",Include,"A head-to-head comparison of rapid antigen detection tests for SARS-CoV-2 suggests potential relevance, but extreme brevity of the abstract prevents definitive assessment of critical screening criteria. Insufficient details about population, reference standard, diagnostic accuracy measures, and study setting create significant uncertainty about meeting comprehensive inclusion requirements.",3.1
Point-of-care detection of SARS-CoV-2 antigen among symptomatic vs. asymptomatic persons: Testing for COVID-19 vs. infectivity,"K. Neukam, A. Lucero, A. Gutiérrez-Valencia, L. Amaya, N. Echegoyen, A. Martelli, C. Videla, F. D. Di Lello, Alfredo P. Martínez",10.3389/fpubh.2022.995249,https://doi.org/10.3389/fpubh.2022.995249,Frontiers in Public Health,3,2022,maybe,"The abstract doesn't explicitly state the age range of participants. While it's likely these are adults given the setting, we cannot be certain without more information.",yes,This is a primary diagnostic accuracy study comparing Ag-RDT against RT-PCR in a clinical setting.,yes,"The study clearly reports rapid antigen test results separately, with detailed concordance data between Ag-RDT and RT-PCR.",yes,"The study reports quantifiable diagnostic accuracy data, including positive percentage agreement (PPA) and Cohen's kappa coefficient.",yes,The study was conducted in a clinical setting (tertiary care center in Buenos Aires).,yes,The study specifically evaluates point-of-care rapid antigen diagnostic tests (Ag-RDT).,yes,The study uses RT-PCR (qRT-PCR) as the reference standard for evaluating the rapid antigen tests.,Include,"A comprehensive diagnostic accuracy study of rapid antigen tests for SARS-CoV-2 was conducted in a clinical setting, utilizing RT-PCR as the reference standard and reporting detailed quantifiable diagnostic performance metrics. The research evaluated point-of-care antigen tests across symptomatic and asymptomatic populations, providing robust data on test concordance and potential public health utility. While most screening criteria were definitively met, uncertainty remained regarding the specific age range of study participants.",4.6
Diagnostic performance of rapid antigen tests (RATs) for SARS-CoV-2 and their efficacy in monitoring the infectiousness of COVID-19 patients,"J. Routsias, M. Mavrouli, P. Tsoplou, Kyriaki Dioikitopoulou, A. Tsakris",10.1038/s41598-021-02197-z,https://doi.org/10.1038/s41598-021-02197-z,Scientific Reports,45,2021,maybe,The abstract does not specify the age range of participants or whether they are pregnant/non-pregnant adults.,yes,This appears to be a primary diagnostic accuracy study evaluating 14 different RATs against PCR reference standard.,yes,"The study clearly reports rapid antigen test results separately, comparing them directly with PCR results.",yes,"The study reports quantifiable diagnostic accuracy data, specifically sensitivity (true positive rates) for different CT thresholds.",yes,"The study mentions ""clinical samples,"" indicating a clinical setting.",yes,The study explicitly evaluates rapid antigen tests (RATs) from 14 different manufacturers.,yes,The study uses RT-PCR (specifically rRT-PCR) as the reference standard and evaluates point-of-care rapid antigen tests.,Include,"A diagnostic accuracy study comparing rapid antigen tests from 14 manufacturers against RT-PCR, reporting quantifiable sensitivity metrics across clinical samples. The research meets most screening criteria, with a primary uncertainty surrounding participant age demographics. The study provides comprehensive data on rapid antigen test performance for identifying potentially contagious SARS-CoV-2 patients.",4.3
Detection of SARS-CoV-2 infection in the general population by three prevailing rapid antigen tests: cross-sectional diagnostic accuracy study,"R. Venekamp, I. Veldhuijzen, K. Moons, W. van den Bijllaardt, S. Pas, E. Lodder, R. Molenkamp, Z. Iglói, C. Wijers, C. O. dos Santos, S. Debast, M. Bruins, K. Polad, C. Nagel-Imming, W. Han, J. H. van de Wijgert, S. van den Hof, E. Schuit",10.1186/s12916-022-02300-9,https://doi.org/10.1186/s12916-022-02300-9,BMC Medicine,11,2022,no,"The abstract provides no information about the study population or age groups, which is a significant gap in information.",maybe,"The abstract suggests this is a primary diagnostic accuracy study evaluating test performance, though it's not explicitly stated, creating some uncertainty.",maybe,"The abstract mentions evaluating ""three prevailing SARS-CoV-2 Ag-RDTs"", which suggests the study reports rapid antigen test results separately from other test types.",maybe,"The abstract mentions ""evaluating performance"" but doesn't explicitly state whether it reports quantifiable diagnostic accuracy measures, creating uncertainty.",no,The abstract doesn't specify whether the study was conducted in a clinical or community setting.,yes,"The study clearly focuses on rapid antigen diagnostic tests (Ag-RDTs), meeting this criterion.",no,"While the study evaluates point-of-care rapid antigen tests, it doesn't mention RT-PCR as the reference standard, which is a critical missing piece of information.",Include,"The abstract focuses on rapid antigen diagnostic tests for SARS-CoV-2, clearly meeting the test methodology criterion, but lacks critical details about population age, reference standard, and specific diagnostic accuracy measures. Multiple screening criteria remain uncertain due to limited information, preventing a definitive assessment of the study's eligibility.",3.4
Clinical accuracy of instrument-based SARS-CoV-2 antigen diagnostic tests: a systematic review and meta-analysis.,"K. Manten, S. Katzenschlager, Lukas E Brümmer, Stephani Schmitz, M. Gaeddert, C. Erdmann, Maurizio Grilli, N. Pollock, A. Macé, B. Erkosar, Sergio Carmona, S. Ongarello, Cheryl C Johnson, J. Sacks, Verena Faehling, Linus Bornemann, Markus A Weigand, C. Denkinger, S. Yerlikaya",10.1186/s12985-024-02371-5,https://doi.org/10.1186/s12985-024-02371-5,Virology Journal,4,2024,maybe,"The abstract does not provide any information about the age of the study participants, so the reasoning is unclear.",yes,"The study is explicitly described as a systematic review and meta-analysis, which meets the criterion for a primary diagnostic accuracy study or meta-analysis reporting original data.",maybe,"The abstract does not specify whether the study reports rapid antigen test results separately from other test types, so the reasoning is unclear.",maybe,"As a meta-analysis of clinical accuracy, it is likely that the study reports quantifiable diagnostic accuracy data, though this is not explicitly stated in the abstract.",maybe,"The abstract mentions ""screening, triage, and diagnosis,"" but does not provide specific details about the study setting, so the reasoning is unclear.",yes,"The study specifically focuses on instrument-based antigen tests (iAg tests) for SARS-CoV-2, which meets the criterion for evaluating rapid antigen tests.",maybe,"While the study focuses on antigen tests, there is no explicit mention of RT-PCR as the reference standard, so the reasoning is only partially clear.",Include,"A systematic review and meta-analysis of instrument-based antigen tests for SARS-CoV-2 demonstrates clear alignment with several key screening criteria, particularly in test methodology and study design. While some critical details remain unclear from the abstract, the focus on antigen diagnostic tests suggests potential relevance to the review's objectives, warranting further investigation of the full text.",4.3
Clinical Performance of SARS-CoV-2 Rapid Antigen Tests: A Systematic Review and Meta-Analysis,"Nina Germic, J. Hayer, Qian Feng",10.1101/2023.09.15.23295560,https://doi.org/10.1101/2023.09.15.23295560,medRxiv,0,2023,maybe,"The abstract does not explicitly state the age range of participants or whether data for adults is reported separately, creating significant uncertainty about whether this criterion is met.",yes,"The study is a meta-analysis that includes original diagnostic accuracy data from multiple studies, which meets the criterion for a primary diagnostic accuracy study or meta-analysis reporting original data.",yes,"The study reports rapid antigen test results separately from other test types, as the abstract clearly focuses on RAT diagnostic accuracy and compares different RAT manufacturers.",yes,"The study clearly reports quantifiable diagnostic accuracy data, including sensitivity (ranging from 36.0% to 79.4%) and specificity (nearly 100%), meeting the criterion for reporting diagnostic accuracy measures.",yes,"The abstract mentions ""clinical settings"" in the conclusion, indicating the studies were conducted in appropriate settings, meeting the criterion for a clinical or community setting.",yes,"The study specifically focuses on rapid antigen tests (RATs), including the Roche-distributed SDB SARS-CoV-2 Rapid Antigen Test and other antigen tests, meeting the criterion for evaluating rapid antigen tests.",maybe,"While the study evaluates point-of-care rapid antigen tests, the abstract does not explicitly mention RT-PCR as the reference standard, creating uncertainty about whether this criterion is met.",Include,"A meta-analysis of rapid antigen tests for SARS-CoV-2 demonstrates strong diagnostic accuracy across multiple manufacturers, with clear reporting of sensitivity and specificity in clinical settings. While the study comprehensively addresses most screening criteria, some uncertainties remain regarding participant age range and reference standard methodology. The research provides valuable insights into rapid antigen test performance, particularly in symptomatic patients with high viral loads.",4.3
Antigen-based Rapid Diagnostic Testing or Alternatives for Diagnosis of Symptomatic COVID-19,"E. Kendall, N. Arinaminpathy, J. Sacks, Y. Manabe, S. Dittrich, S. Schumacher, D. Dowdy",10.1097/EDE.0000000000001400,https://doi.org/10.1097/EDE.0000000000001400,Epidemiology,7,2021,maybe,"The abstract does not specify the age range of participants, creating uncertainty about whether the study only includes non-pregnant adult participants or reports data for adult participants separately.",maybe,"The study appears to be a modeling/simulation study rather than a primary diagnostic accuracy study or meta-analysis reporting original data, which is a significant concern for inclusion.",yes,"The study reports rapid antigen test results separately from other test types, such as PCR results, which meets this criterion.",maybe,"While the study discusses diagnostic performance, it focuses on ""net benefit"" and ""transmission-equivalent"" measures rather than traditional diagnostic accuracy metrics (sensitivity/specificity), creating some uncertainty about whether standard accuracy measures are reported in the full text.",yes,"The study explicitly mentions both outpatient and hospital settings, meeting this criterion.",yes,"The study clearly evaluates rapid antigen tests for SARS-CoV-2, meeting this criterion.",yes,"The study uses RT-PCR as the reference standard and evaluates point-of-care rapid antigen tests, meeting this criterion.",Include,"A modeling study comparing rapid antigen and PCR testing for COVID-19 across different clinical settings, with significant methodological limitations including lack of clarity on participant age groups and absence of traditional diagnostic accuracy metrics. While the research addresses several screening criteria related to test methodology and setting, its simulation-based approach and uncertain reporting of diagnostic performance create substantial screening challenges.",2.7
"Diagnostic performance of a SARS-CoV-2 rapid antigen test in a large, Norwegian cohort","Elisabeth Toverud Landaas, M. Storm, M. Tollånes, Regine Barlinn, A. Kran, K. Bragstad, A. Christensen, Trude Andreassen",10.1016/j.jcv.2021.104789,https://doi.org/10.1016/j.jcv.2021.104789,Journal of Clinical Virology,44,2021,no,No information is provided about the study population or age groups.,no,"The abstract appears to be discussing the need for clinical evaluation rather than presenting a completed diagnostic accuracy study, suggesting it is a commentary or perspective piece rather than a primary study or meta-analysis.",maybe,"The abstract does not explicitly state whether the rapid antigen test results are reported separately from other test types, so the information is unclear.",maybe,"The abstract mentions ""test sensitivity"" but does not indicate whether actual diagnostic accuracy data is reported.",maybe,"The abstract mentions tests being performed ""outside laboratories"" but does not specify a clinical or community setting.",yes,"The abstract specifically focuses on rapid antigen tests (RATs), so this criterion is met.",maybe,"While RATs are mentioned, there is no explicit mention of RT-PCR as a reference standard.",Exclude,"The abstract lacks critical details required by the screening criteria, including specific diagnostic accuracy data, population characteristics, and reference standard methodology. While mentioning rapid antigen tests, the text appears to be a commentary calling for further evaluation rather than a primary research study reporting original diagnostic findings. Multiple screening criteria remain unaddressed or incompletely satisfied.",1.4
Evaluation of two rapid antigen tests to detect SARS-CoV-2 in a hospital setting,"Andreas Osterman, H. Baldauf, Marwa Eletreby, J. Wettengel, S. Afridi, T. Fuchs, Elena Holzmann, Anton Maier, Johanna Döring, Natascha Grzimek-Koschewa, M. Muenchhoff, U. Protzer, L. Kaderali, O. Keppler",10.1007/s00430-020-00698-8,https://doi.org/10.1007/s00430-020-00698-8,Medical Microbiology and Immmunology,74,2021,maybe,"The abstract mentions patients and healthcare workers, but does not explicitly state age restrictions. However, given the setting (University Hospitals, emergency rooms, patient care units), it's likely these are adult participants, but this is not definitively stated.",yes,This is a primary diagnostic accuracy study evaluating two different rapid antigen tests against PCR as the reference standard.,yes,"The study reports rapid antigen test results separately from other test types, providing specific data for two different antigen tests (FIA and RAT) with their respective sensitivity and specificity values.",yes,"The study clearly reports quantifiable diagnostic accuracy data, including sensitivity and specificity values for both tests.",yes,"The study is conducted in a clinical setting (University Hospitals in Munich, Germany), including emergency rooms, patient care units, and employee test centers.",yes,The study specifically evaluates point-of-care rapid antigen tests (FIA and RAT) for SARS-CoV-2.,yes,The study evaluates point-of-care rapid antigen tests and explicitly uses PCR as the reference standard for diagnostic assessment.,Include,"A comprehensive diagnostic accuracy study of SARS-CoV-2 rapid antigen tests was conducted in a clinical setting, evaluating two point-of-care tests against PCR as the reference standard. The research reported detailed sensitivity and specificity data for both symptomatic and asymptomatic populations, with robust methodology and clear outcome measures. While most screening criteria were definitively met, slight uncertainty existed regarding participant age restrictions.",4.6
"Diagnostic Performance of SARS-CoV-2 Rapid Antigen Test in a Large, German Cohort","O. Mboma, Elmar Rieke, P. Ahmad-Nejad, S. Wirth, M. Aydin",10.3390/children8080682,https://doi.org/10.3390/children8080682,Children,13,2021,maybe,"The study includes both adults and pediatric subjects, but does report adult data separately (30.4% sensitivity in adults vs 20.8% in pediatric subjects). This creates some uncertainty about whether the adult data could be extracted separately.",yes,This is a primary diagnostic accuracy study evaluating RAT performance against RT-PCR in clinical practice.,yes,"The study clearly reports rapid antigen test results separately from RT-PCR results, with detailed breakdown of concordant and discordant results.",yes,"The study reports clear diagnostic accuracy measures including sensitivity (27.5% overall, 30.4% in adults) and specificity (99.6%).",yes,The study was conducted in a clinical setting (Helios University Hospital Wuppertal).,yes,The study specifically evaluates rapid antigen tests (RAT) for SARS-CoV-2.,yes,The study uses RT-PCR as the reference standard for evaluating point-of-care RAT performance.,Include,"A comprehensive diagnostic accuracy study of rapid antigen tests for SARS-CoV-2, conducted in a clinical setting with RT-PCR as the reference standard, reporting detailed sensitivity and specificity data. The study includes both adult and pediatric populations, with adult data reported separately, and provides quantifiable diagnostic performance metrics across different test scenarios. While meeting most screening criteria definitively, the mixed population introduces slight uncertainty about complete data separation.",4.6
Comparative evaluation of Panbio and SD Biosensor antigen rapid diagnostic tests for COVID‐19 diagnosis,"F. Pérez-García, J. Romanyk, H. Gutiérrez, Andrea Labrador Ballestero, Inés Pérez Ranz, J. G. Arroyo, Victoria González Ventosa, R. Pérez-Tanoira, Concepción Domingo Cruz, J. Cuadros-González",10.1002/jmv.27089,https://doi.org/10.1002/jmv.27089,Journal of Medical Virology,21,2021,maybe,"The abstract does not specify the age range of participants, so there is uncertainty about whether the study only includes non-pregnant adult participants or if the data for adult participants is reported separately.",yes,This is a primary diagnostic accuracy study evaluating two rapid antigen tests against PCR as the reference standard.,yes,The study clearly reports rapid antigen test results separately for the Panbio and SD-Biosensor Ag-RDTs.,yes,"The study reports detailed diagnostic accuracy data including sensitivity, specificity, and agreement measures (kappa scores).",maybe,"While the study appears to be conducted in a clinical setting (given the use of PCR testing), the specific setting is not explicitly stated in the abstract.",yes,The study explicitly evaluates rapid antigen tests (Ag-RDTs) and not antibody or laboratory-based tests.,yes,"The study evaluates point-of-care rapid antigen tests and uses PCR as the reference standard, with clear reporting of both positive and negative samples.",Include,"A diagnostic accuracy study evaluating two rapid antigen tests for SARS-CoV-2 using PCR as the reference standard, with comprehensive reporting of sensitivity, specificity, and agreement measures. The research demonstrates strong methodological rigor in assessing point-of-care diagnostic performance, though uncertainties exist regarding participant age range and precise study setting. Detailed analysis of test performance across different viral load and symptom onset scenarios provides valuable insights into rapid antigen test diagnostic capabilities.",4.3
Analysis of the diagnostic accuracy of rapid antigenic tests for detection of SARS-CoV-2 in hospital outbreak situation,"J. Aranaz-Andres, Abelardo Claudio Fernández Chávez, Amaranta McGee Laso, Melanie Abreu, Paloma Núñez, J. Galán, Rafael Cantón Moreno",10.1007/s10096-021-04346-8,https://doi.org/10.1007/s10096-021-04346-8,European Journal of Clinical Microbiology and Infectious Diseases,8,2021,maybe,"The abstract doesn't explicitly state the age range of participants. However, since it's conducted in hospital settings with no mention of pediatric or pregnant populations, it likely includes adults, but this isn't definitively confirmed.",yes,"This is a primary diagnostic accuracy study, specifically described as an ""observational, cross-sectional study"" evaluating diagnostic performance.",yes,"The study clearly reports rapid antigen test results (Panbio COVID-19 AG RADT) separately from RT-PCR results, with detailed comparison of the two.",yes,"The study reports clear diagnostic accuracy measures including sensitivity (83.3%), specificity (99.8%), PPV (96.2%), and NPV (99%).",yes,The study is conducted in a clinical setting (Ramón y Cajal Hospital) during hospital outbreaks.,yes,The study specifically evaluates a rapid antigen test (Panbio COVID-19 AG RADT) and not antibody tests or other diagnostics.,yes,The study uses RT-PCR (TaqPath COVID-19 test) as the reference standard and evaluates a point-of-care rapid antigen test.,Include,"A comprehensive diagnostic accuracy study of rapid antigen testing for COVID-19 in a hospital setting, utilizing RT-PCR as a reference standard and reporting detailed sensitivity, specificity, and predictive values. The research meets most screening criteria, with robust methodology and clear reporting of diagnostic performance, though participant age range remains slightly uncertain. The study provides valuable insights into rapid antigen test effectiveness during hospital outbreaks.",4.6
Diagnostic accuracy of a rapid diagnostic test for the early detection of COVID-19,"G. Okoye, Haja I. Kamara, Michelle Strobeck, T. Mellman, J. Kwagyan, Ava Sullivan, A. Byrd, B. Shokrani, Hugh E. Mighty",10.1016/j.jcv.2021.105023,https://doi.org/10.1016/j.jcv.2021.105023,Journal of Clinical Virology,13,2021,yes,"The abstract specifically mentions ""adults"" and there's no indication of including pregnant participants or children.",yes,This is a primary diagnostic accuracy study comparing rapid antigen tests to PCR testing with original data collection.,yes,The study clearly reports rapid antigen test results (BinaxNOW COVID-19 Ag Card) separately from PCR testing.,yes,"The study reports clear diagnostic accuracy data, including sensitivity (91.84%) and specificity (99.95%) with confidence intervals.",yes,The study was conducted in a clinical setting (Howard University) with surveillance testing.,yes,The study specifically evaluates a rapid antigen test (BinaxNOW COVID-19 Ag Card) and not antibody or laboratory-based tests.,yes,The study evaluates a point-of-care rapid antigen test (BinaxNOW) using RT-PCR as the reference standard.,Include,"A comprehensive diagnostic accuracy study of a rapid antigen COVID-19 test was conducted on adult participants, utilizing RT-PCR as a reference standard and reporting detailed sensitivity and specificity metrics. The research systematically evaluated the BinaxNOW COVID-19 Ag Card test across symptomatic and asymptomatic populations, providing quantifiable diagnostic performance data in a clinical setting. The study met all screening criteria with robust methodology and clear reporting of test performance.",4.9
Diagnostic accuracy of a point-of-care antigen test for SARS-CoV-2 and influenza in a primary care population (RAPTOR-C19).,"T. Fanshawe, Sharon Tonner, Philip J Turner, Jade Cogdale, Margaret Głogowska, Simon de Lusignan, Cecilia Okusi, Rafael Perera, P. Sebastianpillai, A. Williams, M. Zambon, Brian D Nicholson, F. Hobbs, Gail N. Hayward, Heather Kenyon, Joseph J. Lee, Mary Logan, Kathryn Lucas, Abigail A. Moore, Anna E. Seeley, J. Smylie, Sharon Tonner, A. Williams",10.1016/j.cmi.2023.12.009,https://doi.org/10.1016/j.cmi.2023.12.009,Clinical Microbiology and Infection,5,2023,maybe,No information is provided about the age ranges of the participants or whether the data is stratified by age.,yes,"The study is explicitly described as a ""prospective diagnostic accuracy study,"" which meets the criterion for a primary diagnostic accuracy study.",maybe,"The abstract mentions a combined SARS-CoV-2 and influenza A/B assay, but it's unclear if the results are reported separately for SARS-CoV-2.",maybe,"As a diagnostic accuracy study, it's likely to report quantifiable diagnostic accuracy data, though this is not explicitly stated in the abstract.",yes,"The study is explicitly conducted in ""primary care,"" which is a clinical setting.",yes,"The study evaluates a point-of-care test, though it's a combined SARS-CoV-2 and influenza test rather than a standalone antigen test.",maybe,"While the test is a point-of-care test, it's not clear if it's specifically an antigen test, and the reference standard is not mentioned.",Include,"A prospective diagnostic accuracy study in primary care examining a point-of-care test for SARS-CoV-2 and influenza presents several uncertainties regarding test methodology, participant demographics, and specific diagnostic accuracy measures. While the study design and setting are clear, critical details about test type, reference standard, and data reporting remain ambiguous, creating challenges for comprehensive screening.",3.4
Diagnostic Performance of SARS-CoV-2 Rapid Antigen Test in relation to RT-PCR Cq Value,"D. Mandal, B. R. Bhattarai, Sushant Pokhrel, M. Chhusyabaga, Parmananda Bhandari, M. Bhatt, Sujan Babu Marhattha",10.1155/2022/9245248,https://doi.org/10.1155/2022/9245248,Advances in Virology,3,2022,maybe,"The abstract doesn't explicitly state the age range of participants. While it mentions ""patients"" and doesn't specifically mention children or pregnant women, we cannot be certain that only adults were included.",yes,"This is a primary diagnostic accuracy study with original data collection and analysis, described as a ""laboratory based cross-sectional study.""",yes,"The study clearly reports rapid antigen test (Ag-RDT) results separately from RT-PCR results, with specific numbers provided (75 Ag-RDT positive vs 118 RT-PCR positive).",yes,"The study reports clear diagnostic accuracy measures including sensitivity (63.6%), specificity (97.9%), and overall diagnostic accuracy (78.9%).",yes,The study was conducted in a clinical setting (Sukraraj Tropical and Infectious Disease Hospital).,yes,The study specifically evaluates rapid antigen tests (Ag-RDT) for SARS-CoV-2 detection.,yes,"The study uses RT-PCR as the reference standard for confirming COVID-19 diagnosis, comparing it with rapid antigen test results.",Include,"A diagnostic accuracy study of rapid antigen tests for SARS-CoV-2 demonstrates strong methodological alignment with screening criteria, reporting comprehensive diagnostic performance metrics using RT-PCR as a reference standard. The research provides quantifiable sensitivity and specificity data from a clinical setting, with only minor uncertainty regarding participant age range. Overall, the study offers robust evidence for rapid antigen test performance in COVID-19 diagnosis.",4.6
Evaluation of FAST COVID-19 SARS-CoV-2 Antigen Rapid Test Kit for Detection of SARS-CoV-2 in Respiratory Samples from Mildly Symptomatic or Asymptomatic Patients,"Immacolata Polvere, S. Voccola, S. D’Andrea, Lucrezia Zerillo, Romualdo Varricchio, J. R. Madera, R. Stilo, P. Vito, Tiziana Zotti",10.3390/diagnostics12030650,https://doi.org/10.3390/diagnostics12030650,Diagnostics,12,2022,maybe,"The abstract doesn't explicitly state the age range of participants. It mentions ""patients"" but doesn't specify if they are adults or include children. This creates some uncertainty.",yes,This is a primary diagnostic accuracy study comparing Ag-RDT results with RT-qPCR in 501 patients.,yes,The study clearly reports rapid antigen test results (FAST COVID-19 SARS-CoV-2 Antigen Rapid Test Kit) separately from RT-qPCR results.,yes,"The study reports multiple quantifiable diagnostic accuracy measures including precision, recall, specificity, negative predictive value, and overall accuracy.",yes,"The study is conducted in a screening setting, which qualifies as a clinical/community setting.",yes,The study specifically evaluates a rapid antigen test (FAST COVID-19 SARS-CoV-2 Antigen Rapid Test Kit).,yes,The study uses RT-qPCR as the reference standard and evaluates a point-of-care rapid antigen test.,Include,"A comprehensive diagnostic accuracy study of a rapid antigen test for SARS-CoV-2, utilizing RT-qPCR as a reference standard and reporting detailed performance metrics across multiple diagnostic parameters. The research demonstrates strong methodological rigor in evaluating point-of-care testing, with only minor uncertainty regarding participant age range. Multiple quantifiable accuracy measures and a clear clinical screening setting provide robust evidence for the test's potential utility.",4.6
[Evaluation of the Diagnostic Performance of SARS-CoV-2 Rapid Antigen Tests in COVID-19 Patients].,"Yeşim Tuyji Tok, H. Dinc, R. Akçin, F. Daşdemir, Önder Yüksel Eryiğit, M. Demirci, N. Gareayaghi, M. Kuşkucu, B. Kocazeybek",10.5578/mb.20229805,https://doi.org/10.5578/mb.20229805,Mikrobiyoloji Bulteni,2,2022,maybe,"The abstract does not specify the age range of participants, creating some uncertainty in meeting this criterion.",yes,This is a primary diagnostic accuracy study comparing RAgTs against rRT-PCR as the reference standard.,yes,"The study clearly reports rapid antigen test results separately, comparing 12 different RAgTs against rRT-PCR with detailed sensitivity and specificity data.",yes,"The study reports clear diagnostic accuracy data, including sensitivity (40.4-97.5%) and specificity (90-100%) for the RAgTs.",yes,The study was conducted in a clinical setting (Istanbul University-Cerrahpaşa Faculty of Medicine COVID-19 Molecular Diagnosis Laboratory).,yes,The study specifically evaluates rapid antigen tests (RAgTs) using lateral flow method (LFA).,yes,The study explicitly uses RT-PCR (specifically rRT-PCR) as the reference standard for evaluating point-of-care rapid antigen tests.,Include,"A comprehensive diagnostic accuracy study comparing rapid antigen tests against RT-PCR, demonstrating detailed sensitivity and specificity across multiple test kits in a clinical laboratory setting. The research provides robust methodology for evaluating point-of-care COVID-19 diagnostic tools, with clear quantifiable outcomes and potential implications for clinical and community testing strategies. While most screening criteria were definitively met, some uncertainty remained regarding participant age demographics.",4.6
Antigen-Based Point of Care Testing (POCT) for Diagnosing SARS-CoV-2: Assessing Performance.,"V. Keshav, L. Scott, A. David, L. Noble, E. Mayne, W. Stevens",10.1007/978-1-0716-2111-0_4,https://doi.org/10.1007/978-1-0716-2111-0_4,Methods in molecular biology,0,2022,maybe,The abstract does not specify the age range of participants or whether data will be reported separately for adults.,no,"This appears to be a methods paper describing how to evaluate rapid antigen tests, not a primary diagnostic accuracy study or meta-analysis reporting original data.",maybe,"The abstract does not present actual test results, but rather describes a method for evaluating rapid antigen tests. It does not indicate whether results will be reported separately from other test types.",maybe,"While the abstract mentions ""quantitative and qualitative parameters,"" it does not explicitly state that it will report diagnostic accuracy measures like sensitivity and specificity.",maybe,"The abstract discusses implementation in ""national healthcare programs"" and ""field settings,"" suggesting clinical/community settings, though it's not entirely clear.",yes,The paper does focus on rapid antigen tests (POCT) rather than other test types.,yes,The paper mentions both RT-PCR (as reference standard) and rapid antigen tests.,Exclude,"The abstract describes a methodological approach for evaluating rapid antigen tests, but fails to meet key screening criteria, particularly the requirement for a primary diagnostic accuracy study. While the paper discusses relevant testing methodologies and reference standards, it does not present original diagnostic accuracy data or clearly define participant characteristics. Consequently, the abstract does not satisfy the essential screening requirements for inclusion.",1.4
"Clinical Validation of GenBody COVID-19 Ag, Nasal and Nasopharyngeal Rapid Antigen Tests for Detection of SARS-CoV-2 in European Adult Population","Karolina Węgrzyńska, J. Walory, R. Charkiewicz, M. Lewandowska, I. Waśko, A. Kozińska, P. Majewski, A. Baraniak",10.3390/biomedicines11020493,https://doi.org/10.3390/biomedicines11020493,Biomedicines,5,2023,yes,"The abstract explicitly states the study was conducted on ""adult Europeans,"" indicating participants were 18 years or older.",yes,This is a primary diagnostic accuracy study evaluating a specific rapid antigen test against RT-qPCR as the reference standard.,yes,"The study clearly reports rapid antigen test results separately, with specific sensitivity and specificity values for the GenBody COVID-19 Ag RATs.",yes,"The study reports clear diagnostic accuracy data, including sensitivity (94.17% and 97.09% for different samples) and specificity (100% for both samples).",yes,"While not explicitly stated, the clinical validation nature of the study and the use of RT-qPCR as reference standard strongly implies a clinical setting.",yes,The study specifically evaluates rapid antigen tests (GenBody COVID-19 Ag RATs) for SARS-CoV-2 detection.,yes,The study uses RT-qPCR as the reference standard and evaluates point-of-care rapid antigen tests.,Include,"A comprehensive diagnostic accuracy study of rapid antigen tests for SARS-CoV-2 in adult Europeans, utilizing RT-qPCR as the reference standard and reporting detailed sensitivity and specificity metrics. The research systematically evaluated point-of-care rapid antigen tests across nasal and nasopharyngeal samples, demonstrating high diagnostic performance with 100% specificity and sensitivity ranging from 94.17% to 97.09%. The study provides robust evidence for the reliability and effectiveness of rapid antigen testing in clinical settings.",4.9
"Evaluation of rapid SARS-CoV-2 antigen tests, AFIAS COVID-19 Ag and ichroma COVID-19 Ag, with serial nasopharyngeal specimens from COVID-19 patients","O. Kweon, Yong Kwan Lim, Hye Ryoun Kim, Yoojeong Choi, Min-Chul Kim, Seong-Ho Choi, J. Chung, Mi-Kyung Lee",10.1371/journal.pone.0249972,https://doi.org/10.1371/journal.pone.0249972,PLoS ONE,22,2021,maybe,"The abstract doesn't explicitly state the age range of participants. While it mentions ""COVID-19 patients,"" it doesn't specify if they are adults or include children.",yes,This is a primary diagnostic accuracy study evaluating two rapid antigen tests against molecular testing.,yes,"The study clearly reports rapid antigen test results separately, with detailed sensitivity and specificity data for two specific RATs (AFIAS and ichromaTM).",yes,"The study reports clear diagnostic accuracy data, including sensitivity (91.3-100%), specificity (98.7-100%), and kappa values.",maybe,"While the study involves clinical specimens (nasopharyngeal), the exact setting (clinical or community) isn't explicitly stated, though it appears to be clinical given the nature of the specimens.",yes,The study specifically evaluates point-of-care rapid antigen tests (RATs) for SARS-CoV-2.,yes,"The study evaluates point-of-care RATs and uses molecular testing (RT-PCR) as the reference standard, with specific mention of targeted genes (E, RdRP, and N).",Include,"A comprehensive diagnostic accuracy study of rapid antigen tests for SARS-CoV-2, evaluating two point-of-care tests against molecular testing with detailed sensitivity and specificity reporting. The research provides robust data on test performance across different viral load conditions and timeframes post-symptom onset, with strong methodological rigor in assessing diagnostic capabilities. While most screening criteria are definitively met, some uncertainty exists regarding participant age range and precise study setting.",4.6
Implementing SARS-CoV-2 Rapid Antigen Testing in the Emergency Ward of a Swiss University Hospital: The INCREASE Study,"G. Caruana, A. Croxatto, E. Kampouri, A. Kritikos, O. Opota, M. Foerster, R. Brouillet, L. Senn, R. Lienhard, A. Egli, G. Pantaleo, P. Carron, G. Greub",10.3390/microorganisms9040798,https://doi.org/10.3390/microorganisms9040798,medRxiv,56,2021,maybe,"The abstract doesn't explicitly state the age range of participants. While it's conducted in an emergency ward setting suggesting adult patients, this isn't explicitly confirmed.",yes,This is a primary diagnostic accuracy study comparing multiple RATs against RT-PCR in a clinical setting.,yes,"The study clearly reports rapid antigen test results separately, comparing four different RATs with RT-PCR as the reference standard.",yes,"The study reports clear diagnostic accuracy data, including sensitivity and specificity for all four tests under different conditions.",yes,The study is conducted in a clinical setting (emergency ward of a university hospital).,yes,The study specifically evaluates rapid antigen tests (RATs) and compares them against RT-PCR.,yes,The study explicitly uses RT-PCR as the reference standard and evaluates point-of-care rapid antigen tests for SARS-CoV-2.,Include,"A comprehensive diagnostic accuracy study comparing four rapid antigen tests against RT-PCR in a clinical emergency ward setting, reporting detailed sensitivity and specificity data across different viral load conditions. The research meets most screening criteria, with robust methodology and clear outcome measures, though participant age range remains slightly uncertain. Multiple rapid antigen tests were systematically evaluated for SARS-CoV-2 detection, providing valuable insights into diagnostic performance.",4.6
Making sense of rapid antigen testing in severe acute respiratory syndrome coronavirus 2 (SARS-CoV-2) diagnostics,"C. Mattiuzzi, B. Henry, G. Lippi",10.1515/dx-2020-0131,https://doi.org/10.1515/dx-2020-0131,Diagnosis,48,2020,maybe,"The abstract does not specify any population characteristics or age groups, so this criterion cannot be evaluated from the abstract.",no,"This appears to be a review or perspective paper proposing an algorithm for rapid antigen testing, not a primary diagnostic accuracy study or meta-analysis reporting original data.",no,"The abstract does not present any specific test results, only discussing rapid antigen tests conceptually without reporting actual data.",no,"While the abstract mentions ""diagnostic sensitivity,"" it doesn't report specific quantifiable diagnostic accuracy data. It only makes general statements about relative sensitivity.",maybe,"The abstract doesn't specify any particular study setting, so this criterion cannot be evaluated from the abstract.",yes,"The paper does discuss rapid antigen tests specifically, comparing them to molecular testing.",yes,"The abstract mentions both rapid antigen tests and RT-PCR (molecular detection) as reference standard, which aligns with this criterion. However, it's discussing them conceptually rather than reporting a study comparing them.",Exclude,"The abstract discusses rapid antigen testing for SARS-CoV-2 conceptually but lacks specific diagnostic accuracy data, original research findings, or detailed population characteristics. While addressing test methodology and reference standards, the text appears to be a review or perspective paper that does not meet key screening criteria for a primary diagnostic accuracy study. Consequently, the document would likely be excluded from a systematic review focused on quantitative diagnostic performance.",1.4
Multicenter evaluation of the Panbio COVID-19 Rapid Antigen-Detection Test for the diagnosis of SARS-CoV-2 infection,"P. Merino-Amador, J. Guinea, I. Muñoz-Gallego, Patricia González-Donapetry, J. Galán, Nerea Antona, G. Cilla, S. Hernáez-Crespo, J. D. Tuesta, A. Torrella, F. González-Romo, P. Escribano, M. Sánchez-Castellano, Mercedes Sota-Busselo, A. Delgado-Iribarren, Julio García, R. Cantón, P. Muñoz, Dolores Folgueira, M. Cuenca‐Estrella, Jesús Oteo-Iglesias, -. S. P. C. V. group",10.1101/2020.11.18.20230375,https://doi.org/10.1101/2020.11.18.20230375,medRxiv,72,2020,maybe,"The abstract doesn't explicitly state the age range of participants. While it's likely these are adults given the hospital setting, we cannot be certain without explicit confirmation.",yes,"This is a primary diagnostic accuracy study, specifically described as a ""prospective multicenter study"" evaluating diagnostic accuracy.",yes,"The study clearly reports rapid antigen test results (PanbioRT) separately from RT-PCR results, with specific numbers provided (325 positive by PanbioRT vs 359 by RT-PCR).",yes,"The study reports quantifiable diagnostic accuracy data, including sensitivity (90.5%) and specificity (98.8%).",yes,The study was conducted in a clinical setting (ten Spanish university hospitals).,yes,The study specifically evaluates a rapid antigen test (PanbioTM COVID-19 Ag Rapid Test Device) for SARS-CoV-2.,yes,"The study evaluates a point-of-care rapid antigen test and uses RT-PCR as the reference standard, with clear comparison between the two methods.",Include,"A prospective multicenter diagnostic accuracy study evaluating a rapid antigen test for SARS-CoV-2, using RT-PCR as the reference standard, with comprehensive reporting of sensitivity and specificity in a clinical hospital setting. The study meets most screening criteria, with only minor uncertainty regarding participant age range, and provides robust quantitative data on test performance across multiple hospitals.",4.6
DIAGNOSTIC ACCURACY OF PANBIO COVID-19 RAPID ANTIGEN METHOD FOR SCREENING IN EMERGENCY CASES,"Raja Kamran Afzal, Farooq Ahmad, Shafia Nasir, M. Younas, Taiba Ahmad",10.51253/pafmj.v71i5.6708,https://doi.org/10.51253/pafmj.v71i5.6708,PAFMJ,1,2021,maybe,"The abstract doesn't explicitly state the age range of participants. While it's likely these are adults given the emergency medical/surgical setting, we cannot be completely certain without explicit confirmation.",yes,This is a primary diagnostic accuracy study (cross-sectional validation study) reporting original data.,yes,The study clearly reports rapid antigen test results (PANBIO COVID-19 Ag test) separately from PCR results.,yes,"The study reports clear diagnostic accuracy measures including sensitivity (90.47%), specificity (100%), PPV, NPV, and diagnostic accuracy (99.8%).",yes,"The study was conducted in a clinical setting (Combined Military Hospital, emergency cases).",yes,The study specifically evaluates a rapid antigen test (PANBIO COVID-19 Ag test).,yes,"The study evaluates a point-of-care rapid antigen test and uses RT-PCR as the reference standard (explicitly stated as ""gold standard"").",Include,"A cross-sectional validation study examining rapid antigen testing for COVID-19 demonstrates strong methodological alignment with screening criteria, including appropriate test methodology, reference standard, and comprehensive diagnostic accuracy reporting. The research provides robust data on point-of-care testing in a clinical setting, with only minor uncertainty regarding participant age range. Overall, the study meets nearly all predefined screening requirements with high precision and relevance.",4.6
Meta-analysis of rapid direct-to-PCR assays for the qualitative detection of SARS-CoV-2,"R. Trevor, S. Grippon, H. Chen, L. Koh, D. Borley, P. Oladimeji, S. Kidd, J. Martin",10.1101/2021.05.07.21256745,https://doi.org/10.1101/2021.05.07.21256745,medRxiv,2,2021,maybe,"The abstract mentions a ""hospital, care home and medical research population"" but does not specify age restrictions or indicate that data was reported separately for adult participants.",yes,"The paper is a meta-analysis reporting original data from 14 studies with 20 datasets, which meets the requirement for a primary diagnostic accuracy study or meta-analysis.",no,"The study does not report rapid antigen test results separately from other test types. Instead, it focuses on direct-to-PCR tests, which are a different type of diagnostic test.",yes,"The study reports quantifiable diagnostic accuracy data, including agreement percentages, Cohen's kappa, and Youden Index, which meets the criterion for reporting outcome measures.",yes,"The study was conducted in clinical settings (hospitals and care homes), which meets the criterion for a clinical or community setting.",no,"The study evaluates direct-to-PCR tests, not rapid antigen tests, which fails to meet the criterion for evaluating rapid antigen tests.",no,"While the study uses RT-PCR as a reference standard, it evaluates direct-to-PCR tests rather than rapid antigen tests, which fails to meet the full criterion.",Exclude,"The study focuses on direct-to-PCR tests rather than rapid antigen tests, fundamentally misaligning with the screening criteria. Critical screening requirements related to test methodology and type were not met, specifically the need for rapid antigen test evaluation. Despite being a rigorous meta-analysis with appropriate outcome measures, the paper does not qualify for inclusion due to its different diagnostic approach.",0.1
Evaluation of a SARS-CoV-2 antigen test in the rapid diagnosis of COVID-19 suspected patients,"M. Soylu, M. Taşbakan, A. Zeytinoğlu, Ayça Aydın Uysal, Gamze Şanlıdağ, S. Memetali̇, C. Çiçek, Ayşe Deniz Gökengi̇n, Funda Karbek Akarca, S. Erensoy",10.19161/etd.1310582,https://doi.org/10.19161/etd.1310582,Ege Tıp Dergisi,0,2023,yes,"The study explicitly states it includes adult patients aged 18-88 years, with a median age of 41.25 years.",yes,The study appears to be a primary diagnostic accuracy study comparing rapid antigen tests against RT-PCR results.,yes,"The study clearly reported rapid antigen test results separately, with specific numbers for both positive (116) and negative (236) results.",yes,"The study reports clear diagnostic accuracy measures, including sensitivity (89.7%) and specificity (99%).",yes,"While not explicitly stated, the context suggests a clinical setting, as it involves medical personnel supervision and testing of suspected COVID-19 cases.",yes,The study specifically evaluates a rapid antigen test (COVID-19 Ag test) using lateral flow assay (LFA) platforms.,yes,"The study uses RT-PCR as the reference standard (""routine test for SARS-CoV-2 RNA"") and evaluates point-of-care rapid antigen tests.",Include,"A comprehensive diagnostic accuracy study of rapid antigen testing for SARS-CoV-2 among adult patients, utilizing RT-PCR as a reference standard and reporting detailed sensitivity and specificity metrics. The research systematically evaluated point-of-care lateral flow assays across a clinically relevant population, providing quantifiable insights into test performance with clear methodological rigor.",4.9
High performance of a novel antigen detection test on nasopharyngeal specimens for SARS-CoV-2 infection diagnosis: a prospective study,"L. Courtellemont, J. Guinard, C. Guillaume, S. Giaché, Rzepecki, A. Sève, C. Gubavu, K. Baud, H. Doize, C. LeHelloco, C. Lebegue, A. Tay, G. Cassuto, G. Pialoux, L. Hocqueloux, T. Prazuck",10.1101/2020.10.28.20220657,https://doi.org/10.1101/2020.10.28.20220657,-,7,2020,yes,"The abstract specifically mentions ""adult patients"" and doesn't indicate inclusion of pregnant women or children.",yes,This is a primary diagnostic accuracy study comparing the rapid antigen test against RT-PCR as the reference standard.,yes,The study clearly reports rapid antigen test (COVID-VIRO®) results separately from RT-PCR results.,yes,"The study reports clear diagnostic accuracy data, including sensitivity (96.7%) and specificity (100%).",yes,The study was conducted in a clinical setting (Infectious Diseases Department and COVID-19 Screening Department of a hospital).,yes,The study evaluates a rapid antigen test (COVID-VIRO®) specifically.,yes,The study uses RT-qPCR as the reference standard and evaluates a point-of-care rapid antigen test.,Include,"A comprehensive diagnostic accuracy study of a rapid antigen test for SARS-CoV-2 was conducted among adult patients in a clinical setting, using RT-qPCR as the reference standard. The research meticulously reported sensitivity and specificity, meeting all screening criteria with robust methodology and clear outcome measures. The study provides valuable insights into point-of-care diagnostic testing for COVID-19, with results exceeding WHO recommendations.",4.9
Evaluation of Novel Antigen-Based Rapid Detection Test for the Diagnosis of SARS-CoV-2 in Respiratory Samples,"L. Porte, Paulette Legarraga, V. Vollrath, X. Aguilera, J. Munita, R. Araos, Gabriel Pizarro, P. Vial, S. Dittrich, T. Weitzel",10.2139/ssrn.3569871,https://doi.org/10.2139/ssrn.3569871,-,19,2020,maybe,"While not explicitly stated that all participants are adults, the median age is 38 years (IQR 29.5-44), strongly suggesting an adult population. No mention of pediatric or pregnant participants.",yes,This is a primary diagnostic accuracy study evaluating a novel rapid antigen detection test against RT-PCR.,yes,"The study clearly reports rapid antigen test results separately, with specific sensitivity and specificity values for the RDT (93.9% and 100% respectively).",yes,"The study reports clear quantifiable diagnostic accuracy data, including sensitivity (93.9%), specificity (100%), diagnostic accuracy (96.1%), and Kappa coefficient (0.9).",yes,"The study was conducted in a clinical setting in Santiago, Chile, with patients presenting with suspected COVID-19.",yes,The study specifically evaluates a rapid antigen detection test (fluorescence immunochromatographic SARS-CoV-2 antigen detection test).,yes,"The study evaluates a point-of-care rapid antigen test and uses RT-PCR as the reference standard, explicitly stated in the methods section.",Include,"A comprehensive diagnostic accuracy study of a rapid antigen test for SARS-CoV-2 was conducted in a clinical setting, utilizing RT-PCR as the reference standard and reporting detailed sensitivity and specificity metrics. The research evaluated a point-of-care immunofluorescence test on respiratory samples from adult patients, providing quantifiable diagnostic performance data with high accuracy measures. The study met all key screening criteria, demonstrating a robust methodology for assessing rapid diagnostic testing in COVID-19.",4.9
Performance of antigen testing for diagnosis of COVID-19: a direct comparison of a lateral flow device to nucleic acid amplification based tests,"M. Kahn, Lukas Schuierer, C. Bartenschlager, S. Zellmer, Ramona Frey, Marie-Theres Freitag, C. Dhillon, M. Heier, A. Ebigbo, C. Denzel, Selin Temizel, H. Messmann, M. Wehler, Reinhard Hoffmann, Elisabeth Kling, C. Römmele",10.1186/s12879-021-06524-7,https://doi.org/10.1186/s12879-021-06524-7,BMC Infectious Diseases,39,2021,maybe,"The abstract doesn't explicitly state the age range of participants. While it's likely an adult population given the hospital setting, we cannot be certain without more information.",yes,This is a primary diagnostic accuracy study comparing rapid antigen tests against molecular tests (NAAT) with original data collection.,yes,"The study clearly reports rapid antigen test results separately, with specific analysis of 3,630 antigen tests compared against NAAT results.",yes,"The study reports clear diagnostic accuracy measures including sensitivity (59.4%), specificity (99.0%), NPV (98.7%), and PPV (64.8%).",yes,The study was conducted in a clinical setting (University Hospital Augsburg).,yes,"The study specifically evaluates rapid antigen tests using lateral flow technology, not antibody tests or other diagnostics.",yes,"The study evaluates point-of-care rapid antigen tests and uses NAAT (nucleic acid amplification techniques) as the reference standard, which is equivalent to RT-PCR.",Include,"A comprehensive diagnostic accuracy study of rapid antigen tests for SARS-CoV-2 was conducted in a clinical setting, utilizing point-of-care lateral flow technology and comparing results against molecular testing. The research reported detailed diagnostic performance metrics including sensitivity, specificity, and predictive values, with robust methodology and clear outcome measures. While most screening criteria were definitively met, the participant age range remained slightly uncertain.",4.6
Antigen Test Performance Among Children and Adults at a SARS-CoV-2 Community Testing Site.,"L. Ford, M. Whaley, M. Shah, P. Salvatore, H. Segaloff, Augustina Delaney, D. Currie, L. Boyle-Estheimer, M. O’Hegarty, Clint N. Morgan, J. Meece, L. Ivacic, N. Thornburg, A. Tamin, J. Harcourt, J. Folster, M. Medrzycki, Shilpi Jain, Phili Wong, K. Goffard, D. Gieryn, J. Kahrs, K. Langolf, T. Zochert, J. Tate, Christopher H. Hsu, H. Kirking",10.1093/jpids/piab081,https://doi.org/10.1093/jpids/piab081,Journal of the Pediatric Infectious Diseases Society,18,2021,no,"The study includes both children (≥5 years) and adults, and while it reports data separately for these groups, it does not exclusively focus on adults. The abstract specifically mentions that ""About 1 in 10 included specimens were from children.""",yes,This is a primary diagnostic accuracy study comparing antigen tests with RT-PCR as the reference standard.,yes,"The study clearly reports rapid antigen test results separately, comparing BinaxNOW antigen test results with RT-PCR.",yes,"The study reports clear diagnostic accuracy data, including sensitivity (73.0% for children, 80.8% for adults), specificity (100% for children), and predictive values.",yes,The study was conducted in a community testing site.,yes,"The study evaluates rapid antigen tests (BinaxNOW) specifically, not antibody tests or other diagnostics.",yes,The study uses point-of-care rapid antigen tests (BinaxNOW) and RT-PCR as the reference standard.,Include,"The study meets most screening criteria for diagnostic accuracy, including test methodology, reference standard, and outcome measures. However, the inclusion of children in the study population violates the requirement for non-pregnant adult participants, which significantly impacts its eligibility. Despite reporting some adult data separately, the mixed population prevents full compliance with the screening criteria.",2.7
"Diagnostic accuracy of SARS-CoV-2 Panbio™ rapid antigen diagnostic tests in a 4,440-case clinical follow-up","Ágoston Hamar, Kristóf Filipánits, A. Váradi, Rita Váradi-Rácz, H. Gellén, Krisztina Futács, P. Urbán, Gábor L. Kovács, K. Gombos",10.3389/fmed.2022.908127,https://doi.org/10.3389/fmed.2022.908127,Frontiers in Medicine,6,2022,maybe,"The abstract doesn't explicitly state the age range of participants. While it mentions ""general population,"" there's no specific mention of excluding or separately reporting data for adults vs. children.",yes,"This is a primary diagnostic accuracy study with original data, including 4,440 paired tests and detailed performance metrics.",yes,"The study clearly reports rapid antigen test results (Panbio RADT) separately from RT-qPCR results, with detailed statistics provided for both.",yes,"The study reports detailed diagnostic accuracy data including sensitivity (41.2%), specificity (99.7%), PPV (95.1%), and NPV (91.4%) with confidence intervals.",yes,"While not explicitly stated, the context suggests a clinical setting with RT-qPCR testing and follow-up of cases.",yes,The study specifically evaluates rapid antigen tests (Panbio RADT) and not antibody tests or other diagnostics.,yes,The study uses RT-qPCR as the reference standard and evaluates point-of-care rapid antigen tests for SARS-CoV-2.,Include,"A comprehensive diagnostic accuracy study of SARS-CoV-2 rapid antigen testing using RT-qPCR as a reference standard, reporting detailed performance metrics across 4,440 paired tests. The research provides quantifiable diagnostic accuracy data with sensitivity, specificity, and predictive values, though uncertainty remains regarding the specific age range of participants. Methodologically robust, the study offers insights into rapid antigen test performance across different population prevalence and symptom contexts.",4.6
Evaluation of PCL rapid point of care antigen test for detection of SARS‐CoV‐2 in nasopharyngeal swabs,"W. Rastawicki, R. Gierczyński, G. Juszczyk, K. Mitura, B. Henry",10.1002/jmv.26765,https://doi.org/10.1002/jmv.26765,Journal of Medical Virology,13,2021,yes,"The study includes adult participants with a median age of 57.7 years (range, 21-78), and there's no mention of pregnant participants.",yes,This is a primary diagnostic accuracy study comparing Ag-RDT results with RT-PCR as the reference standard.,yes,The study clearly reports rapid antigen test results (PCL COVID-19 Ag rapid FIA) separately from RT-PCR and ELISA results.,yes,"The study reports clear diagnostic accuracy data, including sensitivity (38.9%), specificity (83.3%), and overall agreement (48.9%).",yes,"The study was conducted in a clinical setting (primary care hospital in Siedlce, Poland).",yes,The study specifically evaluates a rapid antigen test (PCL COVID-19 Ag rapid FIA) for SARS-CoV-2 detection.,yes,The study evaluates a point-of-care rapid antigen test and uses RT-PCR as the reference standard for comparison.,Include,"A comprehensive diagnostic accuracy study of a rapid antigen test for SARS-CoV-2 was conducted in a clinical setting with adult participants, using RT-PCR as the reference standard. The research meticulously reported quantifiable diagnostic performance metrics, including sensitivity and specificity, while evaluating a point-of-care rapid antigen test across multiple patient samples. The study's methodology and reporting fully aligned with all predefined screening criteria for diagnostic test evaluation.",4.9
Diagnostic Efficacy of COVID-19 Rapid Antigen Detection Card in Diagnosis of SARS-CoV-2,"Alice P. Selvabai R, L. V. Koshy, P. Shanmugam",10.1055/s-0042-1744237,https://doi.org/10.1055/s-0042-1744237,Journal of Laboratory Physicians,3,2022,maybe,"The abstract doesn't specify the age range of participants, so it's uncertain whether the study only includes non-pregnant adult participants or if the data of adult participants are reported separately.",yes,"This is a primary diagnostic accuracy study, explicitly described as a ""prospective study"" comparing RAT results against rtRT-PCR.",yes,"The study reports rapid antigen test results separately from other test types, with distinct positive/negative counts for each test type.",yes,"The study reports quantifiable diagnostic accuracy data, specifically sensitivity (74.19%) and specificity (100%).",yes,"The study was conducted in a ""tertiary COVID-19 care hospital located amidst the semi-urban settings,"" which qualifies as a clinical setting.",yes,The study specifically evaluates rapid antigen tests (RAT) for SARS-CoV-2.,yes,The study uses rtRT-PCR as the reference standard and evaluates point-of-care rapid antigen tests.,Include,"A prospective diagnostic accuracy study comparing rapid antigen tests with rtRT-PCR in a clinical setting, reporting comprehensive sensitivity and specificity data for SARS-CoV-2 detection. The research provides detailed methodological insights and quantifiable diagnostic performance metrics, with only minor uncertainty regarding participant age range. The study meets most screening criteria and offers valuable insights into rapid diagnostic testing for COVID-19.",4.6
Analytical Performances of the Point-of-Care BIOSYNEX COVID-19 Ag BSS for the Detection of SARS‐CoV‐2 Nucleocapsid Protein in Nasopharyngeal Swabs: A Prospective Field Evaluation During the COVID-19 Third Wave in France,"F. Fitoussi, S. Tonen-Wolyec, Natalio Awaida, Raphaël Dupont, L. Bélec",10.21203/RS.3.RS-519746/V1,https://doi.org/10.21203/RS.3.RS-519746/V1,-,3,2021,yes,"The study explicitly states it included ""persons aged ≥18 years,"" meeting the adult population criterion.",yes,This is a primary diagnostic accuracy study evaluating the performance of a specific rapid antigen test against RT-PCR.,yes,"The study clearly reports rapid antigen test results separately, with specific performance metrics for the BIOSYNEX COVID-19 Ag BSS test.",yes,"The study reports detailed diagnostic accuracy data including sensitivity (81.8%), specificity (99.6%), PPV (96.6%), NPV (97.5%), and other accuracy measures.",yes,"The study was conducted in ""two private laboratories"" in the Paris region, which qualifies as a clinical setting.",yes,The study specifically evaluates a rapid antigen test (BIOSYNEX COVID-19 Ag BSS) targeting the SARS-CoV-2 N nucleocapsid protein.,yes,The study uses RT-PCR (rtRT-PCR) as the reference standard and evaluates a point-of-care rapid antigen test.,Include,"A comprehensive diagnostic accuracy study of a rapid antigen test for SARS-CoV-2 was conducted among adults in a clinical setting, using RT-PCR as the reference standard. The research meticulously reported detailed performance metrics including sensitivity, specificity, and other diagnostic accuracy measures, meeting all predefined screening criteria. The study provides robust evidence for the potential utility of point-of-care rapid antigen testing in COVID-19 diagnosis.",4.9
Point-of-care evaluation of a rapid antigen test (CLINITESTⓇ Rapid COVID-19 Antigen Test) for diagnosis of SARS-CoV-2 infection in symptomatic and asymptomatic individuals,"I. Torres, S. Poujois, E. Albert, Gabriela Álvarez, J. Colomina, D. Navarro",10.1016/j.jinf.2021.02.010,https://doi.org/10.1016/j.jinf.2021.02.010,Journal of Infection,36,2021,maybe,"The study includes participants aged 11-87 years. While it includes adults, it also includes some participants under 18. However, the results are not separated by age group, which creates some uncertainty about whether adult data could be extracted separately.",yes,This is a primary diagnostic accuracy study evaluating the CLINITESTⓇ Rapid COVID-19 Antigen Test against RT-PCR.,yes,"The study clearly reports rapid antigen test results separately, with detailed comparison against RT-PCR results for both symptomatic and asymptomatic groups.",yes,"The study reports clear diagnostic accuracy data, including sensitivity (80.2% for symptomatic patients, 60.0% for asymptomatic contacts) and specificity (100% for both groups).",yes,"The study was conducted in a clinical setting, with testing performed at point-of-care by experienced nurses.",yes,The study specifically evaluates a rapid antigen test (CLINITESTⓇ Rapid COVID-19 Antigen Test) using lateral flow immunochromatography technology.,yes,The study uses RT-PCR (TaqPath COVID-19 Combo Kit) as the reference standard for comparison with the rapid antigen test.,Include,"A comprehensive diagnostic accuracy study evaluating a rapid antigen test for SARS-CoV-2 using RT-PCR as the reference standard, with detailed reporting of sensitivity and specificity across symptomatic and asymptomatic populations. The research meets most screening criteria, with a minor limitation regarding participant age range, but provides robust point-of-care testing performance data. Methodologically sound, the study offers valuable insights into rapid antigen test performance in clinical settings.",4.3
Multi-site point of care assessment of Abbott ID NOW rapid molecular test for SARS-CoV-2 in a low-prevalence setting,"Maryza Graham, Stephen Muhi, T. Hoang, S. Ballard, J. McAuley, J. Kwong, D. Williamson, B. Howden",10.1016/j.pathol.2021.07.002,https://doi.org/10.1016/j.pathol.2021.07.002,Pathology (Sydney),6,2021,no,"The study includes participants aged 4-91 years, with a median age of 36 years. This means it includes children under 18, and the data for adults is not reported separately.",no,"This is a primary diagnostic accuracy study comparing ID NOW (a molecular test) with RT-PCR. While it meets the criterion of being a primary diagnostic accuracy study, it's evaluating the wrong type of test.",no,"The study reports results for the ID NOW COVID-19 test separately from RT-PCR results. However, this is a molecular test, not a rapid antigen test. The abstract discusses rapid antigen tests in general but doesn't evaluate them specifically.",yes,"The study reports quantifiable diagnostic accuracy data, including specificity (99.9%) and discusses sensitivity, though the latter isn't directly reported in the abstract due to no positive cases.",yes,"The study was conducted in clinical settings (two academic hospitals in Victoria, Australia).",no,"The study evaluates the Abbott ID NOW COVID-19 test, which is described as a ""rapid, instrument-based molecular isothermal amplification test."" This is not a rapid antigen test, but rather a molecular test.",maybe,"While the study does use RT-PCR as the reference standard (meeting half of this criterion), it evaluates a molecular test rather than a rapid antigen test.",Exclude,"The study fails to meet key screening criteria, primarily because it evaluates a molecular test rather than a rapid antigen test and includes participants under 18 years old. While the research provides detailed diagnostic accuracy data in a clinical setting, the fundamental mismatch with the required test type and population age disqualifies it from inclusion in the systematic review.",1.4
"Analytical sensitivity and specificity of four point of care rapid antigen diagnostic tests for SARS-CoV-2 using real-time quantitative PCR, quantitative droplet digital PCR, and a mass spectrometric antigen assay as comparator methods.","B. Karon, L. Donato, Amber R. Bridgeman, Joseph H. Blommel, B. Kipp, Anthony D Maus, S. Renuse, Jennifer V. Kemp, Anil K. Madugundu, Patrick M. Vanderboom, S. Chavan, S. Dasari, Ravinder J Singh, S. Grebe, A. Pandey",10.1093/clinchem/hvab138,https://doi.org/10.1093/clinchem/hvab138,Clinical Chemistry,20,2021,maybe,The abstract does not specify the age range of participants or whether the samples were from adults. This is a significant uncertainty.,yes,This is a primary diagnostic accuracy study evaluating the analytical sensitivity and specificity of rapid antigen tests.,yes,"The study clearly reports rapid antigen test results separately, with detailed analysis of four different rapid antigen tests (BD Veritor, ACON LF, ACON FIA, and LumiraDx FIA).",yes,"The study reports quantifiable diagnostic accuracy data, including sensitivity (66.5% to 88.3%) and specificity (nearly 100%).",maybe,"While the study uses clinical samples (PBS samples), it appears to be a laboratory-based analytical validation study rather than a clinical or community setting evaluation.",yes,The study specifically evaluates rapid antigen tests (Ag RDTs) and not antibody tests or other diagnostics.,yes,The study uses RT-qPCR as the reference standard and evaluates point-of-care rapid antigen tests for SARS-CoV-2.,Include,"A comprehensive diagnostic accuracy study evaluating four rapid antigen tests for SARS-CoV-2 using RT-qPCR as the reference standard, with detailed reporting of sensitivity and specificity across different viral load ranges. The research provides robust analytical validation of point-of-care antigen tests, though uncertainties remain regarding participant age and study setting. Quantifiable diagnostic accuracy data were reported, demonstrating significant variations in test performance across different viral load levels.",4
"Validation of a rapid antigen test as a screening tool for SARS-CoV-2 infection in asymptomatic populations. Sensitivity, specificity and predictive values","A. Fernández-Montero, J. Argemí, J. Rodríguez, Arturo H. Ariño, L. Moreno-Galarraga",10.1016/j.eclinm.2021.100954,https://doi.org/10.1016/j.eclinm.2021.100954,EClinicalMedicine,74,2021,yes,"The study explicitly states it was conducted in ""asymptomatic adults,"" indicating participants were 18 years or older.",yes,This is a primary diagnostic accuracy study comparing rapid antigen tests with RT-PCR as the reference standard.,yes,"The study clearly reports rapid antigen test results separately, specifically for the Roche SARS-CoV-2 Rapid Antigen Test, with distinct sensitivity and specificity values.",yes,"The study reports clear quantifiable diagnostic accuracy data, including sensitivity (71.43%), specificity (99.68%), PPV, and NPV with confidence intervals.",yes,The study was conducted in a clinical/community setting (University of Navarra community) with a defined population.,yes,The study specifically evaluates a rapid antigen test (Roche SARS-CoV-2 Rapid Antigen Test) and not antibody or laboratory-based tests.,yes,The study explicitly uses RT-PCR as the reference standard for evaluating the rapid antigen test.,Include,"A comprehensive diagnostic accuracy study of rapid antigen testing for SARS-CoV-2 in asymptomatic adults, utilizing RT-PCR as the reference standard and reporting detailed sensitivity, specificity, and predictive values. The research systematically evaluated the Roche SARS-CoV-2 Rapid Antigen Test in a clinical setting, providing quantifiable diagnostic performance metrics across a large sample of 2,542 participants. The study meets all key screening criteria for a rigorous diagnostic accuracy assessment of rapid antigen testing.",4.9
Comparison of Antigen Tests and qPCR in Rapid Diagnostics of Infections Caused by SARS-CoV-2 Virus,"A. Klajmon, Aldona Olechowska-Jarząb, D. Salamon, Agnieszka Sroka-Oleksiak, M. Brzychczy-Wloch, T. Gosiewski",10.3390/v14010017,https://doi.org/10.3390/v14010017,Viruses,7,2021,maybe,"The abstract does not specify the participant age ranges, only mentioning ""192 patients with COVID-19 symptoms"" without age details.",yes,The study is a primary diagnostic accuracy study comparing antigen tests with qPCR results.,yes,"The study clearly reported rapid antigen test results separately from other test types, with specific numbers provided for the antigen test results.",yes,"The study reports quantifiable diagnostic accuracy data, including sensitivity (91.5%) and specificity (98.6%).",yes,"While not explicitly stated, the context suggests a clinical setting given the use of nasopharyngeal swabs and laboratory testing.",yes,"The study specifically evaluates a rapid antigen test (Humasis COVID-19 Ag Test), which is an immunochromatographic test.",yes,The study uses RT-PCR (specifically qPCR) as the reference standard and evaluates a point-of-care rapid antigen test.,Include,"A diagnostic accuracy study comparing rapid antigen tests with qPCR for COVID-19, demonstrating high sensitivity and specificity across 189 patient samples. The research meets most screening criteria, with robust methodology and clear reporting of diagnostic performance, though participant age details remain uncertain. The study provides valuable insights into rapid antigen testing as a potential alternative to nucleic acid amplification tests.",4.3
Evaluation of the Panbio rapid antigen test for SARS-CoV-2 in primary health care centers and test sites.,"Oana Bulilete, Patricia Lorente, A. Leiva, E. Carandell, A. Oliver, Estrella Rojo, Pau Pericas, J. Llobera",10.1101/2020.11.13.20231316,https://doi.org/10.1101/2020.11.13.20231316,medRxiv,35,2020,yes,"The abstract explicitly states ""Consecutive patients older than 18 years"" were included, meeting the adult population criterion.",yes,"The study is explicitly described as a ""prospective diagnostic study"" with original data collection and analysis.",yes,"The study clearly reports rapid antigen test results separately, with specific sensitivity and specificity values for the Panbio Ag-RDT.",yes,"The study reports clear diagnostic accuracy measures including sensitivity (71.4%), specificity (99.8%), PPV (98.0%), and NPV (96.8%) with confidence intervals.",yes,"The study was conducted in ""primary health care (PHC) centers and test sites,"" which qualifies as a clinical setting.",yes,The study specifically evaluates a rapid antigen test (Panbio Ag-RDT) for SARS-CoV-2.,yes,"The study uses RT-PCR as the reference standard, explicitly stated as ""using the Reverse-Transcription Polymerase Chain Reaction (RT-PCR) test as the gold standard.""",Include,"A prospective diagnostic study of rapid antigen testing for SARS-CoV-2 in adults, conducted in primary healthcare settings, comprehensively reported diagnostic accuracy using RT-PCR as the reference standard. The research met all screening criteria by evaluating a point-of-care rapid antigen test with clear methodology, reporting quantifiable sensitivity and specificity, and including participants over 18 years old. The study's robust design and detailed reporting provide valuable insights into rapid antigen test performance in clinical settings.",5
Surveillance testing for SARS-COV-2 infection in an asymptomatic athlete population: a prospective cohort study with 123 362 tests and 23 463 paired RT-PCR/antigen samples,"K. Harmon, Anabelle M. de. St. Maurice, Adam C. Brady, S. Swaminathan, D. Aukerman, Miguel A Rueda, Kimberly A Terrell, Randall P. Cohen, S. Gamradt, Sunday D. Henry, Lindsay M. Huston, D. Mcallister, K. M. McCarty, Anthony N. Pass, Stephen Paul, David J. Petron, S. Kliethermes",10.1136/bmjsem-2021-001137,https://doi.org/10.1136/bmjsem-2021-001137,BMJ Open Sport & Exercise Medicine,14,2021,yes,"The study focuses on college athletes, who are adults (18+ years). No mention of pregnant participants.",yes,This is a primary diagnostic accuracy study comparing antigen tests with RT-PCR as the reference standard.,yes,"The study clearly reports rapid antigen test results separately from RT-PCR results, with specific numbers provided (81,175 antigen tests and 42,187 RT-PCR tests).",yes,"The study reports quantifiable diagnostic accuracy data, including sensitivity (35.7%) and specificity (99.8%) with confidence intervals.",yes,The study is conducted in a clinical/community setting (college athletic programs).,yes,The study specifically evaluates rapid antigen tests (Quidel Sofia-2 SARS-CoV-2 Antigen Tests).,yes,"The study uses point-of-care rapid antigen tests and RT-PCR as the reference standard, with clear comparison between the two.",Include,"A comprehensive diagnostic accuracy study of rapid antigen tests in college athletes, utilizing RT-PCR as a reference standard, with clear reporting of sensitivity and specificity across a large sample size. The research meticulously compared point-of-care antigen testing with laboratory-based PCR testing, providing quantifiable diagnostic performance metrics in a clinical setting. All screening criteria were met, including appropriate population age, test methodology, and outcome measures.",4.9
Accuracy of a Novel SARS-CoV-2 Antigen-Detecting Rapid Diagnostic Test from Standardized Self-Collected Anterior Nasal Swabs,"B. Osmanodja, Klemens Budde, Daniel Zickler, M. Naik, Jörg Hofmann, M. Gertler, Claudia Hülso, Heike Rössig, Philipp Horn, J. Seybold, Stephanie Lunow, M. Bothmann, A. Barrera-Pesek, Manuel Mayrdorfer",10.3390/jcm10102099,https://doi.org/10.3390/jcm10102099,Journal of Clinical Medicine,5,2021,maybe,"The abstract doesn't explicitly state the age range of participants. While it's likely these are adults given the context, we cannot be certain without more information.",yes,"This is a primary diagnostic accuracy study, specifically described as a ""prospective, single-center, point of care validation"" study.",yes,"The study clearly reports rapid antigen test results separately, with specific sensitivity and specificity values for the Ag-RDT.",yes,"The study reports clear diagnostic accuracy data, including sensitivity (96.7% and 88.6% for different scenarios) and specificity (99.7%) with confidence intervals.",yes,"The study is conducted in a clinical setting, described as a ""single-center"" validation study.",yes,The study specifically evaluates an antigen-detecting rapid diagnostic test (Ag-RDT) for SARS-CoV-2.,yes,"The study uses RT-PCR from combined oropharyngeal/nasopharyngeal swabs as the reference standard, and evaluates a point-of-care rapid antigen test.",Include,"A prospective diagnostic accuracy study evaluating a rapid antigen test for SARS-CoV-2 demonstrates strong methodological rigor, reporting comprehensive diagnostic performance metrics with RT-PCR as the reference standard. The research meets most screening criteria, with high sensitivity and specificity values, though participant age range remains unconfirmed. The study provides valuable insights into point-of-care testing methodology with potential implications for pandemic control.",4.6
Utility of Antigen-Based Rapid Diagnostic Test for Detection of SARS-CoV-2 Virus in Routine Hospital Settings,"P. Thakur, S. Saxena, V. Manchanda, Neha Rana, R. Goel, R. Arora",10.1093/labmed/lmab033,https://doi.org/10.1093/labmed/lmab033,Laboratoriums Medizin,19,2021,maybe,"The abstract doesn't specify the age range of participants, so there is uncertainty about whether the study only includes non-pregnant adult participants or if the data of adult participants are reported separately.",yes,This is a primary diagnostic accuracy study (cross-sectional design) reporting original data on 677 patients.,yes,"The study clearly reports rapid antigen test (RDT) results separately, with specific sensitivity and specificity values provided.",yes,"The study reports clear diagnostic accuracy measures including sensitivity (34.5%), specificity (99.8%), PPV (96.6%), and NPV (91.5%).",yes,"While not explicitly stated, the collection of nasopharyngeal and oropharyngeal swabs suggests a clinical setting.",yes,The study explicitly evaluates a rapid antigen test (immune-chromatographic assay) for SARS-CoV-2.,yes,The study uses RT-qPCR as the reference standard and evaluates a point-of-care rapid antigen test.,Include,"A diagnostic accuracy study of a SARS-CoV-2 rapid antigen test demonstrated clear reporting of test performance using RT-qPCR as a reference standard, with comprehensive outcome measures including sensitivity, specificity, and predictive values. The study meets most screening criteria, with the primary uncertainty being the specific age range of participants, which would require full text review for definitive confirmation.",4.3
Accuracy of point-of-care diagnostic tests for SARS-CoV-2 antibodies (IgM/IgG) is heterogeneous,H. Sacks,10.7326/ACPJ202010200-047,https://doi.org/10.7326/ACPJ202010200-047,Annals of Internal Medicine,0,2020,no,The abstract does not specify the age range of participants included in the review.,maybe,"This is a systematic review and meta-analysis, which could potentially be included, but we need to verify if it reports original data.",no,"The abstract appears to focus on antibody tests rather than antigen tests, so it likely does not report rapid antigen test results separately.",maybe,"While this is a meta-analysis that likely includes diagnostic accuracy data, we cannot confirm the specific measures from the abstract.",maybe,"The abstract mentions ""real-world data"" which suggests clinical/community settings, but this is not explicitly stated.",no,"The abstract explicitly states it focuses on ""SARS-CoV-2 antibodies"" tests, not rapid antigen tests. This is a clear failure of a critical criterion.",no,"The study evaluates antibody tests, not point-of-care rapid antigen tests, and the reference standard is not specified in the abstract.",Exclude,"The study focuses on SARS-CoV-2 antibody tests, which fundamentally conflicts with the screening criteria requiring rapid antigen test evaluation. Critical screening requirements around test methodology and test type are not met, rendering the paper ineligible for inclusion. The explicit focus on antibody tests rather than rapid antigen tests provides a clear basis for exclusion.",0.1
Diagnostic validation of two SARS-CoV-2 immunochromatographic tests in Slovenian and Croatian hospitals,"Martina Ifko, Željka Tkalčić Švabek, Iva Friščić, M. M. K. Paro, I. Prkačin, Lovorka Đerek, Ana Livun, M. Skvarč",10.3325/cmj.2021.62.513,https://doi.org/10.3325/cmj.2021.62.513,Croatian Medical Journal,4,2021,maybe,"The abstract does not explicitly state the age range of participants, so it is uncertain whether the study only includes non-pregnant adult participants or if the data of adult participants are reported separately.",yes,This is a primary diagnostic accuracy study comparing rapid antigen tests against RT-PCR as the reference standard.,yes,"The study reports rapid antigen test results separately from other test types, with specific performance metrics for each test type (NADAL and ALLTEST).",yes,"The study reports quantifiable diagnostic accuracy data, including sensitivity and negative predictive values for both tests.",yes,"The study was conducted in emergency care departments of hospitals, which is a clinical setting.",yes,The study specifically evaluates point-of-care rapid antigen tests (NADAL COVID-19 Ag Test and ALLTEST COVID-19 Antigen Test).,yes,The study explicitly evaluates point-of-care rapid antigen tests using RT-PCR as the reference standard.,Include,"A diagnostic accuracy study comparing two rapid antigen tests against RT-PCR in hospital emergency departments, reporting comprehensive performance metrics including sensitivity and negative predictive values. The research meets most screening criteria, with robust methodology and clear reporting of test results, though participant age range remains slightly uncertain. The study provides valuable insights into point-of-care COVID-19 diagnostic testing in a clinical setting.",4.6
Performance characteristics of five antigen-detecting rapid diagnostic test (Ag-RDT) for SARS-CoV-2 asymptomatic infection: a head-to-head benchmark comparison,"B. Baro, Pau Rodó, D. Ouchi, A. Bordoy, Emilio N. Saya Amaro, Sergi V. Salsench, S. Molinos, A. Alemany, Maria Ubals, M. Corbacho-Monné, P. Millat-Martínez, M. Marks, B. Clotet, N. Prat, J. Ara, M. Vall-Mayans, Camila G-Beiras, Q. Bassat, I. Blanco, O. Mitjà",10.1016/j.jinf.2021.04.009,https://doi.org/10.1016/j.jinf.2021.04.009,Journal of Infection,56,2021,maybe,"The abstract mentions ""unexposed asymptomatic individuals"" but doesn't specify age ranges, creating some uncertainty about whether the study meets the age criterion.",yes,This is a primary diagnostic accuracy study comparing five different rapid antigen tests against RT-PCR.,yes,"The study clearly reports rapid antigen test results separately for each manufacturer (Abbott, Siemens, Roche, Lepu, and Surescreen) with specific sensitivity and specificity values.",yes,"The study reports clear diagnostic accuracy data including sensitivity, specificity, and predictive values.",yes,"While not explicitly stated, the context of mass screening and testing of ""unexposed asymptomatic individuals"" suggests a clinical or community setting.",yes,The study explicitly evaluates rapid antigen tests (Ag-RDTs) for SARS-CoV-2 detection.,yes,The study uses RT-qPCR as the reference standard and evaluates point-of-care rapid antigen tests.,Include,"A comprehensive diagnostic accuracy study comparing five rapid antigen tests for SARS-CoV-2, utilizing RT-PCR as a reference standard and reporting detailed sensitivity and specificity metrics. The research evaluates point-of-care tests in a mass screening context, with robust methodology and clear outcome measures, though some uncertainty exists regarding participant age demographics. Multiple test manufacturers were assessed, providing a nuanced analysis of rapid diagnostic test performance.",4.6
Comparison of SARS-CoV-2 Detection by Rapid Antigen and by Three Commercial RT-qPCR Tests: A Study from Martin University Hospital in Slovakia,"Z. Danková, E. Nováková, M. Škereňová, V. Holubekova, Vincent Lucansky, Dana Dvorská, D. Braný, Z. Kolková, J. Strnádel, S. Mersakova, K. Janíková, Marek Samec, M. Pokusa, M. Petráš, M. Šarlinová, I. Kasubova, Dušan Loderer, V. Sadloňová, J. Kompaníková, Nina Kotlebova, Adriana Kompanikova, Martina Hrnciarova, A. Štanclová, M. Antošová, A. Dzian, V. Nosáľ, I. Kocan, D. Murgaš, D. Krkoška, A. Calkovska, E. Halasová",10.3390/ijerph18137037,https://doi.org/10.3390/ijerph18137037,International Journal of Environmental Research and Public Health,10,2021,maybe,"The abstract mentions healthcare workers (doctors and nurses) but doesn't explicitly state age restrictions. However, given the population is healthcare workers, it's likely they are adults, but this isn't explicitly confirmed.",yes,This is a primary diagnostic accuracy study comparing antigen tests with RT-qPCR kits.,yes,The study clearly reports rapid antigen test results (Standard Q COVID-19 antigen test) separately from RT-qPCR results.,yes,"The study reports quantifiable diagnostic accuracy data, including positive predictive value (100%) and negative predictive value (98.10%).",yes,The study was conducted in a clinical setting (Martin University Hospital).,yes,The study specifically evaluates a rapid antigen test (Standard Q COVID-19 antigen test).,yes,The study evaluates a point-of-care rapid antigen test and uses RT-qPCR as the reference standard (three different RT-qPCR kits).,Include,"A diagnostic accuracy study comparing rapid antigen and RT-qPCR tests among healthcare workers, demonstrating comprehensive reporting of test performance with quantifiable outcomes. The research meets most screening criteria, with robust methodology and substantial sample size, though slight uncertainty exists regarding explicit age restrictions. The study provides valuable insights into SARS-CoV-2 diagnostic testing in a clinical setting.",4.6
COVID-19: Rapid Antigen detection for SARS-CoV-2 by lateral flow 1 assay: a national systematic evaluation for mass-testing,T. Peto,-,-,-,48,2021,maybe,"The abstract does not explicitly state the age range of participants, so it is unclear whether the study only included non-pregnant adult participants or if the data for adult participants were reported separately.",yes,This is a primary diagnostic accuracy study evaluating multiple LFDs with original data collection and analysis.,yes,"The study clearly reports rapid antigen test results separately, with detailed performance metrics for the lateral flow device (LFD) tests.",yes,"The study reports clear diagnostic accuracy data, including sensitivity (78.8%), specificity, and false positive rates with confidence intervals.",yes,"The study was conducted in multiple clinical and community settings, including ""UK COVID-19 testing centres, hospital, schools, armed forces.""",yes,"The study specifically evaluates rapid antigen tests (LFDs) for SARS-CoV-2, with a clear focus on viral antigen detection.",yes,The study explicitly uses RT-PCR as the reference standard for evaluating the LFDs.,Include,"A comprehensive diagnostic accuracy study of SARS-CoV-2 lateral flow devices across multiple clinical and community settings, utilizing RT-PCR as a reference standard and reporting detailed performance metrics including sensitivity and specificity. The research systematically evaluated rapid antigen tests with robust methodology, though some uncertainty exists regarding the precise age range of participants. Overall, the study provides significant insights into point-of-care testing for COVID-19 with clear diagnostic performance data.",4.6
Verification and implementation of a rapid antigen test for SARS-CoV2 detection in clinical settings in Sydney local health district (SLHD),"Susy Mathew, J. Saunders, Jacquelyn Petty, Rebecca L. Davis",10.1016/j.pathol.2021.12.278,https://doi.org/10.1016/j.pathol.2021.12.278,Pathology (Sydney),0,2022,maybe,"The abstract doesn't explicitly state the age range of participants. While it mentions ""patients,"" there's no clear indication whether they are adults or if pediatric data is included.",yes,"This is a primary diagnostic accuracy study (""prospective verification study"") with original data collection on 81 patients.",yes,"The study clearly reports rapid antigen test (RADT) results separately, with specific sensitivity and specificity values provided.",yes,"The study reports clear diagnostic accuracy measures, including sensitivity (65.2%) and specificity (100%) with confidence intervals.",yes,The study was conducted in a clinical setting (SLHD - likely a hospital or healthcare district).,yes,The study specifically evaluates a rapid antigen test (PanbioTM COVID-19 RADT) for SARS-CoV-2.,yes,"The study uses RT-PCR (referred to as ""conventional NAAT methods"") as the reference standard for the rapid antigen test evaluation.",Include,"A prospective diagnostic accuracy study evaluating a rapid antigen test for SARS-CoV-2 demonstrates strong methodological alignment with most screening criteria, including appropriate test methodology, reference standard, and outcome measures. The study reports clear diagnostic performance data with sensitivity and specificity metrics, though uncertainty remains regarding participant age range. Overall, the research provides a comprehensive assessment of rapid antigen testing in a clinical setting.",4.6
Diagnostic performance of CerTest and Panbio antigen rapid diagnostic tests to diagnose SARS-CoV-2 infection,"F. Pérez-García, J. Romanyk, P. Gómez-Herruz, T. Arroyo, R. Pérez-Tanoira, M. Linares, Inés Pérez Ranz, Andrea Labrador Ballestero, Helena Moya Gutiérrez, M. Ruiz-Alvarez, J. Cuadros-González",10.1016/j.jcv.2021.104781,https://doi.org/10.1016/j.jcv.2021.104781,Journal of Clinical Virology,34,2021,maybe,"The abstract does not explicitly state the age range of participants, so there is uncertainty about whether the study only included non-pregnant adult participants or reported data for adult participants separately.",yes,This is a primary diagnostic accuracy study evaluating two rapid antigen tests against PCR as the reference standard.,yes,"The study clearly reports rapid antigen test results separately, comparing two specific Ag-RDTs (CerTest and Panbio) with detailed performance metrics.",yes,"The study reports detailed diagnostic accuracy data including sensitivity (53.5% and 60.0% overall), specificity (100%), and performance metrics for different viral loads and timeframes.",maybe,"While the study involves clinical samples (nasopharyngeal), the specific setting (clinical or community) is not explicitly stated, though it appears to be clinical given the sample collection method.",yes,"The study specifically evaluates rapid antigen tests (Ag-RDTs), not antibody tests or other diagnostics.",yes,"The study evaluates point-of-care rapid antigen tests and uses RT-PCR as the reference standard, with clear comparison of results.",Include,"A diagnostic accuracy study comparing two rapid antigen tests for SARS-CoV-2 using RT-PCR as the reference standard, with comprehensive reporting of sensitivity and specificity across different viral load and symptom onset scenarios. The research provides detailed performance metrics for point-of-care antigen tests, though uncertainty exists regarding the specific age range of participants. Overall, the study meets most screening criteria with robust methodological design and clear reporting of diagnostic accuracy data.",4.3
Performance of different rapid antigen testing strategies for SARS‐CoV‐2: A living rapid review,"N. Shaver, Alexandria Bennett, Andrew Beck, Niyati Vyas, Gabriele Zitiktye, Eric Lam, Barbara Whelan, Rhea O’Regan, A. Conway, B. Skidmore, D. Moher, Julian Little",10.1111/eci.14058,https://doi.org/10.1111/eci.14058,European Journal of Clinical Investigation,2,2023,maybe,No information is provided about the participant age groups.,maybe,"The abstract mentions examining ""diagnostic test accuracy"" and ""effectiveness of different RADT strategies"", indicating that this appears to be a primary diagnostic accuracy study.",maybe,"The abstract mentions RADTs specifically, suggesting separate reporting of RADT results, but this is not explicitly confirmed.",maybe,"The abstract mentions ""diagnostic test accuracy"" but does not explicitly state which specific outcome measures will be reported.",maybe,The abstract does not provide any explicit mention of the study setting (clinical or community).,yes,The abstract clearly focuses on rapid antigen detection tests (RADTs) and explicitly mentions these as the primary focus.,maybe,"The abstract mentions RADTs for SARS-CoV-2, but does not explicitly mention RT-PCR as the reference standard.",Include,"The abstract focuses on rapid antigen detection tests for SARS-CoV-2, suggesting a diagnostic accuracy study, but lacks critical details about population age, reference standard, and specific outcome measures. Multiple screening criteria remain uncertain due to the abstract's brevity, preventing a definitive assessment of the study's alignment with inclusion requirements.",3.4
Panbio™ rapid antigen test for SARS-CoV-2 has acceptable accuracy in symptomatic patients in primary health care,"Oana Bulilete, Patricia Lorente, A. Leiva, E. Carandell, A. Oliver, Estrella Rojo, Pau Pericas, J. Llobera",10.1016/j.jinf.2021.02.014,https://doi.org/10.1016/j.jinf.2021.02.014,Journal of Infection,54,2021,yes,"The abstract explicitly states ""Consecutive patients older than 18 years"" were included, meeting the adult population criterion.",yes,This is a primary diagnostic accuracy study comparing rapid antigen tests against RT-PCR as the reference standard.,yes,"The study clearly reports rapid antigen test (Panbio™ Ag-RDT) results separately, with specific sensitivity and specificity values provided.",yes,"The study reports clear diagnostic accuracy measures including sensitivity (71.4%), specificity (99.8%), PPV (98.0%), and NPV (96.8%) with confidence intervals.",yes,"The study was conducted in primary health care centers and test sites, which qualifies as a clinical setting.",yes,The study specifically evaluates a rapid antigen test (Panbio™ Ag-RDT) for SARS-CoV-2.,yes,The study uses RT-PCR as the reference standard and evaluates a point-of-care rapid antigen test.,Include,"A comprehensive diagnostic accuracy study of a rapid antigen test for SARS-CoV-2 was conducted among adults in primary health care settings, using RT-PCR as the reference standard. The research meticulously reported detailed diagnostic performance metrics, including sensitivity, specificity, and predictive values, while meeting all predefined screening criteria for a robust diagnostic accuracy assessment.",5
"SARS-CoV-2 antigen tests for screening of healthcare workers; experience with over 48,000 combined antigen tests and RT-PCR tests","A. Piek, M. Knoester, L. Gard, M. Lokate, H. Niesters, C.L. van Leer-Buter",10.1016/j.jcv.2022.105326,https://doi.org/10.1016/j.jcv.2022.105326,Journal of Clinical Virology,6,2022,yes,"The study focuses on healthcare workers (HCWs), who are by definition adults. No mention of including children or pregnant individuals.",yes,This is a primary diagnostic accuracy study comparing antigen tests against RT-PCR as the reference standard.,yes,"The study clearly reports rapid antigen test results separately from RT-PCR results, with detailed paired analysis of 48,010 results.",yes,"The study reports clear diagnostic accuracy measures including sensitivity (79.0% and 92.0% at different Ct thresholds), specificity (99.8%), PPV (93.8%), and NPV (99.1% and 99.7%).",yes,The study is conducted in a clinical setting (healthcare workers in healthcare facilities).,yes,"The study specifically evaluates rapid antigen tests for SARS-CoV-2, not antibody tests or other diagnostics.",yes,The study explicitly uses RT-PCR as the reference standard and evaluates point-of-care rapid antigen tests.,Include,"A comprehensive diagnostic accuracy study of rapid antigen tests for SARS-CoV-2 among healthcare workers, utilizing RT-PCR as the reference standard and reporting detailed performance metrics across a large sample size. The research meticulously evaluated test sensitivity, specificity, and predictive values using different viral load thresholds, providing robust evidence for the diagnostic utility of rapid antigen testing in clinical settings.",4.9
Combined point of care nucleic acid and antibody testing for SARS-CoV-2: a prospective cohort study in suspected moderate to severe COVID-19 disease.,"P. Mlcochova, D. Collier, A. Ritchie, S. Assennato, M. Hosmillo, N. Goel, B. Meng, K. Chatterji, V. Mendoza, Nigel James Temperton, L. Kiss, K. A. Ciazyns, X. Xiong, J. Briggs, J. Nathan, F. Mescia, H. Zhang, P. Barmpounakis, N. Demeris, R. Skells, P. Lyons, J. Bradley, S. Baker, H. H. Lee, K. Smith, I. Goodfellow, R. Gupta",10.1101/2020.06.16.20133157,https://doi.org/10.1101/2020.06.16.20133157,medRxiv,6,2020,maybe,"The study includes adults with a median age of 73.5 years for COVID-19 positive cases and 63.0 years for negative cases. While it appears to be an adult population, the abstract doesn't explicitly state that all participants were 18+ or that data was reported separately for adults.",yes,"This is a primary diagnostic accuracy study that reports original data, including sensitivity and specificity calculations.",no,"The study does not report rapid antigen test results separately from other test types. The focus appears to be on nucleic acid tests and antibody tests, rather than rapid antigen tests.",yes,"The study clearly reports quantifiable diagnostic accuracy data, including sensitivity and specificity with confidence intervals.",yes,The study is conducted in a clinical setting (emergency department).,no,"The study evaluates nucleic acid tests and antibody tests, but does not appear to evaluate rapid antigen tests specifically. The focus is on ""rapid nucleic acid test"" and ""rapid antibody point of care (POC) tests.""",maybe,"While the study uses RT-PCR as a reference standard, it's not evaluating rapid antigen tests. The study uses a ""composite gold standard of neutralisation and the standard laboratory RT-PCR.""",Exclude,"The study primarily focuses on nucleic acid and antibody tests for COVID-19 diagnosis, which does not align with the screening criteria for rapid antigen tests. While the research provides valuable diagnostic accuracy data in a clinical setting, it fails to meet key requirements such as evaluating rapid antigen tests and reporting their results separately. Consequently, the study does not qualify for inclusion based on the specified screening criteria.",1.4
The sensitivity of SARS-CoV-2 antigen tests in the view of large-scale testing,"Pavel Dřevínek, Jakub Hurych, Z. Kepka, A. Briksí, Michal Kulich, M. Zajac, Petr Hubacek",10.1101/2020.11.23.20237198,https://doi.org/10.1101/2020.11.23.20237198,medRxiv,25,2020,maybe,"The abstract doesn't explicitly state the age range of participants. While it mentions ""subjects"" and includes both symptomatic and asymptomatic individuals, there's no specific mention of age restrictions or separate reporting for adults.",yes,This is a primary diagnostic accuracy study comparing antigen tests against PCR as the reference standard.,yes,"The study clearly reports rapid antigen test results separately, providing specific sensitivity values for two different antigen tests (Panbio and Standard F).",yes,"The study reports quantifiable diagnostic accuracy data, specifically sensitivity values with confidence intervals for both tests.",yes,"While not explicitly stated, the context suggests a clinical setting given the collection of nasopharyngeal and oropharyngeal swabs and the structured testing protocol.",yes,The study specifically evaluates point-of-care rapid antigen tests (Panbio Covid-19 Ag Rapid Test and Standard F Covid-19 Ag FIA).,yes,The study uses RT-PCR (Allplex SARS-nCoV-2) as the reference standard and evaluates point-of-care rapid antigen tests.,Include,"A comprehensive diagnostic accuracy study comparing two rapid antigen tests against RT-PCR, reporting detailed sensitivity data across symptomatic and asymptomatic populations. The research systematically evaluates point-of-care antigen tests with robust methodology, though participant age range remains unspecified. Quantifiable diagnostic accuracy measures and clear test comparisons provide valuable insights into SARS-CoV-2 testing performance.",4.6
Clinical Performance of the Point-of-Care cobas Liat for Detection of SARS-CoV-2 in 20 Minutes: a Multicenter Study,"G. Hansen, Jamie Marino, Zi-Xuan Wang, K. Beavis, J. Rodrigo, Kylie Labog, L. Westblade, R. Jin, N. Love, Karen Ding, Sachin Garg, Alan Huang, J. Sickler, N. Tran",10.1128/JCM.02811-20,https://doi.org/10.1128/JCM.02811-20,Journal of Clinical Microbiology,75,2020,maybe,"The abstract does not explicitly state the age range of participants, so it cannot be confirmed that the study only includes non-pregnant adult participants or that the data of adult participants are reported separately.",yes,"This is a primary diagnostic accuracy study comparing two testing methods, which meets the criterion of being a primary diagnostic accuracy study or meta-analysis reporting original data.",no,"The study reports results for RT-PCR tests, not rapid antigen tests. The data is clearly separated and focused on comparing two different RT-PCR systems, which fails to meet the criterion of reporting rapid antigen test results separately.",yes,"The study reports quantifiable diagnostic accuracy data (positive percent agreement 100%, negative percent agreement 97.4%), which meets the criterion of reporting quantifiable diagnostic accuracy data.",yes,"The study was conducted in clinical settings (emergency care and outpatient care settings), which meets the criterion of being conducted in a clinical or community setting.",no,"The study evaluates RT-PCR tests (both point-of-care and laboratory-based), not rapid antigen tests, which fails to meet the criterion of evaluating rapid antigen tests.",no,"While the study does use RT-PCR as a reference standard, it's comparing two RT-PCR systems rather than evaluating rapid antigen tests, which fails to meet the criterion of evaluating point-of-care rapid antigen tests for SARS-CoV-2 using RT-PCR as the reference standard.",Exclude,"The study focuses on RT-PCR testing methodology, which fundamentally differs from the required rapid antigen test evaluation, rendering it ineligible for inclusion. While the research demonstrates robust diagnostic accuracy and appropriate clinical setting, the core test type does not align with the specified screening criteria. Consequently, the study cannot be considered for the systematic review due to its methodological mismatch.",0.1
COVID-19 Antigen Results Correlate with the Quantity of Replication-Competent SARS-CoV-2 in a Cross-Sectional Study of Ambulatory Adults during the Delta Wave,"Y. Tu, Christopher Green, Linhui Hao, A. Greninger, J. Morton, Heather A. Sights, M. Gale, P. Drain",10.1128/spectrum.00064-23,https://doi.org/10.1128/spectrum.00064-23,Microbiology spectrum,4,2023,yes,"The study explicitly states it includes ""adult participants"" and there's no mention of including children or pregnant women.",yes,"This is a primary diagnostic accuracy study, specifically described as a ""cross-sectional diagnostic study"" with original data collection from 626 participants.",yes,"The study clearly reports rapid antigen test results separately, with specific sensitivity values for both asymptomatic (63.6%) and symptomatic (91.0%) participants.",yes,"The study reports quantifiable diagnostic accuracy data, including sensitivity (63.6% and 91.0% for different groups) and positive/negative agreement rates.",yes,"The study was conducted in an ambulatory (outpatient) clinical setting, which meets the criterion for clinical setting.",yes,"The study specifically evaluates rapid antigen tests, comparing them with RT-PCR and viral culture.",yes,The study uses RT-PCR as a reference standard and evaluates point-of-care rapid antigen tests for SARS-CoV-2. This is clearly stated in the methodology.,Include,"A comprehensive diagnostic study of 626 adult participants examining rapid antigen tests for SARS-CoV-2, utilizing RT-PCR as a reference standard and reporting detailed diagnostic accuracy metrics across symptomatic and asymptomatic populations. The research meets all screening criteria, including clear data reporting, appropriate study design, adult-only population, and quantifiable outcome measures in a clinical setting. Methodologically robust, the study provides nuanced insights into rapid antigen test performance and potential infectiousness indicators.",4.9
"Comparative evaluation of RT-PCR and antigen-based rapid diagnostic tests (Ag-RDTs) for SARS-CoV-2 detection: performance, variant specificity, and clinical implications","F. Aboagye, Lawrence Annison, H. Hackman, Maame E. Acquah, Y. Ashong, Isaac Owusu-Frimpong, Bill C Egyam, Sharon Annison, George Osei-Adjei, Samuel Antwi-Baffour",10.1128/spectrum.00073-24,https://doi.org/10.1128/spectrum.00073-24,Microbiology spectrum,0,2024,maybe,"The abstract does not explicitly state the age range of participants. While it mentions ""asymptomatic patients,"" there's no clear indication whether children were included or excluded.",yes,This is a primary diagnostic accuracy study comparing RT-PCR with two types of rapid antigen tests (FIA and LFIA) using original data from 268 samples.,yes,"The study clearly reports rapid antigen test results (FIA and LFIA) separately from RT-PCR results, with detailed performance metrics for each test type.",yes,"The study reports detailed diagnostic accuracy data including sensitivity, specificity, PPV, NPV, and overall accuracy for both antigen tests.",yes,"While not explicitly stated, the context suggests a clinical setting given the comparison with RT-PCR and the analysis of viral loads.",yes,The study specifically evaluates rapid antigen tests (FIA and LFIA) for SARS-CoV-2 detection.,yes,The study uses RT-PCR as the reference standard and evaluates point-of-care rapid antigen tests (FIA and LFIA).,Include,"A comprehensive diagnostic accuracy study comparing rapid antigen tests (FIA and LFIA) with RT-PCR for SARS-CoV-2 detection, reporting detailed performance metrics across multiple variants and patient populations. The research provides robust data on test sensitivity, specificity, and predictive values, with strong methodological rigor and clinical relevance. The only notable uncertainty relates to the explicit confirmation of participant age range, which may require full text review.",4.6
Diagnostic performance of the fully automated Roche Elecsys SARS-CoV-2 antigen electrochemiluminescence immunoassay: a pooled analysis,"G. Lippi, B. Henry, K. Adeli",10.1515/cclm-2022-0053,https://doi.org/10.1515/cclm-2022-0053,Clinical Chemistry and Laboratory Medicine,20,2022,maybe,The abstract does not specify the age range of participants or whether data for adults was reported separately. This is a significant uncertainty.,yes,"This is a meta-analysis/pooled analysis of diagnostic accuracy studies, which meets this criterion as it reports original data from multiple studies.",maybe,"The study focuses specifically on Roche Elecsys SARS-CoV-2 antigen ECLIA test results, which are reported separately. However, this is a pooled analysis of multiple studies, not primary data reporting.",yes,"The study clearly reports quantifiable diagnostic accuracy data, including sensitivity (0.68), specificity (0.99), and AUC (0.958).",yes,"The abstract mentions ""mass screening"" but doesn't explicitly specify the clinical or community setting. However, given the nature of the test (laboratory-based), it's likely in a clinical setting.",no,"The study evaluates an antigen test (Roche Elecsys SARS-CoV-2 antigen ECLIA), but this is a laboratory-based automated test rather than a point-of-care rapid antigen test. This is a critical mismatch with the criteria.",no,"While the study uses molecular diagnostic techniques (presumably RT-PCR) as the reference standard, the test being evaluated is not a point-of-care rapid antigen test but rather a laboratory-based automated test.",Include,"A laboratory-based automated antigen test was evaluated through a meta-analysis, which differs from the specified point-of-care rapid antigen test criteria. While the study provides comprehensive diagnostic accuracy data, key methodological differences and lack of clarity on participant age groups prevent full alignment with the screening requirements. The fundamental mismatch in test type represents a critical deviation from the intended screening parameters.",2.5
SARS‐CoV‐2 rapid antigen test: Fast‐safe or dangerous? An analysis in the emergency department of an university hospital,"C. Holzner, Dirk Pabst, O. Anastasiou, U. Dittmer, R. Manegold, J. Risse, D. Fistera, C. Kill, M. Falk",10.1002/jmv.27033,https://doi.org/10.1002/jmv.27033,Journal of Medical Virology,20,2021,maybe,"The abstract doesn't explicitly state the age range of participants. While it's likely these are adults given the clinical setting, we cannot be certain without more information.",yes,"This is a primary diagnostic accuracy study comparing AgPOCT results with PCR testing in 2,375 patients.",yes,"The study clearly reports rapid antigen test (AgPOCT) results separately from PCR results, with specific sensitivity and specificity values provided.",yes,"The study reports clear diagnostic accuracy measures including sensitivity (68.9% overall, 80.5% for Ct ≤30) and specificity (99.6%).",yes,"While not explicitly stated, the context suggests a clinical setting given the systematic testing of 2,375 patients with PCR confirmation.",yes,The study specifically evaluates point-of-care antigen tests (AgPOCT) for SARS-CoV-2.,yes,The study uses RT-PCR as the reference standard and evaluates point-of-care rapid antigen tests.,Include,"A comprehensive diagnostic accuracy study of rapid antigen tests for SARS-CoV-2 using RT-PCR as the reference standard, with detailed reporting of sensitivity and specificity across symptomatic and asymptomatic patients. The research provides robust quantitative data on test performance, though uncertainty exists regarding the precise age range of participants. Overall, the study meets most screening criteria with high methodological rigor and clear reporting of diagnostic test characteristics.",4.6
Clinitest rapid COVID-19 antigen test for the diagnosis of SARS-CoV-2 infection: A multicenter evaluation study,"P. Merino-Amador, Patricia González-Donapetry, Mercedes Domínguez-Fernández, F. González-Romo, M. Sánchez-Castellano, Alejandro Seoane-Estévez, A. Delgado-Iribarren, Julio García, G. Bou, M. Cuenca‐Estrella, Jesús Oteo-Iglesias",10.1016/j.jcv.2021.104961,https://doi.org/10.1016/j.jcv.2021.104961,Journal of Clinical Virology,15,2021,maybe,"The abstract doesn't explicitly state the age range of participants. While it mentions ""individuals with clinical symptoms or epidemiological criteria,"" it doesn't specify if children were excluded or if data was reported separately for adults.",yes,"This is a primary diagnostic accuracy study, specifically described as a ""prospective multicenter study"" evaluating test performance.",yes,The study clearly reports rapid antigen test results (ClinitestRT) separately from RT-PCR results.,yes,"The study reports clear diagnostic accuracy data, including sensitivity (93.3%), specificity (99.2%), and agreement between tests (96.7%).",yes,"The study was conducted in ""three Spanish university hospitals,"" which qualifies as a clinical setting.",yes,The study specifically evaluates a rapid antigen test (Clinitest Rapid COVID-19 Antigen Test) for SARS-CoV-2.,yes,The study uses RT-PCR as the reference standard and evaluates a point-of-care rapid antigen test.,Include,"A prospective multicenter diagnostic accuracy study evaluating a rapid antigen test for SARS-CoV-2, with comprehensive reporting of sensitivity, specificity, and test performance across multiple clinical settings. The research meets most screening criteria, with robust methodology and clear outcome measures, though participant age range remains slightly uncertain. Overall, the study provides a rigorous assessment of point-of-care COVID-19 diagnostic testing.",4.6
Comparative Performance of a Rapid SARSCoV-2 Antigen Test with RT-PCR for the Diagnosis of COVID-19,"Elizabeth-Barbara Tatsi, Spyridon Mparmpas, Vasileios Sideris, Filippos Filippatos, V. Syriopoulou, A. Michos, Researcher C Tatsi Elizabeth-Barbara",10.29011/2577-1515.100231,https://doi.org/10.29011/2577-1515.100231,Infectious Diseases Diagnosis &amp; Treatment,0,2023,maybe,"The abstract mentions ""non-hospitalized adults and children"" and provides a median age of 36.6 years. However, it doesn't explicitly state whether the data for adults is reported separately from children, creating some uncertainty.",yes,"This is a primary diagnostic accuracy study, specifically described as a ""prospective cohort study"" evaluating diagnostic precision.",yes,"The study clearly reports rapid antigen test results (DyonCovid-Ag) separately from RT-qPCR results, with specific numbers provided for both tests.",yes,"The study reports clear diagnostic accuracy measures including sensitivity (96.1%), specificity (100%), and accuracy (99.4%) with confidence intervals.",yes,The study is conducted in a clinical setting with non-hospitalized patients.,yes,The study specifically evaluates a rapid antigen test (DyonCovid-Ag) for SARS-CoV-2.,yes,The study uses RT-qPCR as the reference standard and evaluates a point-of-care rapid antigen test.,Include,"A prospective diagnostic accuracy study evaluating a rapid antigen test for SARS-CoV-2 using RT-qPCR as the reference standard, with comprehensive reporting of sensitivity, specificity, and accuracy measures. The research involves non-hospitalized participants with a median age of 36.6 years, demonstrating high diagnostic performance in a clinical setting. The only minor uncertainty relates to the potential mixing of adult and pediatric data, though the overall methodology appears robust.",4.6
Evaluation of Five Commercial SARS-CoV-2 Antigen Tests in a Clinical Setting,"T. Seitz, Benno Lickefett, M. Traugott, E. Pawelka, M. Karolyi, S. Baumgartner, S. Jansen-Skoupy, J. Atamaniuk, R. Fritsche-Polanz, Johannes Asenbaum, C. Wenisch, M. Födinger, A. Zoufaly",10.1007/s11606-022-07448-x,https://doi.org/10.1007/s11606-022-07448-x,Journal of general internal medicine,7,2022,maybe,"The abstract doesn't explicitly state the age range of participants. It mentions ""patients admitted to hospital due to COVID-19"" but doesn't specify if they're adults or if pediatric data is separated.",yes,This is a primary diagnostic accuracy study evaluating multiple rapid antigen tests against RT-PCR as the reference standard.,yes,"The study clearly reports rapid antigen test results separately, comparing five different AgTs with specific sensitivity values reported for each.",yes,"The study reports quantifiable diagnostic accuracy data, specifically sensitivity values ranging from 64.9 to 91.7% for different tests.",yes,The study was conducted in a clinical setting (hospital) with patients admitted due to COVID-19.,yes,"The study specifically evaluates rapid antigen tests (RATs), though it also includes one CLIA test. The RAT results are reported separately.",yes,The study evaluates point-of-care rapid antigen tests for SARS-CoV-2 using RT-PCR as the reference standard.,Include,"A comprehensive diagnostic accuracy study evaluating multiple rapid antigen tests for SARS-CoV-2 using RT-PCR as a reference standard, conducted in a hospital setting with quantifiable sensitivity measurements. The research meets most screening criteria, with only minor uncertainty regarding participant age range, and provides detailed performance characteristics of point-of-care antigen tests across different cycle threshold values.",4.6
PERFORMANCE EVALUATION OF A SARS-COV-2 RAPID ANTIGENTEST: TEST PERFORMANCE IN THE COMMUNITY IN THE NETHERLANDS,"Nathalie van der Moeren, V. Zwart, E. Lodder, W. Bijllaardt, Harald Van Esch, J. Stohr, J. Pot, I. Welschen, P. V. Mechelen, Suzan Pas, J. Kluytmans",10.1101/2020.10.19.20215202,https://doi.org/10.1101/2020.10.19.20215202,medRxiv,32,2020,yes,The study explicitly includes only adults (>18 years) and reports their data separately.,yes,"This is a primary diagnostic accuracy study (""Prospective performance evaluation study"") with original data collection and analysis.",yes,The study clearly reports rapid antigen test results (BD Veritor System) separately from RT-PCR results.,yes,The study reports clear diagnostic accuracy measures including sensitivity (80.7%) and specificity (100%) with confidence intervals.,yes,The study was conducted in a clinical setting (Municipal Health Service COVID-19 test centres).,yes,The study specifically evaluates a rapid antigen test (BD Veritor System for Rapid Detection of SARS-CoV-2).,yes,The study evaluates a point-of-care rapid antigen test and uses RT-PCR (qRT-PCR) as the reference standard.,Include,"A prospective diagnostic accuracy study of a rapid antigen test for SARS-CoV-2 among symptomatic adults, conducted in a clinical setting, comprehensively reports diagnostic performance using RT-PCR as the reference standard. The research meticulously evaluates test sensitivity and specificity across different viral load categories and symptom intervals, providing robust quantitative data on the diagnostic accuracy of the BD Veritor System. All key screening criteria were met, including clear methodology, appropriate population selection, and detailed outcome reporting.",4.9
Performance of a SARS-CoV-2 antigen rapid immunoassay in patients admitted to the emergency department,"Christian Leli, L. Matteo, Franca Gotta, E. Cornaglia, D. Vay, Iacopo Megna, Rosalia Emanuela Pensato, R. Boverio, A. Rocchetti",10.1016/j.ijid.2021.07.043,https://doi.org/10.1016/j.ijid.2021.07.043,International Journal of Infectious Diseases,21,2021,maybe,"The abstract mentions a median age of 71 years, suggesting adult participants, but it doesn't explicitly state whether all participants were ≥18 years or if pediatric data was excluded.",yes,This is a primary diagnostic accuracy study comparing rapid antigen tests with a reference standard.,yes,"The study clearly reports rapid antigen test results separately, with specific performance metrics provided.",yes,"The study reports comprehensive diagnostic accuracy data including sensitivity, specificity, PPV, NPV, and likelihood ratios with confidence intervals.",yes,"The study was conducted in an emergency department (ED) setting, which qualifies as a clinical setting.",yes,The study specifically evaluates a microfluidic rapid antigen test.,yes,"The study uses a ""reference molecular assay"" (presumably RT-PCR, though not explicitly stated) as the reference standard for a point-of-care rapid antigen test.",Include,"A diagnostic accuracy study of a rapid antigen test for SARS-CoV-2 in an emergency department setting, reporting comprehensive performance metrics across multiple diagnostic parameters. The research evaluated a microfluidic rapid antigen test against a molecular reference standard, with participants predominantly representing an adult population. While most screening criteria were definitively met, minor uncertainties existed regarding explicit age range and precise reference standard specification.",4.6
Analytical performances of the point-of-care SIENNA™ COVID-19 Antigen Rapid Test for the detection of SARS-CoV-2 nucleocapsid protein in nasopharyngeal swabs: A prospective evaluation during the COVID-19 second wave in France,"Ralph-Sydney Mboumba Bouassa, D. Veyer, H. Péré, L. Bélec",10.1016/j.ijid.2021.03.051,https://doi.org/10.1016/j.ijid.2021.03.051,International Journal of Infectious Diseases,34,2021,maybe,"The abstract only mentions ""hospitalized patients"" without specifying age ranges, creating uncertainty about whether the study includes or separates data for adults ≥18 years.",yes,The abstract indicates this is a primary diagnostic accuracy study evaluating the analytical performance of an antigen test against RT-PCR.,maybe,"The abstract indicates this is a focused study on a specific antigen test (SIENNA™ COVID-19 Antigen Rapid Test), suggesting results are reported separately. However, this is somewhat implicit rather than explicitly stated.",maybe,"The abstract mentions ""analytical performances"" but doesn't explicitly state whether sensitivity, specificity, or other accuracy measures are reported, creating some uncertainty.",yes,The study is conducted in a clinical setting (hospitalized patients).,yes,The study clearly evaluates a rapid antigen test (SIENNA™ COVID-19 Antigen Rapid Test) targeting SARS-CoV-2 N nucleocapsid protein.,yes,The study explicitly uses RT-PCR (rRT-PCR) as the reference standard and evaluates a point-of-care rapid antigen test.,Include,"A diagnostic accuracy study evaluating a rapid antigen test for SARS-CoV-2 using RT-PCR as a reference standard in hospitalized patients demonstrates strong alignment with most screening criteria. Uncertainties exist regarding participant age range and specific diagnostic accuracy measures, suggesting a need for full-text review to confirm complete compliance with screening requirements.",4
Analysis of the diagnostic accuracy of rapid antigenic tests for detection of SARS-CoV-2 in hospital outbreak situation,"J. Aranaz-Andres, Abelardo Claudio Fernández Chávez, Amaranta McGee Laso, Melanie Abreu, Paloma Moreno Núñez, J. Galán, Rafael Cantón Moreno",10.1007/s10096-021-04346-8,https://doi.org/10.1007/s10096-021-04346-8,European Journal of Clinical Microbiology and Infectious Diseases,2,2021,maybe,"The abstract doesn't explicitly state the age range of participants. However, since it's conducted in hospital settings with no mention of pediatric or pregnant populations, it likely includes adults, but this isn't definitively confirmed.",yes,"This is a primary diagnostic accuracy study, specifically described as an ""observational, cross-sectional study"" evaluating diagnostic performance.",yes,"The study clearly reports rapid antigen test results (Panbio COVID-19 AG RADT) separately from RT-PCR results, with detailed comparison of the two.",yes,"The study reports clear diagnostic accuracy measures including sensitivity (83.3%), specificity (99.8%), PPV (96.2%), and NPV (99%).",yes,The study is conducted in a clinical setting (Ramón y Cajal Hospital) during hospital outbreaks.,yes,The study specifically evaluates a rapid antigen test (Panbio COVID-19 AG RADT) and not antibody tests or other diagnostics.,yes,The study uses RT-PCR (TaqPath COVID-19 test) as the reference standard and evaluates a point-of-care rapid antigen test.,Include,"A comprehensive diagnostic accuracy study of rapid antigen testing for COVID-19 in a hospital setting, utilizing RT-PCR as a reference standard and reporting detailed sensitivity, specificity, and predictive values. The research meets most screening criteria, with robust methodology and clear reporting of diagnostic performance, though participant age range remains slightly uncertain. The study provides valuable insights into rapid antigen test effectiveness during hospital outbreaks.",4.6
SARS‐CoV‐2 rapid antigen test in comparison to RT‐PCR targeting different genes: A real‐life evaluation among unselected patients in a regional hospital of Italy,"D. Treggiari, C. Piubelli, S. Caldrer, M. Mistretta, Andrea Ragusa, Pierantonio Orza, Barbara Pajola, Donatella Piccoli, A. Conti, Carlo Lorenzi, Valentina Serafini, Marco Boni, F. Perandin",10.1002/jmv.27378,https://doi.org/10.1002/jmv.27378,Journal of Medical Virology,20,2021,maybe,"The abstract mentions ""unselected patients"" but doesn't specify age ranges, creating some uncertainty, though hospital admission typically implies adult patients.",yes,This is a primary diagnostic accuracy study comparing RAD test results with RT-PCR in a clinical setting.,yes,"The study clearly reports rapid antigen test (Panbio RAD) results separately from RT-PCR results, with specific discordance data provided.",yes,"The study reports clear diagnostic accuracy measures including sensitivity (66.82%), specificity (99.89%), PPV (97.87%), and NPV (97.62%).",yes,The study was conducted in a clinical setting (IRCCS Sacro Cuore Don Calabria Hospital).,yes,The study specifically evaluates a rapid antigen detection (RAD) test for SARS-CoV-2.,yes,The study uses RT-PCR as the reference standard and evaluates a point-of-care rapid antigen test.,Include,"A comprehensive diagnostic accuracy study of a rapid antigen test for SARS-CoV-2, comparing results against RT-PCR in a hospital setting, with robust reporting of sensitivity, specificity, and predictive values. The research meets most screening criteria, with only minor uncertainty regarding participant age range, and provides detailed insights into test performance across different viral load conditions.",4.6
EVALUATION OF A RAPID ANTIGEN TEST FOR SARS-COV-2 IN SYMPTOMATIC PATIENTS AND THEIR CONTACTS: A MULTICENTER STUDY,"Ireri Thirión-Romero, S. Guerrero-Zúñiga, Alexandra Arias-Mendoza, Dora Patricia Cornejo-TJuárez, Patricia A Meza-Meneses, D. Torres-Erazo, Thierry Hernández, A. Galindo-Fraga, I. Villegas-Mota, Jesús Sepúlveda-Delgado, Santiago Ávila Ríos, E. Becerril-Vargas, Rosario Fernández-Plata, Tit Midori Pérez-Kawabe, Joel Armando Vázquez Pérez, Simón Kawa Karasik, Gustavo Reyes Terán, J. Pérez-Padilla",10.1101/2021.05.24.21257020,https://doi.org/10.1101/2021.05.24.21257020,medRxiv,16,2021,yes,"The study explicitly states it was conducted in adults, with a mean age of 47 years (SD 16 years).",yes,This is a primary diagnostic accuracy study (cross-sectional study) reporting original data comparing rapid antigen tests against RT-PCR.,yes,The study clearly reports rapid antigen test results (Panbio test) separately from RT-PCR results.,yes,"The study reports clear diagnostic accuracy data, including sensitivity (54.4%), specificity (97.8%), positive likelihood ratio (35.7), and negative likelihood ratio (0.46).",yes,The study was conducted in clinical settings (Emergency Rooms and outpatient clinics of referral hospitals).,yes,The study specifically evaluates a rapid antigen test (Abbott PanbioTM) for SARS-CoV-2.,yes,The study uses RT-PCR as the reference standard for evaluating the point-of-care rapid antigen test.,Include,"A comprehensive diagnostic accuracy study of a rapid antigen test for SARS-CoV-2 was conducted among adults in clinical settings, using RT-PCR as the reference standard. The research meticulously reported detailed diagnostic performance metrics, including sensitivity, specificity, and likelihood ratios, while systematically analyzing test performance across different viral load and symptom duration parameters. The study met all screening criteria with robust methodology and clear reporting of diagnostic test characteristics.",4.9
Evaluation of the diagnostic performance of PanbioTM Abbott SARS-CoV-2 rapid antigen test for the detection of COVID-19 from suspects attending ALERT center,"Wondimu Ashagre, Abay Atnafu, L. Wassie, R. Tschopp, Dessalegn Fentahun, Gebeyehu Assefa, T. Wegayehu, Biniam Wondale, A. Mulu, Adane Miheret, K. Bobosha",10.1371/journal.pone.0277779,https://doi.org/10.1371/journal.pone.0277779,PLoS ONE,6,2022,maybe,"The abstract doesn't explicitly state the age range of participants. While it mentions ""suspected patients"" from various units, there's no specific mention of age restrictions or separate reporting for adults.",yes,"This is a primary diagnostic accuracy study, explicitly described as a ""prospective, cross-sectional study"" comparing the rapid test to RT-PCR.",yes,"The study clearly reports rapid antigen test results separately, specifically for the PanbioTM Abbott SARS-CoV-2 antigen rapid test kit.",yes,"The study reports clear diagnostic accuracy data, including sensitivity (74.2% and 79.4% for symptomatic patients) and specificity (100%).",yes,"The study was conducted in a clinical setting (tertiary hospital, including outpatient, emergency, and intensive care units).",yes,The study specifically evaluates a rapid antigen test (PanbioTM Abbott SARS-CoV-2 antigen rapid test kit).,yes,The study explicitly uses RT-PCR as the reference standard and evaluates a point-of-care rapid antigen test for SARS-CoV-2.,Include,"A diagnostic accuracy study comparing a rapid antigen test to RT-PCR in a clinical setting, reporting comprehensive sensitivity and specificity data for SARS-CoV-2 detection. The research meets most screening criteria, with robust methodology and clear outcome measures, though participant age range remains unconfirmed. The study provides valuable insights into rapid diagnostic testing performance in a resource-constrained healthcare environment.",4.6
Head-to-head comparison of the accuracy of saliva and nasal rapid antigen SARS-CoV-2 self-testing: cross-sectional study,"E. Schuit, R. Venekamp, I. Veldhuijzen, W. van den Bijllaardt, S. Pas, J. Stohr, E. Lodder, M. Hellwich, R. Molenkamp, Z. Iglói, C. Wijers, I. H. Vroom, C. Nagel-Imming, W. Han, J. Kluytmans, S. van den Hof, J. H. van de Wijgert, K. Moons",10.1186/s12916-022-02603-x,https://doi.org/10.1186/s12916-022-02603-x,BMC Medicine,15,2022,maybe,"The study includes participants ""aged ≥ 16 years"" and there's no mention of pregnant participants. While 16-17 year olds are included, the data appears to be from a general population study without separate reporting for adults.",yes,"This is a primary diagnostic accuracy study with original data collection, described as a ""large cross-sectional study.""",yes,"The study clearly reports rapid antigen test results separately, providing detailed accuracy data for both saliva and nasal Ag-RDTs.",yes,"The study reports detailed diagnostic accuracy data, including sensitivity, specificity, positive predictive values, and negative predictive values.",yes,"The study was conducted in ""three public health service test sites,"" which qualifies as a clinical/community setting.",yes,"The study specifically evaluates rapid antigen tests (Ag-RDTs), including both saliva and nasal versions.",yes,"The study uses molecular testing (RT-PCR) as the reference standard, comparing it with point-of-care rapid antigen tests.",Include,"A comprehensive diagnostic accuracy study of rapid antigen tests for SARS-CoV-2 was conducted across multiple public health service test sites, involving participants aged 16 and older. The research systematically evaluated two self-administered rapid antigen diagnostic tests using molecular testing as a reference standard, reporting detailed sensitivity, specificity, and predictive value data across different participant subgroups. The study met all key screening criteria, providing robust insights into the diagnostic performance of point-of-care rapid antigen tests.",4.9
Rapid comparative evaluation of SARS-CoV-2 rapid point-of-care antigen tests,"Anna Denzler, Max L. Jacobs, Victoria Witte, P. Schnitzler, C. Denkinger, Michael Knop",10.1007/s15010-022-01810-1,https://doi.org/10.1007/s15010-022-01810-1,Infection,8,2021,no,"The abstract does not mention participant age or population characteristics. The study appears to use reference samples rather than human participants, which makes this criterion not applicable or unclear.",maybe,"This appears to be a primary diagnostic accuracy study comparing different AgPOCTs using reference samples. However, it focuses on analytical sensitivity rather than clinical diagnostic accuracy, creating some uncertainty about whether it fully meets this criterion.",yes,"The study focuses specifically on rapid antigen tests (AgPOCTs) and reports their results separately, meeting this criterion.",maybe,"The study reports analytical sensitivity data, but not clinical diagnostic accuracy measures like sensitivity and specificity in a clinical context, partially meeting the criterion.",no,"The study appears to be conducted in a laboratory setting using reference samples, rather than a clinical or community setting, which does not meet the criterion.",yes,"The study explicitly evaluates rapid antigen tests (AgPOCTs), meeting this criterion.",no,"While the study evaluates point-of-care rapid antigen tests, it uses reference samples with known viral loads rather than RT-PCR as the reference standard, which is a significant deviation from the criterion.",Include,"The study focuses on rapid antigen tests for SARS-CoV-2, but deviates from key screening criteria by using reference samples instead of clinical specimens and not employing RT-PCR as a reference standard. While methodologically rigorous in assessing test sensitivity, the research does not fully align with the systematic review's requirements for clinical diagnostic accuracy and population characteristics.",2.7
SARS-CoV-2 Diagnostic Tests: Algorithm and Field Evaluation From the Near Patient Testing to the Automated Diagnostic Platform,"N. Yin, Cyril Debuysschere, M. Decroly, F. Bouazza, V. Collot, Charlotte Martin, F. Ponthieux, H. Dahma, M. Gilbert, M. Wautier, C. Duterme, N. De Vos, M. Delforge, S. Malinverni, F. Cotton, M. Bartiaux, M. Hallin",10.3389/fmed.2021.650581,https://doi.org/10.3389/fmed.2021.650581,Frontiers in Medicine,21,2021,maybe,"The abstract does not explicitly state the age range of participants. It mentions ""outpatients"" and ""inpatients"" but doesn't specify if they are adults or include children. This creates significant uncertainty.",yes,This is a primary diagnostic accuracy study that evaluates multiple testing methods and reports original data. The study includes both analytical performance evaluation and field performance evaluation.,yes,"The study reports rapid antigen test results separately from other test types, as it mentions ""four antigen rapid tests"" and their performance evaluation. However, it also includes other test types (molecular point-of-care tests, automated antigen dosing), and the results for rapid antigen tests are reported separately (83.3% sensitivity).",yes,"The study reports quantifiable diagnostic accuracy data, specifically mentioning sensitivity (83.3%) for the rapid antigen tests.",yes,"The study is conducted in clinical settings (general practitioners, emergency rooms, and inpatient settings).",yes,"The study clearly evaluates rapid antigen tests, though it also includes other testing methods. The rapid antigen tests are a primary focus of the evaluation.",yes,"The study uses RT-PCR as the reference standard (""samples sent to our laboratory for a SARS-CoV-2 reverse transcription PCR""). The rapid antigen tests are point-of-care tests.",Include,"A comprehensive diagnostic accuracy study evaluating rapid antigen tests for SARS-CoV-2 across multiple clinical settings, reporting quantifiable sensitivity data and using RT-PCR as a reference standard. The research systematically assessed point-of-care testing methodologies, though uncertainty remains regarding the specific age range of participants. Multiple testing approaches were examined, including rapid antigen tests, molecular point-of-care tests, and automated antigen dosing.",4.3
"RAPID ANTIGEN TESTS FOR COVID-19: ARE THEIR SPECIFITY, SENSIVITY AND ACCURACY SUFFICIENT?","Hulya Si̇nan, E. Uzunoğlu, Mediha Uğur, E. Avcı, C. Akdemir, Ş. Direkel",10.19127/mbsjohs.1275759,https://doi.org/10.19127/mbsjohs.1275759,MIDDLE BLACK SEA JOURNAL OF HEALTH SCIENCE,0,2023,yes,"The study explicitly states participants were ""between the ages of 18-90"" and were non-pregnant adults (no mention of pregnancy).",yes,This is a primary diagnostic accuracy study comparing rapid antigen tests against RT-PCR in a clinical setting.,yes,"The study clearly reports rapid antigen test results separately from RT-PCR results, with specific numbers provided (24 positive, 10 negative out of 34 PCR-positive cases).",yes,"The study reports clear diagnostic accuracy measures: sensitivity (71%), specificity (100%), and accuracy (90%).",yes,The study was conducted in a clinical setting (Covid-19 outpatient clinic of their hospital).,yes,The study specifically evaluates rapid antigen tests (BNG SARS-CoV-2 Antigen Rapid Test) rather than antibody or other non-antigen diagnostics.,yes,The study uses RT-PCR (BIO-RAD CFX Real Time System) as the reference standard for evaluating the rapid antigen test.,Include,"A comprehensive diagnostic accuracy study of rapid antigen tests for SARS-CoV-2 was conducted among adult participants aged 18-90, using RT-PCR as the reference standard in a clinical outpatient setting. The research meticulously reported quantifiable diagnostic performance metrics, including sensitivity, specificity, and accuracy, while evaluating a point-of-care rapid antigen test against the gold standard RT-PCR methodology. All screening criteria were met with clear, well-documented methodology and results.",4.9
Use cases for COVID-19 screening and surveillance with rapid antigen-detecting tests: a systematic review,"A. Anand, J. Bigio, E. MacLean, T. Underwood, N. Pai, S. Carmona, S. Schumacher, Amy Toporowski",10.1101/2021.11.03.21265807,https://doi.org/10.1101/2021.11.03.21265807,medRxiv,1,2021,maybe,"The abstract mentions ""asymptomatic and symptomatic adults"" but doesn't explicitly state whether data for adults is reported separately from other age groups. However, the focus appears to be on adults.",no,"This is a systematic review, not a primary diagnostic accuracy study. While it synthesizes diagnostic accuracy data, it doesn't report original data itself. This is a significant issue for inclusion.",maybe,"The abstract indicates this is a systematic review that specifically focuses on Ag-RDT results, suggesting the data is reported separately. However, as this is a review rather than primary research, it may not meet this criterion in the way intended.",yes,"Yes, the study reports diagnostic accuracy data, specifically mentioning that ""Ag-RDT sensitivity varied from 40% to 100%.""",yes,"Yes, the study evaluates tests in real-world settings, including mass screening, targeted screening, healthcare entry testing, at-home testing, surveillance, and prevalence surveys.",yes,"Yes, the study specifically focuses on antigen-detecting rapid diagnostic tests (Ag-RDTs), including both lateral flow and multiplex sandwich chemiluminescent enzyme immunoassay types.",maybe,"While the study evaluates point-of-care rapid antigen tests, the abstract doesn't explicitly mention RT-PCR as the reference standard. This is a significant uncertainty.",Include,"A systematic review of antigen-detecting rapid diagnostic tests for COVID-19 reveals comprehensive insights into test performance across various settings, but fails to meet key screening criteria as a primary diagnostic accuracy study. While the research provides valuable data on test sensitivity and operational characteristics, its review methodology and lack of explicit reference standard prevent full alignment with the specified screening requirements.",2.5
"Antigen rapid tests, nasopharyngeal PCR and saliva PCR to detect SARS-CoV-2: A prospective comparative clinical trial","J. Schwob, A. Miauton, D. Petrović, J. Perdrix, Nicolas Senn, Alexandre Gouveia, K. Jaton, O. Opota, Alain Maillard, G. Minghelli, Jacques Cornuz, Gilbert GREUB, Blaise Genton, V. D'Acremont",10.1371/journal.pone.0282150,https://doi.org/10.1371/journal.pone.0282150,PLoS ONE,7,2023,maybe,"The abstract doesn't explicitly state the age range of participants. While it mentions ""patients presenting at testing centres with symptoms of COVID-19,"" there's no specific mention of age restrictions or separate reporting for adults.",yes,"This is a primary diagnostic accuracy study. It's described as a ""prospective trial"" comparing different diagnostic tests, with original data collection and analysis.",yes,The study clearly reports rapid antigen test (RDT) results separately from other test types (saliva PCR and NP PCR). The results are presented distinctly for each test type.,yes,"The study reports clear diagnostic accuracy data, including sensitivity (87.4% overall, with specific values for different viral loads) and specificity (100%).",yes,"The study was conducted in clinical testing centers, which qualifies as a clinical setting.",yes,"The study specifically evaluates rapid antigen tests (RDTs), including specific brands (STANDARD-Q®, Panbio™ and COVID-VIRO® Ag tests).",yes,The study evaluates point-of-care rapid antigen tests and uses RT-PCR (both saliva and nasopharyngeal) as reference standards.,Include,"A prospective diagnostic accuracy study comparing rapid antigen tests with RT-PCR in a clinical setting, reporting comprehensive sensitivity and specificity data across different viral load levels. The research provides detailed performance characteristics of multiple rapid diagnostic tests, with clear methodology and quantifiable outcomes. While most screening criteria are definitively met, the participant age range remains slightly uncertain from the abstract alone.",4.6
FebriDx point-of-care test in patients with suspected COVID-19: a pooled diagnostic accuracy study,"Samuel G Urwin, B. C. Lendrem, Jana Suklan, Kile Green, S. Graziadio, Peter Buckle, Paul Dark, Adam L. Gordon, Daniel Lasserson, Brian Nicholson, D. Price, C. Reynard, Mark H. Wilcox, Gail Hayward, Graham Prestwich, Valerie Tate, Tristan W Clark, Raja V. Reddy, Hamish Houston, A. Gupta-Wright, Laurence John, R. Body, A. Allen",10.1101/2020.10.15.20213108,https://doi.org/10.1101/2020.10.15.20213108,medRxiv,2,2020,maybe,"The abstract doesn't explicitly state the age range of participants. While it mentions ""hospitalised patients,"" there's no clear indication whether pediatric patients were included or excluded, creating some uncertainty.",yes,"The paper is a systematic review and meta-analysis of diagnostic accuracy studies, which meets this criterion. It includes original data from two studies with 527 patients.",no,"The study reports results for the FebriDx test separately from other test types, but this is not a rapid antigen test - it's a different type of POC test measuring MxA protein, which is a critical mismatch with the inclusion criteria.",yes,"The study clearly reports quantifiable diagnostic accuracy data, including sensitivity (0.920) and specificity (0.862) with confidence intervals.",yes,"The study was conducted in a hospital setting, which meets this criterion.",no,"The study evaluates the FebriDx test, which measures MxA protein (an antiviral host response protein), not a rapid antigen test. This is a fundamental mismatch with the inclusion criteria.",maybe,"While the study does use RT-PCR as the reference standard, the test being evaluated is not a rapid antigen test. This criterion is only partially met.",Exclude,"The study evaluates a point-of-care test measuring MxA protein, which fundamentally differs from the specified rapid antigen test criteria. While the research demonstrates robust diagnostic accuracy methodology and uses RT-PCR as a reference standard, the test type represents a critical deviation from the screening requirements. Consequently, the study does not meet the essential screening criteria for inclusion.",1.4
"Field evaluation of COVID‐19 antigen tests versus RNA based detection: Potential lower sensitivity compensated by immediate results, technical simplicity, and low cost","E. Matsuda, I. B. de Campos, Isabela Penteriche de Oliveira, Daniela Rodrigues Colpas, A. M. Carmo, L. Brigido",10.1002/jmv.26985,https://doi.org/10.1002/jmv.26985,Journal of Medical Virology,29,2021,maybe,"The abstract mentions ""symptomatic volunteers"" but does not specify the age ranges of the participants, creating some uncertainty about whether the study only included non-pregnant adult participants or if the data for adult participants were reported separately.",yes,"The study is described as a ""small prospective open study"" with original data collection and analysis, indicating that it is a primary diagnostic accuracy study.",yes,"The study clearly reported rapid antigen test results separately from other test types, providing specific performance metrics and comparing them directly with RT-PCR results.",yes,"The study reports clear diagnostic accuracy data, including sensitivity (87%) and specificity (96%).",yes,"The study was conducted in ""three clinical services in São Paulo,"" meeting the clinical setting requirement.",yes,"The study explicitly evaluates rapid antigen tests (RAD tests) for SARS-CoV-2, specifically mentioning two different antigen tests.",yes,The study uses RT-PCR as the reference standard and evaluates point-of-care rapid antigen tests.,Include,"A prospective diagnostic accuracy study comparing rapid antigen tests with RT-PCR in a clinical setting, reporting comprehensive performance metrics including sensitivity and specificity. The research evaluates point-of-care antigen tests for SARS-CoV-2 detection, with clear quantifiable outcomes and methodology. While most screening criteria are definitively met, some uncertainty exists regarding participant age demographics.",4.6
The Performance of Two Rapid Antigen Tests During Population-Level Screening for SARS-CoV-2 Infection,"Mohammad Alghounaim, H. Bastaki, Farah Bin Essa, H. Motlagh, S. Al-Sabah",10.3389/fmed.2021.797109,https://doi.org/10.3389/fmed.2021.797109,Frontiers in Medicine,18,2021,maybe,"While the median age is 40.2 years (IQR 32.3-47.8), suggesting an adult population, the abstract doesn't explicitly state that all participants were ≥18 years. However, given the median and IQR, it's highly likely the study only included adults.",yes,"This is a primary diagnostic accuracy study with original data collection, described as a ""prospective study"" with head-to-head comparison of tests.",yes,"The study clearly reports rapid antigen test results separately, comparing two different antigen tests (Standard Q and LIAISON) with PCR as the reference standard.",yes,"The study reports clear diagnostic accuracy data, including sensitivity, specificity, and positive predictive values with confidence intervals.",yes,"The study was conducted in a community setting during ""community SARS-CoV-2 screening.""",yes,The study specifically evaluates rapid antigen tests (Standard Q COVID-19 Ag and LIAISON SARS-CoV-2 Ag).,yes,The study evaluates point-of-care rapid antigen tests and uses RT-PCR (TaqPath COVID-19 RT-PCR) as the reference standard.,Include,"A prospective diagnostic accuracy study comparing two rapid antigen tests for SARS-CoV-2 in a community setting, using RT-PCR as the reference standard and reporting comprehensive diagnostic performance metrics. The research evaluated point-of-care antigen tests among adult participants, providing detailed sensitivity, specificity, and predictive value data across symptomatic and asymptomatic populations. The study's methodology and reporting align closely with standard diagnostic accuracy research criteria.",4.9
Can the Rapid Antigen Test for COVID-19 Replace RT-PCR: A Meta-analysis of Test Agreement,"I. M. Elmakaty, A. Elsayed, R. Hommos, R. Abdo, A. G. Mohamed, Z. Yousif, M. M. Fakhroo, A. Alansari, P. Coyle, S. Doi",10.1101/2021.10.19.21265190,https://doi.org/10.1101/2021.10.19.21265190,medRxiv,1,2021,maybe,"The abstract does not explicitly mention the age range of participants or whether data for adults was reported separately, so there is significant uncertainty about this criterion.",yes,"This is a meta-analysis that synthesizes original diagnostic accuracy data from 39 included studies, so it reports original data synthesis.",yes,"The study reports rapid antigen test results separately from RT-PCR, as it specifically analyzes the diagnostic agreement between Ag-RDTs and RT-PCR.",yes,"The study reports quantifiable diagnostic accuracy data, specifically Positive Percent Agreement (PPA) and Negative Percent Agreement (NPA) with confidence intervals.",maybe,"While the abstract mentions ""clinical utility,"" it doesn't explicitly specify whether the included studies were conducted in clinical or community settings. However, given the nature of the tests and comparisons, it's likely these were clinical settings.",yes,The study specifically focuses on antigen rapid diagnostic tests (Ag-RDTs) and compares them with RT-PCR.,yes,The study explicitly evaluates point-of-care rapid antigen tests using RT-PCR as the reference standard.,Include,"A comprehensive meta-analysis comparing rapid antigen diagnostic tests (Ag-RDTs) with RT-PCR for COVID-19, reporting detailed diagnostic accuracy metrics across different test products and viral load scenarios. The study provides quantifiable data on positive and negative percent agreements, with strong methodological rigor in synthesizing evidence from multiple studies. While most screening criteria are met, uncertainty remains regarding participant age demographics.",4.3
Rapid antigen test to identify COVID-19 infected patients with and without symptoms admitted to the Emergency Department,"G. Turcato, A. Zaboli, N. Pfeifer, S. Sibilio, G. Tezza, A. Bonora, L. Ciccariello, D. Ausserhofer",10.1016/j.ajem.2021.10.022,https://doi.org/10.1016/j.ajem.2021.10.022,American Journal of Emergency Medicine,25,2021,maybe,"The abstract doesn't explicitly state the age range of participants, so it's uncertain whether the study only includes non-pregnant adult participants or if the data of adult participants are reported separately.",yes,This is a primary diagnostic accuracy study comparing rapid antigen tests against RT-PCR in a clinical setting.,yes,"The study clearly reports rapid antigen test results separately, with specific sensitivity and specificity values provided.",yes,"The study reports clear diagnostic accuracy measures including sensitivity (82.9%), specificity (99.1%), and accuracy (97.4%).",yes,"The study is conducted in an Emergency Department (ED) setting, which is clearly a clinical setting.",yes,"The study specifically evaluates rapid antigen tests for SARS-CoV-2, not antibody tests or other diagnostics.",yes,The study explicitly uses RT-PCR as the reference standard for evaluating the rapid antigen tests.,Include,"A comprehensive diagnostic accuracy study of rapid antigen tests for SARS-CoV-2 in an Emergency Department setting, reporting detailed sensitivity, specificity, and accuracy measures using RT-PCR as the reference standard. The research systematically evaluated test performance across symptomatic and asymptomatic patients, with robust methodology and clear outcome reporting. The only minor uncertainty relates to the explicit confirmation of participant age range, though the clinical setting strongly suggests an adult population.",4.6
Real World Performance of SARS-CoV-2 Antigen Rapid Diagnostic Tests in Various Clinical Settings,"G. Regev-Yochay, O. Kriger, M. Mina, S. Beni, Carmit Rubin, B. Mechnik, Sabrina Hason, Elad Biber, Bian Nadaf, Y. Kreiss, S. Amit",10.1101/2021.03.02.21252400,https://doi.org/10.1101/2021.03.02.21252400,medRxiv,14,2021,maybe,"The abstract does not explicitly state the age range of participants, so it is uncertain whether the study only included non-pregnant adult participants or if the data of adult participants were reported separately.",yes,This is a primary diagnostic accuracy study comparing Ag-RDT against qRT-PCR in clinical settings.,yes,"The study reports rapid antigen test (Ag-RDT) results separately from qRT-PCR results, with specific performance metrics provided.",yes,"The study reports multiple quantifiable diagnostic accuracy measures including PPA, NPA, PPV, and NPV.",yes,"The study was conducted in clinical settings (Emergency Departments, hospital screening, and healthcare worker testing).",yes,The study specifically evaluates rapid antigen diagnostic tests (Ag-RDT) for SARS-CoV-2.,yes,"The study uses point-of-care rapid antigen tests and qRT-PCR as the reference standard, with clear comparison of results.",Include,"A comprehensive diagnostic accuracy study of rapid antigen tests for SARS-CoV-2, conducted across multiple clinical settings with robust methodology and detailed performance metrics. The research provides quantifiable diagnostic accuracy data using qRT-PCR as a reference standard, with strong alignment to most screening criteria. The only notable uncertainty relates to participant age range, which would require full text review for definitive confirmation.",4.6
Nasopharyngeal Panbio COVID-19 Antigen Performed at Point-of-Care Has a High Sensitivity in Symptomatic and Asymptomatic Patients With Higher Risk for Transmission and Older Age,"M. Masiá, M. Fernández-González, Manuel Sánchez, M. Carvajal, J. García, Nieves Gonzalo-Jiménez, V. Ortiz de la Tabla, V. Agulló, Inmaculada Candela, J. Guijarro, J. A. Gutiérrez, C. de Gregorio, F. Gutiérrez",10.1093/ofid/ofab059,https://doi.org/10.1093/ofid/ofab059,medRxiv,49,2020,maybe,"The abstract doesn't explicitly state the age range of participants. While it mentions ""patients >50 years"" in one analysis, it doesn't specify if all participants were adults or if pediatric data was included.",yes,"This is a primary diagnostic accuracy study with original data collection, explicitly described as a ""Prospective study"" evaluating test performance.",yes,"The study clearly reports rapid antigen test results separately, with detailed performance metrics for different sample types (nasopharyngeal, nasal, and saliva).",yes,"The study reports quantifiable diagnostic accuracy data, including positive percent agreement (PPA) and negative percent agreement (NPA) with specific values and confidence intervals.",yes,The study was conducted in clinical settings (three primary care centers and an emergency department).,yes,The study specifically evaluates a rapid antigen test (Panbio COVID-19 antigen Rapid Test Device).,yes,The study uses RT-PCR as the reference standard and evaluates a point-of-care rapid antigen test for SARS-CoV-2.,Include,"A prospective diagnostic accuracy study evaluating a rapid antigen test for SARS-CoV-2 in clinical settings, using RT-PCR as the reference standard and reporting comprehensive performance metrics across different sample types. The study meets most screening criteria, with robust methodology and detailed outcome reporting, though slight uncertainty exists regarding the precise age range of participants. Overall, the research provides a rigorous assessment of point-of-care COVID-19 antigen testing performance.",4.6
Accuracy of antigen and nucleic acid amplification testing on saliva and naopharyngeal samples for detection of SARS-CoV-2 in ambulatory care,"S. Kernéis, Caroline Elie, J. Fourgeaud, Laure Choupeaux, S. Delarue, Marie-Laure Alby, Pierre Quentin, J. Pavie, P. Brazille, M. Néré, M. Minier, A. Gabassi, Aurélien Gibaud, S. Gauthier, C. Leroy, Etienne Voirin-Mathieu, C. Poyart, M. Vidaud, B. Parfait, C. Delaugerre, J. Treluyer, J. Le Goff",10.1101/2021.04.08.21255144,https://doi.org/10.1101/2021.04.08.21255144,medRxiv,12,2021,maybe,"The study includes both adults and children (122 children, 8% of total), but the results are not reported separately for adults. This creates some uncertainty about whether the adult data could be extracted separately.",yes,"This is a primary diagnostic accuracy study with original data collection, as evidenced by the prospective enrollment and clear reporting of diagnostic performance metrics.",yes,"The study clearly reports rapid antigen test results separately, with specific sensitivity values reported for the nasopharyngeal Ag test (94% and 96% for different protocols).",yes,"The study clearly reports quantifiable diagnostic accuracy data, including sensitivity (94% and 96%) and specificity (>95%) for the antigen tests.",yes,"The study was conducted in ""two community COVID-19 screening centers in Paris, France,"" which qualifies as a clinical/community setting.",yes,"The study explicitly evaluates rapid antigen tests, specifically mentioning ""nasopharyngeal point-of-care antigen (Ag) test.""",yes,The study uses RT-PCR (NAAT) as the reference standard and evaluates point-of-care rapid antigen tests for SARS-CoV-2.,Include,"A diagnostic accuracy study comparing rapid antigen and nucleic acid amplification tests for SARS-CoV-2, conducted in community screening centers with a mixed adult and child population. The research provides comprehensive diagnostic performance metrics using RT-PCR as a reference standard, with high sensitivity and specificity reported for point-of-care antigen testing. While most screening criteria are met, the lack of separate adult data reporting introduces some uncertainty about the study's full alignment with screening requirements.",4.3
Performance evaluation of Elecsys SARS‐CoV‐2 Antigen immunoassay for diagnostic of COVID‐19,"María Caridad Montalvo Villalba, Elena Sosa Glaria, L. Rodríguez Lay, Odalys Valdés Ramírez, Dayana Vallina García, Amely Arencibia García, Javier Martinez Alfonso, Dunia Menes Llerena, Loida Torres Pérez, S. Resik Aguirre, Maria Guadalupe Guzmán Tirado",10.1002/jmv.27412,https://doi.org/10.1002/jmv.27412,Journal of Medical Virology,6,2021,maybe,"The abstract does not explicitly state the age range of participants, so there is uncertainty about whether the study only included non-pregnant adult participants or reported their data separately.",yes,This is a primary diagnostic accuracy study evaluating the performance of a specific antigen test against RT-PCR.,yes,The study clearly reports rapid antigen test results (Elecsys SARS-CoV-2 Antigen) separately from RT-PCR results.,yes,"The study reports comprehensive diagnostic accuracy data including sensitivity (89.72%), specificity (90.59%), PPV, NPV, and agreement measures (κ coefficient).",yes,"While not explicitly stated, the context suggests a clinical setting given the use of nasopharyngeal swabs and laboratory-based reference testing.",yes,The study specifically evaluates a rapid antigen test (Elecsys SARS-CoV-2 Antigen immunoassay).,yes,The study evaluates a point-of-care rapid antigen test using RT-PCR as the reference standard (specifically STAT-NAT® coronavirus disease-2019).,Include,"A comprehensive diagnostic accuracy study of a SARS-CoV-2 rapid antigen test using RT-PCR as reference, reporting detailed sensitivity, specificity, and predictive values across multiple performance metrics. The research demonstrates a robust methodology for evaluating point-of-care diagnostic testing, with strong alignment to most screening criteria, though participant age range remains unconfirmed. The study provides valuable insights into rapid antigen test performance for COVID-19 detection.",4.6
OUP accepted manuscript,-,10.1093/ajcp/aqab173,https://doi.org/10.1093/ajcp/aqab173,American Journal of Clinical Pathology,1,2021,maybe,"The abstract mentions ""adults and children"" but does not specify if adult data is reported separately, creating some uncertainty about whether the results can be isolated for adults only.",yes,"This is a primary diagnostic accuracy study comparing the rapid antigen test against RT-PCR as the reference standard, meeting the study design criterion.",yes,"The study clearly reports rapid antigen test results (LumiraDx SARS-CoV-2 Ag Test) separately from RT-PCR results, meeting the data reporting criterion.",yes,"The study reports quantifiable diagnostic accuracy data, including positive percent agreement (PPA) and negative percent agreement (NPA), meeting the outcome measures criterion.",yes,"The study was conducted in ""5 point-of-care (POC) settings"" and mentions clinic- and community-based settings, meeting the study setting criterion.",yes,"The study specifically evaluates a rapid antigen test (LumiraDx SARS-CoV-2 Ag Test), meeting the test methodology criterion.",yes,"The study uses RT-PCR (cobas 6800 or TaqPath) as the reference standard for the point-of-care rapid antigen test, meeting the test type and reference standard criterion.",Include,"A diagnostic accuracy study of a rapid antigen test for SARS-CoV-2 demonstrates strong methodological alignment with most screening criteria, including appropriate test methodology, reference standard, and outcome measures. The primary uncertainty lies in the mixed population of adults and children, which may complicate the isolation of adult-specific diagnostic performance data. Despite this limitation, the study provides comprehensive diagnostic accuracy reporting across multiple point-of-care settings.",4.3
Field evaluation of a rapid antigen test (Panbio COVID-19 Ag Rapid Test Device) for the diagnosis of COVID-19 in primary healthcare centers,"E. Albert, I. Torres, F. Bueno, D. Huntley, Estefanía Molla, Miguel Ángel Fernández-Fuentes, Mireia Martínez, S. Poujois, Lorena Forqué, A. Valdivia, Carlos Solano de la Asunción, Josep Ferrer, J. Colomina, D. Navarro",10.1101/2020.10.16.20213850,https://doi.org/10.1101/2020.10.16.20213850,medRxiv,27,2020,maybe,"The abstract mentions ""symptomatic patients"" but does not specify the age range, creating some uncertainty, though primary healthcare settings typically serve adults.",yes,This appears to be a primary diagnostic accuracy study evaluating a specific rapid antigen test device.,yes,"The study clearly reports rapid antigen test results (Panbio COVID-19 AG Rapid Test Device) separately, with specific sensitivity and specificity values.",yes,"The study clearly reports quantifiable diagnostic accuracy data (sensitivity 79.6%, specificity 100%).",yes,"The study is conducted in primary healthcare centers, which qualifies as a clinical setting.",yes,The study explicitly evaluates a rapid antigen test (Panbio COVID-19 AG Rapid Test Device).,yes,"The study uses RT-PCR as the reference standard, which is explicitly stated.",Include,"A diagnostic accuracy study of a rapid antigen test for COVID-19 in primary healthcare centers, reporting clear sensitivity and specificity metrics using RT-PCR as the reference standard. The study meets most screening criteria, with only minor uncertainty regarding participant age range, though the clinical setting and comprehensive reporting suggest a robust diagnostic evaluation.",4.6
"SARS-CoV-2 Viral Shedding and Rapid Antigen Test Performance — Respiratory Virus Transmission Network, November 2022–May 2023","S. E. Smith-Jeffcoat, Alexandra M Mellis, C. Grijalva, H. K. Talbot, J. Schmitz, K. Lutrick, K. Ellingson, M. Stockwell, S. H. McLaren, Huong Q Nguyen, Suchitra Rao, E. Asturias, Meredith E. Davis-Gardner, M. Suthar, H. Kirking, M. Rolfes, J. Biddle, Yuwei Zhu, Karla I Ledezma, Kathleen Pryor, Ellen Sano, Joshua G Petrie",10.15585/mmwr.mm7316a2,https://doi.org/10.15585/mmwr.mm7316a2,MMWR. Morbidity and mortality weekly report,12,2024,maybe,"The abstract doesn't explicitly state the age range of participants. While it's likely these are adults given the context, we cannot be certain without more information.",yes,This is a primary diagnostic accuracy study comparing antigen tests with RT-PCR and viral culture as reference standards.,yes,"The study clearly reports antigen test results separately from RT-PCR and viral culture results, with specific sensitivity values provided for antigen tests.",yes,"The study reports quantifiable diagnostic accuracy data, specifically sensitivity (47% using RT-PCR as reference, 95% CI = 44%-50%).",yes,"The study appears to be conducted in a clinical/community setting, with participants collecting samples at home but under clinical supervision as part of a household transmission study.",yes,"The study specifically evaluates rapid antigen tests, comparing them with RT-PCR and viral culture.",yes,The study evaluates point-of-care rapid antigen tests and uses RT-PCR as one of the reference standards.,Include,"A comprehensive diagnostic accuracy study comparing rapid antigen tests with RT-PCR and viral culture, providing detailed sensitivity data across multiple testing methods. The research meets most screening criteria, with robust methodology and clear reporting of diagnostic performance, though participant age range remains slightly uncertain. The study offers significant insights into SARS-CoV-2 testing accuracy and potential clinical implications.",4.6
"Evaluation of accuracy, exclusivity, limit-of-detection and ease-of-use of LumiraDx™: An antigen-detecting point-of-care device for SARS-CoV-2","L. KruÌger, J. Klein, F. Tobian, M. Gaeddert, F. Lainati, S. Klemm, P. Schnitzler, R. Bartenschlager, Berati Cerikan, C. Neufeldt, O. Nikolai, A. Lindner, F. Mockenhaupt, J. Seybold, T. Jones, V. Corman, N. Pollock, B. Knorr, A. Welker, M. de Vos, J. Sacks, C. Denkinger",10.1007/s15010-021-01681-y,https://doi.org/10.1007/s15010-021-01681-y,Infection,38,2021,maybe,"The abstract does not explicitly state the age range of participants, so it is uncertain whether only adults were included or if data was separated by age groups.",yes,"The study is explicitly described as a ""multi-centre diagnostic accuracy study"" with original data collection and analysis.",yes,The study clearly reports rapid antigen test results (LumiraDx™) separately from RT-PCR results.,yes,The study reports clear diagnostic accuracy measures including sensitivity (82.2%) and specificity (99.3%) with confidence intervals.,yes,"While not explicitly stated, the multi-centre nature and mention of supervised self-swabbing suggests a clinical setting.",yes,The study specifically evaluates a rapid antigen-detecting test (LumiraDx™ microfluidic immunofluorescence Ag-RDT).,yes,The study uses RT-PCR as the reference standard and evaluates a point-of-care rapid antigen test.,Include,"A multi-centre diagnostic accuracy study investigating a rapid antigen-detecting test for SARS-CoV-2, with comprehensive reporting of sensitivity and specificity using RT-PCR as a reference standard. The research demonstrates strong methodological rigor, evaluating a point-of-care test across symptomatic and asymptomatic participants, though the precise age range of participants remains unconfirmed. Detailed analysis includes viral load sub-analyses and assessment of test performance across different clinical parameters.",4.6
Diagnostic accuracy of rapid antigen test for COVID-19 in an emergency department,"S. Elli, F. Blasi, B. Brignolo, F. Ceriotti, A. Gori, A. Piatti, M. Solbiati, G. Costantino",10.1016/j.diagmicrobio.2022.115635,https://doi.org/10.1016/j.diagmicrobio.2022.115635,Diagnostic microbiology and infectious disease,9,2022,maybe,"The abstract doesn't explicitly state the age range of participants. While it's an Emergency Department study, we cannot confirm if only adults were included or if data was reported separately for adults.",yes,This is a primary diagnostic accuracy study comparing RAD test results against RT-PCR.,yes,"The study clearly reports rapid antigen test results separately, specifically for the LumiraDx RAD test.",yes,"The study reports clear diagnostic accuracy measures including sensitivity (34.2%), specificity (92.3%), and likelihood ratios.",yes,"The study was conducted in an Emergency Department setting, which qualifies as a clinical setting.",yes,The study specifically evaluates a rapid antigen diagnostic test (LumiraDx RAD).,yes,The study evaluates a point-of-care rapid antigen test (LumiraDx RAD) using RT-PCR as the reference standard.,Include,"A diagnostic accuracy study of a rapid antigen test in an Emergency Department setting, comparing LumiraDx RAD test results against RT-PCR as the reference standard. The study comprehensively reports diagnostic performance metrics including sensitivity, specificity, and likelihood ratios, with the primary limitation being uncertainty about participant age range. The research provides critical insights into the diagnostic utility of rapid antigen testing for COVID-19.",4.6
Comparison of fourteen Rapid Point-of-Care Antigen Tests for SARS-CoV-2: Use & Sensitivity,"Z. Pérez-Martínez, G. Martín, Marta Sandoval, S. Rojo-Alba, J. Boga, S. Melón, M. Álvarez-Argüelles",10.21203/rs.3.rs-951263/v1,https://doi.org/10.21203/rs.3.rs-951263/v1,Applied microbiology,0,2021,maybe,"The abstract does not specify the age range of participants or whether they are adults, so the population age is unclear.",yes,"The study appears to be a primary diagnostic accuracy study, as it compares rapid antigen tests against RT-PCR as the reference standard.",yes,"The study reports rapid antigen test results separately from other test types, as evidenced by the abstract clearly reporting specific sensitivity values for different commercial rapid antigen tests (nal von minden, Tody Laboratories, Cahnos, PCL).",yes,"The study reports quantifiable diagnostic accuracy data, specifically sensitivity values for different tests under various conditions.",maybe,"While the study involves clinical testing, the specific setting (clinical or community) is not explicitly stated in the abstract.",yes,The study explicitly evaluates rapid antigen tests for SARS-CoV-2 detection.,yes,The study uses point-of-care rapid antigen tests and compares them against q(RT)-PCR as the reference standard.,Include,"A diagnostic accuracy study comparing multiple rapid antigen tests for SARS-CoV-2 detection using RT-PCR as a reference standard, with detailed sensitivity analysis across different viral load conditions. The research provides quantifiable diagnostic performance data, though uncertainties remain regarding participant age and specific study setting. Multiple commercial tests were evaluated, demonstrating varying sensitivity levels and highlighting the importance of careful interpretation of rapid antigen test results.",4
Pooled analysis of diagnostic performance of the instrument-read Quidel Sofia SARS antigen Fluorescent Immunoassay (FIA),"G. Lippi, B. Henry, M. Plebani",10.21203/rs.3.rs-2746356/v1,https://doi.org/10.21203/rs.3.rs-2746356/v1,EJIFCC,1,2023,maybe,"The abstract doesn't explicitly state the age range of participants, so the reasoning is uncertain regarding whether the study only includes non-pregnant adult participants or reports their data separately.",yes,"This is a meta-analysis that includes original diagnostic accuracy data from 18 articles with 48,165 samples, meeting the criterion of being a primary diagnostic accuracy study or meta-analysis reporting original data.",yes,"The study specifically focuses on Quidel Sofia SARS antigen FIA results and reports them separately, indicating that the data reporting meets the criterion of reporting rapid antigen test results separately from other test types.",yes,"The study reports clear diagnostic accuracy measures including sensitivity, specificity, and area under the curve for different patient groups, meeting the criterion of reporting quantifiable diagnostic accuracy data.",yes,"While not explicitly stated, the context suggests clinical settings, as it involves symptomatic and asymptomatic patients and molecular testing as reference, meeting the criterion of being conducted in a clinical or community setting.",yes,"The study specifically evaluates a rapid antigen test (Quidel Sofia SARS antigen FIA), which is clearly described as a rapid diagnostic antigen test (RDT-Ag), meeting the criterion of evaluating rapid antigen tests.",yes,"The study evaluates a point-of-care rapid antigen test and explicitly states that test accuracy was compared to ""a reference SARS-CoV-2 molecular assay"" (presumably RT-PCR, though not explicitly stated as RT-PCR), meeting the criterion of evaluating point-of-care rapid antigen tests for SARS-CoV-2 using RT-PCR as the reference standard.",Include,"A comprehensive meta-analysis of Quidel Sofia SARS antigen FIA demonstrates robust diagnostic accuracy across symptomatic and asymptomatic patient populations, utilizing molecular testing as a reference standard. The study provides detailed quantifiable diagnostic performance metrics, including sensitivity and specificity, while evaluating a point-of-care rapid antigen test with a large sample size of 48,165 samples. The research meets most screening criteria, with only minor uncertainty regarding participant age demographics.",4.6
"Real-world clinical performance of SARS-CoV-2 point-of-care diagnostic tests: a systematic review of available trials as per April, 4, 2021","G. H. Hawthorne, A. Harvey",10.1101/2021.09.20.21263509,https://doi.org/10.1101/2021.09.20.21263509,medRxiv,1,2021,maybe,The abstract doesn't specify age restrictions or separate reporting for adult participants. This information is unclear.,no,"This is a systematic review/meta-analysis, not a primary diagnostic accuracy study. While it analyzes original data, it doesn't meet the criterion for being a primary study.",maybe,"The abstract mentions evaluating ""20 antigen tests"" separately from nucleic-acid amplification platforms, suggesting separate reporting of rapid antigen test results. However, since this is a review paper, it's not clear if the individual studies reported results separately.",yes,The study reports diagnostic accuracy measures (sensitivity and specificity) along with other performance metrics.,yes,"The study explicitly focuses on ""real-life clinical practice"" and ""decentralised, true point-of-care facilities, or inside hospitals.""",yes,"The study explicitly evaluates rapid antigen tests, along with nucleic-acid amplification tests.",maybe,"While the study evaluates point-of-care rapid antigen tests, it doesn't explicitly mention RT-PCR as the reference standard. The abstract only mentions ""sensitivity and specificity"" without specifying the reference standard.",Include,"A systematic review of point-of-care SARS-CoV-2 tests fails to meet key screening criteria, particularly the requirement for a primary diagnostic accuracy study. While the paper comprehensively evaluates rapid antigen tests across multiple performance metrics, its review methodology and lack of clarity on reference standards and population age prevent it from satisfying the specified screening requirements.",2.5
Comparative accuracy of COVID-19 qualitative rapid tests and quantitative molecular assays,"S. Arrighi, A. Duque, Shramana Deb",-,-,-,0,2020,maybe,The abstract does not specify the age range of participants or whether data for adults was reported separately.,no,"This is explicitly stated as a ""Literature Review"" comparing different tests, not a primary diagnostic accuracy study or meta-analysis reporting original data.",no,"The abstract reports results for different test types separately, including specific results for the Abbott ID NOW® and Cepheid Xpert Xpress®. However, it's a literature review rather than primary data reporting.",yes,"The study reports quantifiable diagnostic accuracy data, including positive predictive agreement (PPA) and negative predictive agreement (NPA) for various tests.",maybe,"While the abstract mentions ""point-of-care testing"" and ""rapid testing sites,"" it doesn't clearly specify whether the included studies were conducted in clinical or community settings.",yes,"The study does evaluate rapid antigen tests, including the Bioeasy immunofluorescence-based test, alongside RT-PCR tests.",yes,"The study uses RT-PCR as the reference standard, which meets this criterion. However, it's worth noting that some of the tests evaluated are RT-PCR based (Abbott ID NOW®, Cepheid Xpert Xpress®) rather than purely antigen tests.",Include,"A literature review comparing COVID-19 rapid tests fails to meet key screening criteria, particularly the requirement for a primary diagnostic accuracy study or meta-analysis. While the study reports diagnostic accuracy data and evaluates rapid antigen tests, its methodological approach as a literature review disqualifies it from meeting the fundamental screening requirements. Uncertainty remains regarding population age and study setting, further complicating its potential inclusion.",2.5
Analytical and Clinical Performance of the Panbio COVID-19 1 Antigen-Detecting Rapid Diagnostic Test 2,"A. Alemany, B. Baro, D. Ouchi, Maria Ubals, M. Corbacho-Monné, 4. Júlia, Vergara-Alert, J. Rodón, J. Segalés, Cristina Esteban, Gema Fernández, L. Ruiz, Q. Bassat, B. Clotet, J. Ara, M. Vall-Mayans, Camila G-Beiras, I. Blanco, O. Mitjà",-,-,-,0,2020,maybe,"The abstract does not explicitly state the age range of participants, creating significant uncertainty about whether the study only includes non-pregnant adult participants or reports their data separately.",yes,The study is a primary diagnostic accuracy study evaluating the Panbio COVID-19 Ag Test against RT-qPCR as the reference standard.,yes,"The study reports rapid antigen test results separately from other test types, as indicated by the abstract mentioning the Panbio COVID-19 Ag Test specifically.",maybe,"The abstract mentions diagnostic accuracy measures, including sensitivity and specificity, though specific values for the Panbio test are not provided.",yes,"The study appears to be conducted in a clinical setting, mentioning ""routine practice for case confirmation and contact tracing"" and ""preventive screenings.""",yes,"The study clearly evaluates rapid antigen tests, specifically the Panbio COVID-19 Ag Test.",yes,The study uses RT-qPCR as the reference standard and evaluates a point-of-care rapid antigen test.,Include,"A diagnostic accuracy study evaluating a rapid antigen test for COVID-19 using RT-qPCR as a reference standard, with clear methodology and outcome measures. The study demonstrates potential for point-of-care testing, though uncertainty exists regarding participant age range. Multiple screening criteria are met, with the primary limitation being incomplete information about participant demographics.",3.9
Comparison of SARS-CoV-2 Rapid Antigen Test Performance Using RT-qPCR for Diagnosis of COVID-19,Sena Ölçer,10.14744/cm.2023.14622,https://doi.org/10.14744/cm.2023.14622,Comprehensive Medicine,0,2023,no,The abstract provides no information about the study population or age restrictions.,maybe,"The abstract suggests that this is a primary diagnostic accuracy study comparing RADT to RT-qPCR, though the full methodology is not detailed.",maybe,"The abstract indicates that the study is evaluating RADT (rapid antigen test) results compared to RT-qPCR, suggesting that the data for RADT is reported separately from other test types. However, this is not explicitly stated in the abstract.",maybe,"While the abstract mentions ""appraising performance,"" it doesn't explicitly state whether sensitivity, specificity, or other accuracy measures are reported. However, given it's a diagnostic accuracy study, these are likely included in the full paper.",no,The abstract doesn't specify whether the study was conducted in a clinical or community setting.,yes,"The study clearly evaluates rapid antigen detection tests (RADT), specifically described as an immunochromatographic test for SARS-CoV-2 antigen.",yes,The study explicitly mentions using RT-qPCR as the reference standard for comparing RADT results.,Include,"A diagnostic accuracy study comparing rapid antigen detection tests for SARS-CoV-2 using RT-qPCR as a reference standard demonstrates strong methodological alignment with key screening criteria. While the study clearly evaluates point-of-care antigen testing, uncertainties remain regarding participant age and study setting, which would require full manuscript review to definitively confirm.",4
Validation of rapid SARS-COV-2 antigen detection test as a screening tool for detection of Covid-19 infection at district hospital in northern India,"Saba Choudhary, Aishiya Ishrat",10.3126/ajms.v13i4.40765,https://doi.org/10.3126/ajms.v13i4.40765,Asian Journal of Medical Sciences,3,2022,maybe,"The abstract does not explicitly state the age range of participants, so it is uncertain whether the study only included non-pregnant adult participants or if the data for adult participants were reported separately.",yes,"This is a primary diagnostic accuracy study comparing RAT with RT-PCR, with original data collection and analysis.",yes,"The study reports rapid antigen test results separately from RT-PCR results, with specific sensitivity and specificity values provided for RAT.",yes,"The study reports detailed diagnostic accuracy measures including sensitivity (55.04%), specificity (99.2%), PPV, NPV, and diagnostic accuracy.",yes,"The study was conducted in a District Hospital, which qualifies as a clinical setting.",yes,The study specifically evaluates rapid antigen tests (RAT) for SARS-CoV-2 detection.,yes,The study uses RT-PCR as the reference standard and evaluates point-of-care rapid antigen tests.,Include,"A diagnostic accuracy study comparing rapid antigen tests with RT-PCR in a clinical setting, reporting comprehensive performance metrics including sensitivity, specificity, and predictive values. The research meets most screening criteria, with only minor uncertainty regarding participant age range. The study provides valuable insights into rapid antigen testing methodology for SARS-CoV-2 detection.",4.6
Diagnostic accuracy of a novel SARS CoV-2 rapid antigen test and usefulness of specimens collected from the anterior nasal cavity,"Daisuke Tamura, H. Yamagishi, Yuji Morisawa, Takashi Mato, Shin Nunomiya, Yuta Maehara, Yasushi Ochiai, S. Okuyama, Narumi Ohmika, Takanori Yamagata, Hitoshi Osaka",-,-,-,0,2022,no,"The study includes participants from ""<1 month-76 years"" which indicates inclusion of children and infants, not just adults. The abstract doesn't mention separate reporting for adults.",yes,This is a primary diagnostic accuracy study evaluating a new rapid diagnostic test against RT-PCR.,yes,"The study clearly reports rapid antigen test results separately, with specific sensitivity and specificity values provided for the Ag-RDT.",yes,"The study reports clear diagnostic accuracy data, including sensitivity (100% up to day 6, 70.4-90.6% from day 7) and specificity (100%).",yes,"The study appears to be conducted in a clinical setting, with samples collected during hospitalization.",yes,The study specifically evaluates a rapid antigen-detecting diagnostic test (Ag-RDT) for SARS-CoV-2.,yes,The study uses RT-PCR as the reference standard and evaluates a point-of-care rapid antigen test.,Include,"A diagnostic accuracy study of a rapid antigen test for SARS-CoV-2 demonstrates strong methodological rigor, reporting comprehensive sensitivity and specificity data using RT-PCR as a reference standard. However, the inclusion of participants across a broad age range, including infants and children, prevents full compliance with the screening criteria focused on adult populations. The study's small sample size and mixed-age participant group represent key limitations in meeting all predefined screening requirements.",2.7
Field Evaluation of the New Rapid NG-Test® SARS-CoV-2 Ag for Diagnosis of COVID-19 in the Emergency Department of an Academic Referral Hospital,"Kalliopi Avgoulea, Maria-Ioanna Beredaki, S. Vourli, M. Siopi, N. Siafakas, S. Pournaras",10.3389/fpubh.2022.840984,https://doi.org/10.3389/fpubh.2022.840984,Frontiers in Public Health,1,2022,yes,"The abstract explicitly states they included ""all adult ambulatory patients,"" indicating participants were 18+ years.",yes,This is a primary diagnostic accuracy study comparing NG-Test against RT-PCR as the reference standard.,yes,"The study clearly reports rapid antigen test results (NG-Test) separately from RT-PCR results, with detailed performance metrics for each.",yes,"The study reports detailed diagnostic accuracy data including sensitivity, specificity, PPV, and NPV with confidence intervals.",yes,"The study was conducted in a clinical setting (Emergencies of ""Attikon"" University hospital).",yes,The study specifically evaluates a rapid antigen test (NG-Test® SARS-CoV-2 Ag immunoassay) for SARS-CoV-2 detection.,yes,The study evaluates a point-of-care rapid antigen test and uses RT-PCR as the reference standard for comparison.,Include,"A comprehensive diagnostic accuracy study of a rapid antigen test for SARS-CoV-2 was conducted among adult patients in a clinical setting, using RT-PCR as the reference standard. The research meticulously reported detailed performance metrics including sensitivity, specificity, and predictive values across different sample types, meeting all critical screening criteria for a robust diagnostic evaluation.",4.9
Comparative and Prospective Study on the Efficacy of RT-PCR and Rapid Antigen Test in Symptomatic COVID-19 Patients at Tertiary Care Hospital,"Ramya Sree Allavarapu, K. Sethumadhavan, Purimitla Usharani, B.V.V.V. Tejaswani",10.22207/jpam.17.3.49,https://doi.org/10.22207/jpam.17.3.49,Journal of Pure and Applied Microbiology,2,2023,maybe,"The abstract does not explicitly state the age range of participants, and there is no mention of separate reporting for adult participants.",yes,This is a primary diagnostic accuracy study comparing rapid antigen tests with RT-PCR in a clinical setting.,yes,"The study clearly reported rapid antigen test results separately from RT-PCR results, with specific numbers provided for the different test outcomes.",yes,"The study reports quantifiable diagnostic accuracy data, specifically sensitivity (85.3%) and specificity (99.5%).",yes,The study was conducted in a clinical setting (tertiary care hospitals).,yes,The study specifically evaluates rapid antigen tests for SARS-CoV-2 nucleocapsid protein antigen using immuno-chromatographic assay.,yes,The study uses RT-PCR as the reference standard and evaluates point-of-care rapid antigen tests.,Include,"A comprehensive diagnostic accuracy study comparing rapid antigen tests with RT-PCR in a clinical setting, reporting detailed sensitivity and specificity metrics that meet World Health Organization performance standards. The research systematically evaluated SARS-CoV-2 testing across symptomatic patients, providing quantifiable diagnostic data with robust methodology. The only minor uncertainty relates to the precise age range of participants, which would require full text review for complete clarification.",4.6
Diagnostic Performance of a Rapid Antigen Test Compared with the Reverse Transcription Polymerase Chain Reaction for SARS-CoV-2 Detection in Asymptomatic Individuals Referring to a Drive-in Testing Facility,"Fabio Lombardo, Gianluca Triolo, Biao Yang, Zhonghua Liu, Paolo Maiuri, Emanuele Orsini, Wei Jin, Serena Zacchigna, A. Marcello",10.3390/covid1040063,https://doi.org/10.3390/covid1040063,COVID,2,2021,maybe,"The abstract only mentions ""asymptomatic individuals"" without specifying age ranges, creating some uncertainty about whether the study meets the age criterion.",yes,"The study is explicitly described as a ""prospective observational study of diagnostic accuracy"" with original data collection.",yes,"The study clearly reports rapid antigen test results separately, comparing them directly with nucleic acid detection results.",yes,"The study reports clear diagnostic accuracy measures, including specificity (100%) and sensitivity (49% overall, 87% at higher viral loads).",yes,"The study was conducted in a drive-in testing facility, which qualifies as a clinical/community setting.",yes,The study specifically evaluates a rapid antigen test (Jiangsu Bioperfectus Technologies) and not antibody or laboratory-based tests.,yes,"The study uses RT-PCR (""routine nucleic acid detection"") as the reference standard for the rapid antigen test.",Include,"A prospective diagnostic accuracy study of rapid antigen testing for SARS-CoV-2 demonstrated high specificity and variable sensitivity across viral load levels in a drive-in testing facility. The research comprehensively evaluated point-of-care testing using RT-PCR as a reference standard, reporting quantifiable diagnostic performance metrics. While most screening criteria were definitively met, uncertainty remained regarding the precise age range of study participants.",4.6
Rapid antigen tests for SARS-CoV-2,"Michael Liu, R. Arora, M. Krajden",10.1503/cmaj.202827,https://doi.org/10.1503/cmaj.202827,Canadian Medical Association Journal,5,2021,no,No information is provided about the study population or age groups.,no,The abstract appears to be discussing RAT performance in general terms rather than presenting a specific primary diagnostic accuracy study or meta-analysis. It seems more like a review or commentary.,maybe,"The abstract mentions RAT (Rapid Antigen Test) results, but it's unclear if these are reported separately from other test types. There is insufficient information to fully assess this criterion.",yes,"The abstract does report quantifiable diagnostic accuracy data, mentioning sensitivity ranges (30-80%) and specificity ranges (98-100%), meeting this criterion.",no,No information is provided about the study setting.,yes,"The abstract clearly focuses on rapid antigen tests (RATs) for SARS-CoV-2, meeting this criterion.",maybe,"While RATs are mentioned, the reference standard is only partially mentioned (""relative to reverse"" - likely referring to RT-PCR, but the abstract is cut off).",Include,"Rapid antigen tests for SARS-CoV-2 are discussed with reported sensitivity and specificity ranges, but critical details about study design, population, and setting are missing. The incomplete abstract provides limited information about diagnostic accuracy, making comprehensive assessment challenging. Insufficient evidence exists to definitively confirm alignment with all screening criteria.",2.7
A perspective on the effectiveness of SARS-Cov-2 rapid testing kits,"Jashanpreet Kaur, Naresh Kumar Rangra",10.56933/pharmaspire.2023.15118,https://doi.org/10.56933/pharmaspire.2023.15118,Pharmaspire,0,2023,no,"The abstract does not specify any age restrictions or population characteristics, so this information is completely missing.",no,"The paper is a review/perspective paper that analyzes existing systematic reviews and meta-analyses, rather than presenting original diagnostic accuracy data.",no,"The paper is a review/perspective paper rather than a primary study reporting original data, so it does not report rapid antigen test results separately from other test types.",no,"While the abstract mentions ""specificity and sensitivity,"" it does not provide actual quantifiable diagnostic accuracy data. It only makes general statements about effectiveness.",no,The abstract does not specify the clinical or community setting of the studies reviewed.,yes,"The paper does focus on rapid antigen tests (RAT) for SARS-CoV-2, so this criterion is met.",yes,"The paper does evaluate point-of-care rapid antigen tests using RT-PCR as the reference standard, meeting this criterion.",Exclude,"The perspective paper fails to meet key screening criteria as a non-primary diagnostic accuracy study lacking original data, specific population characteristics, and quantifiable diagnostic accuracy measures. While discussing rapid antigen tests and RT-PCR, the review does not provide the detailed, original research data required by the screening protocol. Critical methodological elements such as study setting, participant age, and precise diagnostic performance metrics are absent from the abstract.",1.4
"Clinical evaluation of the Roche/SD Biosensor rapid antigen test with symptomatic, non-hospitalized patients in a municipal health service drive-through testing site.","Zsὁfia Iglὁi, J. Velzing, J. van Beek, D. A. van de Vijver, G. Aron, R. Ensing, Kim Benschop, W. Han, T. Boelsums, M. Koopmans, C. Geurtsvankessel, R. Molenkamp",10.1101/2020.11.18.20234104,https://doi.org/10.1101/2020.11.18.20234104,medRxiv,46,2020,maybe,"The abstract doesn't explicitly state the age range of participants. While it mentions ""mild symptomatic population,"" there's no clear indication whether children were included or excluded.",yes,This is a primary diagnostic accuracy study comparing rapid antigen test results against RT-PCR and virus culture as reference standards.,yes,"The study clearly reports rapid antigen test results separately, with specific sensitivity and specificity values provided for the Roche/SD Biosensor lateral flow antigen test.",yes,"The study reports clear diagnostic accuracy data, including sensitivity (84.9%), specificity (99.5%), and positive predictive value (97.5%) with confidence intervals.",yes,The study was conducted in a clinical setting (drive-through testing site).,yes,The study specifically evaluates a rapid antigen test (Roche/SD Biosensor lateral flow antigen test).,yes,"The study uses RT-PCR as one of the reference standards, along with virus culture, for evaluating the rapid antigen test.",Include,"A comprehensive diagnostic accuracy study of a rapid antigen test for SARS-CoV-2, conducted in a clinical drive-through testing site, reporting detailed sensitivity, specificity, and predictive value metrics. The research systematically compared rapid antigen test results against RT-PCR and virus culture, with robust methodology and clear outcome measures. The only notable uncertainty relates to the precise age range of study participants, which was not explicitly defined in the abstract.",4.3
SARS-CoV-2 rapid antigen test: High sensitivity to detect infectious virus,"J. Nordgren, Sumit Sharma, Henrik Olsson, Mikael Jämtberg, Tina Falkeborn, L. Svensson, M. Hagbom",10.1016/j.jcv.2021.104846,https://doi.org/10.1016/j.jcv.2021.104846,Journal of Clinical Virology,48,2021,maybe,"The abstract doesn't explicitly state the age range of participants. It mentions ""individuals having respiratory and/or COVID-19 related symptoms"" but doesn't specify if they're adults or include children.",yes,This is a primary diagnostic accuracy study evaluating two rapid antigen tests against PCR reference standard.,yes,"The study clearly reports rapid antigen test results separately, with specific data for two different tests (Panbio and Orient Gene).",yes,"The study reports clear diagnostic accuracy data, including sensitivity and specificity for both tests.",yes,"While not explicitly stated, the context suggests a clinical setting where nasopharyngeal samples were collected and analyzed.",yes,The study specifically evaluates rapid antigen tests (immunochromatographic tests) for SARS-CoV-2.,yes,The study evaluates point-of-care rapid antigen tests and uses RT-PCR as the reference standard.,Include,"A comprehensive diagnostic accuracy study evaluating two rapid antigen tests for SARS-CoV-2 using RT-PCR as a reference standard, with detailed reporting of sensitivity and specificity across different sample characteristics. The research provides quantifiable diagnostic performance data in a clinical setting, examining point-of-care tests for detecting infectious virus, though the precise age range of participants requires further verification.",4.6
PD40 Antigen Diagnostic Tests With Self-Collection Of Biological Material For The Diagnosis Of COVID-19,"M. Ramos, Erika Camargo, Claudio Maierovitch, F. Elias",10.1017/S0266462322002999,https://doi.org/10.1017/S0266462322002999,International Journal of Technology Assessment in Health Care,0,2022,maybe,"The abstract does not specify the age range of participants, so the information is unclear.",no,"The study is explicitly a systematic review, not a primary diagnostic accuracy study or meta-analysis reporting original data.",no,"The study is a systematic review that includes multiple test types and collection methods, rather than a primary study reporting original data on rapid antigen test results.",yes,"The study reports diagnostic accuracy data, including sensitivity and specificity values.",maybe,"The abstract mentions ""back to face-to-face work and educational activities"" but does not explicitly specify the clinical or community setting of the included studies.",yes,"The study does evaluate rapid antigen tests, including various collection methods (nasopharyngeal, anterior nasal, saliva, gargle, sputum, and spit).",yes,"The study uses RT-PCR as the reference standard, comparing it with rapid antigen tests.",Exclude,"A systematic review of COVID-19 self-testing methods fails to meet key screening criteria, particularly the requirement for a primary diagnostic accuracy study with original data. While the review comprehensively examines rapid antigen tests and reports diagnostic accuracy measures, its review design and lack of clarity on population age and study setting prevent it from satisfying the essential screening requirements.",1.4
Accuracy and usability of saliva and nasal rapid antigen self-testing for detection of SARS-CoV-2 infection in the general population: a head-to-head comparison,"E. Schuit, R. Venekamp, I. Veldhuijzen, W. van den Bijllaardt, S. Pas, J. Stohr, E. Lodder, M. Hellwich, R. Molenkamp, Z. Iglói, C. Wijers, I. H. Vroom, C. Nagel-Imming, W. Han, J. Kluytmans, S. van den Hof, J. H. van de Wijgert, K. Moons",10.1101/2021.12.08.21267452,https://doi.org/10.1101/2021.12.08.21267452,medRxiv,11,2021,maybe,"The study includes individuals ""aged 16 years and older,"" which means it includes some participants under 18. However, the abstract doesn't specify if data for adults (18+) is reported separately.",yes,This is a primary diagnostic accuracy study with original data collection and analysis.,yes,"The study clearly reports rapid antigen test results separately, with detailed accuracy data for both saliva and nasal Ag-RDTs.",yes,"The study reports detailed diagnostic accuracy data, including sensitivity, specificity, positive and negative predictive values.",yes,The study was conducted in clinical settings (Dutch public health service test sites).,yes,"The study specifically evaluates rapid antigen tests (Ag-RDTs), including both saliva and nasal versions.",yes,The study uses molecular testing (RT-PCR) as the reference standard and evaluates point-of-care rapid antigen tests.,Include,"A comprehensive diagnostic accuracy study of rapid antigen tests for SARS-CoV-2, conducted in a clinical setting with molecular testing as reference, reporting detailed sensitivity and specificity data across multiple participant subgroups. The research meets most screening criteria, with only a minor limitation regarding participant age range, which includes individuals from 16 years old. Overall, the study provides robust methodological insights into self-performed rapid antigen diagnostic testing.",4.3
Performance of an Antigen Rapid Test Compared to RT-PCR for the Detection of SARS-CoV-2,"B. Suliman, Ahmed A. Aljuhani, Zuhur Ramadan Almohammadi, Yasser A Abdou, Sultan Saud Alahmadi, Amin K. Khattab, Mohannad A. Almikhlafi, H. Elbadawy",10.9734/jpri/2023/v35i157379,https://doi.org/10.9734/jpri/2023/v35i157379,Journal of Pharmaceutical Research International,0,2023,maybe,"The study reports an average age of 54.7 (±14) years, indicating an adult population. While not explicitly stated that all participants were ≥18, the mean age strongly suggests this.",yes,This is a primary diagnostic accuracy study comparing ART to RT-PCR in 126 patients.,yes,"The study clearly reports rapid antigen test results separately from RT-PCR results, with distinct positivity rates reported (27.4% for ART vs 67.9% for RT-PCR).",yes,"The study reports diagnostic accuracy data, including concordance rates (56.6%) and likelihood ratios with confidence intervals.",yes,"The study was conducted in a clinical setting, specifically mentioning a hospital COVID-19 isolation ward.",yes,The study specifically evaluates a SARS-CoV-2 Antigen Rapid Test (ART) Cassette.,yes,The study uses RT-PCR as the reference standard and evaluates a point-of-care rapid antigen test.,Include,"A diagnostic accuracy study comparing SARS-CoV-2 Antigen Rapid Test to RT-PCR in a clinical setting, involving adult participants with a comprehensive methodology. The research provides quantifiable diagnostic performance data, evaluating point-of-care rapid antigen testing against a gold standard reference, with clear reporting of test results and accuracy measures. The study meets all key screening criteria for a robust diagnostic accuracy investigation.",4.9
Think of the Children,"Patricia González-Donapetry, Paloma García-Clemente, I. Bloise, Consuelo García-Sánchez, Miguel Ángel Sánchez Castellano, M. Romero, Almudena Gutiérrez Arroyo, J. Mingorance, M. de Ceano-Vivas La Calle, J. García-Rodríguez",10.1097/INF.0000000000003101,https://doi.org/10.1097/INF.0000000000003101,The Pediatric Infectious Disease Journal,17,2021,no,"The study explicitly focuses on a pediatric population, which fails to meet the criterion requiring adult participants (18+ years).",yes,This is a primary diagnostic accuracy study comparing the rapid antigen test against RT-qPCR.,yes,"The study clearly reports rapid antigen test results separately, specifically for the Panbio COVID-19 Ag Rapid Test Device.",yes,"The study reports quantifiable diagnostic accuracy data, specifically mentioning sensitivity (77.7%) and discussing specificity and predictive values.",yes,"While not explicitly stated, the context suggests a clinical setting given the use of nasopharyngeal swabs and RT-qPCR testing.",yes,The study evaluates a rapid antigen test (Panbio COVID-19 Ag Rapid Test Device).,yes,The study uses RT-qPCR as the reference standard and evaluates a point-of-care rapid antigen test.,Exclude,"The study meets most screening criteria for a diagnostic accuracy assessment of a rapid antigen test, including appropriate test methodology, reference standard, and outcome measures. However, the research focuses exclusively on a pediatric population, which directly conflicts with the requirement for adult participants aged 18 or older. This population age criterion represents a critical disqualifying factor for the systematic review.",0.1
COVID-19 Rapid Antigen Tests With Self-Collected vs Health Care Worker–Collected Nasal and Throat Swab Specimens,"T. Todsen, Kathrine K. Jakobsen, Mathias Peter Grønlund, R. E. Callesen, F. Folke, Helene Larsen, A. Ersbøll, Thomas Benfield, Tobias Gredal, Mads Klokker, Nikolai Kirkby, C. von Buchwald",10.1001/jamanetworkopen.2023.44295,https://doi.org/10.1001/jamanetworkopen.2023.44295,JAMA Network Open,16,2023,no,The abstract provides no information about participant age ranges or whether data is stratified by age. This is a significant uncertainty.,yes,"The abstract explicitly states this is a ""randomized clinical trial"" which is a primary diagnostic accuracy study, meeting this criterion.",maybe,"The abstract indicates the study focuses specifically on rapid antigen testing, suggesting separate reporting of these results. However, without more detail, there is some uncertainty about whether the data is reported separately from other test types.",maybe,"The abstract mentions ""diagnostic accuracy"" but doesn't explicitly state whether sensitivity, specificity, or other measures are reported. However, as a diagnostic accuracy study, these measures are likely included.",yes,"The mention of ""health care worker-collected"" specimens suggests a clinical setting, meeting this criterion.",yes,"The study explicitly focuses on rapid antigen testing, meeting this criterion.",no,"While the study clearly involves rapid antigen tests, the abstract doesn't mention RT-PCR as the reference standard. This is a critical missing piece of information.",Include,"A randomized clinical trial comparing rapid antigen testing methodologies shows promise in meeting several screening criteria, including study design, test methodology, and clinical setting. However, significant uncertainties exist regarding participant age ranges, reference standard, and specific diagnostic accuracy measures, which would require full text review to definitively confirm eligibility.",3.9
Preliminary report from the Joint PHE Porton Down & University of Oxford SARS-CoV-2 test development and validation cell: Rapid evaluation of Lateral Flow Viral Antigen detection devices,-,-,-,-,32,2020,maybe,"No specific population is mentioned in the abstract, so it cannot be determined if the study only includes non-pregnant adult participants or if the data of adult participants are reported separately.",no,"The abstract indicates that this appears to be a commentary or perspective piece about testing challenges, rather than a primary diagnostic accuracy study or meta-analysis reporting original data.",no,"The abstract does not mention rapid antigen tests or their results, and only discusses RT-PCR as the current standard. Therefore, there is no evidence that the study reports rapid antigen test results separately from other test types.",no,No diagnostic accuracy data is presented. The abstract focuses on testing capacity and challenges rather than accuracy measures.,no,"While testing settings are discussed generally, this appears to be a commentary rather than a study in a specific setting.",no,"While testing is discussed, rapid antigen tests are not specifically mentioned. The focus is on RT-PCR testing.",no,"While RT-PCR is mentioned as the reference standard, no rapid antigen tests are evaluated.",Exclude,"The abstract fails to meet multiple screening criteria, particularly those related to rapid antigen testing, diagnostic accuracy data, and study design. No specific information about rapid antigen test results, population characteristics, or quantifiable diagnostic accuracy measures is provided. The text appears to be a commentary on COVID-19 testing challenges rather than a primary research study.",0.1
Clinical validation of point-of-care SARS-COV-2 BD Veritor antigen test by a single throat swab for rapid COVID-19 status on hospital patients predominantly without overt COVID symptoms,"J. Bonde, D. Ejegod, H. Pedersen, B. Smith, D. Cortes, C. Leding, T. Thomsen, T. Benfield, U. V. Schnieder, J. Tingleff, M. Arbyn, G. Lisby, O. Andersen",10.1101/2021.04.12.21255299,https://doi.org/10.1101/2021.04.12.21255299,medRxiv,5,2021,maybe,"The study includes participants aged 0-98 years, with an average age of 45 years. The abstract doesn't specify if adult data is reported separately, creating some uncertainty about whether the population age criterion is fully met.",yes,"This is a primary diagnostic accuracy study with original data collection and analysis, meeting the study design criterion.",yes,"The study clearly reports rapid antigen test results (BD Veritor) separately from NAAT results, indicating that the data reporting meets the criterion.",yes,"The study reports clear diagnostic accuracy measures including sensitivity (63.1%), specificity (99.7%), and positive predictive value (95.3%), meeting the outcome measures criterion.",yes,"The study is conducted in a hospital setting (Emergency, Infectious Diseases and Pediatrics departments), meeting the study setting criterion.",yes,"The study specifically evaluates a rapid antigen test (BD Veritor SARS-CoV-2 antigen test), meeting the test methodology criterion.",yes,"The study evaluates a point-of-care rapid antigen test using NAAT (RT-PCR) as the reference standard, meeting the test type and reference standard criterion.",Include,"A comprehensive diagnostic accuracy study of a rapid antigen test for SARS-CoV-2, conducted in a hospital setting with clear reporting of sensitivity, specificity, and predictive values. The research meets most screening criteria, with the primary limitation being the inclusion of participants across a wide age range, potentially complicating age-specific analysis. Despite this, the study provides robust methodological insights into point-of-care antigen testing using RT-PCR as a reference standard.",4.3
A nationwide analytical and clinical evaluation of 44 rapid antigen tests for SARS-CoV-2 compared to RT-qPCR,"U. Schneider, M. Forsberg, T. Leineweber, Christel Barker Jensen, K. Ghathian, C. N. Agergaard, Kasper Kjersgaard Mortensen, A. Cohen, C. Jørgensen, Helene Larsen, Matilde Bøgelund Hansen, Ulla Saleme, A. Koch, N. Kirkby, T. Kallemose, Marie Louise Schaadt, Frederikke Holm Jensen, R. L. Jørgensen, Chih Man German Ma, N. Steenhard, J. Knudsen, J. Lisby",10.1016/j.jcv.2022.105214,https://doi.org/10.1016/j.jcv.2022.105214,Journal of Clinical Virology,6,2022,maybe,"The abstract doesn't explicitly state the age range of participants. While it mentions ""individuals,"" there's no specific mention of age restrictions or separate reporting for adults.",yes,"This is a primary diagnostic accuracy study with both retrospective analytical and prospective clinical components, reporting original data.",yes,"The study clearly reports rapid antigen test results separately, with detailed sensitivity and specificity data for 44 different RATs.",yes,"The study reports clear quantifiable diagnostic accuracy data, including sensitivity (2.5-94%) and specificity (98-100%) with confidence intervals.",yes,"The study includes both analytical evaluation and clinical testing, indicating a clinical setting.",yes,The study specifically evaluates rapid antigen tests (RATs) from multiple manufacturers.,yes,The study explicitly uses RT-PCR as the reference standard for both analytical and clinical evaluations.,Include,"A comprehensive diagnostic accuracy study evaluating 44 rapid antigen tests for SARS-CoV-2 using RT-PCR as the reference standard, with detailed reporting of sensitivity and specificity across multiple manufacturers. The research provides robust clinical and analytical performance data, meeting most screening criteria with only minor uncertainty regarding participant age range. The study's methodological rigor and extensive testing approach offer valuable insights for selecting rapid antigen tests.",4.6
Accuracy of Roche SARS-CoV-2 Rapid Antigen Test in Nasopharyngeal Swab: Clinical Impression Matters,"K. Pyar, Khine Khine Su, K. Wunna, M. Thant, Kaung Myat, A. Aung, Zar Ni Htet Aung, N. L. Maung, A. Kyaw, Min Lynn Zaw Oo, Kyaw Zwa Tun, Kyaw Ko Ko Aung, K. Thu, Thein Soe Tun, Nyan Ye Oo, Chan Nyein Latt, Thida Tun, Si Thu Myint, A. P. Oo, Win Ko Ko Min, Kyaw Khine Win, He Yan, Thet Mg Oo, Win Myint Tin",10.37871/jbres1334,https://doi.org/10.37871/jbres1334,Journal of Biomedical Research & Environmental Sciences,0,2021,maybe,"The abstract doesn't explicitly state the age range of participants. While it's a hospital-based study, we cannot confirm if only adults were included or if data was reported separately for adults.",yes,This is a primary diagnostic accuracy study comparing RAT with RT-PCR as reference standard.,yes,"The study clearly reports rapid antigen test results separately, with detailed breakdown of RAT positive/negative results and comparison with RT-PCR.",yes,"The study reports clear diagnostic accuracy measures including sensitivity (51.9%), specificity (74.1%), PPV, and NPV with confidence intervals.",yes,"The study was conducted in a clinical setting (hospital-based, out-patient department and fever clinic).",yes,The study specifically evaluates a rapid antigen test (Roche SARS-CoV-2 RAT) for SARS-CoV-2.,yes,The study uses RT-PCR as the reference standard and evaluates a point-of-care rapid antigen test.,Include,"A comprehensive diagnostic accuracy study of SARS-CoV-2 rapid antigen testing using RT-PCR as reference standard, conducted in a hospital setting with detailed reporting of sensitivity, specificity, and predictive values. The research provides robust methodological insights into point-of-care testing, though uncertainty remains regarding participant age demographics. Overall, the study meets most critical screening criteria with high-quality diagnostic performance data.",4.3
Clinical validation of two immunochromatographic SARS-CoV-2 antigen tests in near hospital facilities.,M. Skvarč,10.3855/jidc.14953,https://doi.org/10.3855/jidc.14953,Journal of Infection in Developing Countries,2,2022,maybe,"The abstract does not explicitly state the age range of participants. While it mentions ""health care institutions"" and ""primary care and hospital settings,"" there's no specific information about whether pediatric patients were included or excluded.",yes,This is a primary diagnostic accuracy study comparing rapid antigen tests against RT-PCR reference standards.,yes,"The study clearly reports rapid antigen test results separately for two different tests (Alltest Covid19 and Vivadiag Pro), with distinct sensitivity and specificity values for each.",yes,"The study reports clear quantifiable diagnostic accuracy data, including sensitivity and specificity with confidence intervals for both tests.",yes,The study was conducted in clinical settings (four Slovenian health care institutions).,yes,The study specifically evaluates rapid antigen tests (Alltest Covid19 and Vivadiag Pro) for SARS-CoV-2 detection.,yes,The study evaluates point-of-care rapid antigen tests and uses RT-PCR (Seegene Allplex™ 2019-nCoV rt-PCR and Cobas 6800 SARS CoV-2 rt-PCR) as reference standards.,Include,"A diagnostic accuracy study comparing two rapid antigen tests for SARS-CoV-2 using RT-PCR as a reference standard, conducted across multiple healthcare institutions with comprehensive reporting of sensitivity and specificity. The research meets most screening criteria, with only minor uncertainty regarding participant age range, suggesting a robust methodology for evaluating point-of-care diagnostic tools.",4.6
Evaluation of a Rapid Antigen Test for the Diagnosis of SARS-CoV-2 during the COVID-19 Pandemic,"C. Cheng, Chia-Chen Liu, T. Chiu, Saint Shiou-Sheng Chen",10.1177/00469580221105354,https://doi.org/10.1177/00469580221105354,"Inquiry : a journal of medical care organization, provision and financing",4,2022,maybe,"The abstract does not specify the age range of participants or whether data for adults is reported separately, so there is uncertainty around the population age criterion.",yes,"This is a primary diagnostic accuracy study with original data collection and analysis of 6,368 cases.",yes,"The study reports rapid antigen test results separately from other test types, with specific performance metrics provided for the rapid antigen tests.",yes,"The study reports comprehensive diagnostic accuracy data including sensitivity, specificity, PPV, NPV, and accuracy.",yes,The study was conducted in a clinical setting (Taipei City Hospital and its branches).,yes,The study specifically evaluates rapid antigen detection (RAD) tests for SARS-CoV-2.,yes,The study uses RT-PCR as the reference standard and evaluates point-of-care rapid antigen tests.,Include,"A comprehensive diagnostic accuracy study of rapid antigen tests for SARS-CoV-2 was conducted across multiple hospital branches, reporting detailed performance metrics using RT-PCR as the reference standard. The research demonstrated strong methodological rigor with a large sample size, though uncertainty remained regarding the specific age range of participants. Overall, the study provided robust evidence for the effectiveness of rapid antigen testing during the COVID-19 pandemic.",4.3
The role of rapid diagnostic point of care IgG/IgM antibody tests in the diagnosis of SARS-CoV-2 infection,N. Tripathi,10.18297/jri/vol4/iss1/70,https://doi.org/10.18297/jri/vol4/iss1/70,Journal of Respiratory Infections,0,2020,maybe,The abstract does not specify the age range of participants or whether data is reported separately for adults.,no,"This is a literature review of 7 articles, not a primary diagnostic accuracy study or meta-analysis reporting original data.",no,"The abstract focuses on antibody tests (IgG/IgM) and does not mention rapid antigen tests. The data reported is specifically for antibody tests, not antigen tests.",no,"The study does report diagnostic accuracy measures (sensitivity and specificity), but again, these are for antibody tests, not antigen tests.",maybe,The abstract mentions clinical use but doesn't explicitly specify the study setting.,no,"The study specifically focuses on antibody tests (IgG/IgM) rather than rapid antigen tests. The abstract explicitly states it's about ""POC antibody serological tests.""",no,"While the study mentions PCR as a reference standard, it's in the context of antibody tests, not antigen tests.",Exclude,"The study focuses on antibody tests for SARS-CoV-2, which fundamentally differs from the required rapid antigen test criteria. Multiple screening requirements are not met, including test methodology, study design, and specific diagnostic approach. The literature review of antibody tests fails to align with the systematic review's targeted diagnostic test parameters.",0.1
Cost-effectiveness analysis of different COVID-19 screening strategies based on rapid or laboratory-based SARS-CoV-2 antigen testing,"L. Pighi, B. Henry, C. Mattiuzzi, Simone De Nitto, G. Salvagno, G. Lippi",10.1515/cclm-2023-0164,https://doi.org/10.1515/cclm-2023-0164,Clinical Chemistry and Laboratory Medicine,10,2023,maybe,"The study reports a mean age of 45 ± 20 years with 294 patients, suggesting an adult population. However, there is no explicit statement about excluding pregnant women or reporting adult data separately.",maybe,"The study appears to be a primary diagnostic accuracy study evaluating different testing methods, including RDT-Ag. However, the incomplete abstract makes it difficult to confirm the full study design.",maybe,"The abstract indicates that the study performed both RDT-Ag and RT-PCR tests, but it is unclear if the results are reported separately. The incomplete nature of the abstract creates uncertainty about whether this criterion is met.",maybe,"While the abstract mentions diagnostic sensitivity (70-80%) in general terms, it is unclear if the study itself reports specific diagnostic accuracy measures. The incomplete abstract makes it difficult to confirm this.",yes,The study was conducted in a clinical setting (Pederzoli Hospital in Peschiera del Garda).,yes,The study clearly evaluates rapid antigen tests (RDT-Ag) using the Fujirebio Espline SARS-CoV-2 test.,yes,The study uses RT-PCR (Altona Diagnostics RealStar SARS-CoV-2 RT-PCR Kit) as the reference standard for evaluating the RDT-Ag.,Include,"A diagnostic accuracy study of SARS-CoV-2 testing methods in a clinical setting, involving 294 adult patients with a mean age of 45 years, using rapid antigen tests and RT-PCR as reference standard. The study evaluates point-of-care testing methodology, though the incomplete abstract creates uncertainty about comprehensive reporting of diagnostic accuracy measures and specific test result details.",3.9
Rapid antigen detection kit for the diagnosis of SARS-CoV-2 - are we missing asymptomatic patients?,"R. Kanaujia, A.R. Ghosh, Ritin Mohindra, V. Singla, K. Goyal, Rajendra Gudisa, Vikrant Sharma, L. Mohan, Navpreet Kaur, G. Mohi, Ishani Bora, R. Ratho, R. Soni, A. Bhalla, Mini P. Singh",10.1016/j.ijmmb.2021.07.003,https://doi.org/10.1016/j.ijmmb.2021.07.003,Indian Journal of Medical Microbiology,19,2021,maybe,"The abstract does not explicitly state the age range of participants. While it mentions ""patients"" and includes both symptomatic and asymptomatic individuals, there's no clear indication whether pediatric patients were included or excluded.",yes,This is a primary diagnostic accuracy study comparing antigen tests with RT-PCR as the reference standard.,yes,"The study clearly reports rapid antigen test results separately, comparing them directly with RT-PCR results.",yes,"The study clearly reports quantifiable diagnostic accuracy data, including sensitivity (71.96%) and specificity (99.32%).",yes,"The study was conducted in a tertiary care hospital, which meets the clinical setting requirement.",maybe,"The study evaluates a laboratory-based Covid-19 antigen detection test (Coris Bio-Concept). While this is an antigen test, it's described as ""laboratory-based"" rather than a point-of-care test.",maybe,"The study uses RT-PCR as the reference standard, which meets part of this criterion. However, the test being evaluated is laboratory-based rather than point-of-care.",Include,"A diagnostic accuracy study of a laboratory-based SARS-CoV-2 antigen test in a tertiary care hospital, reporting sensitivity and specificity against RT-PCR. The study includes both symptomatic and asymptomatic patients, with clear diagnostic performance metrics, though uncertainties exist regarding participant age range and the test's point-of-care classification. Quantifiable diagnostic accuracy data and a clinical setting support the study's methodological approach.",3.4
Accuracy of the Mologic COVID-19 rapid antigen test: a prospective multi-centre analytical and clinical evaluation,"A. Cubas-Atienzar, Fiona Bell, R. Byrne, K. Buist, David J Clark, M. Cocozza, Andrea M. Collins, Luis E. Cuevas, A. Duvoix, N. Easom, T. Edwards, Daniella M. Ferreira, Tom Fletcher, Elisabetta Groppelli, A. Hyder-Wright, Ewelina Kadamus, D. Kirwan, K. Kontogianni, Sanjeev Krishna, Diana Kluczna, Julian Mark, J. Mensah-Kane, E. Miller, E. Mitsi, D. Norton, E. O'Connor, S. Owen, Tim Planche, S. Shelley, H. Staines, David Tate, C. R. Thompson, Gemma Walker, C. Williams, D. Wooding, J. R. Fitchett, Emily R. Adams",10.12688/WELLCOMEOPENRES.16842.1,https://doi.org/10.12688/WELLCOMEOPENRES.16842.1,Wellcome Open Research,4,2021,maybe,"The abstract doesn't explicitly state the age range of participants. While it mentions ""different demographics,"" it doesn't specify whether children were included or if adult data was reported separately.",yes,This is a primary diagnostic accuracy study evaluating the Mologic COVID-19 Ag-RDT against RT-qPCR.,yes,The study clearly reports rapid antigen test results (Mologic COVID-19 Ag-RDT) separately from RT-qPCR results.,yes,"The study reports clear diagnostic accuracy data, including sensitivity (85.0%) and specificity (97.8%) with confidence intervals.",yes,"The study was conducted in multiple clinical settings including hospitals, ambulance services, and drive-through testing facilities.",yes,The study specifically evaluates a rapid antigen test (Mologic COVID-19 Ag-RDT).,yes,The study evaluates a point-of-care rapid antigen test and uses RT-qPCR as the reference standard.,Include,"A comprehensive diagnostic accuracy study of a rapid antigen test for SARS-CoV-2, conducted across multiple clinical settings with robust methodology and clear reporting of sensitivity and specificity. The research meets most screening criteria, with only minor uncertainty regarding participant age demographics. The study provides detailed insights into the performance of the Mologic COVID-19 Ag-RDT using RT-qPCR as a reference standard.",4.6
SARS-CoV-2 antigen rapid detection tests: test performance during the COVID-19 pandemic and the impact of COVID-19 vaccination,"I. Wagenhäuser, Kerstin Knies, Tamara Pscheidl, M. Eisenmann, Sven Flemming, Nils Petri, M. McDonogh, Agmal Scherzad, Daniel Zeller, Anja Gesierich, Anna Katharina Seitz, Regina Taurines, R. Ernestus, Johannes Forster, Dirk Weismann, Benedikt Weissbrich, Johannes Liese, Christoph Härtel, Oliver Kurzai, L. Dölken, A. Gabel, M. Krone",10.1101/2024.04.11.24304791,https://doi.org/10.1101/2024.04.11.24304791,medRxiv,1,2024,no,"The study includes individuals aged ≥6 months, not just adults ≥18 years. The abstract doesn't indicate separate reporting for adult participants.",yes,This is a primary diagnostic accuracy study comparing RDTs to RT-qPCR with original data collection.,yes,"The study clearly reports rapid antigen test results separately, with 78,798 RDT/RT-qPCR tandems analyzed and specific results reported for RDTs.",yes,"The study reports quantifiable diagnostic accuracy data, specifically mentioning sensitivity (34.5% with 95% CI 32.4-36.6%).",yes,"The study was conducted in a clinical setting (tertiary care hospital) with patients, staff, and visitors.",yes,"The study specifically evaluates rapid antigen tests (RDTs) from three manufacturers (NADALR), Panbio, MEDsan(R)().",yes,The study evaluates point-of-care rapid antigen tests and uses RT-qPCR as the reference standard.,Include,"A comprehensive diagnostic accuracy study of rapid antigen tests for SARS-CoV-2 was conducted across a broad age range, evaluating test performance using RT-qPCR as a reference standard. While the research met most screening criteria with robust methodology, the inclusion of participants under 18 years old without separate adult data reporting represents a significant limitation. The study provides detailed insights into rapid antigen test performance, viral load, and COVID-19 vaccination impacts, but may not fully meet systematic review requirements due to the mixed-age population.",2.7
"Comparison of the Diagnostic Performance of a Rapid Antigen Test with Real-Time Polymerase Chain Reaction for Detection of SARS-CoV-2 Among Patients Diagnosed with COVID-19 at Selected Hospitals in Addis Ababa, Ethiopia","Zelalem Desalegn, Shemse Sebre, Meron Yohannes, Aminu Seman, Welelta Shiferaw, M. Ademe, Habtamu Biazin, Ededia Firdawoke, Yehenew Asemamaw, B. Teka, Seifegebriel Teshome, W. Amogne, A. Addissie, Y. Gebrehiwot, E. Kantelhardt, T. Abebe",10.2147/IDR.S353844,https://doi.org/10.2147/IDR.S353844,Infection and Drug Resistance,3,2022,maybe,"The abstract doesn't explicitly state the age range of participants. While it mentions ""patients,"" there's no clear indication whether children were included or excluded.",yes,This is a primary diagnostic accuracy study comparing rapid antigen tests against RT-PCR as the reference standard.,yes,"The study clearly reports rapid antigen test results separately, with specific sensitivity and specificity values for the Standard Q COVID-19 Ag Kit.",yes,"The study reports clear diagnostic accuracy data, including sensitivity (95%) and specificity (97%) with confidence intervals.",yes,"The study was conducted in a clinical setting (two selected hospitals in Addis Ababa, Ethiopia).",yes,The study specifically evaluates a rapid antigen test (Standard Q COVID-19 Ag Kit) and not antibody tests or other diagnostics.,yes,The study explicitly uses RT-PCR as the reference standard and evaluates a point-of-care rapid antigen test.,Include,"A diagnostic accuracy study comparing rapid antigen tests with RT-PCR in a clinical setting, reporting comprehensive sensitivity and specificity data for SARS-CoV-2 detection. The research meets most screening criteria, with robust methodology and clear outcome measures, though participant age range remains uncertain. The study provides valuable insights into rapid antigen test performance in a resource-constrained setting.",4.6
Evaluation of six commercial SARS-CoV-2 rapid antigen tests in nasopharyngeal swabs: Better knowledge for better patient management?,"J. Andreani, Julien Lupo, R. Germi, Christel Laugier, M. Roccon, S. Larrat, P. Morand, B. Némoz",10.1016/j.jcv.2021.104947,https://doi.org/10.1016/j.jcv.2021.104947,Journal of Clinical Virology,9,2021,maybe,"The abstract does not specify the age range of participants, so there is significant uncertainty about whether the study only includes non-pregnant adult participants or if the data for adult participants is reported separately.",yes,"The study appears to be a primary diagnostic accuracy study, as it is described as comparing different tests against molecular methods.",yes,"The study reports rapid antigen test results separately from other test types, as indicated by the abstract clearly stating that the study compared five different rapid antigen assays and one automated test.",yes,"The study reports quantifiable diagnostic accuracy data, including sensitivity and specificity, with specific concordance values (75.7% to 83.3%) mentioned.",yes,"The study appears to be conducted in a clinical setting, as it mentions ""clinical swabs"" and discusses patient triage and management.",yes,"The study explicitly evaluates rapid antigen tests, specifically mentioning ""qualitative rapid antigen SARS-CoV-2 assays.""",yes,"The study evaluates point-of-care rapid antigen tests and uses molecular-based methods (presumably RT-PCR, given the mention of Ct values) as the reference standard.",Include,"A diagnostic accuracy study comparing rapid antigen tests for SARS-CoV-2 demonstrates strong methodological alignment with most screening criteria, including appropriate test methodology, reference standard, and outcome measures. The primary uncertainty lies in the lack of explicit information about participant age range, which prevents definitive confirmation of all inclusion requirements.",4
Performance of antigenic detection of SARS-CoV-2 in nasopharyngeal samples,"C. Luncă, C. Cojocaru, I. Gurzu, F. Petrariu, E. Cojocaru",10.1101/2021.07.12.21260263,https://doi.org/10.1101/2021.07.12.21260263,medRxiv,4,2021,maybe,"The abstract doesn't specify the age range of participants. It only mentions ""suspicious COVID-19 cases"" without age details.",yes,This is a primary diagnostic accuracy study comparing antigen tests with PCR as the reference standard.,yes,"The study clearly reports rapid antigen test results separately from PCR results, with specific comparison between the two methods.",maybe,"While the study reports ""fair correlation"" between tests and mentions predictive value, it doesn't explicitly report sensitivity and specificity values in the abstract. However, the full paper likely contains these metrics.",yes,"The study appears to be conducted in a clinical setting, collecting nasopharyngeal specimens from suspicious COVID-19 cases.",yes,The study specifically evaluates rapid antigen tests using an immunochromatographic method for S protein detection.,yes,The study uses point-of-care rapid antigen tests and qRT-PCR as the reference standard.,Include,"A diagnostic accuracy study comparing rapid antigen tests with qRT-PCR for SARS-CoV-2 detection demonstrates strong methodological alignment with most screening criteria. The research effectively evaluates point-of-care antigen testing in a clinical setting, though uncertainty remains regarding participant age range and complete outcome measure reporting. The study provides valuable insights into rapid diagnostic testing during the COVID-19 pandemic.",4.3
An evaluation of rapid antigen tests diagnostic performance in the detection of SARS-CoV-2 infection,"Ann Med Res, G. Bayram, Harun Gulbudak, Taylan Bozok, G. Aslan",10.5455/annalsmedres.2022.10.311,https://doi.org/10.5455/annalsmedres.2022.10.311,Annals of Medical Research,0,2023,maybe,"The abstract does not explicitly state the age range of participants, so it is uncertain whether the study only included non-pregnant adult participants or reported data for adult participants separately.",yes,"This is a primary diagnostic accuracy study comparing rapid antigen tests with RT-PCR, reporting original data from 308 patients.",yes,"The study clearly reported rapid antigen test results separately from RT-PCR results, with specific numbers provided for both tests.",yes,"The study reports quantifiable diagnostic accuracy data, including positive agreement rates and concordance (k=0.437).",yes,The study was conducted in a clinical setting (University Hospital Emergency Unit).,yes,The study specifically evaluates a rapid antigen test (CoVard COVID-19 Rapid Antigen Test Kit) for SARS-CoV-2 detection.,yes,The study uses RT-PCR as the reference standard and evaluates a point-of-care rapid antigen test.,Include,"A diagnostic accuracy study comparing rapid antigen and RT-PCR tests for SARS-CoV-2 detection in a clinical emergency setting, with comprehensive reporting of test performance and outcomes. The research meets most screening criteria, with robust methodology and clear data presentation, though participant age range remains unconfirmed. The study provides valuable insights into rapid antigen test diagnostic capabilities against a nucleic acid-based reference standard.",4.6
Diagnostic Performance of a Rapid Antigen Test for the Detection of SARS-CoV-2,"S. Alacam, N. Karabulut, Alper Gunduz, Busra Ozcan, Ozlem Altuntas Aydin",10.4274/haseki.galenos.2024.9748,https://doi.org/10.4274/haseki.galenos.2024.9748,Medical Bulletin of Haseki,0,2024,maybe,"The abstract doesn't explicitly state the age range of participants. While it's likely these are adults given the context, we cannot be certain without more information.",yes,"This is a primary diagnostic accuracy study, explicitly described as a ""prospective study"" evaluating test performance.",yes,"The study clearly reports rapid antigen test results separately, with specific numbers for both antigen test and RT-PCR results provided.",yes,"The study reports clear diagnostic accuracy measures including sensitivity (73.3%), specificity (100%), negative predictive value (76.7%), and positive predictive value (100%).",yes,"While not explicitly stated, the context suggests a clinical setting, and the mention of ""every laboratory and even at the point of care"" indicates appropriate settings.",yes,The study specifically evaluates a rapid antigen test (Panbio™ COVID-19 Ag rapid test) and not antibody tests or other diagnostics.,yes,The study uses RT-PCR (Bio-Speedy® SARS-CoV-2 RT-PCR kit) as the reference standard and evaluates a point-of-care rapid antigen test.,Include,"A prospective diagnostic accuracy study evaluating a rapid antigen test for COVID-19 using RT-PCR as a reference standard, with comprehensive reporting of sensitivity, specificity, and predictive values. The research provides detailed methodology and results for point-of-care testing, though participant age range remains unconfirmed. The study demonstrates a robust approach to assessing rapid diagnostic test performance in a clinical setting.",4.6
Evaluation of rapid antigen test against reverse transcription-polymerase chain reaction for the diagnosis of severe acute respiratory syndrome coronavirus 2 in a tertiary care centre in South Kerala,"OR Reshma, Ashna Ajimsha, GangaRaju Krishna, KN Deepthi, Kiran Subhash, Ashish Jitendranath, JT Ramani Bai",10.4103/jacm.jacm_70_21,https://doi.org/10.4103/jacm.jacm_70_21,Journal of The Academy of Clinical Microbiologists,1,2022,maybe,"The abstract doesn't explicitly state the age range of participants. While it mentions ""symptomatic participants,"" there's no specific mention of age restrictions or separate reporting for adults.",yes,"This is a primary diagnostic accuracy study, described as a ""descriptive (diagnostic evaluation) study"" with original data collection and analysis.",yes,"The study clearly reports rapid antigen test results separately, comparing them directly with RT-PCR results. The abstract presents distinct sensitivity and specificity values for the RAT.",yes,"The study reports clear diagnostic accuracy measures: sensitivity (76%), specificity (99.47%), and accuracy (94.6%).",yes,"The study was conducted in a clinical setting (tertiary care teaching hospital, fever clinic).",yes,The study specifically evaluates a rapid antigen test (COVID-19 Ag Respi-Strip) for SARS-CoV-2 detection.,yes,The study uses RT-PCR (specifically rRT-PCR) as the reference standard and evaluates a point-of-care rapid antigen test.,Include,"A diagnostic accuracy study comparing rapid antigen testing with RT-PCR for SARS-CoV-2 detection, conducted in a clinical setting with comprehensive reporting of sensitivity, specificity, and accuracy. The research meets most screening criteria, with only minor uncertainty regarding participant age range. The study provides robust methodological evidence for point-of-care COVID-19 diagnostic testing.",4.6
Evaluation of a rapid-antigen test for COVID-19 in an asymptomatic collective,"T. von Ahnen, M. von Ahnen, U. Wirth, H. Schardey, Steffen Herdtle",10.1007/s10354-021-00883-1,https://doi.org/10.1007/s10354-021-00883-1,Wiener Medizinische Wochenschrift,8,2021,maybe,"The abstract doesn't explicitly state the age range of participants. However, since it was conducted on hospital employees, it's likely they were adults, but this isn't definitively stated.",yes,This is a primary diagnostic accuracy study comparing RAT results with RT-PCR as the reference standard.,yes,"The study clearly reports rapid antigen test results separately, with specific numbers (12 positive RAT results) and clear correlation with RT-PCR results.",yes,The study reports clear diagnostic accuracy measures: sensitivity (92.3%) and specificity (100%) with confidence intervals.,yes,The study was conducted in a clinical setting (hospital) with employees.,yes,The study specifically evaluates a rapid antigen test (Roche RAT) for SARS-CoV-2 detection.,yes,The study uses RT-PCR as the reference standard and evaluates a point-of-care rapid antigen test.,Include,"A diagnostic accuracy study of rapid antigen testing for SARS-CoV-2 was conducted in a hospital setting, comparing test results against RT-PCR with high sensitivity and specificity. The research evaluated point-of-care testing methodology, reporting quantifiable diagnostic performance metrics across a sample of employees. While most screening criteria were definitively met, participant age range remained slightly uncertain.",4.6
"Real-life evaluation of a rapid antigen test (DPP SARS-CoV-2 Antigen) for COVID-19 diagnosis of primary healthcare patients, in the context of the Omicron-dominant wave in Brazil","M. F. Bezerra, Lilian C. A. Silva, R. Pessoa-e-Silva, Gisele Lino Soares, F. Dezordi, Gustavo Barbosa de Lima, R. Lima, T. Campos, C. Docena, Anderson Bruno Oliveira, M. Pitta, F. D. Santos, M. Pereira, G. Wallau, M. H. S. Paiva",10.1016/j.cmi.2022.11.003,https://doi.org/10.1016/j.cmi.2022.11.003,Clinical Microbiology and Infection,2,2022,maybe,"The abstract doesn't explicitly state the age range of participants. It mentions ""unselected individuals"" but doesn't specify if they were adults or if pediatric data was separated.",yes,"This is a primary diagnostic accuracy study with original data collection, explicitly stated as ""prospectively accessed"" with 347 individuals.",yes,"The study clearly reports rapid antigen test results separately, with specific sensitivity and specificity values provided for the DPP SARS-CoV-2 Antigen test.",yes,"The study reports clear diagnostic accuracy measures including sensitivity (80.5%), specificity (99.2%), and predictive values.",yes,"The study was conducted in a ""public testing centre"" in Brazil, which qualifies as a clinical/community setting.",yes,The study specifically evaluates a rapid antigen test (DPP SARS-CoV-2 Antigen test) performed at point-of-care.,yes,"The study uses RT-qPCR as the reference standard, specifically mentioning ""two distinct real-time quantitative PCR (RT-qPCR) methods.""",Include,"A prospective diagnostic accuracy study evaluating a rapid antigen test for SARS-CoV-2 in a clinical setting, using RT-qPCR as the reference standard and reporting comprehensive diagnostic performance metrics. The research comprehensively assessed test sensitivity and specificity across different viral load conditions, with robust methodology and clear outcome measures. The only minor uncertainty relates to the explicit confirmation of participant age range, which would likely be clarified in the full manuscript.",4.6
Comparison of the Quantitative DiaSorin Liaison Antigen Test to Reverse Transcription-PCR for the Diagnosis of COVID-19 in Symptomatic and Asymptomatic Outpatients,"S. Lefever, Christophe Indevuyst, L. Cuypers, K. Dewaele, N. Yin, F. Cotton, E. Padalko, M. Oyaert, J. Descy, E. Cavalier, M. Van Ranst, E. André, K. Lagrou, P. Vermeersch",10.1128/JCM.00374-21,https://doi.org/10.1128/JCM.00374-21,Journal of Clinical Microbiology,24,2021,maybe,"The abstract does not explicitly state the age range of participants. While it mentions ""individuals consulting their GPs,"" it doesn't specify whether children were included or excluded.",yes,This is a primary diagnostic accuracy study comparing the DiaSorin Liaison antigen test against RT-PCR as the reference standard.,yes,"The study clearly reports rapid antigen test results separately from other test types, specifically for the DiaSorin Liaison SARS-CoV-2 antigen test. The results are clearly distinguished from RT-PCR results.",yes,"The study reports clear diagnostic accuracy data, including sensitivity (65.7%) and specificity (100%) with confidence intervals, as well as detailed performance at different viral loads.",yes,The study was conducted in a clinical setting (general practitioners' offices) during a period of virus circulation.,yes,"The study specifically evaluates a rapid antigen test (DiaSorin Liaison SARS-CoV-2 antigen test), not antibody tests or other diagnostics.",yes,The study uses RT-PCR as the reference standard and evaluates a point-of-care rapid antigen test for SARS-CoV-2.,Include,"A diagnostic accuracy study evaluating a SARS-CoV-2 rapid antigen test against RT-PCR in a clinical setting, reporting comprehensive sensitivity and specificity data across different viral load levels. The research meets most screening criteria, with only minor uncertainty regarding participant age range, and provides detailed quantitative analysis of test performance in symptomatic and asymptomatic individuals.",4.6
Development and Evaluation of a new Swiss Made SARS-CoV-2 antigen-detecting rapid test,Ducrest P.J.,10.1101/2021.03.25.21252280,https://doi.org/10.1101/2021.03.25.21252280,medRxiv,2,2021,maybe,"The abstract does not explicitly state the age range of participants, creating some uncertainty, though the study appears to be conducted on general clinical samples without specific mention of pediatric or pregnant populations.",yes,This is a primary diagnostic accuracy study evaluating a specific rapid antigen test against RT-PCR as the reference standard.,yes,"The study clearly reports rapid antigen test results separately, focusing specifically on a lateral flow immunoassay for SARS-CoV-2 antigen detection.",yes,"The study reports clear diagnostic accuracy data, including sensitivity (90% and 100% for different conditions) and specificity (98%) with confidence intervals.",yes,"While not explicitly stated, the context suggests a clinical setting, particularly given the use of nasopharyngeal swab samples and RT-PCR testing.",yes,The study clearly evaluates a rapid antigen test (lateral flow immunoassay) for SARS-CoV-2 detection.,yes,The study explicitly uses RT-PCR as the reference standard and evaluates a point-of-care rapid antigen test.,Include,"A rapid diagnostic test for SARS-CoV-2 was evaluated using RT-PCR as a reference standard, demonstrating high diagnostic accuracy with 90% sensitivity and 98% specificity. The study focused on a point-of-care lateral flow immunoassay, reporting quantifiable diagnostic performance across clinical samples, though the specific age range of participants remained unclear. The research provides valuable insights into rapid antigen testing methodology for COVID-19 detection.",4.3
Performance of Gazelle COVID-19 point-of-care test for detection of nucleocapsid antigen from SARS-CoV-2,"A. Mehta, B. Spencer, A. Garg, P. Kalmorge, R. González, K. Taussig, R. Fortna",10.1101/2022.03.23.22272094,https://doi.org/10.1101/2022.03.23.22272094,medRxiv,2,2022,maybe,"While the mean age is 34.7 years and the range is 2-94 years, the abstract doesn't explicitly state whether data for adults and children are reported separately, creating some uncertainty.",yes,"This is a primary diagnostic accuracy study, specifically described as a ""prospective, operator-blinded, observational study.""",yes,The study clearly reports rapid antigen test results (Gazelle COVID-19 test) separately from RT-PCR results.,yes,"The study reports clear diagnostic accuracy measures including sensitivity (96.3%), specificity (99.7%), PPV (97.0%), NPV (99.6%), and accuracy (99.4%).",yes,"The study was conducted in ""2 point-of-care (POC) sites"" with symptomatic patients.",yes,The study evaluates a rapid antigen test (Gazelle COVID-19 test) that detects nucleocapsid antigen.,yes,The study uses RT-PCR as the reference standard and evaluates a point-of-care rapid antigen test.,Include,"A comprehensive diagnostic accuracy study of a rapid antigen test for SARS-CoV-2, utilizing RT-PCR as a reference standard and reporting detailed performance metrics across a diverse age range. The research meets most screening criteria, with robust methodology and clear reporting of sensitivity, specificity, and other diagnostic accuracy measures in a point-of-care setting. The only minor uncertainty relates to the potential mixing of adult and pediatric participant data.",4.6
An Agreement of Antigen Tests on Oral Pharyngeal Swabs or Less Invasive Testing With Reverse Transcription Polymerase Chain Reaction for Detecting SARS-CoV-2 in Adults: Protocol for a Prospective Nationwide Observational Study,"U. Schneider, J. Knudsen, A. Koch, N. Kirkby, J. Lisby",10.2196/35706,https://doi.org/10.2196/35706,JMIR Research Protocols,2,2021,maybe,"The abstract does not explicitly state the age range of participants, so there is significant uncertainty about whether the study only includes non-pregnant adult participants or if the data of adult participants are reported separately.",yes,"This is a primary diagnostic accuracy study that will report original data. The abstract describes a prospective study design with 200 positive and 200 negative cases, plus retrospective analysis of 304 samples.",yes,"The study clearly separates rapid antigen test results from other test types and focuses on comparing 50 RATs against RT-PCR, with clear separate reporting planned.",yes,"The study will report quantifiable diagnostic accuracy data, including sensitivity, specificity, PPV, and NPV, with statistical analysis methods clearly described.",maybe,"While not explicitly stated, the context suggests a clinical setting with deep oropharyngeal sampling and laboratory testing.",yes,"The study specifically evaluates rapid antigen tests (both lateral flow and laboratory-based) for SARS-CoV-2, not antibody tests or other diagnostics.",yes,"The study explicitly uses RT-PCR as the reference standard for evaluating RATs, with clear comparison methodology described.",Include,"A comprehensive diagnostic accuracy study comparing rapid antigen tests against RT-PCR for SARS-CoV-2, with clear methodology for evaluating test performance across multiple sampling locations and test types. The study meets most screening criteria, with robust plans for reporting sensitivity, specificity, and other diagnostic accuracy measures, though uncertainty exists regarding participant age range. Multiple test manufacturers and sampling techniques are included, suggesting a rigorous approach to diagnostic test evaluation.",4.3
"Diagnosing SARS-CoV-2 with Antigen Testing, Transcription-Mediated Amplification and Real-Time PCR","S. Dierks, O. Bader, Julian Schwanbeck, U. Groß, M. Weig, Kemal Mese, R. Lugert, W. Bohne, Andreas Hahn, N. Feltgen, Setare Torkieh, F. Denker, P. Lauermann, M. Storch, H. Frickmann, A. Zautner",10.3390/jcm10112404,https://doi.org/10.3390/jcm10112404,Journal of Clinical Medicine,18,2021,maybe,"The abstract does not specify the age range of participants or whether they are adults, so there is significant uncertainty about the population age.",yes,This is a primary diagnostic accuracy study comparing rapid antigen tests with RT-PCR as the reference standard.,yes,"The study reports rapid antigen test results separately from other test types, providing specific sensitivity and specificity values for two different antigen assays (NADAL and LumiraDx).",yes,"The study reports quantifiable diagnostic accuracy data, including sensitivity and specificity with confidence intervals.",yes,"The study is conducted in a ""real world"" setting with ""several hundred samples in a low prevalence setting.""",yes,The study explicitly evaluates rapid antigen tests (NADAL and LumiraDx assays) for SARS-CoV-2.,yes,The study uses RT-PCR as the reference standard for evaluating the rapid antigen tests.,Include,"A comprehensive diagnostic accuracy study comparing rapid antigen tests for SARS-CoV-2 using RT-PCR as a reference standard, with clear reporting of sensitivity and specificity across multiple test methodologies. The research provides detailed performance characteristics in a low-prevalence setting, though participant age demographics remain unspecified. Multiple test types were evaluated, including point-of-care antigen assays and a transcription-mediated amplification approach.",4.3
Different performance of three point-of-care SARS-CoV-2 antigen detection devices in symptomatic patients and close asymptomatic contacts: a real-life study,"P. Escribano, Ana-Erika Sánchez-Pulido, José González-Leiva, Iván Valero-López, P. Catalán, Patricia Muñoz, J. Guinea, Iván Javier Luis Roberto Ana Emilio Pilar Pilar Agustín Adán Adán Alcalá Alonso Álvarez-Uría Bouza Catalán, I. Adán, Javier Adán, L. Alcalá, R. Alonso, A. Álvarez‐Uría, E. Bouza, P. Catalán, P. Escribano, Agustín Estévez, Rocío Fernández-Del Rey, A. Galar, D. García de Viedma, P. González, Ana Gómez-Núñez, J. Guinea, M. Herránz, M. Kestler, M. Machado, M. Marín, Patricia Muñoz, M. Olmedo, J. Ortiz, M. Palomo, M. Pérez-Granda, Laura Pérez, C. Rincón, S. Rodríguez, Belén Rodríguez, M. Ruíz-Serrano, M. Valerio, M. Vidán, Ana Elena Susana María Sonsoles Patricia Lorena María  María Alonso Blanco Coca Escribano Blázquez Andrés, Ana María Alonso Blanco, Elena Coca Escribano, Susana Blázquez Andrés, María Sonsoles Sastre Páez, Patricia Vega López, Lorena Díez Vaquero, María Carmen Sandoval Montejo, Jannet Pinto Zurita, Estefanía Jiménez Otero, Carolina Cañón Cañón, Marisol Castro Romaní, David Villamañán Lobo, S. Roca Sánchez, M. E. López Rodríguez, Raquel Jiménez Morillo, Sara Plaza Rivera, Natalia Zaragoza Vargas, José Alejandro Sánchez Sánchez, Cristina Sánchez Carrasco, Pedro Corral Martínez, I. Valero López, Río Lourdes Ramos del, M. Huertas Uhagón, Peña Martín Francisco María de la, Ángela Bibiana Cañas Zuluaga, Laura Heras Martín, Ana Isabel García García, Ainhoa Sevilla Aguerre, A. López Alonso, Luis Alberto Sánchez Sánchez, M. Cánovas Martínez, Rut Roy Zafra, Aitor García Ramos",10.1016/j.cmi.2022.02.014,https://doi.org/10.1016/j.cmi.2022.02.014,Clinical Microbiology and Infection,6,2022,maybe,"The abstract doesn't explicitly state the age range of participants. While it mentions ""clinically suspected cases and close asymptomatic contacts,"" it doesn't specify if children were included or excluded.",yes,"This is a primary diagnostic accuracy study with original data collection, explicitly stated as a ""prospective study.""",yes,"The study clearly reports rapid antigen test results separately for each test type (SGTI-Flex, Panbio, and NovaGen) with distinct sensitivity values.",yes,"The study reports quantifiable diagnostic accuracy data, including sensitivity and specificity with confidence intervals.",yes,"The study was conducted in a clinical setting (primary care centre in Madrid, Spain).",yes,"The study specifically evaluates rapid antigen tests (SGTI-Flex, Panbio, and NovaGen) for SARS-CoV-2 detection.",yes,"The study uses RT-PCR as the reference standard, with paired nasopharyngeal swabs for PCR and antigen testing.",Include,"A prospective diagnostic accuracy study evaluating rapid antigen tests for SARS-CoV-2 in a primary care setting, with comprehensive reporting of sensitivity and specificity across multiple test types. The research systematically compared three rapid antigen tests using RT-PCR as a reference standard, providing detailed diagnostic performance data for both symptomatic and asymptomatic participants. While most screening criteria were definitively met, the participant age range remained unclear from the abstract.",4.6
Efficacy comparison of three rapid antigen tests for SARS‐CoV‐2 and how viral load impact their performance,"L. Blairon, Roberto Cupaiolo, I. Thomas, Sébastien Piteüs, A. Wilmet, I. Beukinga, M. Tré-Hardy",10.1002/jmv.27108,https://doi.org/10.1002/jmv.27108,Journal of Medical Virology,16,2021,maybe,"The abstract does not specify the age range of participants, creating some uncertainty in meeting this criterion.",yes,This is a primary diagnostic accuracy study evaluating three rapid antigen tests against RT-PCR as the reference standard.,yes,"The study clearly reports rapid antigen test results separately for three different tests (Bio-Rad, GSD NovaGen, and Aegle).",yes,"The study reports quantifiable diagnostic accuracy data, including sensitivity and specificity with confidence intervals.",yes,"The study appears to be conducted in a clinical setting, evaluating samples from routine testing.",yes,"The study specifically evaluates rapid antigen tests, not antibody tests or other diagnostics.",yes,The study evaluates point-of-care rapid antigen tests and uses RT-PCR as the reference standard.,Include,"A comprehensive diagnostic accuracy study evaluating three rapid antigen tests for SARS-CoV-2 using RT-PCR as the reference standard, with detailed reporting of sensitivity and specificity across different viral load categories. The research provides robust methodology and quantifiable outcomes, though uncertainty exists regarding participant age demographics. The study meets most screening criteria and offers valuable insights into rapid antigen test performance in clinical settings.",4.6
Analytical performance of the point-of-care BIOSYNEX COVID-19 Ag BSS for the detection of SARS‐CoV‐2 nucleocapsid protein in nasopharyngeal swabs: a prospective field evaluation during the COVID-19 third wave in France,"Frédéric Fitoussi, S. Tonen-Wolyec, Natalio Awaida, Raphaël Dupont, L. Bélec",10.1007/s15010-021-01723-5,https://doi.org/10.1007/s15010-021-01723-5,Infection,3,2021,yes,"The abstract explicitly states participants were ""aged ≥ 18 years,"" meeting the adult population criterion.",yes,This is a primary diagnostic accuracy study comparing the rapid antigen test against RT-PCR as the reference standard.,yes,The study clearly reports rapid antigen test results (BIOSYNEX Ag-RDT) separately from the reference standard (RT-PCR).,yes,"The study reports clear diagnostic accuracy measures including sensitivity (81.8%), specificity (99.6%), PPV, NPV, agreement, and reliability metrics.",yes,"The study was conducted in ""two private laboratories, Paris, France,"" which qualifies as a clinical setting.",yes,The study specifically evaluates a rapid antigen test (BIOSYNEX COVID-19 Ag BSS) that targets the SARS-CoV-2 N-nucleocapsid protein.,yes,The study evaluates a point-of-care rapid antigen test and uses RT-PCR as the reference standard (rtRT-PCR).,Include,"A comprehensive diagnostic accuracy study of a rapid antigen test for SARS-CoV-2 was conducted among adults aged 18 and older, using RT-PCR as the reference standard in a clinical setting. The research systematically evaluated the test's performance across multiple diagnostic accuracy metrics, including sensitivity, specificity, and predictive values, with a robust sample size of 967 participants. The study met all critical screening criteria, providing a detailed assessment of the rapid antigen test's diagnostic capabilities.",4.9
"Point of care testing using rapid automated antigen testing for SARS-COV-2 in care homes – an exploratory safety, usability and diagnostic agreement evaluation","M. Micocci, P. Buckle, G. Hayward, A. Allen, Kerrie Davies, P. Kierkegaard, K. Spilsbury, Carl Thompson, A. Astle, R. Heath, C. Sharpe, Cyd Akrill, D. Lasserson, R. Perera, R. Body, A. Gordon",10.1177/25160435211054207,https://doi.org/10.1177/25160435211054207,medRxiv,9,2021,maybe,"The study is conducted in care homes with staff and residents, but doesn't explicitly state age restrictions. While care home residents are typically adults, this isn't explicitly confirmed, creating some uncertainty.",yes,"This is a primary diagnostic accuracy study comparing the POCT results with qRT-PCR, meeting this criterion.",maybe,"The study reports results for a specific test type (microfluidic immunofluorescence assay) separately, but it's not explicitly stated if this is a rapid antigen test. The results are clearly separated for symptomatic and asymptomatic participants.",yes,"The study clearly reports quantifiable diagnostic accuracy data, including positive and negative agreement percentages with confidence intervals, meeting this criterion.",yes,"The study is conducted in care homes, which is a clinical/community setting, meeting this criterion.",maybe,"The study evaluates a ""microfluidic immunofluorescence assay"" which is described as a POCT. While this is a point-of-care test, it's not explicitly stated whether it's an antigen test. This creates significant uncertainty about meeting this criterion.",maybe,"The study uses qRT-PCR as the reference standard (meeting this part), but again, there's uncertainty about whether the test is specifically a rapid antigen test.",Include,"A diagnostic accuracy study in care homes comparing a point-of-care test to qRT-PCR, with clear reporting of diagnostic performance metrics. Significant uncertainty exists regarding whether the test is a rapid antigen test, which creates potential exclusion from the screening criteria. The study meets several key methodological requirements but lacks definitive confirmation of test type.",3.1
Comparative diagnostic performance of rapid antigen detection tests for COVID-19 in a hospital setting,"B. Bruzzone, V. De Pace, P. Caligiuri, V. Ricucci, G. Guarona, B. Pennati, Simona Boccotti, A. Orsi, A. Domnich, G. Da Rin, G. Icardi",10.1016/j.ijid.2021.04.072,https://doi.org/10.1016/j.ijid.2021.04.072,International Journal of Infectious Diseases,23,2021,maybe,"The abstract doesn't specify participant age ranges, so there is uncertainty around whether the study only includes non-pregnant adult participants or if the data of adult participants are reported separately.",yes,This is a primary diagnostic accuracy study comparing Ag-RDTs against RT-PCR in a real-world setting.,yes,"The study clearly reports rapid antigen test results separately, comparing 7 different Ag-RDTs against RT-PCR.",yes,"The study reports quantifiable diagnostic accuracy data, including sensitivity (78.7%) and specificity (100%).",yes,"The study was conducted in a ""real-world hospital setting.""",yes,The study specifically evaluates antigen-detecting rapid diagnostic tests (Ag-RDTs).,yes,The study evaluates point-of-care rapid antigen tests and uses RT-PCR as the reference standard.,Include,"A diagnostic accuracy study comparing seven rapid antigen tests against RT-PCR in a hospital setting, reporting comprehensive sensitivity and specificity data. The research meets most screening criteria, with the primary uncertainty being the lack of explicit confirmation of participant age ranges. Overall, the study provides robust methodological insights into rapid antigen test performance during the COVID-19 pandemic.",4.3
Rapid antigen test as a tool for the identification of SARS-CoV-2 infection and its potential as a self-testing device,"P. Filgueiras, C. A. Corsini, N. Almeida, M. Pedrosa, Daniel Alvim Pena de Miranda, S. Gomes, J. V. D. Assis, R. A. Silva, Maria Izabella Vieira de Assis Rocha Carvalho de Medeiros, A. Lourenço, Cecilia Maria Florencio Bicalho, R. V. R. Vilela, W. Jeremias, G. Fernandes, R. Queiroz",10.1590/0037-8682-0167-2022,https://doi.org/10.1590/0037-8682-0167-2022,Revista da Sociedade Brasileira de Medicina Tropical,2,2023,maybe,"The abstract does not explicitly state the age range of participants, so it is uncertain whether the study only includes non-pregnant adult participants (aged 18 years or older), or if the data of adult participants are reported separately.",yes,"This is a primary diagnostic accuracy study evaluating rapid antigen tests against RT-PCR, with original data collection from 609 patients.",yes,"The study reports rapid antigen test results separately from other test types, with specific performance metrics (98% specificity, 60% sensitivity) reported for the antigen tests.",yes,"The study reports clear diagnostic accuracy measures including sensitivity, specificity, PPV, and NPV.",yes,"The study was conducted in a clinical setting (Hospital da Baleia in Belo Horizonte, Brazil).",yes,"The study specifically evaluates antigen-detecting rapid diagnostic tests (Ag-RDT), not antibody tests or other diagnostics.",yes,"The study uses point-of-care rapid antigen tests and RT-qPCR as the reference standard, which is explicitly stated in the methods.",Include,"A comprehensive diagnostic accuracy study of rapid antigen tests for SARS-CoV-2 was conducted in a clinical setting, utilizing RT-qPCR as the reference standard and reporting detailed performance metrics. The research evaluated point-of-care antigen tests across multiple sample types, demonstrating high specificity and moderate sensitivity, with the primary uncertainty being the precise age range of participants. The study provides valuable insights into the diagnostic utility of rapid antigen testing for COVID-19.",4.6
Frontline Screening for SARS-CoV-2 Infection at Emergency Department Admission by Third Generation Rapid Antigen Test: Can We Spare RT-qPCR?,"V. Cento, Silvia Renica, Elisa Matarazzo, Maria Antonello, L. Colagrossi, Federica Di Ruscio, A. Pani, Diana Fanti, C. Vismara, M. Puoti, F. Scaglione, C. Perno, C. Alteri, On Behalf Of The S Co Va Study Group",10.3390/v13050818,https://doi.org/10.3390/v13050818,Viruses,18,2021,maybe,"The abstract doesn't explicitly state the age range of participants. While it's conducted in an emergency department, we cannot confirm if only adults were included or if data was reported separately for adults.",yes,This is a primary diagnostic accuracy study comparing LumiraDx rapid antigen test against RT-qPCR reference standard.,yes,The study clearly reports rapid antigen test results (LumiraDx) separately from RT-qPCR results.,yes,"The study reports clear diagnostic accuracy data, including sensitivity (85% and 91% for different CT thresholds) and specificity (97%).",yes,The study was conducted in a clinical setting (emergency department of a tertiary COVID-19 hospital).,yes,The study specifically evaluates a rapid antigen test (LumiraDx SARS-CoV-2 Ag test).,yes,The study evaluates a point-of-care rapid antigen test (LumiraDx) using RT-qPCR as the reference standard.,Include,"A comprehensive diagnostic accuracy study of a rapid antigen test for SARS-CoV-2, conducted in a clinical setting with clear reporting of sensitivity and specificity against RT-qPCR reference standard. The research meets most screening criteria, with robust methodology and precise outcome measures, though participant age range remains unconfirmed. The study provides detailed performance data for a point-of-care diagnostic tool in a tertiary COVID-19 hospital setting.",4.6
Sensitivity of Rapid Antigen Testing and RT-PCR Performed on Nasopharyngeal Swabs versus Saliva Samples in COVID-19 Hospitalized Patients: Results of a Prospective Comparative Trial (RESTART),"A. Kritikos, G. Caruana, R. Brouillet, J. Miroz, S. Abed-Maillard, G. Stieger, O. Opota, A. Croxatto, P. Vollenweider, P. Bart, J. Chiche, G. Greub",10.3390/microorganisms9091910,https://doi.org/10.3390/microorganisms9091910,Microorganisms,18,2021,maybe,"The abstract mentions ""hospitalized patients"" but doesn't specify age ranges. However, given the context of hospitalized COVID-19 patients, it's likely these are adults, but we cannot be certain without explicit confirmation.",yes,This is a primary diagnostic accuracy study comparing different testing methods with clear methodology and results.,yes,"The study clearly reports rapid antigen test results separately from RT-PCR results, with detailed sensitivity and specificity values for each test type.",yes,"The study reports clear diagnostic accuracy data, including sensitivity and specificity for both RT-PCR and rapid antigen tests.",yes,"The study was conducted in a clinical setting (hospital, including ICU patients).",yes,The study specifically evaluates rapid antigen tests (One Step Immunoassay Exdia® COVID-19 Ag and Standard Q® COVID-19 Rapid Antigen Test).,yes,The study uses RT-PCR (Cobas 6800) as the reference standard and evaluates point-of-care rapid antigen tests for SARS-CoV-2.,Include,"A comprehensive diagnostic accuracy study comparing rapid antigen tests and RT-PCR for SARS-CoV-2 detection in hospitalized patients, with detailed reporting of sensitivity and specificity across different testing methodologies. The research provides robust data on point-of-care testing performance, utilizing a clinical setting and appropriate reference standard, though participant age range remains slightly ambiguous. Multiple testing approaches were systematically evaluated, offering insights into diagnostic performance across different sample types and testing techniques.",4.6
Fujirebio Lumipulse SARS-CoV-2 antigen immunoassay: pooled analysis of diagnostic accuracy,"G. Lippi, B. Henry, K. Adeli, M. Plebani",10.1515/dx-2022-0021,https://doi.org/10.1515/dx-2022-0021,Diagnosis,13,2022,maybe,"The abstract does not explicitly state the age range of participants. This creates some uncertainty, though as a meta-analysis of clinical investigations, it likely includes adult populations.",yes,"This is a meta-analysis of diagnostic accuracy studies, which is explicitly stated in the abstract. The analysis includes 21 primary studies with original data.",yes,"The study clearly reports antigen test results separately, focusing specifically on the Fujirebio Lumipulse SARS-CoV-2 Antigen test.",yes,"The study clearly reports quantifiable diagnostic accuracy data, including sensitivity, specificity, area under the curve, and agreement percentages.",yes,"The abstract mentions ""clinical investigations"" and includes both nasopharyngeal and saliva specimens, indicating clinical settings.",yes,The study specifically evaluates a rapid antigen test (Fujirebio Lumipulse SARS-CoV-2 Antigen chemiluminescent immunoassay).,maybe,"The study evaluates a point-of-care antigen test and explicitly mentions using ""reference molecular techniques"" as the comparison standard. While it doesn't specifically say ""RT-PCR,"" molecular techniques typically refer to RT-PCR in this context.",Include,"A comprehensive meta-analysis of 21 studies examining the Fujirebio Lumipulse SARS-CoV-2 Antigen test demonstrates strong diagnostic accuracy across multiple specimen types, with clear reporting of sensitivity, specificity, and other performance metrics. The study meets most screening criteria, with only minor uncertainties regarding participant age range and precise reference standard methodology. Overall, the research provides robust evidence for the diagnostic utility of rapid antigen testing in clinical settings.",4.7
Perbandingan Hasil COVID-19 Metode Rapid Antigen Test dengan PCR: Literature Review,"Siti Rachmawati, Yuanita Windusari, Hamzah Hasyim",10.33087/jiubj.v22i3.2767,https://doi.org/10.33087/jiubj.v22i3.2767,Jurnal Ilmiah Universitas Batanghari Jambi,0,2022,no,"The abstract does not specify any age restrictions or population characteristics, and there is no information about whether the study includes or separates data for adult participants.",no,"The abstract explicitly states this is a ""descriptive observational in the form of a literature review,"" which fails to meet the criterion requiring a primary diagnostic accuracy study or meta-analysis reporting original data.",maybe,"The abstract discusses rapid antigen tests (RAT) and RT-PCR separately, but it is not clear whether the study itself reports separate results. The paper appears to be a literature review rather than a primary study reporting original data.",maybe,"While the abstract mentions that RAT showed ""lower sensitivity than RT-PCR,"" it doesn't provide specific quantifiable diagnostic accuracy data. It only makes general comparative statements.",no,The abstract doesn't specify the clinical or community setting of the studies reviewed.,yes,"The study does focus on rapid antigen tests (RAT) for SARS-CoV-2, meeting this criterion.",yes,"The study discusses both RAT and RT-PCR, with RT-PCR as the reference standard, meeting this criterion.",Exclude,"A literature review discussing rapid antigen tests and RT-PCR for SARS-CoV-2 fails to meet key screening criteria, particularly lacking original diagnostic accuracy data and specific population characteristics. While addressing test methodologies, the study does not provide quantifiable diagnostic accuracy measures or specify clinical settings, rendering it insufficient for comprehensive diagnostic assessment.",1.4
High Diagnostic Accuracy of a Novel Lateral Flow Assay for the Point-of-Care Detection of SARS-CoV-2,"I. Giberti, E. Costa, A. Domnich, V. Ricucci, V. De Pace, Giada Garzillo, G. Guarona, G. Icardi",10.3390/biomedicines10071558,https://doi.org/10.3390/biomedicines10071558,Biomedicines,3,2022,maybe,"The abstract does not specify the age range of participants, creating uncertainty about whether the study meets the adult-only requirement.",yes,"This is a primary diagnostic accuracy study comparing LFT results with RT-PCR, meeting this criterion.",yes,"The study clearly reports rapid antigen test (LFT) results separately, with specific sensitivity and specificity values provided.",yes,"The study clearly reports quantifiable diagnostic accuracy data, including sensitivity (85%) and specificity (100%) with confidence intervals.",maybe,"While not explicitly stated, the mention of ""real-world conditions"" and ""mass population screening programs"" suggests a clinical or community setting.",yes,"The study evaluates a lateral flow immunochromatographic test (LFT), which is a type of rapid antigen test.",yes,The study uses RT-PCR as the reference standard and evaluates a point-of-care rapid antigen test (ND COVID-19 LFT).,Include,"A diagnostic accuracy study of a COVID-19 lateral flow test demonstrates high sensitivity and specificity using RT-PCR as a reference standard, with clear reporting of test performance across different viral load ranges. The study appears to meet most screening criteria, though uncertainty exists regarding participant age range. Methodological rigor and real-world applicability are evident in the research design and findings.",4.3
Rapid SARSـCoVـ2 Antigen Detection Assay versus Real-timeـPCR Assay for Laboratory Detection of COVID-19,"Shymaa Hamdy Mohamed Zaglool, Alaa Rashad Mahmoud Mohamed, Esraa Abbas Abdallah, Fayed Hm",10.21608/svuijm.2023.195613.1536,https://doi.org/10.21608/svuijm.2023.195613.1536,SVU-International Journal of Medical Sciences,0,2024,yes,"The study explicitly states it involves adults, with a mean age of 52.55 ± 20.15 years. No mention of pregnant participants or children.",yes,This is a primary diagnostic accuracy study (cross-sectional study) reporting original data comparing rapid antigen tests to RT-PCR.,yes,"The study clearly reported rapid antigen test results separately from RT-PCR results, with distinct positive/negative counts for each test type.",yes,"The study reports comprehensive diagnostic accuracy data including sensitivity (85%), specificity (98.54%), PPV, NPV, and accuracy (94.42%).",yes,"While not explicitly stated, the context suggests a clinical setting, particularly given the mention of ""emergency setting"" and the structured patient assessment.",yes,"The study specifically evaluates rapid SARS-CoV-2 antigen tests, not antibody tests or other diagnostics.",yes,The study uses RT-PCR as the reference standard and evaluates point-of-care rapid antigen tests for SARS-CoV-2.,Include,"A comprehensive diagnostic accuracy study of rapid SARS-CoV-2 antigen tests in adults, utilizing RT-PCR as the reference standard, with robust reporting of sensitivity, specificity, and other key performance metrics. The research meets all screening criteria, including clear data reporting, appropriate test methodology, and a well-defined clinical setting with quantifiable diagnostic accuracy measures. The study provides valuable insights into the performance of rapid antigen tests for COVID-19 detection.",4.9
Comparison of a novel antigen detection test with reverse transcription polymerase chain reaction assay for laboratory diagnosis of SARS-CoV-2 infection,"Osman Sezer Cirit, Esvet Mutlu, B. Sancak, T. Kocagöz, Özge Can, C. Çiçek, A. Arzu Sayıner, Ö. Appak, N. Uyar, C. Külah, A. Çi̇çek, Osman Özgümüş, Yasemin Ay Altintop, Esma Saatçi, T. Karslıgil, Y. Zer, Nevgün Sepin Özen, Y. Çekin, Z. Karahan, Ebru Evren, A. E. Karakoç, Sultan Gülbahçe Orhan, D. Mutlu, Tugba Bozdemir, Y. Çaycı, Canberk Çinar, M. Taşbakan, Merve Mert, E. Çınar, O. E. Kutsoylu, S. Kocagöz, A. Ertürk, I. Çelik, A. Mete, Müge Günalp Eneyli, Irem Akdemir, Taliha Karakök, D. Inan, A. Atilla, Sevket Onur Taflan, Kağan Etka Yörük",10.1007/s15010-022-01832-9,https://doi.org/10.1007/s15010-022-01832-9,Infection,9,2022,maybe,"The abstract doesn't explicitly state the age range of participants. While it mentions ""patients who met clinical criteria of COVID-19,"" it doesn't specify if children were included or excluded.",yes,This is a primary diagnostic accuracy study comparing a rapid antigen test against RT-PCR as the reference standard.,yes,"The study clearly reports rapid antigen test results separately from RT-PCR results, with specific sensitivity and specificity values provided for the antigen test.",yes,"The study reports clear diagnostic accuracy data, including sensitivity (80.3%) and specificity (87.8%).",yes,The study was conducted in clinical settings across ten centers in Turkey.,yes,The study specifically evaluates a rapid antigen test (RapidFor™ Antigen Rapid Test Kit) for SARS-CoV-2.,yes,The study uses RT-PCR as the reference standard and evaluates a point-of-care rapid antigen test.,Include,"A comprehensive diagnostic accuracy study of a rapid antigen test for SARS-CoV-2, conducted across multiple clinical centers, provides detailed performance metrics using RT-PCR as the reference standard. The research systematically evaluates test sensitivity and specificity, with robust methodology and clear reporting of diagnostic outcomes. While most screening criteria are definitively met, the participant age range remains slightly uncertain and would require full text review for complete confirmation.",4.6
Feasibility and Effectiveness Assessment of SARS-CoV-2 Antigenic Tests in Mass Screening of a Pediatric Population and Correlation with the Kinetics of Viral Loads,"M. Lanari, G. Biserni, M. Pavoni, E. C. Borgatti, Marta Leone, I. Corsini, T. Lazzarotto",10.3390/v13102071,https://doi.org/10.3390/v13102071,Viruses,9,2021,no,"The study specifically focuses on pediatric patients admitted to the Pediatric Emergency Unit, which fails to meet the criterion requiring adult participants (18+ years).",yes,This is a primary diagnostic accuracy study comparing Ag-RDTs against NAAT (RT-PCR) as reference standard.,yes,"The study clearly reports rapid antigen test results separately, providing specific sensitivity and specificity values for two different Ag-RDTs.",yes,"The study reports clear diagnostic accuracy data including sensitivity, specificity, and accuracy with confidence intervals.",yes,The study is conducted in a clinical setting (Pediatric Emergency Unit).,yes,The study evaluates point-of-care rapid antigen tests (Ag-RDTs) specifically.,yes,The study uses RT-PCR (NAAT) as the reference standard and evaluates point-of-care rapid antigen tests.,Exclude,"The study comprehensively evaluates rapid antigen tests for SARS-CoV-2 using RT-PCR as a reference standard, reporting detailed diagnostic accuracy measures in a clinical setting. However, the research exclusively focuses on pediatric patients, which directly conflicts with the requirement for adult participants aged 18 years or older. This population age criterion represents a critical disqualifying factor for inclusion.",0.1
Comparison of a Commercial SARS-CoV-2 Rapid Antigen Test with Real-Time PCR,"Muhammet Çağrı Yıldız, Harun Ağca, Anıl Ardıç, I. Saglik, B. Ener",10.36519/idcm.2024.421,https://doi.org/10.36519/idcm.2024.421,Infectious Diseases and Clinical Microbiology,0,2024,maybe,"The abstract doesn't explicitly state the age range of participants. It only mentions ""suspected COVID-19 patients"" without specifying whether they are adults or if pediatric cases were included.",yes,This is a primary diagnostic accuracy study comparing a rapid antigen test with RT-PCR as the reference standard.,yes,"The study clearly reports rapid antigen test results separately, comparing the mö-screen Corona Antigen Test with RT-PCR specifically.",yes,"The study reports clear diagnostic accuracy data, including sensitivity (100%), specificity (100%), PPV (100%), and NPV (100%).",maybe,"While not explicitly stated, the context of testing ""suspected COVID-19 patients"" and using oro-nasopharyngeal swabs suggests a clinical setting.",yes,The study clearly evaluates a rapid antigen test (mö-screen Corona Antigen Test) rather than antibody or laboratory-based tests.,yes,The study explicitly uses RT-PCR as the reference standard and evaluates a point-of-care rapid antigen test for SARS-CoV-2.,Include,"A diagnostic accuracy study comparing a rapid antigen test with RT-PCR demonstrates comprehensive performance metrics with 100% sensitivity and specificity. The research evaluates a point-of-care SARS-CoV-2 test in a clinical setting, though the participant age range remains unclear from the abstract. The study provides detailed diagnostic accuracy data using oro-nasopharyngeal swabs and RT-PCR as the reference standard.",4.3
"One Swab Fits All: Performance of a Rapid, Antigen-Based SARS-CoV-2 Test Using a Nasal Swab, Nasopharyngeal Swab for Nasal Collection, and RT–PCR Confirmation from Residual Extraction Buffer","W. Stokes, B. Berenger, Brittney Scott, Jonas Szelewicki, Takshveer Singh, D. Portnoy, L. Turnbull, K. Pabbaraju, S. Shokoples, A. Wong, K. Gill, Jia Hu, G. Tipples",10.1093/jalm/jfac004,https://doi.org/10.1093/jalm/jfac004,The Journal of Applied Laboratory Medicine,3,2022,yes,"The abstract specifically mentions ""symptomatic adults"" and there's no indication of including pregnant participants or children.",yes,This is a primary diagnostic accuracy study evaluating the performance of RAT against RT-PCR reference standard.,yes,"The study clearly reports rapid antigen test (RAT) results separately, with specific sensitivity values reported for different collection methods.",yes,"The study reports quantifiable diagnostic accuracy data, specifically sensitivity values with confidence intervals (89.0% and 90.2% for different collection methods).",yes,The study is conducted in a community setting with symptomatic adults.,yes,The study explicitly evaluates rapid antigen tests (RAT) for SARS-CoV-2 detection.,yes,The study uses point-of-care rapid antigen tests and RT-PCR as the reference standard (though they use throat swabs for RT-PCR rather than the standard nasopharyngeal swabs).,Include,"A comprehensive diagnostic accuracy study of rapid antigen tests for SARS-CoV-2 in symptomatic adults, utilizing point-of-care testing with RT-PCR as a reference standard. The research meticulously reports sensitivity data across different sample collection methods, meeting all critical screening criteria for a robust diagnostic investigation. Methodologically sound, the study provides quantifiable accuracy measures in a community-based setting with clear, well-defined participant and testing parameters.",4.9
Development and Clinical Evaluation of an Immunochromatography-Based Rapid Antigen Test (GenBody™ COVAG025) for COVID-19 Diagnosis,"D. Kim, Jihoo Lee, J. Bal, S. Seo, C. Chong, Jong Ho Lee, H. Park",10.3390/v13050796,https://doi.org/10.3390/v13050796,Viruses,22,2021,maybe,"The abstract doesn't explicitly state the age range of participants. While it mentions ""symptomatic and asymptomatic"" patients, there's no specific mention of age restrictions or separate reporting for adults.",yes,This is a primary diagnostic accuracy study with two parts: a retrospective analysis of 130 samples and a prospective study of 200 samples.,yes,The study clearly reports rapid antigen test results (GenBody™ COVAG025) separately from RT-PCR results.,yes,"The study reports clear diagnostic accuracy data, including sensitivity and specificity with confidence intervals for both retrospective and prospective analyses.",yes,"The study appears to be conducted in a clinical setting, with samples collected from patients and tested in a clinical context.",yes,The study specifically evaluates a rapid antigen test (immunochromatographic immunoassay) for SARS-CoV-2 nucleocapsid antigen.,yes,The study uses RT-PCR as the reference standard (EUA-approved real-time RT-PCR assay) and evaluates a point-of-care rapid antigen test.,Include,"A comprehensive diagnostic accuracy study of a rapid antigen test for SARS-CoV-2, utilizing RT-PCR as a reference standard and reporting detailed sensitivity and specificity metrics across retrospective and prospective analyses. The research demonstrates strong methodological rigor in evaluating a point-of-care diagnostic tool, with clear reporting of test performance across different sample types. The only notable uncertainty relates to explicit confirmation of participant age range, though the clinical context suggests adult population inclusion.",4.6
"Field performance of NowCheck Rapid antigen test for SARS-CoV-2 in Kisumu County, western Kenya","S. Onsongo, K. Otieno, S. V. Duijn, H. Barsosio, Emily R. Adams, Isdorah Akoth, Corrie M Omollo, A. K'Oloo, N. Houben, E. Milimo, R. Aroka, F. Oluoch, Albert Odhiambo, Simon K Kariuki, T. F. R. D. Wit",10.1101/2021.08.12.21261462,https://doi.org/10.1101/2021.08.12.21261462,medRxiv,8,2021,maybe,"The study includes participants aged 1-80 years (median 39 years). While most participants are adults, the inclusion of children means the data isn't exclusively for adults. However, the large sample size (997 participants) and median age of 39 suggests most participants were adults.",yes,This is a primary diagnostic accuracy study comparing the rapid antigen test against RT-PCR as the reference standard.,yes,"The study clearly reports rapid antigen test results separately, with specific sensitivity and specificity values for the NowCheck COVID-19 antigen kit.",yes,"The study reports clear diagnostic accuracy data, including sensitivity (84.5%), specificity (94.4%), and accuracy (94.2%) with confidence intervals.",yes,"The study was conducted in multiple healthcare facilities in western Kenya, which qualifies as a clinical setting.",yes,The study specifically evaluates a rapid antigen test (NowCheck COVID-19 antigen kit) and not antibody tests or other diagnostics.,yes,The study evaluates a point-of-care rapid antigen test and uses RT-PCR as the reference standard.,Include,"A comprehensive diagnostic accuracy study of a COVID-19 rapid antigen test in a clinical setting, utilizing RT-PCR as the reference standard and reporting detailed sensitivity and specificity metrics. The research involved a large sample of participants across a wide age range, with robust methodology and clear outcome measures. While the study included some children, the median age of 39 and large sample size suggest the data could be analyzed for adult populations specifically.",4.6
Performance of Rapid Antigen Tests to Detect Symptomatic and Asymptomatic SARS-CoV-2 Infection,"A. Soni, C. Herbert, Honghuang Lin, Yi Yan, C. Pretz, P. Stamegna, Biqi Wang, Taylor Orwig, Colton Wright, Seanan Tarrant, Stephanie Behar, T. Suvarna, Summer Schrader, E. Harman, C. Nowak, V. Kheterpal, L. Rao, L. Cashman, E. Orvek, D. Ayturk, L. Gibson, Adrian H Zai, Steven Wong, P. Lazar, Ziyue Wang, A. Filippaios, B. Barton, C. Achenbach, R. Murphy, M. Robinson, Y. Manabe, Shishir Pandey, A. Colubri, Laurel O’Connor, S. Lemon, N. Fahey, K. Luzuriaga, N. Hafer, Kristian Roth, Toby Lowe, Timothy Stenzel, W. Heetderks, J. Broach, D. McManus",10.7326/M23-0385,https://doi.org/10.7326/M23-0385,Annals of Internal Medicine,19,2023,no,"The abstract does not specify participant age ranges or whether they are pregnant/non-pregnant adults, so there is no information provided about the population age.",yes,"The abstract clearly states this is a ""prospective study"" evaluating test performance, indicating it is a primary diagnostic accuracy study.",maybe,"The abstract mentions rapid antigen tests, suggesting the study reports these results separately from other test types. However, the abstract does not explicitly state whether the results are reported separately, so there is some uncertainty.",maybe,"While the study evaluates ""performance,"" it does not explicitly mention reporting sensitivity, specificity, or other accuracy measures.",no,The setting (clinical or community) is not explicitly stated in the abstract.,yes,The study explicitly evaluates rapid antigen tests for SARS-CoV-2.,yes,"The study uses RT-PCR as a reference standard, which is explicitly mentioned.",Include,"A prospective study evaluating rapid antigen tests for SARS-CoV-2 demonstrates clear methodology with RT-PCR as a reference standard, but lacks critical details about participant demographics and specific diagnostic accuracy measures. Significant information gaps exist regarding participant age, study setting, and precise outcome reporting, which create uncertainty about full compliance with screening criteria.",3.4
"Evaluating diagnostic accuracies of Panbio™ test and RT-PCR for the detection of SARS-CoV-2 in Addis Ababa, Ethiopia using Bayesian Latent-Class Models (BLCM)","Abay Sisay, S. Hartnack, A. Tiruneh, Y. Desalegn, A. Tesfaye, A. Desta",10.1371/journal.pone.0268160,https://doi.org/10.1371/journal.pone.0268160,PLoS ONE,2,2022,maybe,"The abstract doesn't explicitly state the age range of participants. While it mentions ""COVID-19 presumptive clients,"" it doesn't specify if children were included or excluded.",yes,"This is a primary diagnostic accuracy study with original data collection, described as a ""prospective cross-sectional study.""",yes,"The study clearly reports rapid antigen test (Panbio™) results separately from RT-PCR results, with distinct sensitivity and specificity values for each test.",yes,"The study reports clear diagnostic accuracy measures, including sensitivity and specificity with confidence intervals for both tests.",yes,The study was conducted in clinical settings (two health centers and two hospitals).,yes,The study specifically evaluates a rapid antigen test (Panbio™ Ag-RDT) for SARS-CoV-2 detection.,yes,"The study uses RT-PCR as the reference standard, though it's worth noting they use Bayesian Latent-Class Models to account for potential RT-PCR limitations.",Include,"A comprehensive diagnostic accuracy study of rapid antigen testing for SARS-CoV-2 was conducted in clinical settings, utilizing RT-PCR as a reference standard and reporting detailed sensitivity and specificity measures. The research evaluated a point-of-care rapid antigen test across symptomatic and asymptomatic populations, with robust methodology and clear outcome reporting. The only minor uncertainty relates to the explicit confirmation of participant age ranges.",4.6
Role of Rapid Antigen Testing in Population-Based SARS-CoV-2 Screening,"V. Martín-Sánchez, T. Fernández-Villa, Ana María Carvajal Urueña, A. Rivero Rodríguez, S. Reguero Celada, G. Sánchez Antolín, J. P. Fernández-Vázquez",10.3390/jcm10173854,https://doi.org/10.3390/jcm10173854,Journal of Clinical Medicine,11,2021,maybe,"The abstract doesn't explicitly state the age range of participants. While it's a population-based screening of ""people,"" we cannot confirm if it includes only adults or if adult data is reported separately.",yes,This is a primary diagnostic accuracy study evaluating RADT performance against RT-qPCR as the reference standard.,yes,"The study clearly reports rapid antigen test results separately, with detailed statistics on positive and negative cases, and their confirmation through RT-qPCR.",yes,"The study reports detailed diagnostic accuracy data including sensitivity (65.1%), specificity (99.97%), PPV, and NPV, all with confidence intervals.",yes,"The study is conducted in a population-based screening setting in areas of high transmission, which qualifies as a clinical/community setting.",yes,The study specifically evaluates rapid antigen diagnostic tests (RADT) for SARS-CoV-2.,yes,"The study uses point-of-care RADT and RT-qPCR as the reference standard, with clear confirmation testing of both positive and negative RADT results.",Include,"A comprehensive diagnostic accuracy study of rapid antigen testing for SARS-CoV-2 demonstrates robust methodology with detailed reporting of sensitivity, specificity, and predictive values across a large population sample. The research effectively evaluates point-of-care testing using RT-qPCR as a reference standard, providing high-quality diagnostic performance data in a clinical setting. The only minor uncertainty relates to the precise age range of participants, which would require full text review for complete confirmation.",4.6
Agreement between diagnostic methods for SARS-CoV-2 infection in children seen at the Emergency Department of a children's hospital.,"Patricia Stach, A. M. Nieva, A. Mistchenko, V. Osta, E. Monteverde, Miriam Peralta, Mariana Nana, Andrea L Borrego, María Álvarez, J. Fiorentino",10.5546/aap.2022.eng.325,https://doi.org/10.5546/aap.2022.eng.325,Archivos Argentinos de Pediatria,0,2022,no,"The study exclusively focuses on pediatric patients (1 month to 17 years and 11 months), which explicitly fails the criterion requiring adult participants (18+ years).",yes,This is a primary diagnostic accuracy study comparing the rapid antigen test with RT-qPCR as the reference standard.,yes,"The study clearly reports rapid antigen test results separately, comparing the Panbio COVID-19 Ag® test results with RT-qPCR.",yes,"The study reports clear diagnostic accuracy data, including sensitivity (71.0%), specificity (99.9%), and kappa index (0.813).",yes,The study was conducted in a clinical setting (Emergency Fever Unit of a children's hospital).,yes,The study evaluates rapid antigen tests (Panbio COVID-19 Ag® test) specifically.,yes,The study uses RT-qPCR as the reference standard and evaluates point-of-care rapid antigen tests for SARS-CoV-2.,Exclude,"The study comprehensively evaluates rapid antigen tests for SARS-CoV-2 in a pediatric population, reporting detailed diagnostic accuracy metrics with RT-qPCR as the reference standard. However, the exclusive focus on children aged 1 month to 17 years and 11 months disqualifies the study from meeting the screening criteria, which specifically require adult participants. Despite robust methodology and clear reporting, the population age restriction prevents the study from meeting all required screening criteria.",0.1
Application of a SARS-CoV-2 Antigen Rapid Immunoassay Based on Active Microfluidic Technology in a Setting of Children and Young Adults,"Christian Leli, Lidia Ferrara, Paolo Bottino, Cristina Bara, Iacopo Megna, S. Penpa, Enrico Felici, A. Maconi, Andrea Rocchetti",10.3390/v16010041,https://doi.org/10.3390/v16010041,Viruses,1,2023,no,"The study specifically focuses on pediatric and young adult patients with a median age of 5 years, which violates the requirement for adult participants (18+ years).",yes,This is a primary diagnostic accuracy study comparing a rapid antigen test with RT-qPCR.,yes,"The study clearly reports rapid antigen test results separately, comparing them directly with RT-qPCR results.",yes,"The study reports clear diagnostic accuracy measures including sensitivity, specificity, and likelihood ratios with confidence intervals.",yes,The study was conducted in a clinical setting (Pediatric Emergency Unit of a Children's Hospital).,yes,The study evaluates a rapid antigen test based on active microfluidic technology.,yes,The study uses RT-qPCR as the reference standard and evaluates a point-of-care rapid antigen test.,Exclude,"The study comprehensively evaluates a rapid antigen test for SARS-CoV-2 using RT-qPCR as a reference standard, reporting detailed diagnostic accuracy measures in a clinical setting. However, the research exclusively focuses on pediatric patients with a median age of 5 years, which critically disqualifies it from meeting the adult participant requirement. Despite robust methodology and clear reporting, the population age criterion represents a fundamental exclusion factor.",1.4
Comparison of the Rapid Antigen Testing Method With RT-qPCR for the Diagnosis of COVID-19,"Ashok Pandey, A. Mohanty, V. Hada, Ramashankar Rath, Subodh Kumar, S. Kishore, Rajni Kant",10.7759/cureus.17405,https://doi.org/10.7759/cureus.17405,Cureus,19,2021,maybe,"The abstract doesn't explicitly state the age range of participants. While it's likely these are adults given the hospital setting, we cannot be certain without more information.",yes,This is a primary diagnostic accuracy study comparing rapid antigen tests with RT-qPCR as the reference standard.,yes,"The study clearly reports rapid antigen test results separately, comparing them directly with RT-qPCR results.",yes,"The study reports quantifiable diagnostic accuracy data, including sensitivity (53.6%) and specificity (97.35%).",yes,The study was conducted in a clinical setting (tertiary care teaching hospital).,yes,The study specifically evaluates rapid antigen tests (RDT) for SARS-CoV-2.,yes,The study uses point-of-care rapid antigen tests and RT-qPCR as the reference standard.,Include,"A diagnostic accuracy study comparing rapid antigen tests with RT-qPCR in a clinical setting, reporting comprehensive sensitivity and specificity data for SARS-CoV-2 testing. The research meets most screening criteria, with only minor uncertainty regarding participant age range. The study provides valuable insights into point-of-care diagnostic testing methodology and performance.",4.6
"Diagnostic performance, user acceptability, and safety of unsupervised SARS-CoV-2 rapid antigen-detecting tests performed at home","I. J. B. Møller, Amalie R. Utke, Ulla K. Rysgaard, L. Østergaard, S. Jespersen",10.1016/j.ijid.2022.01.019,https://doi.org/10.1016/j.ijid.2022.01.019,International Journal of Infectious Diseases,18,2021,no,The abstract provides no information about participant age ranges or whether data is reported separately for adults. This is a significant uncertainty.,yes,The abstract indicates this is a primary diagnostic accuracy study comparing RADTs with PCR testing. This criterion appears to be met.,maybe,"The abstract mentions comparing RADTs with PCR testing, suggesting separate reporting of results, but this isn't explicitly confirmed. There's some uncertainty here.",maybe,"The abstract mentions examining ""diagnostic performance,"" suggesting accuracy measures will be reported, though specific metrics aren't mentioned. This criterion is likely met.",maybe,"The abstract mentions self-sampling and self-testing, suggesting a community setting, but the exact setting isn't explicitly stated. This creates some uncertainty.",yes,"The study clearly focuses on rapid antigen detection tests (RADTs), meeting this criterion.",yes,"The study explicitly mentions using PCR as the reference standard and evaluates point-of-care RADTs, meeting this criterion.",Include,"A diagnostic accuracy study comparing rapid antigen detection tests with PCR testing demonstrates strong alignment with several screening criteria, including appropriate test methodology and reference standard. However, significant uncertainties exist regarding participant age groups and specific outcome measures, which prevent definitive confirmation of all screening requirements.",3.9
Diagnostic accuracy of SARS-CoV-2 saliva antigen testing in a real-life clinical setting,"S. Jegerlehner, F. Suter-Riniker, Philipp Jent, P. Bittel, M. Nagler",10.1016/j.ijid.2022.03.037,https://doi.org/10.1016/j.ijid.2022.03.037,International Journal of Infectious Diseases,8,2022,maybe,"The abstract doesn't explicitly state the age range of participants, so it's unclear if the study only includes non-pregnant adult participants or if the data of adult participants are reported separately.",yes,This is a primary diagnostic accuracy study with original data collection and analysis.,yes,"The study clearly reports rapid antigen test results separately, specifically for the PCL Inc. COVID19 Gold antigen test.",yes,"The study reports clear diagnostic accuracy data, including sensitivity (30.2%) and specificity (98.1%) with confidence intervals.",yes,The study was conducted in a clinical setting (primary/secondary care testing facility affiliated with a Swiss university hospital).,yes,The study specifically evaluates a rapid antigen test (PCL Inc. COVID19 Gold antigen test).,yes,The study uses RT-PCR as the reference standard and evaluates a point-of-care rapid antigen test for SARS-CoV-2.,Include,"A diagnostic accuracy study of a SARS-CoV-2 saliva antigen test in a clinical setting, reporting comprehensive performance metrics including sensitivity and specificity. The research meets most screening criteria, with robust methodology and clear outcome reporting, though participant age range remains unconfirmed. The study provides valuable insights into rapid antigen test performance using RT-PCR as a reference standard.",4.6
Comparative Analysis of COVID-19 Serological testing methods to Polymerase Chain Reaction: A systematic review and meta-analysis,"D. Chisompola, A. Maleti, K. Tembo, T. Banda, G. M. Chishinji, R. Phiri",10.1101/2024.04.18.24305918,https://doi.org/10.1101/2024.04.18.24305918,medRxiv,0,2024,no,The abstract does not specify the age range of participants or whether adult data is reported separately. This information is missing.,maybe,"The study is a systematic review and meta-analysis, which could potentially be included. However, it's not clear if it reports original data or just synthesizes existing studies.",no,"The abstract does not clearly separate rapid antigen test results from antibody tests, and instead combines both in its analysis. This fails to meet the criterion of reporting rapid antigen test results separately from other test types.",yes,"The study does report quantifiable diagnostic accuracy data (sensitivity, specificity, and accuracy), meeting this criterion.",no,The abstract doesn't specify whether the included studies were conducted in clinical or community settings.,no,"The study includes both antibody and antigen tests, not focusing exclusively on rapid antigen tests. This fails to meet the criterion of evaluating rapid antigen tests rather than only antibody tests, laboratory-based tests, or other non-antigen diagnostics.",no,"While the study evaluates antigen tests, it doesn't specify if they are point-of-care tests, and there's no mention of RT-PCR as the reference standard. This criterion is not clearly met.",Include,"The systematic review fails to meet key screening criteria by combining antibody and antigen test results without clear separation, lacking specificity about test methodology, reference standard, and population characteristics. Critical gaps exist in reporting rapid antigen test data independently and providing comprehensive details about study design, participant demographics, and testing protocols. While the study reports diagnostic accuracy measures, it does not sufficiently address the required screening parameters for inclusion.",2.5
Challenges of Scaling Up SARS-CoV-2 Rapid Antigen Tests,-,10.5145/acm.2021.24.4.1,https://doi.org/10.5145/acm.2021.24.4.1,Annals of Clinical Microbiology,1,2021,maybe,"The abstract does not specify any population characteristics or age groups, so the information provided is insufficient to evaluate this criterion.",no,"This appears to be a review or commentary paper rather than a primary diagnostic accuracy study or meta-analysis, as the abstract discusses the general state of RATs but does not present original data.",no,"The abstract does not present any specific test results, only discussing rapid antigen tests (RATs) in general terms without reporting actual data.",no,"While the abstract mentions ""sensitivity"" in general terms, it does not report specific quantifiable diagnostic accuracy data, so this criterion is not met.",maybe,"The abstract mentions ""point-of-care"" testing but does not specify the actual study setting, so this criterion cannot be evaluated from the information provided.",yes,"The abstract does focus on rapid antigen tests (RATs) specifically, so this criterion is met.",maybe,"The abstract mentions both RATs and molecular tests (RT-PCR) as the reference standard, so this criterion is partially met. However, it does not present actual comparative data.",Exclude,"The abstract discusses rapid antigen tests for COVID-19 but lacks specific diagnostic accuracy data, original research findings, and clear population characteristics. Multiple screening criteria remain unmet, particularly those related to data reporting, study design, and quantifiable outcome measures. The text appears to be a general commentary rather than a primary research study with concrete diagnostic test results.",1.4
A Performance Assessment Study of Different Clinical Samples for Rapid COVID-19 Antigen Diagnosis Tests,"N. Ahmed, Mohammad Nur Amin Kalil, Wardah Yusof, Mimi Azliha Abu Bakar, A. S. Sjahid, R. Hassan, M. Fauzi, C. Yean",10.3390/diagnostics12040847,https://doi.org/10.3390/diagnostics12040847,Diagnostics,9,2022,maybe,"The abstract does not explicitly state the age range of participants. This creates some uncertainty, though the context suggests adult participants (healthcare workers and community surveillance).",yes,This is a primary diagnostic accuracy study comparing RTK (rapid test kits) against qRT-PCR as the reference standard.,yes,"The study clearly reports rapid antigen test results separately, comparing them directly with qRT-PCR results. The abstract presents distinct sensitivity and specificity values for different sample types.",yes,"The study clearly reports quantifiable diagnostic accuracy data, including specific sensitivity and specificity values for different sample types.",yes,"The study appears to be conducted in a clinical setting, with mention of healthcare workers and community surveillance.",yes,The study specifically evaluates rapid antigen tests (RTKs) for SARS-CoV-2 detection.,yes,The study uses point-of-care rapid antigen tests and qRT-PCR as the reference standard.,Include,"A comprehensive diagnostic accuracy study of rapid SARS-CoV-2 antigen tests using multiple sample types, with clear reporting of sensitivity and specificity against qRT-PCR reference standard. The research demonstrates high diagnostic performance across different clinical samples, with robust methodology and quantifiable outcomes. While most screening criteria are definitively met, slight uncertainty exists regarding participant age range.",4.6
"A Multicenter Clinical Diagnostic Accuracy Study of SureStatus, an Affordable, WHO Emergency Use-Listed, Rapid, Point-Of-Care Antigen-Detecting Diagnostic Test for SARS-CoV-2","L. J. Krüger, A. Lindner, M. Gaeddert, F. Tobian, J. Klein, Salome Steinke, F. Lainati, P. Schnitzler, O. Nikolai, F. Mockenhaupt, J. Seybold, V. Corman, T. Jones, N. Pollock, B. Knorr, A. Welker, Stephan Weber, Nandini Sethurarnan, Jayanthi Swaminathan, Hilda Solomon, Ajay Padmanaban, M. Thirunarayan, Prabakaran L, M. de Vos, S. Ongarello, J. Sacks, C. Escadafal, C. Denkinger",10.1128/spectrum.01229-22,https://doi.org/10.1128/spectrum.01229-22,Microbiology spectrum,4,2022,maybe,"The abstract doesn't explicitly state the age range of participants, but it mentions ""unvaccinated participants"" and doesn't indicate inclusion of children or pregnant women, suggesting an adult population, though this isn't definitively stated.",yes,"The study is explicitly described as a ""manufacturer-independent, prospective diagnostic accuracy study"" with original data collection and analysis.",yes,"The study clearly reports rapid antigen test results (SureStatus) separately from RT-PCR results, and the abstract explicitly presents sensitivity and specificity data for the antigen test.",yes,"The study reports clear diagnostic accuracy data, including sensitivity (82.4%) and specificity (98.5%) with confidence intervals.",yes,The study was conducted in clinical settings across three sites in two countries (India and Germany).,yes,The study specifically evaluates an antigen-detecting rapid diagnostic test (Ag-RDT) for SARS-CoV-2.,yes,The study uses RT-PCR as the reference standard and evaluates a point-of-care rapid antigen test (SureStatus).,Include,"A prospective diagnostic accuracy study evaluating a rapid antigen test for SARS-CoV-2 demonstrated high sensitivity and specificity across multiple clinical sites, using RT-PCR as the reference standard. The research comprehensively assessed test performance in unvaccinated participants, reporting detailed diagnostic accuracy metrics with robust methodology. While most screening criteria were definitively met, slight uncertainty existed regarding the precise age range of study participants.",4.7
A comparison of SARS-CoV-2 rapid antigen testing with realtime RT-PCR among symptomatic and asymptomatic individuals,"J. Sabat, S. Subhadra, S. Rath, L. Ho, Tanushree Satpathy, Dipankar Pattnaik, S. Pati, Jyotimayee Turuk",10.1186/s12879-022-07969-0,https://doi.org/10.1186/s12879-022-07969-0,BMC Infectious Diseases,7,2023,maybe,"The abstract doesn't explicitly state the age range of participants. While it mentions both symptomatic and asymptomatic individuals, there's no specific mention of age restrictions or separate reporting for adults.",yes,"This is a primary diagnostic accuracy study comparing RAT against RT-PCR, with original data from 329 parallel samples.",yes,"The study clearly reports rapid antigen test results separately, with specific performance metrics for RAT (Zydus Cadila) compared against RT-PCR.",yes,"The study reports clear diagnostic accuracy data including sensitivity (75.17%), specificity (98.89%), PPV, NPV, and kappa coefficient.",yes,"The study was conducted in a ""hospital-based facility"" which qualifies as a clinical setting.",yes,The study specifically evaluates a rapid antigen test (Zydus Cadila RAT) and not antibody or other non-antigen tests.,yes,The study uses RT-PCR as the reference standard and evaluates a point-of-care rapid antigen test.,Include,"A comprehensive diagnostic accuracy study of rapid antigen testing for SARS-CoV-2, utilizing RT-PCR as a reference standard in a hospital-based setting, with detailed reporting of sensitivity, specificity, and predictive values. The research systematically evaluated point-of-care testing across symptomatic and asymptomatic populations, providing robust diagnostic performance metrics. The only notable limitation was the lack of explicit confirmation regarding participant age ranges.",4.6
Rapid Antigen Test LumiraDxTM vs. Real Time Polymerase Chain Reaction for the Diagnosis of SARS-CoV-2 Infection: A Retrospective Cohort Study,"A. Cattelan, L. Sasset, Federico Zabeo, Anna Ferrari, L. Rossi, M. Mazzitelli, S. Cocchio, Vincenzo Baldo",10.3390/ijerph19073826,https://doi.org/10.3390/ijerph19073826,International Journal of Environmental Research and Public Health,13,2022,maybe,"The abstract doesn't explicitly state the age range of participants. While it's likely these are adults given the setting (Infectious Diseases Unit), we cannot be certain without more information.",yes,This is a primary diagnostic accuracy study (retrospective cohort study) reporting original data comparing LumiraDx™ against RT-PCR.,yes,"The study clearly reports rapid antigen test (LumiraDx™) results separately from RT-PCR results, with specific comparison data provided.",yes,"The study reports clear diagnostic accuracy data, including sensitivity (76.3% overall, 91% <10 days from symptoms, 95% with Ct <25) and specificity (94.4%).",yes,The study was conducted in a clinical setting (Infectious Diseases Unit of Padua).,yes,"The study specifically evaluates a rapid antigen test (LumiraDx™), which is clearly identified as a third-generation antigenic swab.",yes,"The study evaluates a point-of-care rapid antigen test (LumiraDx™) using RT-PCR as the reference standard, explicitly stated as the ""gold standard.""",Include,"A comprehensive diagnostic accuracy study comparing a rapid antigen test (LumiraDx™) against RT-PCR in a clinical setting, reporting detailed sensitivity and specificity metrics across different testing conditions. The research provides robust data on SARS-CoV-2 diagnostic performance, with clear methodology and quantifiable outcomes, though participant age range remains unconfirmed. The study meets most screening criteria, offering valuable insights into rapid antigen test performance.",4.6
Meta-analysis of the clinical performance of commercial SARS-CoV-2 nucleic acid and antibody tests up to 22 August 2020,"I. Van Walle, K. Leitmeyer, E. Broberg",10.2807/1560-7917.ES.2021.26.45.2001675,https://doi.org/10.2807/1560-7917.ES.2021.26.45.2001675,Euro surveillance : bulletin Europeen sur les maladies transmissibles = European communicable disease bulletin,7,2021,maybe,"The abstract does not specify the age range of participants. It mentions ""hospitalised, mild or asymptomatic, or unknown"" populations but does not clarify if these are adults only.",yes,"This appears to be a meta-analysis of diagnostic accuracy studies, which would qualify under the criteria. The study analyzes 93,757 test results from 151 published studies and 20,205 new test results.",no,"The abstract discusses both nucleic acid and antibody tests, but does not specifically mention rapid antigen tests. While it mentions ""point-of-care tests,"" these are not explicitly identified as antigen tests. Therefore, it is not clear if the study reports rapid antigen test results separately from other test types.",yes,"The study clearly reports diagnostic accuracy data, including sensitivity and specificity measures.",yes,The study includes clinical settings (hospitalized patients) and appears to cover both clinical and community settings.,no,"The study focuses on nucleic acid and antibody tests, not specifically rapid antigen tests. While point-of-care tests are mentioned, they are not explicitly identified as antigen tests.",no,"The study evaluates nucleic acid and antibody tests, not specifically rapid antigen tests. While RT-PCR (a nucleic acid test) is likely used as a reference standard, this is not explicitly stated for antigen tests.",Include,"The study primarily focuses on nucleic acid and antibody tests for SARS-CoV-2, which does not align with the specific screening criteria for rapid antigen tests. While the research provides comprehensive diagnostic accuracy data across multiple test types, it lacks the precise focus on rapid antigen testing methodology required by the screening protocol. Consequently, the abstract does not sufficiently meet the established inclusion criteria.",2.5
"“The effectiveness of rapid antigen test-based for SARS-CoV-2 detection in nursing homes in Valencia, Spain”","B. F. Escrivá, M. Mochón, R. M. González, Carme Salvador García, Ana Tornero Pla, Amparo Sahuquillo Ricart, M. García, Irene Tur Aranda, Fernando Grossón García, C. G. Cardona",10.1016/j.jcv.2021.104941,https://doi.org/10.1016/j.jcv.2021.104941,Journal of Clinical Virology,14,2021,maybe,"The study focuses on geriatric institutions and includes both residents and employees. While residents are likely adults, the age of employees is not specified, creating some uncertainty about whether all participants meet the age criterion.",yes,This is a primary diagnostic accuracy study comparing rapid antigen test results with RT-PCR.,yes,The study clearly reports rapid antigen test results (PANBIO™ COVID-19 Ag) separately from RT-PCR results.,yes,"The study reports clear diagnostic accuracy data, including sensitivity (85-99% depending on CT cutoff) and specificity (100%).",yes,The study is conducted in a clinical setting (geriatric institutions).,yes,The study specifically evaluates a rapid antigen test (PANBIO™ COVID-19 Ag).,yes,The study uses RT-PCR as the reference standard and evaluates a point-of-care rapid antigen test for SARS-CoV-2.,Include,"A diagnostic accuracy study of a rapid antigen test for SARS-CoV-2 in a geriatric setting, comparing results with RT-PCR as the reference standard. The research provides comprehensive diagnostic performance data, including sensitivity and specificity, with a focus on point-of-care testing methodology. While most screening criteria are clearly met, there is slight uncertainty regarding the precise age range of all study participants.",4.6
"Rapid Test Ag 2019-nCoV (PROGNOSIS, BIOTECH, Larissa, Greece); Performance Evaluation in Hospital Setting with Real Time RT-PCR","M. Kyritsi, A. Vontas, I. Voulgaridi, Alexia Matziri, A. Komnos, D. Babalis, A. Papadogoulas, A. Oikonomou, V. Mouchtouri, M. Speletas, C. Hadjichristodoulou",10.3390/ijerph18179151,https://doi.org/10.3390/ijerph18179151,International Journal of Environmental Research and Public Health,6,2021,maybe,"The abstract doesn't explicitly state the age range of participants. While it mentions ""individuals,"" there's no clear indication whether children were included or if adult data was reported separately.",yes,This is a primary diagnostic accuracy study comparing rapid antigen tests against RT-PCR as the reference standard.,yes,"The study clearly reports rapid antigen test results separately, with specific sensitivity and specificity values for the PROGNOSIS rapid test.",yes,"The study reports clear diagnostic accuracy data, including sensitivity (85.5%), specificity (99.8%), and confidence intervals.",yes,"The study was conducted in both clinical settings and during mass screening, which satisfies the criterion.",yes,The study specifically evaluates a rapid antigen test (Rapid Test Ag 2019-nCoV) and not antibody tests or other diagnostics.,yes,The study evaluates a point-of-care rapid antigen test and uses RT-qPCR as the reference standard.,Include,"A comprehensive diagnostic accuracy study of a rapid antigen test for SARS-CoV-2, utilizing RT-qPCR as the reference standard and reporting detailed sensitivity and specificity metrics. The research demonstrates robust methodology across clinical and mass screening settings, with clear quantifiable outcomes. The only potential limitation is the lack of explicit confirmation regarding participant age range.",4.6
"Diagnostic Value of Rapid COVID-19 Antigen Test (Panbio, Abbott) Compared to RT- PCR in Suspected Cases of SARS-CoV-2 Infection at a Tertiary Care Center","M. Riaz, N. Din, S. Khan, Saadiya Mushtaq, B. Parveen",10.51253/pafmj.v72i6.7907,https://doi.org/10.51253/pafmj.v72i6.7907,Pakistan Armed Forces Medical Journal,0,2023,maybe,"The abstract doesn't explicitly state the age range of participants. While it mentions ""individuals"" and includes those with ""underlying health conditions,"" there's no clear indication whether children were excluded or if adult data was reported separately.",yes,This is a primary diagnostic accuracy study (cross-sectional design) comparing rapid antigen tests with RT-PCR.,yes,"The study clearly reports rapid antigen test results separately from RT-PCR results, with specific numbers provided for both positive and negative cases.",yes,"The study reports quantifiable diagnostic accuracy data, including positive and negative results for both tests, allowing calculation of sensitivity and specificity.",yes,The study was conducted in a clinical setting (tertiary care center) with community cases.,yes,The study specifically evaluates a rapid antigen test (Panbio COVID-19 Antigen Rapid Test) and not antibody or laboratory-based tests.,yes,The study evaluates a point-of-care rapid antigen test (Panbio) using RT-PCR as the reference standard.,Include,"A diagnostic accuracy study comparing rapid COVID-19 antigen tests with RT-PCR in a clinical setting, reporting comprehensive test performance data across multiple diagnostic parameters. The research meets most screening criteria, with robust methodology and clear reporting of test results, though participant age range remains uncertain. The study provides valuable insights into rapid antigen test performance using a point-of-care diagnostic approach.",4.6
"Real-world performance of SARS-CoV-2 rapid antigen testing through the Alpha-, Delta- and Omicron-dominant waves of the COVID-19 pandemic.","A. Domnich, A. Orsi, V. Ricucci, V. De Pace, Elvira Massaro, M. Ogliastro, B. Bruzzone, G. Icardi",10.1016/j.ijid.2023.07.029,https://doi.org/10.1016/j.ijid.2023.07.029,International Journal of Infectious Diseases,5,2023,maybe,"The abstract doesn't explicitly state the age range of participants. While it's a hospital setting study, we cannot confirm if only adults were included or if data was reported separately for adults.",yes,This is a primary diagnostic accuracy study analyzing real-world data with matched RT-PCR and RADT results.,yes,"The study clearly reports RADT results separately from RT-PCR, with specific matched comparisons between the two test types.",yes,"The study reports clear diagnostic accuracy measures including sensitivity (76.4%), specificity (99.4%), PPV (92.7%), and NPV (97.6%).",yes,The study was conducted in a clinical setting (large hospital).,yes,The study specifically evaluates rapid antigen detection tests (RADTs) for SARS-CoV-2.,yes,The study explicitly uses RT-PCR as the reference standard and evaluates point-of-care RADTs.,Include,"A comprehensive diagnostic accuracy study of rapid antigen tests for SARS-CoV-2 in a hospital setting, reporting detailed performance metrics including sensitivity, specificity, and predictive values across different COVID-19 variants. The research provides robust data on test performance using RT-PCR as a reference standard, with only minor uncertainty regarding participant age demographics. The study offers valuable insights into the clinical utility of rapid antigen detection tests during the COVID-19 pandemic.",4.6
Evaluation of Two Rapid Antigenic Tests for the Detection of SARS-CoV-2 in Nasopharyngeal Swabs,"Ysaline Seynaeve, Justine Heylen, Corentin Fontaine, François Maclot, C. Meex, AnhNguyet Diep, A. Donneau, M. Hayette, J. Descy",10.3390/jcm10132774,https://doi.org/10.3390/jcm10132774,Journal of Clinical Medicine,11,2021,maybe,"The abstract does not specify the age range of participants, so there is uncertainty around whether the study only includes non-pregnant adult participants or reports adult data separately.",yes,"This is a primary diagnostic accuracy study evaluating two rapid diagnostic tests against RT-PCR, which meets the study design criterion.",yes,"The study reports rapid antigen test results separately for two different tests (CoRDT and HeRDT), which meets the data reporting criterion.",yes,"The study reports quantifiable diagnostic accuracy data, specifically sensitivity (88% and 91.1% for HeRDT, 62% and 68.9% for CoRDT), which meets the outcome measures criterion.",yes,"The study was conducted in a clinical setting (University Hospital of Liège) under ""real-life"" laboratory conditions, which meets the study setting criterion.",yes,"The study explicitly evaluates rapid antigen tests (RDTs) for SARS-CoV-2, which meets the test methodology criterion.",yes,"The study evaluates point-of-care rapid antigen tests and uses RT-PCR as the reference standard (""gold standard""), which meets the test type and reference standard criterion.",Include,"A diagnostic accuracy study evaluating rapid antigen tests for SARS-CoV-2 using RT-PCR as a reference standard, with clear reporting of sensitivity and specificity across two test types. The research was conducted in a clinical setting and provides quantifiable diagnostic performance data, though uncertainty exists regarding participant age demographics. The study meets most screening criteria with robust methodology and comprehensive reporting.",4.3
"Diagnostic accuracy of the Panbio COVID-19 antigen rapid test device for SARS-CoV-2 detection in Kenya, 2021: A field evaluation","J. Irungu, P. Munyua, C. Ochieng, B. Juma, P. Amoth, F. Kuria, J. Kiiru, L. Makayotto, A. Abade, M. Bulterys, E. Hunsperger, G. Emukule, C. Onyango, T. Samandari, B. Barr, V. Akelo, H. Weyenga, P. Munywoki, G. Bigogo, Nancy A Otieno, J. Kisivuli, E. Ochieng', R. Nyaga, N. Hull, A. Herman-Roloff, R. Aman",10.1371/journal.pone.0277657,https://doi.org/10.1371/journal.pone.0277657,medRxiv,8,2022,maybe,"The abstract mentions ""persons of any age"" were enrolled, but doesn't specify if adult data was reported separately, creating some uncertainty about meeting this criterion.",yes,This is a primary diagnostic accuracy study evaluating the Panbio Ag RDT against RT-PCR as the reference standard.,yes,"The study clearly reports rapid antigen test results (Panbio Ag RDT) separately from RT-PCR results, with detailed performance metrics provided.",yes,"The study reports detailed diagnostic accuracy data including sensitivity, specificity, PPV, and NPV with confidence intervals.",yes,"The study was conducted in 11 health facilities in Kenya, which qualifies as a clinical setting.",yes,The study specifically evaluates a rapid antigen test (Panbio Ag RDT) for SARS-CoV-2.,yes,The study uses RT-PCR (specifically CDC's rRT-PCR) as the reference standard for evaluating the point-of-care rapid antigen test.,Include,"A comprehensive diagnostic accuracy study of a rapid antigen test for SARS-CoV-2 was conducted across multiple health facilities, utilizing RT-PCR as the reference standard and reporting detailed performance metrics. The research systematically evaluated test sensitivity and specificity across different patient populations, with robust methodology and clear reporting of diagnostic outcomes. While most screening criteria were definitively met, some uncertainty existed regarding the precise age distribution of study participants.",4.6
Brief Report Combined point of care SARS-CoV-2 nucleic acid and antibody testing in suspected moderate to severe COVID-19 disease.,"P. Mlcochova, D. Collier, A. Ritchie, S. Assennato, M. Hosmillo, N. Goel, B. Meng, Krishna Chatterjee, V. Mendoza, Nigel James Temperton, L. Kiss, L. James, K. Ciazynska, X. Xiong, J. Briggs, J. Nathan, F. Mescia, Hongyi Zhang, P. Barmpounakis, N. Demeris, R. Skells, P. Lyons, J. Bradley, Steven F. Baker, J. Allain, Kenneth G. C. Smith, I. Goodfellow, Ravindra K. Gupta",-,-,-,1,2020,maybe,"The abstract does not explicitly state the age range of participants, so it is uncertain whether the study includes only non-pregnant adult participants or if adult data is reported separately.",yes,"This is a primary diagnostic accuracy study that evaluates multiple testing methods against a reference standard, meeting the study design criterion.",no,"The study does not report rapid antigen test results separately from other test types. Instead, it focuses on antibody tests and nucleic acid tests.",yes,"The study does report quantifiable diagnostic accuracy data, including sensitivity and specificity measures with confidence intervals.",yes,"The study is conducted in a clinical setting (emergency department), meeting this criterion.",no,"The study evaluates antibody tests (IgG/IgM) and nucleic acid tests, but does not appear to include rapid antigen tests. The focus is on antibody detection and nucleic acid amplification tests.",no,"While the study does use RT-PCR as a reference standard (along with neutralization assay), it's not evaluating rapid antigen tests. The tests being evaluated are antibody tests and nucleic acid tests.",Exclude,"The study primarily focuses on antibody and nucleic acid tests for COVID-19 diagnosis, failing key screening criteria related to rapid antigen testing methodology. While demonstrating robust diagnostic accuracy research in an emergency department setting, the research does not meet the specific requirements for rapid antigen test evaluation. Critical screening criteria were not satisfied, particularly regarding test type and data reporting.",1.4
Performance of SARS-CoV-2 antigen testing in symptomatic and asymptomatic adults: a single-center evaluation,"S. Mitchell, S. Orris, Tanner J. Freeman, M. Freeman, Michelle Adam, M. Axe, Jamie Gribschaw, J. Suyama, A. Hoberman, A. Wells",10.1186/s12879-021-06716-1,https://doi.org/10.1186/s12879-021-06716-1,BMC Infectious Diseases,24,2021,no,No information is provided about the age of participants or whether they are pregnant/non-pregnant adults.,no,"The abstract does not clearly indicate if this is a primary diagnostic accuracy study or meta-analysis, as it appears to be discussing the general state of knowledge rather than presenting original data.",no,"The abstract does not explicitly state whether the study reports rapid antigen test results separately from other test types, so this information is unclear.",no,"The abstract mentions ""performance"" and ""sensitivity"" but doesn't explicitly state whether quantifiable diagnostic accuracy data is reported.",no,No information is provided about the study setting.,maybe,"The abstract does focus on antigen testing for SARS-CoV-2, so this criterion is partially met.",no,"While antigen testing is mentioned, there's no explicit mention of RT-PCR as the reference standard.",Exclude,"The abstract lacks critical details about study design, population characteristics, and specific diagnostic accuracy measures required by the screening criteria. Insufficient information is provided to confirm whether the study meets key methodological requirements for inclusion, such as test type, reference standard, and quantifiable outcome measures. The text appears more like a commentary on antigen testing limitations rather than a primary research report.",1.4
"Surveillance Testing for SARS-CoV-2 Infection in an Asymptomatic Athlete Population; The Experience of 123,362 Tests and 23,463 Paired RT-PCR/Antigen Samples","K. Harmon, Anabelle M. de. St. Maurice, Adam C. Brady, S. Swaminathan, D. Aukerman, M. Rueda, Kim Terrell, Randall P. Cohen, S. Gamradt, Sunday D. Henry, Lindsay M. Huston, D. Mcallister, K. M. McCarty, Anthony N. Pass, Stephen R. Paul, David J. Petron, S. Kliethermes",10.2139/SSRN.3826193,https://doi.org/10.2139/SSRN.3826193,Social Science Research Network,0,2021,yes,"The study focuses on collegiate athletes, who are by definition adults (18+ years). No mention of pregnant participants.",yes,This is a primary diagnostic accuracy study comparing antigen tests to RT-PCR in a real-world setting.,yes,"The study clearly reports rapid antigen test results separately from other test types, with detailed reporting of both antigen and RT-PCR results, including 23,463 paired tests.",yes,"The study reports quantifiable diagnostic accuracy data, including sensitivity (35.7%) and specificity (99.8%) with confidence intervals.",yes,The study is conducted in a clinical/community setting (collegiate athletic programs).,yes,The study specifically evaluates rapid antigen tests (Quidel Sofia-2 SARS-CoV-2 Antigen Tests).,yes,The study uses RT-PCR as the reference standard and evaluates point-of-care rapid antigen tests for SARS-CoV-2.,Include,"A comprehensive diagnostic accuracy study of rapid antigen testing for SARS-CoV-2 among collegiate athletes, utilizing RT-PCR as a reference standard and reporting detailed sensitivity and specificity metrics. The research meets all screening criteria, including a clear methodology, adult population, point-of-care testing, and quantifiable diagnostic accuracy measures across a large sample of participants. The study provides robust data on rapid antigen test performance in a clinical setting with high methodological rigor.",4.9
"Virus variant–specific clinical performance of SARS coronavirus two rapid antigen tests in point-of-care use, from November 2020 to January 2022","I. Wagenhäuser, Kerstin Knies, D. Hofmann, Vera Rauschenberger, M. Eisenmann, J. Reusch, A. Gabel, S. Flemming, O. Andres, N. Petri, M. Topp, M. Papsdorf, M. McDonogh, Raoul Verma-Führing, Agmal Scherzad, D. Zeller, H. Böhm, A. Gesierich, A. Seitz, M. Kiderlen, M. Gawlik, R. Taurines, T. Wurmb, R. Ernestus, Johannes Forster, D. Weismann, B. Weissbrich, L. Dölken, J. Liese, L. Kaderali, O. Kurzai, U. Vogel, M. Krone",10.1016/j.cmi.2022.08.006,https://doi.org/10.1016/j.cmi.2022.08.006,Clinical Microbiology and Infection,20,2022,maybe,"The abstract doesn't explicitly state the age range of participants. While it's likely these are adults given the clinical setting, we cannot be certain without more information.",yes,"This is a primary diagnostic accuracy study, specifically described as a ""single-centre prospective performance assessment"" comparing RDTs with RT-qPCR.",yes,"The study clearly reports rapid antigen test (RDT) results separately, with specific sensitivity and specificity values provided for RDTs compared to RT-qPCR.",yes,"The study reports clear diagnostic accuracy data, including sensitivity (38.50% with 95% CI) and specificity (99.67% with 95% CI).",yes,"The study was conducted in a ""clinical point-of-care setting.""",yes,"The study specifically evaluates rapid antigen tests (RDTs) from three manufacturers (NADAL, Panbio, MEDsan).",yes,"The study evaluates point-of-care rapid antigen tests and uses RT-qPCR as the reference standard, explicitly mentioned as ""RT-qPCR including deduced standardized viral load.""",Include,"A comprehensive diagnostic accuracy study comparing rapid antigen tests against RT-qPCR across multiple SARS-CoV-2 variants, demonstrating robust methodology with clear reporting of sensitivity and specificity. The research provides detailed performance assessment of point-of-care rapid antigen tests in a clinical setting, with only minor uncertainty regarding participant age range. Overall, the study meets most critical screening criteria with high-quality diagnostic data.",4.6
"A prospective nationwide observational study of agreement of antigen tests on oral pharyngeal swabs or less invasive testing with RT-qPCR, for detecting SARS-CoV-2 in adults: Protocol description (Preprint)","U. Schneider, J. Knudsen, A. Koch, N. Kirkby, J. Lisby",10.2196/preprints.35706,https://doi.org/10.2196/preprints.35706,-,0,2021,maybe,"The abstract does not explicitly state the age range of participants. While it mentions ""individuals,"" there's no clear indication whether children are included or excluded.",yes,This is a primary diagnostic accuracy study comparing RATs against RT-qPCR as the reference standard. The study includes both prospective and retrospective components with original data collection.,yes,"The study clearly separates rapid antigen test results from other test types and focuses on comparing 50 RATs against RT-qPCR, with clear separate reporting planned in multiple manuscripts.",yes,"The study explicitly plans to report quantifiable diagnostic accuracy data, including sensitivity, specificity, PPV, and NPV with 95% confidence intervals.",maybe,"While not explicitly stated, the study appears to be conducted in a clinical setting given the use of RT-qPCR as reference and the collection of deep oropharyngeal samples.",yes,"The study explicitly focuses on rapid antigen tests (both lateral flow and laboratory-based RATs), comparing them against RT-qPCR.",yes,The study clearly uses RT-qPCR as the reference standard and evaluates point-of-care rapid antigen tests for SARS-CoV-2.,Include,"A comprehensive diagnostic accuracy study comparing 50 rapid antigen tests against RT-qPCR, with clear methodology for evaluating sensitivity, specificity, and predictive values across multiple sample types. The research design meets most screening criteria, with only minor uncertainty regarding participant age range. The study provides a robust approach to assessing rapid antigen test performance for SARS-CoV-2 detection.",4.6
Evaluation of an Antigen Detection Rapid Diagnostic Test for Detection of SARS-CoV-2 in Clinical Samples,Athene Hoi-Ying Lam,10.3390/covid1040062,https://doi.org/10.3390/covid1040062,-,2,2021,maybe,"The abstract does not explicitly state the age range of participants, so it is unclear whether the study only included non-pregnant adult participants or if the data for adult participants were reported separately.",yes,This is a primary diagnostic accuracy study evaluating the performance of a specific rapid antigen test.,yes,"The study reports rapid antigen test results separately from other test types, as the abstract clearly focuses on the BLOK BioScience antigen detection rapid diagnostic test.",yes,"The study clearly reports quantifiable diagnostic accuracy data, including sensitivity (92% overall, 100% for Ct < 25, 11.11% for Ct ≥30) and specificity (97%).",yes,"The abstract mentions clinical samples and discusses application in ""pandemic areas or airport border infection control,"" suggesting a clinical/community setting.",yes,"The study specifically evaluates a rapid antigen test detecting SARS-CoV-2 nucleocapsid protein, not antibody tests or laboratory-based tests.",maybe,"While the study evaluates a point-of-care rapid antigen test, it is not entirely clear if RT-PCR was used as the reference standard. The study mentions RT-PCR in the context of viral load (Ct values) but does not explicitly state it as the reference standard.",Include,"A diagnostic accuracy study of a rapid antigen test for SARS-CoV-2 demonstrates high sensitivity and specificity across different viral load samples, with potential applications in pandemic screening. While the study meets most screening criteria, uncertainties remain regarding participant age range and explicit confirmation of the reference standard. The research provides valuable insights into rapid diagnostic testing methodology for COVID-19 detection.",4.3
Diagnostic performance of rapid antigen testing for SARS-CoV-2: the COVid-19 AntiGen (COVAG) extension study,"Christoph Wertenauer, Alexander Dressel, Eberhard Wieland, Hans-Jörg Wertenauer, Helmine Braitmaier, Anna Straub, Stefan Helfert, Nicolas Lützner, Winfried März",10.3389/fmed.2024.1352633,https://doi.org/10.3389/fmed.2024.1352633,Frontiers in Medicine,1,2024,maybe,"The abstract doesn't explicitly state the age range of participants. It mentions ""all-comers"" but doesn't specify if children were included or if data was separated by age groups.",yes,This is a primary diagnostic accuracy study comparing RATs against RT-PCR as the reference standard.,yes,"The study clearly reports rapid antigen test results separately, comparing two specific RATs (Panbio and SD Biosensor) with detailed sensitivity data.",yes,"The study reports detailed diagnostic accuracy data, including sensitivity (65% and 67% overall) and specificity (>99%) for both tests.",yes,"The study was conducted in a diagnostic center, which qualifies as a clinical setting.",yes,The study specifically evaluates rapid antigen tests (Panbio COVID-19 Ag Rapid Test and SD Biosensor Q SARS-CoV-2 Rapid Antigen Test).,yes,The study explicitly uses RT-PCR as the reference standard and evaluates point-of-care rapid antigen tests for SARS-CoV-2.,Include,"A comprehensive diagnostic accuracy study comparing two rapid antigen tests against RT-PCR, conducted in a clinical setting with detailed sensitivity and specificity reporting across different COVID-19 variants. The research provides robust methodology and quantifiable diagnostic performance data, with only minor uncertainty regarding participant age range. Multiple test performance metrics were analyzed, including variant-specific sensitivity and overall diagnostic accuracy.",4.6
Diagnostic accuracy of a new COVID-19 antigen test obtained by mid-turbinate swab.,"John A Epling, Matt Lowery, Alexandra M Mahoney, A. Baffoe-Bonnie, T. Locklear, M. Tenzer, P. Skolnik",10.1370/afm.20.s1.2920,https://doi.org/10.1370/afm.20.s1.2920,Annals of Family Medicine,1,2022,yes,"The abstract explicitly states the population studied was ""Adults with symptoms consistent with mild-moderate COVID-19.""",yes,This is a primary diagnostic accuracy study (prospective cohort study) reporting original data comparing antigen testing to PCR.,yes,"The study clearly reports rapid antigen test results separately, specifically using the Quidel Sofia™ antigen test with clear reporting of its performance metrics.",yes,"The study reports comprehensive diagnostic accuracy data including sensitivity (0.750), specificity (0.988), PPV, NPV, and likelihood ratios with 95% confidence intervals.",yes,"The study was conducted in an outpatient/primary care setting, which qualifies as a clinical setting.",yes,The study specifically evaluates a rapid antigen test (Quidel Sofia™) rather than antibody or laboratory-based tests.,yes,"The study evaluates a point-of-care rapid antigen test and uses RT-PCR as the reference standard, though it's worth noting they used mid-turbinate swabs for the antigen test rather than the approved nasopharyngeal swab technique.",Include,"A prospective cohort study of adult COVID-19 patients evaluated a rapid antigen test using mid-turbinate swabs against RT-PCR, reporting comprehensive diagnostic accuracy metrics including sensitivity, specificity, and predictive values. The research met all screening criteria by focusing on a point-of-care antigen test in a clinical setting, with clear reporting of test performance across multiple diagnostic parameters. Despite a smaller-than-planned sample size, the study provided detailed insights into rapid antigen testing methodology and diagnostic utility.",4.9
Diagnostic accuracy of SARS-CoV-2 rapid antigen self-tests in asymptomatic individuals in the omicron period: a cross-sectional study,"R. Venekamp, E. Schuit, L. Hooft, I. Veldhuijzen, W. van den Bijllaardt, S. Pas, V. Zwart, E. Lodder, M. Hellwich, M. Koppelman, R. Molenkamp, C. Wijers, I. H. Vroom, L. Smeets, C. Nagel-Imming, W. Han, S. van den Hof, J. Kluytmans, J. H. van de Wijgert, K. Moons",10.1016/j.cmi.2022.11.004,https://doi.org/10.1016/j.cmi.2022.11.004,Clinical Microbiology and Infection,19,2022,maybe,"The study includes participants ""aged ≥ 16 years,"" which means some participants are under 18 years old. This does not fully meet the criterion requiring adult participants (≥18 years) or separate reporting of adult data.",yes,"The study is explicitly described as a ""cross-sectional diagnostic test accuracy study"" with original data collection, which meets the criterion for a primary diagnostic accuracy study.",yes,"The study clearly reports rapid antigen test results separately for each test type (Flowflex, MPBio, and CLINITEST).",yes,"The study reports quantifiable diagnostic accuracy data, including sensitivity and specificity with confidence intervals, which meets the criterion for outcome measures.",yes,"The study was conducted in ""three public health service COVID-19 test sites,"" which qualifies as a clinical setting and meets the criterion for study setting.",yes,"The study specifically evaluates rapid antigen tests (self-tests) for SARS-CoV-2, which meets the criterion for test methodology.",yes,"The study uses RT-PCR as the reference standard and evaluates point-of-care rapid antigen tests, which meets the criterion for test type and reference standard.",Include,"A comprehensive diagnostic accuracy study of rapid antigen tests for SARS-CoV-2 was conducted across three public health sites, utilizing RT-PCR as a reference standard and reporting detailed sensitivity and specificity data. The research evaluated three different rapid antigen tests in asymptomatic individuals, with robust methodology and quantifiable outcomes, though the inclusion of participants aged 16 and above slightly deviates from strict adult-only criteria. Overall, the study provides valuable insights into the diagnostic performance of self-administered rapid antigen tests during the Omicron period.",4.6
"Meta-analysis of the clinical performance of commercial SARS-CoV-2 nucleic acid, antigen and antibody tests up to 22 August 2020","I. Van Walle, K. Leitmeyer, E. Broberg, The European COVID-19 microbiological laboratories group",10.1101/2020.09.16.20195917,https://doi.org/10.1101/2020.09.16.20195917,medRxiv,14,2020,maybe,"The abstract doesn't specify the age range of participants. It mentions ""hospitalised, mild or asymptomatic, or unknown"" populations but doesn't clarify if these are adults only or include children.",no,"This appears to be a systematic review/meta-analysis of 157 published studies and 12 EU/EEA Member States' data, rather than a primary diagnostic accuracy study, which is what the criteria specifically ask for.",maybe,"The abstract mentions both nucleic acid and antigen tests, but it's unclear if the antigen test results are reported separately from the other test types. The results appear to be pooled with other test types, making it unclear if the antigen test data can be isolated.",yes,"The study does report quantifiable diagnostic accuracy data, including sensitivity and specificity thresholds, meeting this criterion.",yes,"The study appears to include clinical settings (mentions hospitalized patients), meeting this criterion.",maybe,"The study does evaluate rapid antigen tests among other test types, so this criterion is partially met. However, it's not focused exclusively on antigen tests.",maybe,"While the study includes point-of-care tests, it doesn't explicitly state that RT-PCR was used as the reference standard. The abstract mentions ""clinical performance"" but doesn't specify the reference standard used.",Include,"The systematic review and meta-analysis presents challenges for meeting the screening criteria, particularly due to its non-primary study design and lack of clear separation of antigen test results. While the study reports diagnostic accuracy data and includes clinical settings, uncertainties around participant age range, reference standard, and test methodology prevent straightforward alignment with the specified screening requirements.",2.7
Comparison of five SARS-CoV-2 rapid antigen detection tests in a hospital setting and performance of one antigen assay in routine practice: a useful tool to guide isolation precautions?,"Eveline Van Honacker, Kristien Van Vaerenbergh, A. Boel, H. de Beenhouwer, Isabel Leroux-Roels, L. Cattoir",10.1016/j.jhin.2021.03.021,https://doi.org/10.1016/j.jhin.2021.03.021,Journal of Hospital Infection,18,2021,maybe,"The abstract doesn't explicitly state the age range of participants. While it's a hospital setting study, we cannot confirm if only adults were included or if data was reported separately for adults.",yes,This is a primary diagnostic accuracy study evaluating multiple rapid antigen tests against RT-PCR as the reference standard.,yes,"The study clearly reports rapid antigen test results separately, evaluating five different RAD assays with specific performance metrics.",yes,"The study reports quantifiable diagnostic accuracy data, including sensitivity (88.9% to 100%) and specificity (46.2% to 100%) for the different assays.",yes,The study is conducted in a clinical setting (hospital/emergency department).,yes,The study specifically evaluates rapid antigen tests (RAD assays) for SARS-CoV-2 detection.,yes,"The study evaluates point-of-care rapid antigen tests and uses RT-PCR as the reference standard (specifically mentioned as ""rRT-PCR-confirmed SARS-CoV-2-positive samples"").",Include,"A comprehensive diagnostic accuracy study evaluating five rapid antigen tests for SARS-CoV-2 in a hospital setting, using RT-PCR as the reference standard and reporting detailed sensitivity and specificity metrics. The research meets most screening criteria, with robust methodology and clear reporting of diagnostic performance across multiple test types. The only minor uncertainty relates to participant age range, which may be clarified in the full manuscript.",4.6
"Clinical validation of an open-access SARS-COV-2 antigen detection lateral flow assay, compared to commercially available assays","Christine M Bachman, Benjamin D Grant, Caitlin E. Anderson, Luis F Alonzo, Spencer Garing, S. Byrnes, Rafael Rivera, Stephen Burkot, Alexey Ball, James W. Stafford, Wenbo Wang, Dipayan Banik, Matthew D. Keller, D. Cate, K. P. Nichols, B. Weigl, P. Dewan",10.1371/journal.pone.0256352,https://doi.org/10.1371/journal.pone.0256352,PLoS ONE,16,2021,yes,"The study includes only adult participants, as the abstract specifically mentions ""Adult patients.""",yes,"This appears to be a primary diagnostic accuracy study, as the abstract indicates the study is comparing different rapid tests against RT-qPCR as the reference standard.",yes,"The study reports rapid antigen test results separately from other test types, as the abstract clearly compares the results of different rapid antigen tests (OA-LFA, Sofia®, and BinaxNOW™) against RT-qPCR.",yes,The study reports quantifiable diagnostic accuracy data in the form of positive predictive agreement percentages with confidence intervals.,maybe,"While not explicitly stated, the context of clinical validation with patients presenting with suspected COVID-19 symptoms suggests a clinical setting.",yes,"The study evaluates rapid antigen tests, specifically comparing OA-LFA, Sofia®, and BinaxNOW™, which are lateral flow assays.",yes,"The study evaluates point-of-care rapid antigen tests and uses RT-qPCR as the reference standard, both for anterior nares and nasopharyngeal sampling.",Include,"A diagnostic accuracy study of rapid antigen tests for SARS-CoV-2 in adult patients, comparing multiple lateral flow assays against RT-qPCR as a reference standard. The research reports quantifiable diagnostic performance metrics, including positive predictive agreement percentages, and appears to meet all key screening criteria for a comprehensive diagnostic validation study.",4.9
Rapid COVID‐19 antigenic tests: Usefulness of a modified method for diagnosis,"R. Soleimani, C. Deckers, Te-Din Huang, P. Bogaerts, S. Evrard, Isaline Wallemme, Boutaina Habib, Pauline Rouzé, O. Denis",10.1002/jmv.27094,https://doi.org/10.1002/jmv.27094,Journal of Medical Virology,13,2021,maybe,"The abstract only mentions ""suspected COVID-19 subjects"" without specifying age ranges, creating some uncertainty about whether the study meets the adult-only requirement.",yes,This is a primary diagnostic accuracy study comparing rapid antigen tests against RT-PCR as the reference standard.,yes,"The study clearly reports rapid antigen test results separately, comparing two specific devices (BioSpeedia and Panbio) against RT-PCR.",yes,"The study reports clear diagnostic accuracy data, including sensitivity (65.5% and 75.0%) and specificity (100.0%) for both devices.",yes,"While not explicitly stated, the context suggests a clinical setting given the use of nasopharyngeal swab samples and laboratory-based reference testing.",yes,The study specifically evaluates rapid immunochromatographic antigen testing devices.,yes,The study evaluates point-of-care rapid antigen tests (BioSpeedia and Panbio) using RT-PCR (Allplex™ SARS-CoV-2 Assay Seegene) as the reference standard.,Include,"A diagnostic accuracy study comparing two rapid antigen tests against RT-PCR, reporting comprehensive sensitivity and specificity data for SARS-CoV-2 detection in nasopharyngeal samples. The research meets most screening criteria, with robust methodology and clear outcome measures, though some uncertainty exists regarding participant age demographics. The study provides valuable insights into point-of-care diagnostic testing for COVID-19.",4.6
Field evaluation of the performance of seven Antigen Rapid diagnostic tests for the diagnosis of SARs-CoV-2 virus infection in Uganda,"J. Bwogi, T. Lutalo, Phionah Tushabe, H. Bukenya, J. P. Eliku, I. Ssewanyana, Susan Nabadda, C. Nsereko, M. Cotten, R. Downing, J. Lutwama, P. Kaleebu",10.1371/journal.pone.0265334,https://doi.org/10.1371/journal.pone.0265334,PLoS ONE,9,2022,maybe,"The abstract doesn't explicitly state the age range of participants. However, since it's conducted in isolation centers and points of entry, it likely includes adults, but we cannot be certain without more information.",yes,"This is a primary diagnostic accuracy study, specifically described as a ""cross-sectional prospective study"" evaluating diagnostic performance.",yes,"The study clearly reports rapid antigen test results separately, evaluating seven different Ag RDTs with their individual performance metrics.",yes,"The study reports quantifiable diagnostic accuracy data, including sensitivity and specificity values for different Ct cut-offs.",yes,"The study is conducted in a clinical setting, specifically mentioned as ""isolation centers and points of entry.""",yes,"The study specifically evaluates rapid antigen tests (Ag RDTs), not antibody tests or other diagnostics.",yes,"The study evaluates point-of-care rapid antigen tests for SARS-CoV-2 using qRT-PCR as the reference standard, with specific Ct cut-off values mentioned.",Include,"A comprehensive diagnostic accuracy study evaluating seven rapid antigen tests for SARS-CoV-2 using qRT-PCR as a reference standard, conducted in clinical settings with detailed performance metrics. The research systematically assessed test sensitivity and specificity across different viral load thresholds, providing robust data on point-of-care diagnostic performance. While most screening criteria were definitively met, the participant age range remained slightly uncertain.",4.6
Development of Lateral Flow Immunochromatographic Test for Rapid Detection of SARS-CoV-2 Virus Antigens in Clinical Specimens,"R. Sayed, M. S. Abousenna, S. A. Elsaady, R. Soliman, M. Saad",10.3390/nano12142477,https://doi.org/10.3390/nano12142477,Nanomaterials,8,2022,maybe,"The abstract does not specify the age range of participants or whether the study included pregnant individuals, creating a significant uncertainty that could affect inclusion.",yes,"The study appears to be a primary diagnostic accuracy study evaluating a new test methodology, as it reports original data comparing the LFI-COVID-19 test against RT-qPCR.",yes,"The study reports rapid antigen test results separately from other test types, as the abstract clearly states that the LFI-COVID-19 antigen test results are reported separately.",yes,"The study reports clear diagnostic accuracy data: 95% sensitivity, 98% specificity, and 97% accuracy.",maybe,"While the abstract mentions this is a point-of-care test, it doesn't explicitly state whether the evaluation was conducted in a clinical or community setting, creating some uncertainty.",yes,The study clearly evaluates a rapid antigen test (LFI-COVID-19 antigen test) for SARS-CoV-2 nucleocapsid proteins.,yes,The study uses RT-qPCR as the reference standard and evaluates a point-of-care rapid antigen test.,Include,"A rapid antigen test for SARS-CoV-2 was developed and evaluated using RT-qPCR as a reference standard, reporting high diagnostic accuracy with 95% sensitivity and 98% specificity. While the study meets most screening criteria, key uncertainties exist regarding participant age range and specific study setting, which could potentially impact systematic review inclusion.",4
Accuracy of rapid antigen detection test for nasopharyngeal swab specimens and saliva samples in comparison with RT-PCR and viral culture for SARS-CoV-2 detection,"Y. Uwamino, Mika Nagata, Wataru Aoki, Terumichi Nakagawa, Rika Inose, H. Yokota, Y. Furusawa, Yuko Sakai-Tagawa, K. Iwatsuki-Horimoto, Y. Kawaoka, N. Hasegawa, M. Murata",10.1016/j.jiac.2021.04.010,https://doi.org/10.1016/j.jiac.2021.04.010,Journal of Infection and Chemotherapy,19,2021,maybe,"The abstract does not explicitly state the age range of participants, creating some uncertainty about whether the study meets this criterion.",yes,This is a primary diagnostic accuracy study evaluating RAD tests against reference standards.,yes,"The study clearly reports rapid antigen test results separately, comparing them with RT-PCR and viral culture results.",yes,"The study reports quantifiable diagnostic accuracy data, including concordance rates and kappa coefficients.",yes,"The study appears to be conducted in a clinical setting, as it mentions ""clinics"" in the introduction.",yes,The study specifically evaluates rapid antigen detection (RAD) tests for SARS-CoV-2.,yes,"The study uses RT-PCR as one of the reference standards, along with viral culture. The RAD tests are point-of-care tests being evaluated.",Include,"A diagnostic accuracy study evaluating rapid antigen tests for SARS-CoV-2 using RT-PCR and viral culture as reference standards, with comprehensive reporting of test performance across nasopharyngeal swab and saliva samples. The research provides detailed quantifiable data on test concordance and sensitivity, though uncertainty exists regarding the specific age range of participants. The study meets most screening criteria with robust methodology and clear reporting of diagnostic test performance.",4.6
Ultra-sensitive Severe Acute Respiratory Syndrome Coronavirus 2 (SARS-CoV-2) Antigen Detection for the Diagnosis of Coronavirus Disease 2019 (COVID-19) in Upper Respiratory Samples,"Hannah Wang, C. Hogan, M. Verghese, D. Solis, M. Sibai, ChunHong Huang, J. Zehnder, M. Sahoo, B. Pinsky",10.1093/cid/ciab063,https://doi.org/10.1093/cid/ciab063,Clinical Infectious Diseases,11,2021,maybe,"The abstract does not specify the age range of participants or whether they are pregnant/non-pregnant adults, so there is significant uncertainty about the population age.",yes,"This appears to be a primary diagnostic accuracy study evaluating a specific antigen test against RT-PCR, as the study includes both retrospective and prospective specimens.",yes,"The study reports rapid antigen test results separately from other test types, as the abstract clearly shows specific agreement percentages with RT-PCR for the S-PLEX antigen test.",yes,The study reports quantifiable diagnostic accuracy data in the form of positive and negative percent agreement.,maybe,"The abstract mentions ""upper respiratory specimens"" but doesn't explicitly state whether the study was conducted in a clinical or community setting, so there is some uncertainty about the study setting.",no,"The study evaluates an antigen test (S-PLEX nucleocapsid antigen assay), but it's described as ""ultra-sensitive"" and appears to be a laboratory-based test rather than a point-of-care rapid antigen test, which is a potential failure of this criterion.",maybe,"While the study uses RT-PCR as the reference standard, the test itself appears to be a laboratory-based assay rather than a point-of-care rapid antigen test, so this criterion is only partially met.",Include,"A laboratory-based SARS-CoV-2 antigen test was evaluated against RT-PCR, demonstrating high diagnostic accuracy in upper respiratory specimens. However, critical screening criteria were not fully met, particularly regarding test methodology and participant demographics, which introduces significant uncertainty about the study's alignment with the specified requirements.",2.5
Performance of the LIAISON® SARS-CoV-2 Antigen Assay vs. SARS-CoV-2-RT-PCR,"M. Fiedler, Caroline Holtkamp, U. Dittmer, O. Anastasiou",10.3390/pathogens10060658,https://doi.org/10.3390/pathogens10060658,Pathogens,9,2021,maybe,"The abstract does not explicitly state the age range of participants, creating uncertainty about whether the study meets the adult-only requirement.",yes,This is a primary diagnostic accuracy study comparing antigen test results against RT-PCR.,yes,"The study clearly reports rapid antigen test results separately, comparing the LIAISON® SARS-CoV-2 antigen assay against RT-PCR.",yes,"The study reports clear diagnostic accuracy data, including sensitivity (70-92%) and specificity (81-100%) at different cut-offs.",maybe,"While the study involves clinical samples, it's not entirely clear if this was conducted in a clinical or community setting. However, the use of nasopharyngeal swabs suggests a clinical setting.",yes,The study specifically evaluates a rapid antigen test (LIAISON® SARS-CoV-2 antigen assay) rather than antibody or laboratory-based tests.,yes,The study uses RT-PCR as the reference standard and evaluates a point-of-care rapid antigen test for SARS-CoV-2.,Include,"A diagnostic accuracy study comparing a rapid antigen test against RT-PCR for SARS-CoV-2 detection, reporting comprehensive sensitivity and specificity data across different test cut-offs. The research evaluates a point-of-care antigen test using clinical samples, with clear methodological details and quantifiable diagnostic performance metrics. The primary limitation is the absence of explicit information about participant age range.",4.3
The Agreement Between Reverse Transcriptase-Polymerase Chain Reaction (RT-PCR) and Rapid Antigen Test (RAT) in Diagnosing COVID-19,"Rupesh Sahu, Amarnath Gupta, S. Rawat, Abhijit Das",10.7759/cureus.29266,https://doi.org/10.7759/cureus.29266,Cureus,2,2022,maybe,"While not explicitly stated that all participants are adults, the mean age is 39.8 years (±19.0), suggesting an adult population. However, there's some uncertainty as the range isn't specified.",yes,"This is a primary diagnostic accuracy study comparing RAT with RT-PCR, using original data from a retrospective analysis.",yes,"The study clearly reports rapid antigen test (RAT) results separately from RT-PCR results, as evidenced by the paired data analysis comparing both tests.",maybe,"While the study reports agreement between tests using Cohen's kappa (κ=0.646), it doesn't explicitly report sensitivity and specificity values in the abstract. However, these measures are likely available in the full paper.",yes,The study was conducted in a clinical setting (Government Bundelkhand Medical College virology laboratory).,yes,The study specifically evaluates rapid antigen tests (RAT) for SARS-CoV-2 detection.,yes,The study uses RT-PCR as the reference standard and evaluates point-of-care rapid antigen tests.,Include,"A retrospective diagnostic accuracy study comparing rapid antigen tests with RT-PCR for SARS-CoV-2 detection, conducted in a clinical setting with an adult population. The research meets most screening criteria, with robust methodology evaluating point-of-care testing using a reference standard, though minor uncertainties exist regarding precise age range and explicit sensitivity/specificity reporting. The study provides valuable insights into rapid antigen test performance for COVID-19 diagnosis.",4.6
COVID-19 rapid antigen testing strategies must be evaluated in intended use settings,"J. Dinnes, Clare F. Davenport",10.1016/j.lanwpc.2022.100542,https://doi.org/10.1016/j.lanwpc.2022.100542,The Lancet Regional Health - Western Pacific,2,2022,maybe,"The abstract does not explicitly state the age range of participants, so it is uncertain whether the study only includes non-pregnant adult participants or if the data of adult participants are reported separately.",yes,"This is a primary diagnostic accuracy study evaluating the Abbott Panbio™ RAT in a hospital emergency department setting, and the study reports original data on test performance.",yes,"The study reports rapid antigen test (RAT) results separately from RT-PCR results, and the study specifically focuses on RAT performance and reports distinct accuracy metrics for RATs.",yes,"The study reports quantifiable diagnostic accuracy data, including sensitivity (75.5% overall) and specificity (100%).",yes,The study was conducted in a clinical setting (emergency department).,yes,The study specifically evaluates rapid antigen tests (Abbott Panbio™ RAT) and compares them with RT-PCR.,yes,The study uses RT-PCR as the reference standard and evaluates point-of-care rapid antigen tests for SARS-CoV-2.,Include,"A comprehensive diagnostic accuracy study of rapid antigen testing for SARS-CoV-2 in an emergency department setting, reporting detailed performance metrics including sensitivity and specificity. The research meets most screening criteria, with robust methodology comparing rapid antigen tests against RT-PCR as a reference standard, though slight uncertainty exists regarding participant age range. The study provides valuable insights into point-of-care testing strategies during COVID-19 transmission periods.",4.6
A prospective clinical evaluation of the diagnostic accuracy of the SARS-CoV-2 rapid antigen test using anterior nasal samples,"Y. Akashi, M. Horie, Yuto Takeuchi, Kenichi Togashi, Yuki Adachi, A. Ueda, S. Notake, Koji Nakamura, N. Terada, Y. Kurihara, Y. Kiyasu, Hiromichi Suzuki",10.1016/j.jiac.2022.02.016,https://doi.org/10.1016/j.jiac.2022.02.016,Journal of Infection and Chemotherapy,8,2022,maybe,"The abstract doesn't explicitly state the age range of participants, so it's unclear if the study only includes non-pregnant adult participants or if the data of adult participants are reported separately.",yes,This is a primary diagnostic accuracy study comparing rapid antigen tests against RT-PCR as the reference standard.,yes,"The study clearly reports rapid antigen test results separately, with specific sensitivity and specificity values provided for the rapid antigen test.",yes,"The study reports clear diagnostic accuracy data, including sensitivity and specificity values for both symptomatic and asymptomatic cases.",yes,"While not explicitly stated, the context of screening for SARS-CoV-2 infection suggests a clinical setting.",yes,"The study specifically evaluates the Roche SARS-CoV-2 rapid antigen test, which is clearly an antigen test rather than an antibody or laboratory-based test.",yes,The study uses RT-PCR as the reference standard and evaluates a point-of-care rapid antigen test for SARS-CoV-2.,Include,"A comprehensive diagnostic accuracy study of SARS-CoV-2 rapid antigen testing using RT-PCR as a reference standard, with detailed sensitivity and specificity reporting across symptomatic and asymptomatic cases. The research provides robust methodology and clear outcome measures, though participant age range remains slightly ambiguous. Overall, the study meets most screening criteria with high methodological rigor and relevant clinical insights.",4.6
Evaluation of Two Rapid Antigen Tests for Detection of SARS-CoV-2 Virus,"S. Khairat, Nancy El Guindy, Mohammad Salah Eldeen Abdel Motaleb, N. Soliman",10.11648/J.IJMB.20200503.18,https://doi.org/10.11648/J.IJMB.20200503.18,-,13,2020,maybe,The abstract does not specify the age range of participants or whether they are adults. This is a significant uncertainty.,yes,This is a primary diagnostic accuracy study comparing antigen tests against RT-PCR as the reference standard.,yes,"The study clearly reports rapid antigen test results separately, comparing two specific antigen tests (BIOCREDIT and Standard Q) with RT-PCR.",yes,"The study reports clear quantifiable diagnostic accuracy data, including sensitivity and specificity for both tests under different viral load conditions.",maybe,"While the study appears to be conducted in a clinical setting (given the use of RT-PCR and laboratory samples), this isn't explicitly stated in the abstract.",yes,The study specifically evaluates rapid antigen tests (BIOCREDIT COVID-19 Ag and Standard Q COVID-19 Ag).,yes,The study evaluates point-of-care rapid antigen tests and uses RT-PCR as the reference standard.,Include,"A diagnostic accuracy study comparing two rapid antigen tests for SARS-CoV-2 using RT-PCR as a reference standard, with clear reporting of sensitivity and specificity across different viral load conditions. The study demonstrates promising performance of point-of-care antigen tests, though uncertainty exists regarding participant age range and precise study setting. Quantifiable diagnostic accuracy data and methodological rigor characterize this investigation of COVID-19 diagnostic approaches.",4
Diagnostic Performance Evaluation of SARS-CoV-2 Antigen Test Compared with Reverse Transcription Polymerase Chain Reaction,S. Song,10.15263/jlmqa.2023.45.1.25,https://doi.org/10.15263/jlmqa.2023.45.1.25,Journal of Laboratory Medicine and Quality Assurance,0,2023,maybe,"The abstract doesn't explicitly state the age range of participants. While it mentions ""patients in the emergency department,"" it doesn't specify whether children were included or excluded.",yes,"This is a primary diagnostic accuracy study comparing RAT with RT-PCR, reporting original data from 515 samples.",yes,"The study clearly reports rapid antigen test results separately from RT-PCR results, with distinct positive rates and separate diagnostic accuracy calculations.",yes,"The study reports comprehensive diagnostic accuracy data including sensitivity (59.5%), specificity (99.8%), PPV, NPV, accuracy (96.5%), and kappa value (0.718).",yes,The study was conducted in a clinical setting (emergency department).,yes,The study specifically evaluates rapid antigen tests (Standard Q COVID-19 Ag test) and clearly distinguishes this from RT-PCR.,yes,The study evaluates point-of-care rapid antigen tests and uses RT-PCR (Real-Q direct SARS-CoV-2 detection kit) as the reference standard.,Include,"A comprehensive diagnostic accuracy study comparing rapid antigen tests with RT-PCR in an emergency department setting, reporting detailed performance metrics across multiple diagnostic parameters. The research meets most screening criteria, with robust methodology and clear reporting of test characteristics, though participant age range remains uncertain. The study provides valuable insights into rapid antigen test performance for SARS-CoV-2 detection.",4.6
Rapid antigen test as a screening tool for SARS-CoV-2 infection: Head-to-head comparison with qRT-PCR in Ethiopia,"Dabesa Gobena, E. Gudina, G. Gebre, T. Degfie, Zeleke Mekonnen",10.1016/j.heliyon.2023.e23518,https://doi.org/10.1016/j.heliyon.2023.e23518,Heliyon,0,2023,maybe,"The abstract doesn't explicitly state the age range of participants. While it mentions ""patients who visited the hospitals for various medical conditions,"" there's no specific mention of age restrictions or separate reporting for adults.",yes,This is a primary diagnostic accuracy study comparing Ag-RDT results with qRT-PCR as the reference standard.,yes,"The study clearly reports rapid antigen test results separately, with specific sensitivity and specificity values for the Panbio™ COVID-19 Ag rapid test.",yes,"The study reports clear diagnostic accuracy data, including sensitivity (33.3%), specificity (99.3%), and area under the ROC curve (0.67) with confidence intervals.",yes,"The study was conducted in six referral hospitals, which qualifies as a clinical setting.",yes,The study specifically evaluates rapid antigen tests (Panbio™ COVID-19 Ag rapid test device) for SARS-CoV-2 detection.,yes,"The study uses point-of-care rapid antigen tests and qRT-PCR as the reference standard, which is explicitly stated in the methods and results.",Include,"A diagnostic accuracy study of rapid antigen tests for SARS-CoV-2 was conducted in Ethiopian hospitals, comparing test results against qRT-PCR with comprehensive reporting of sensitivity, specificity, and diagnostic performance. The research meets most screening criteria, with robust methodology and clear outcome measures, though participant age range remains uncertain. The study provides valuable insights into point-of-care testing for COVID-19, highlighting both strengths and limitations of rapid antigen diagnostic approaches.",4.6
CovidNudge: diagnostic accuracy of a novel lab-free point-of-care diagnostic for SARS-CoV-2,"M. Gibani, C. Toumazou, M. Sohbati, R. Sahoo, M. Karvela, Tsz-Kin Hon, S. de Mateo, A. Burdett, K. Leung, J. Barnett, A. Orbeladze, S. Luan, S. Pournias, J. Sun, B. Flower, J. Bedzo-Nutakor, M. Amran, R. Quinlan, K. Skolimowska, R. Klaber, G. Davies, D. Muir, P. Randell, D. Crook, G. Taylor, W. Barclay, N. Mughal, Luke S.P. Moore, K. Jeffery, G. Cooke",10.1101/2020.08.13.20174193,https://doi.org/10.1101/2020.08.13.20174193,medRxiv,4,2020,maybe,"The abstract doesn't explicitly state the age range of participants. While it includes healthcare workers and hospital patients, there's no clear indication that only adults were included or that adult data was reported separately, creating uncertainty for this criterion.",yes,"The study is a primary diagnostic accuracy study comparing the CovidNudge platform against standard laboratory RT-PCR, which meets the criterion.",no,"The study reports results for a rapid point-of-care RT-PCR test (CovidNudge) separately from standard laboratory RT-PCR. However, this is not a rapid antigen test, but rather a rapid PCR test, which fails to meet the criterion.",yes,"The study clearly reports quantifiable diagnostic accuracy data, including sensitivity (94.4%) and specificity (100%) with confidence intervals, which meets the criterion.",yes,"The study was conducted in clinical settings (healthcare workers, emergency department, and hospital inpatients), which meets the criterion.",no,"The study evaluates a rapid point-of-care RT-PCR test, not a rapid antigen test, which fails to meet the criterion.",no,"While the study does use RT-PCR as a reference standard, the test being evaluated is not a rapid antigen test but rather a rapid PCR test, which fails to meet the criterion.",Exclude,"The study evaluates a rapid point-of-care RT-PCR test for SARS-CoV-2, which fundamentally differs from the required rapid antigen test methodology. Critical screening criteria related to test type are not met, specifically the requirements for rapid antigen testing and separate reporting of antigen test results. Despite strong methodological rigor and comprehensive diagnostic accuracy reporting, the core test type disqualifies the study from meeting the established screening criteria.",1.4
Multicenter evaluation of the Panbio™ COVID-19 rapid antigen-detection test for the diagnosis of SARS-CoV-2 infection,"Paloma Merino, J. Guinea, I. Muñoz-Gallego, Patricia González-Donapetry, J. Galán, Nerea Antona, G. Cilla, S. Hernáez-Crespo, José Luis Díaz-de Tuesta, Ana Gual-de Torrella, F. González-Romo, P. Escribano, M. Sánchez-Castellano, Mercedes Sota-Busselo, A. Delgado-Iribarren, Julio García, Rafael Cantón, Patricia Muñoz, M. D. Folgueira, M. Cuenca-Estrella, Jesús Oteo-Iglesias, S. Medrano, Alba Pérez, A. Galar, Oscar Martínez-Expósito, Izaskun Alejo-Cancho, M. C. Martín-Higuera, M. Rolo, M. J. Estévez, Tania Bravo, Diego Vicente, Mila Montes",10.1016/j.cmi.2021.02.001,https://doi.org/10.1016/j.cmi.2021.02.001,Clinical Microbiology and Infection,14,2021,maybe,"The abstract doesn't explicitly state the age range of participants. While it mentions ""individuals with clinical symptoms or epidemiological criteria,"" it doesn't specify if children were excluded or if adult data was reported separately.",yes,"This is a primary diagnostic accuracy study, explicitly described as a ""prospective multicentre study"" evaluating diagnostic performance.",yes,"The study clearly reports rapid antigen test results (PanbioRT) separately from RT-PCR results, with specific sensitivity and specificity values provided.",yes,"The study reports clear diagnostic accuracy data, including sensitivity (90.5%), specificity (98.8%), and confidence intervals.",yes,The study was conducted in clinical settings (ten Spanish university hospitals).,yes,The study specifically evaluates a rapid antigen test (Panbio™ COVID-19 Ag Rapid Test Device) for SARS-CoV-2 detection.,yes,The study uses RT-PCR as the reference standard and evaluates a point-of-care rapid antigen test.,Include,"A prospective multicentre diagnostic accuracy study evaluating a rapid antigen test for SARS-CoV-2, with comprehensive reporting of sensitivity, specificity, and confidence intervals across multiple clinical settings. The research meets most screening criteria, demonstrating robust methodology in testing point-of-care diagnostic performance, though participant age range remains slightly ambiguous. Precise diagnostic accuracy data and use of RT-PCR as a reference standard provide strong scientific validity.",4.6
Rapid antigen tests for SARS-CoV-2-a synopsis of the medical evidence.,"Christoph Wertenauer, Dr. rer. nat. Caroline Pfeifer, Dr. med. Martin Roskos, Univ. Prof. Dr. med. Winfried März",10.1016/j.diagmicrobio.2023.116027,https://doi.org/10.1016/j.diagmicrobio.2023.116027,Diagnostic microbiology and infectious disease,7,2023,maybe,The abstract does not specify any population age groups or characteristics.,no,"This appears to be a review or commentary paper discussing the general characteristics and limitations of antigen RDTs, not a primary diagnostic accuracy study or meta-analysis reporting original data.",no,The abstract discusses antigen rapid diagnostic tests (RDTs) but does not present specific test results. It appears to be a review or commentary rather than a primary data reporting study.,no,"While the abstract mentions sensitivity as a concept, it does not report specific quantifiable diagnostic accuracy data.",maybe,The abstract mentions clinical settings but appears to be discussing them generally rather than reporting results from a specific study setting.,yes,"The paper does focus on rapid antigen tests (Ag-RDTs) specifically, comparing them to RT-PCR.",maybe,"The paper mentions both rapid antigen tests and RT-PCR as reference standard, but does not present original comparative data.",Exclude,"The abstract discusses rapid antigen tests for SARS-CoV-2 but lacks original diagnostic accuracy data, failing key screening criteria for a primary research study. While addressing test methodology and reference standards, the text appears to be a review or commentary that does not meet requirements for quantifiable diagnostic performance reporting. Critical elements such as specific population characteristics, study design, and outcome measures are not sufficiently addressed.",1.4
"Evaluation of the accuracy and ease-of-use of Abbott PanBio - A WHO emergency use listed, rapid, antigen-detecting point-of-care diagnostic test for SARS-CoV-2","L. J. Krüger, M. Gaeddert, F. Tobian, F. Lainati, Claudius Gottschalk, J. Klein, Paul Schnitzler, H. Kräusslich, O. Nikolai, A. Lindner, F. P. Mockenhaupt, J. Seybold, V. Corman, V. Corman, Christian Drosten, Christian Drosten, N. Pollock, B. Knorr, A. Welker, M. D. Vos, J. Sacks, C. Denkinger",10.1101/2020.11.27.20239699,https://doi.org/10.1101/2020.11.27.20239699,medRxiv,13,2020,maybe,"The abstract doesn't explicitly state the age range of participants, so it's uncertain whether the study only includes non-pregnant adult participants or if the data of adult participants are reported separately.",yes,"The study is explicitly described as a ""prospective, multi-centre diagnostic accuracy study"" with original data collection.",yes,The study clearly reports rapid antigen test results (Abbott PanBio) separately from RT-PCR results.,yes,"The study reports clear diagnostic accuracy data, including sensitivity (86.8%) and specificity (99.9%) with confidence intervals.",yes,The study was conducted in clinical settings (two sites in Germany) with routine testing protocols.,yes,The study specifically evaluates a rapid antigen test (Abbott PanBio Ag-RDT) for SARS-CoV-2.,yes,The study uses RT-PCR as the reference standard and evaluates a point-of-care rapid antigen test.,Include,"A comprehensive diagnostic accuracy study of a rapid antigen test for SARS-CoV-2, conducted across two clinical sites in Germany, provides robust data on test performance using RT-PCR as a reference standard. The research meets most screening criteria, with high-quality reporting of sensitivity, specificity, and test methodology, though participant age range remains slightly uncertain. The study's rigorous design and detailed outcome measures make it a valuable contribution to understanding rapid diagnostic testing for COVID-19.",4.7
A Study on Comparative Analysis of Rapid Antigen and Reverse Transcription-Polymerase Chain Reaction Testing for SARS-coV-2 Detection at a Tertiary Care Hospital,"S. Pavani, M. Srinath, Palwai Jason, S. Mehreen, V. Ravi, Surya Prem Kumar, Sudha Rani Vannavada",10.4103/ojmr.ojmr_15_23,https://doi.org/10.4103/ojmr.ojmr_15_23,Osmania Journal of Medical Research,0,2024,maybe,"The abstract does not specify the age range of participants or whether data is reported separately for adults, so there is significant uncertainty about the population age.",yes,The study appears to be a primary diagnostic accuracy study comparing rapid antigen tests with RT-PCR.,yes,"The study reports rapid antigen test results separately from other test types, as evidenced by the clear reporting of 230 positive and 1052 negative results for rapid testing.",yes,"While the abstract doesn't explicitly state sensitivity/specificity, it provides raw data that would allow these calculations (246 RT-PCR positives, 230 rapid test positives, 1052 RT-PCR negatives, 1052 rapid test negatives).",yes,"The study appears to be conducted in a clinical setting, with collection of clinical specimens.",yes,The study explicitly evaluates rapid antigen tests (lateral flow immunoassays) for SARS-CoV-2.,yes,The study uses RT-PCR as the reference standard and evaluates point-of-care rapid antigen tests.,Include,"A diagnostic accuracy study comparing rapid antigen tests with RT-PCR demonstrates strong methodological alignment across multiple screening criteria, including appropriate test methodology, reference standard, and outcome reporting. The primary uncertainty lies in the lack of explicit confirmation regarding participant age range, which introduces a potential limitation in meeting all screening requirements. Despite this, the study provides comprehensive data on SARS-CoV-2 testing performance with a large sample size and clear comparative analysis.",4.3
Comparison of the quantitative DiaSorin Liaison antigen test to RT-PCR for the diagnosis of COVID-19 in symptomatic and asymptomatic outpatients,"S. Lefever, Christophe Indevuyst, L. Cuypers, K. Dewaele, N. Yin, Frédéric Cotton, E. Padalko, M. Oyaert, J. Descy, E. Cavalier, Marc Van Ranst, E. André, K. Lagrou, P. Vermeersch",-,-,-,5,2021,maybe,"The abstract does not explicitly state the age range of participants. While it mentions ""individuals consulting their GP,"" there's no clear indication whether children were excluded or if adult data was reported separately.",yes,This is a primary diagnostic accuracy study comparing the DiaSorin Liaison antigen test against RT-PCR as the reference standard.,yes,"The study clearly reports rapid antigen test results separately, specifically for the DiaSorin Liaison SARS-CoV-2 antigen test. The results are presented distinctly from RT-PCR results.",yes,"The study reports clear diagnostic accuracy data, including sensitivity (67.7%) and specificity (100%) with confidence intervals, as well as detailed performance at different viral loads.",yes,The study was conducted in a clinical setting (general practitioner offices) during a period of virus circulation.,yes,"The study specifically evaluates a rapid antigen test (DiaSorin Liaison SARS-CoV-2 antigen test), not antibody tests or other diagnostics.",yes,The study uses RT-PCR as the reference standard and evaluates a point-of-care rapid antigen test for SARS-CoV-2.,Include,"A diagnostic accuracy study evaluating a rapid antigen test for SARS-CoV-2 using RT-PCR as the reference standard, conducted in a clinical setting with comprehensive reporting of sensitivity and specificity. The study meets most screening criteria, with only minor uncertainty regarding participant age range. Detailed performance metrics across different viral loads provide robust insights into test diagnostic capabilities.",4.6
Diagnostic performance of antigen testing for SARS-CoV-2,"Álvaro Marchán-López, B. A. Garcia",10.1016/j.jpeds.2021.02.052,https://doi.org/10.1016/j.jpeds.2021.02.052,Jornal de Pediatria,1,2021,no,"The study specifically focuses on the ""pediatric population"" and ""pediatric patients,"" which fails to meet the criterion requiring adult participants (18+ years).",yes,"The study appears to be a primary diagnostic accuracy study comparing the Panbio rapid antigen test against RT-PCR, meeting this criterion.",yes,"The study reports rapid antigen test results (Panbio SARS-CoV-2 antigen rapid test) separately from RT-PCR results, meeting this criterion.",yes,"The abstract reports quantifiable diagnostic accuracy data, including sensitivity (45.4%), specificity (99.8%), and positive predictive value (92.5%), meeting this criterion.",yes,"The study appears to be conducted in a clinical setting, mentioning ""emergency department practice"" and ""multicenter"" involvement, meeting this criterion.",yes,"The study evaluates a rapid antigen test (Panbio SARS-CoV-2 antigen rapid test), not antibody tests or laboratory-based tests, meeting this criterion.",yes,"The study uses RT-PCR as the reference standard for the Panbio rapid antigen test, meeting this criterion.",Exclude,"A pediatric-focused diagnostic accuracy study comparing rapid antigen testing to RT-PCR fails to meet the age requirement for adult participants. Despite robust methodology and comprehensive reporting of diagnostic performance metrics, the exclusive focus on pediatric patients disqualifies the study from meeting all screening criteria. The research provides valuable insights into SARS-CoV-2 testing in children but does not align with the specified population parameters.",1.4
Diagnostic Accuracy of SARS-CoV-2 Nucleocapsid Antigen Self-Test in Comparison to Reverse Transcriptase–Polymerase Chain Reaction,"Ajaikumar Sukumaran, V. Suvekbala, Arun Krishnan R, R. E. Thomas, Aneesh Raj, Thushara Thomas, B. Abhijith, Jisha Jose, J. K. Paul, D. Vasudevan",10.1093/jalm/jfac023,https://doi.org/10.1093/jalm/jfac023,The Journal of Applied Laboratory Medicine,5,2022,maybe,The abstract does not specify the age range of participants or whether they are non-pregnant adults. This is a significant uncertainty.,yes,This appears to be a primary diagnostic accuracy study comparing AG-Q COVID-19 N-Ag rapid test kit against RT-PCR.,yes,"The study clearly reports rapid antigen test results separately from RT-PCR results, with specific discussion of false-negative results and comparison between the two test types.",maybe,"While the abstract mentions ""sensitivity and diagnostic accuracy,"" it doesn't explicitly report specific sensitivity/specificity values. However, it does discuss false-negative results and comparison with RT-PCR.",yes,"The study appears to be conducted in a clinical setting, with discussion of laboratory/hospital-based testing.",yes,The study specifically evaluates a rapid antigen test (AG-Q COVID-19 N-Ag self-test kit) that detects nucleocapsid antigen.,yes,The study evaluates a point-of-care rapid antigen test using RT-PCR as the reference standard (specifically mentions COVIPATH COVID-19 RT-PCR kit).,Include,"A diagnostic accuracy study comparing a rapid antigen test with RT-PCR demonstrates strong methodological alignment with most screening criteria, including test type, reference standard, and study design. The primary uncertainty lies in the lack of explicit information about participant age groups, which introduces a potential limitation in fully meeting all screening requirements. Despite this, the study provides valuable insights into rapid antigen test performance and diagnostic accuracy.",4.3
Value of Rapid antigen test in comparison with RT-PCR method for diagnosis of COVID-19,"A. Mirahmadizadeh, B. Yeganeh, J. Hassanzadeh, L. Badiee, M. Vali, Z. Maleki, A. Akbari, Tahereh Pakdel, H. Ghaem",10.4274/mjima.galenos.2021.2021.2,https://doi.org/10.4274/mjima.galenos.2021.2021.2,"Mediterranean Journal of Infection, Microbes and Antimicrobials",0,2022,maybe,"The abstract mentions ""adults"" in the conclusion, suggesting an adult population, but it doesn't explicitly state the age range of participants. However, it does mention ""asymptomatic individuals"" separately, which implies an adult population.",yes,This is a primary diagnostic accuracy study comparing RAT with RT-PCR as the reference standard.,yes,"The study clearly reports rapid antigen test results separately from RT-PCR results, with specific sensitivity and specificity values provided for RAT.",yes,"The study reports clear diagnostic accuracy measures including sensitivity (81.82%), specificity (92.28%), PPV, NPV, and accuracy (91.01%).",yes,"The study was conducted in public sampling centers, which represents a clinical/community setting.",yes,The study specifically evaluates rapid antigen tests (E-Health Barakat Company® rapid antigen kit) for SARS-CoV-2.,yes,The study uses RT-PCR (COVITECH® one-step real-time RT-PCR kit) as the reference standard and evaluates point-of-care rapid antigen tests.,Include,"A comprehensive diagnostic accuracy study comparing rapid antigen tests with RT-PCR for COVID-19, conducted in a clinical setting with robust methodology and clear reporting of diagnostic performance metrics. The research provides detailed sensitivity, specificity, and accuracy data for point-of-care rapid antigen testing, with strong alignment to most screening criteria and only minor uncertainty regarding participant age range.",4.6
Evaluation of SARS-CoV-2 rapid antigen diagnostic tests for saliva samples,"M. Hagbom, N. Carmona-Vicente, S. Sharma, Henrik Olsson, M. Jamtberg, A. Nilsdotter-Augustinsson, J. Sjøwall, J. Nordgren",10.1016/j.heliyon.2022.e08998,https://doi.org/10.1016/j.heliyon.2022.e08998,Heliyon,8,2021,maybe,"The abstract mentions ""hospitalized individuals with COVID-19"" and ""healthcare workers"" but doesn't specify age ranges, creating some uncertainty about whether all participants were adults.",yes,This is a primary diagnostic accuracy study evaluating two rapid antigen tests against RT-qPCR as the reference standard.,yes,"The study clearly reports rapid antigen test results separately, comparing two different RAD tests (Rapid Response and DIAGNOS) with specific results for each.",yes,"The study reports quantifiable diagnostic accuracy data, including sensitivity (50.0% and 38.9% for the two tests) and specificity (100% for both tests).",yes,"The study was conducted in a clinical setting, involving hospitalized patients and healthcare workers.",yes,"The study specifically evaluates rapid antigen tests (RAD), not antibody tests or other diagnostics.",yes,The study evaluates point-of-care rapid antigen tests for SARS-CoV-2 using RT-qPCR as the reference standard.,Include,"A diagnostic accuracy study evaluating two rapid antigen tests for SARS-CoV-2 using RT-qPCR as the reference standard, with clear reporting of sensitivity and specificity across clinical and healthcare worker populations. The research comprehensively assessed point-of-care rapid antigen tests, demonstrating strong methodological alignment with most screening criteria, though participant age range remained slightly ambiguous.",4.6
Diagnostic performance and clinical implications of rapid SARS-CoV-2 antigen testing in Mexico using real-world nationwide COVID-19 registry data,"Omar Yaxmehen Bello-Chavolla, N. Antonio-Villa, L. Fernández-Chirino, E. C. Guerra, C. A. Fermín-Martínez, A. Márquez-Salinas, A. Vargas-Vázquez, J. Bahena-López",10.1371/journal.pone.0256447,https://doi.org/10.1371/journal.pone.0256447,medRxiv,15,2021,maybe,"The abstract does not explicitly state the age range of participants, so it is uncertain whether the study only includes non-pregnant adult participants or if the data of adult participants are reported separately.",yes,"This is a primary diagnostic accuracy study analyzing original data from Mexico's COVID-19 registry, comparing rapid antigen tests against RT-PCR.",yes,"The study reports rapid antigen test results separately from other test types, with specific performance metrics for the rapid antigen tests.",yes,"The study reports quantifiable diagnostic accuracy data, including sensitivity, specificity, positive predictive value, and negative predictive value.",yes,"The study is conducted in a clinical setting, analyzing data from Mexico's COVID-19 registry.",yes,The study specifically evaluates rapid antigen tests (Rapid Ag-T) for SARS-CoV-2.,yes,The study clearly uses RT-PCR as the reference standard for evaluating rapid antigen tests.,Include,"A comprehensive diagnostic accuracy study of rapid antigen tests for SARS-CoV-2 in Mexico, utilizing RT-PCR as a reference standard and reporting detailed performance metrics across multiple clinical parameters. The research provides robust quantitative data on test sensitivity, specificity, and predictive values, with only minor uncertainty regarding participant age demographics. The study meets most screening criteria and offers valuable insights into rapid antigen test performance in a clinical setting.",4.6
Evaluation of antigen-based rapid detection test for the diagnosis of SARS CoV-2 in low-income countries,"Randriamahazo Toky Rakotomalala, A. Andrianarivelo, A. T. Rakotoarivo, T. M. Raheritiana, Luc Andriamiadana Rakotovao, Z. Randriamanantany, A. O. Rakoto Alson, A. Rasamindrakotroka",10.1016/j.jviromet.2021.114409,https://doi.org/10.1016/j.jviromet.2021.114409,Journal of Virological Methods,9,2021,yes,"The median age is reported as 38.36 years, and there's no mention of pediatric or pregnant participants. The context suggests an adult population.",yes,"This is a primary diagnostic accuracy study evaluating a rapid antigen test against RT-PCR, with original data collection and analysis.",yes,"The study clearly reports rapid antigen test results separately, with specific sensitivity and specificity values provided for the Standard TM Q COVID-19 Ag Test.",yes,The study reports clear diagnostic accuracy measures: sensitivity (62.66%) and specificity (100%).,yes,"The study appears to be conducted in a clinical setting, with samples from patients being examined for disease categories.",yes,The study specifically evaluates a rapid immunochromatographic test for SARS-CoV-2 antigen detection.,yes,The study uses RT-PCR as the reference standard and evaluates a point-of-care rapid antigen test (Standard TM Q COVID-19 Ag Test).,Include,"A prospective diagnostic accuracy study evaluating a rapid SARS-CoV-2 antigen test against RT-PCR in an adult population, reporting comprehensive diagnostic performance metrics including sensitivity and specificity. The research meets all screening criteria, providing a robust assessment of a point-of-care diagnostic tool with clear methodological rigor and quantifiable outcomes.",4.9
Antigen-based rapid diagnostic testing or alternatives for diagnosis of symptomatic COVID-19: A simulation-based net benefit analysis,"E. Kendall, N. Arinaminpathy, J. Sacks, Y. Manabe, S. Dittrich, S. Schumacher, D. Dowdy",10.1101/2020.12.16.20248357,https://doi.org/10.1101/2020.12.16.20248357,-,7,2020,maybe,"The abstract does not specify the age range of the population, only mentioning ""symptomatic COVID-19"" patients without age details, creating uncertainty.",no,"This is a simulation/modeling study that compares different diagnostic approaches theoretically, rather than a primary diagnostic accuracy study or meta-analysis reporting original data.",no,"The study appears to be a modeling/simulation study rather than a primary data collection study, so the results are theoretical rather than actual test results.",no,"The study reports outcomes in terms of ""transmission-equivalents"" and net benefit rather than traditional diagnostic accuracy measures (sensitivity, specificity).",yes,"The study considers both outpatient and hospital settings, so this criterion is met.",yes,"The study does evaluate rapid antigen tests (Ag-RDTs), so this criterion is met.",no,"While the study mentions both Ag-RDTs and NAAT (which includes RT-PCR), it's not evaluating them in a diagnostic accuracy comparison with RT-PCR as the reference standard. Instead, it's modeling their relative benefits in different scenarios.",Exclude,"A simulation study comparing diagnostic approaches for COVID-19 fails to meet key screening criteria, particularly lacking primary diagnostic accuracy data and traditional sensitivity/specificity measures. The research models theoretical diagnostic scenarios rather than reporting empirical test results, which disqualifies it from systematic review inclusion. Uncertainty around population age and absence of RT-PCR reference standard further compromise its alignment with screening requirements.",1.4
Prospective evaluation of the point-of-care use of a rapid antigenic SARS-CoV-2 immunochromatographic test in a paediatric emergency department,"Quentin Ollier, S. Pillet, O. Mory, J. Gagnaire, Charlotte Thuiller, Nadine Annino, A. Gagneux‐Brunon, E. Botelho-Nevers, T. Bourlet, B. Pozzetto, A. Cantais",10.1016/j.cmi.2021.12.019,https://doi.org/10.1016/j.cmi.2021.12.019,Clinical Microbiology and Infection,14,2022,no,"The study exclusively focuses on children in a pediatric emergency department, which fails to meet the criterion requiring adult participants (18+ years).",yes,This is a primary diagnostic accuracy study evaluating the performance of a rapid antigen test against RT-qPCR.,yes,"The study clearly reports rapid antigen test results separately, with specific numbers for AgPOCT (33 positive) and RT-qPCR (46 positive) results.",yes,"The study reports clear diagnostic accuracy data, including sensitivity (69.6%) and specificity (99.9%) with confidence intervals.",yes,The study is conducted in a clinical setting (pediatric emergency department).,yes,The study evaluates a rapid antigen test (BioSpeedia immunochromatographic COVID-19 speed antigen test).,yes,The study uses a point-of-care rapid antigen test and RT-qPCR as the reference standard.,Exclude,"The study meets most screening criteria with robust methodology, reporting clear diagnostic accuracy data for a rapid antigen test in a clinical setting. However, the exclusive focus on pediatric participants definitively disqualifies the study from meeting the population age requirement, which mandates adult participants aged 18 years or older. Consequently, the paper would be excluded from the systematic review despite its high-quality research design.",0.1
Analytical and Clinical Performance of the Panbio COVID-19 Antigen-Detecting Rapid Diagnostic Test,"A. Alemany, B. Baro, D. Ouchi, Maria Ubals, M. Corbacho-Monné, J. Vergara-Alert, J. Rodón, J. Segalés, Cristina Esteban, Gema Fernandez, L. Ruíz, Q. Bassat, B. Clotet, J. Ara, M. Vall-Mayans, Camila G-Beiras, I. Blanco, O. Mitjà",10.1101/2020.10.30.20223198,https://doi.org/10.1101/2020.10.30.20223198,medRxiv,14,2020,maybe,The abstract doesn't explicitly state the age range of participants. It mentions both symptomatic cases and asymptomatic individuals but doesn't specify age restrictions.,yes,This is a primary diagnostic accuracy study evaluating the performance of a rapid antigen test against RT-PCR.,yes,The study clearly reports rapid antigen test results (Panbio COVID-19 Ag Test) separately from RT-PCR results.,yes,"The study reports detailed diagnostic accuracy data including sensitivity (91.7%), specificity (98.9%), and predictive values.",yes,"The study was conducted in clinical settings, including routine practice for case confirmation and contact tracing, as well as preventive screenings.",yes,The study specifically evaluates a rapid antigen test (Panbio COVID-19 Ag Test) for SARS-CoV-2 detection.,yes,The study uses RT-qPCR as the reference standard and evaluates a point-of-care rapid antigen test.,Include,"A comprehensive diagnostic accuracy study of a rapid antigen test for SARS-CoV-2, utilizing RT-PCR as a reference standard and reporting detailed sensitivity and specificity metrics across symptomatic and asymptomatic populations. The research provides robust methodological insights into point-of-care testing performance, with high-quality data reporting across multiple clinical settings. The only minor uncertainty relates to the explicit confirmation of participant age range, which would likely be clarified in the full manuscript.",4.6
Diagnostic Accuracy of STANDARD Q COVID-19 Antigen Detection Kit in Comparison with RT-PCR Assay using Nasopharyngeal Samples in India,"S. Aleem, Naziya Zahoor, A. Jeelani, SMuhammad Salim Khan",10.7860/JCDR/2022/52286.15825,https://doi.org/10.7860/JCDR/2022/52286.15825,Journal of Clinical and Diagnostic Research,4,2022,yes,"The study reports a mean age of 38.4±12.2 years, and there's no mention of including children or pregnant women. The population appears to be adults.",yes,This is a primary diagnostic accuracy study (cross-sectional design) reporting original data comparing rapid antigen tests with RT-PCR.,yes,"The study clearly reports rapid antigen test results separately, comparing them directly with RT-PCR results.",yes,"The study reports clear diagnostic accuracy measures including sensitivity (54.4%), specificity (99.2%), positive likelihood ratio, and negative likelihood ratio.",yes,"The study was conducted at Government Medical College, Srinagar, which represents a clinical setting.",yes,The study specifically evaluates a rapid antigen test (STANDARD Q COVID-19 Antigen Detection Kit) rather than antibody or laboratory-based tests.,yes,The study evaluates a point-of-care rapid antigen test and uses RT-PCR (specifically qRT-PCR) as the reference standard.,Include,"A comprehensive diagnostic accuracy study of a rapid antigen test for COVID-19 was conducted among adult participants, utilizing RT-PCR as the reference standard in a clinical setting. The research systematically evaluated the STANDARD Q COVID-19 Antigen Detection Kit, reporting detailed diagnostic performance metrics including sensitivity, specificity, and likelihood ratios across a sample of 473 subjects. The study meets all key screening criteria for a rigorous diagnostic accuracy assessment of a point-of-care COVID-19 testing method.",4.9
Comparative analysis of antigen and molecular tests for the detection of Sars-CoV-2 and related variants: A study on 4266 samples,"V. Caputo, Cristina Bax, L. Colantoni, Cristina Peconi, Andrea Termine, Carlo Fabrizio, Giulia Calvino, Laura Luzzi, Giorgia Gaia Panunzi, Claudia Fusco, C. Strafella, R. Cascella, L. Battistini, C. Caltagirone, A. Salvia, G. Sancesario, E. Giardina",10.1016/j.ijid.2021.04.048,https://doi.org/10.1016/j.ijid.2021.04.048,International Journal of Infectious Diseases,9,2021,maybe,The abstract does not specify the age range of participants or whether they are adults. This is a significant uncertainty.,yes,"This is a primary diagnostic accuracy study comparing antigen testing with RT-PCR, reporting original data from 4266 samples.",yes,The study clearly reports rapid antigen test results (Lumipulse G Sars-CoV-2 Ag kit) separately from RT-PCR results.,yes,"The study reports clear diagnostic accuracy measures including sensitivity (0.866), specificity (0.973), and other accuracy metrics.",maybe,"While the study involves clinical samples (naso-oropharyngeal swabs), the specific setting (clinical or community) is not explicitly stated.",yes,The study specifically evaluates a rapid antigen test (Lumipulse G Sars-CoV-2 Ag kit) for SARS-CoV-2 detection.,yes,The study uses RT-PCR (TaqPath COVID-19 RT-PCR CE IVD kit) as the reference standard for evaluating the rapid antigen test.,Include,"A diagnostic accuracy study comparing rapid antigen and RT-PCR tests for SARS-CoV-2 detection, reporting comprehensive performance metrics including sensitivity and specificity. The research provides detailed analysis of test performance across different viral load levels, though uncertainty remains regarding participant age range. Methodologically robust, the study offers insights into rapid antigen testing as a potential first-line screening approach.",4
"""David vs. Goliath"": A simple antigen detection test with potential to change diagnostic strategy for SARS-CoV-2.","J. Agarwal, Anupam Das, P. Pandey, M. Sen, Jaya Garg",10.3855/jidc.13925,https://doi.org/10.3855/jidc.13925,Journal of Infection in Developing Countries,5,2021,maybe,"The abstract doesn't explicitly state the age range of participants. While it's conducted in a fever clinic and mentions ""suspected subjects,"" there's no clear indication whether children were included or excluded.",yes,"This is a primary diagnostic accuracy study, specifically described as a ""prospective, single centre study"" evaluating test performance.",yes,"The study clearly reports rapid antigen test results separately, comparing them directly with TrueNat RT-PCR results.",yes,"The study reports clear diagnostic accuracy measures, including sensitivity (89.7%) and specificity (99.5%) with confidence intervals.",yes,The study was conducted in a clinical setting (fever clinic in North India).,yes,"The study specifically evaluates a rapid antigen test (Standard Q COVID-19 Ag), which is an immuno-chromatographic assay for antigen detection.",yes,The study evaluates a point-of-care rapid antigen test and uses TrueNat RT-PCR as the reference standard.,Include,"A prospective diagnostic accuracy study evaluating a rapid antigen test against RT-PCR in a clinical setting, reporting comprehensive sensitivity and specificity data. The research meets most screening criteria, with strong methodological rigor and clear outcome measures, though slight uncertainty exists regarding participant age range. The study provides valuable insights into rapid diagnostic testing for COVID-19 in a resource-limited setting.",4.6
Covid-19 antigen testing: better than we know? A test accuracy study,"M. Homza, H. Zelená, J. Janošek, H. Tomášková, E. Ježo, A. Kloudova, J. Mrázek, Z. Švagera, R. Prymula",10.1080/23744235.2021.1914857,https://doi.org/10.1080/23744235.2021.1914857,Infectious Diseases,12,2021,maybe,"The abstract doesn't explicitly state the age range of participants. It mentions ""asymptomatic or mildly symptomatic patients"" but doesn't specify if they're adults or include children.",yes,This is a primary diagnostic accuracy study comparing antigen tests with RT-PCR in a real-world setting.,yes,"The study clearly reports rapid antigen test results separately, comparing them directly with RT-PCR results.",yes,"The study reports clear diagnostic accuracy data, including sensitivity (76.2% and 97.7% after adjustment) and specificity (97.3%).",yes,"The study is conducted in a ""real-world high-throughput setting"" with clinical patients.",yes,"The study specifically evaluates a lateral flow antigen test (Ecotest, AssureTech, China).",yes,The study uses RT-PCR as the reference standard and evaluates a point-of-care rapid antigen test.,Include,"A comprehensive diagnostic accuracy study comparing rapid antigen testing with RT-PCR in a clinical setting, reporting detailed sensitivity and specificity metrics across multiple test parameters. The research evaluates a point-of-care lateral flow antigen test for SARS-CoV-2, with robust methodology including virus viability assessment, though participant age range remains unconfirmed. The study provides nuanced insights into antigen test performance, particularly for identifying patients shedding viable virus.",4.6
Determination of the Diagnostic Performance of Laboratory Tests in the Absence of a Perfect Reference Standard: The Case of SARS-CoV-2 Tests,"S. Hartnack, H. Nilius, S. Jegerlehner, F. Suter-Riniker, P. Bittel, Philipp Jent, M. Nagler",10.3390/diagnostics13182892,https://doi.org/10.3390/diagnostics13182892,Diagnostics,0,2023,maybe,"The abstract doesn't explicitly state the age range of participants. While it's a clinical setting study, we cannot confirm if it includes only adults or if adult data is reported separately.",yes,"This is a primary diagnostic accuracy study, described as a ""large prospective observational study"" with original data collection.",yes,"The study clearly reports rapid antigen test results separately, specifically analyzing the Roche/SD Biosensor rapid antigen test results alongside PCR tests.",yes,"The study reports quantifiable diagnostic accuracy data, including sensitivity (82.7%) and specificity (99.9%) for the antigen test.",yes,"The study was conducted in a clinical setting, specifically at a ""COVID-19 testing facility affiliated with a Swiss University Hospital.""",yes,The study specifically evaluates a rapid antigen test (Roche/SD Biosensor) rather than antibody or laboratory-based tests.,yes,"The study evaluates a point-of-care rapid antigen test and uses RT-PCR as a reference standard, with two PCR tests conducted in parallel.",Include,"A comprehensive diagnostic accuracy study of a rapid antigen test for SARS-CoV-2, conducted in a clinical setting with robust methodology, reporting detailed sensitivity and specificity measures. The research employs advanced statistical techniques to evaluate test performance, with clear reporting of diagnostic outcomes across multiple test types. The only notable uncertainty relates to participant age demographics, which would require full text review for definitive confirmation.",4.6
Large-Scale SARS-CoV-2 Antigen Testing With Real-World Specimens,"A. Parikh, L. Cooper, D. Frogel, Kerry Le Benger, Charles K. Cooper, V. Parvu",10.3389/fpubh.2022.836328,https://doi.org/10.3389/fpubh.2022.836328,Frontiers in Public Health,9,2022,maybe,"The abstract doesn't explicitly state the age range of participants. While it's likely these are adults given the urgent care setting, we cannot be certain without more information.",yes,"This is a primary diagnostic accuracy study with original data, analyzing 1,952,931 individuals and reporting specific diagnostic performance metrics.",yes,"The study clearly reports rapid antigen test results separately, using the BD Veritor System, with detailed breakdowns of positive and negative results.",yes,"The study reports detailed diagnostic accuracy data, including sensitivity (77.2-85.6% and 38.5-84.2% for different populations), specificity (97.9-99.9%), PPV, and NPV.",yes,The study was conducted in a clinical setting (CityMD urgent care locations in the New York metropolitan area).,yes,The study specifically evaluates rapid antigen tests (BD Veritor System) and not antibody or other non-antigen diagnostics.,yes,"The study uses RT-PCR as the reference standard for verification of RAT results, with clear reporting of RT-PCR confirmation rates.",Include,"A comprehensive diagnostic accuracy study of SARS-CoV-2 rapid antigen testing across a large population, utilizing RT-PCR as a reference standard and reporting detailed sensitivity, specificity, and predictive value metrics. The research provides robust real-world evidence of rapid antigen test performance in clinical settings, with only minor uncertainty regarding participant age range. Methodologically rigorous, the study offers significant insights into point-of-care diagnostic testing for COVID-19.",4.6
An Analogy between Gold Standard SARS-CoV-2 RT-qPCR with the SARS-CoV-2 Rapid Antigen Test in a Tertiary Care Setting in Central State of India,"Neha Singh, Nikita Sherwani, Jyoti Jaiswal, Tripti Nagaria, O. Khandwal, A. Neral, Arti Sahu",10.22207/jpam.18.2.36,https://doi.org/10.22207/jpam.18.2.36,Journal of Pure and Applied Microbiology,1,2024,maybe,"The abstract doesn't specify the age range of participants. While it's likely these are adults given the hospital setting, this isn't explicitly stated.",yes,This is a primary diagnostic accuracy study comparing RAT with RT-qPCR as the reference standard.,yes,"The study clearly reports rapid antigen test results separately, comparing them directly with RT-qPCR results.",yes,"The study reports clear quantifiable diagnostic accuracy data, including sensitivity (74%) and specificity (100%).",yes,The study was conducted in a clinical setting (Dr. Bhimrao Ambedkar Memorial Hospital).,yes,The study specifically evaluates rapid antigen tests (RAT) using the STANDARD Q COVID-19 Ag test kit.,yes,The study uses RT-qPCR as the reference standard and evaluates point-of-care rapid antigen tests for SARS-CoV-2.,Include,"A diagnostic accuracy study comparing rapid antigen tests with RT-qPCR for SARS-CoV-2 detection, conducted in a hospital setting with clear reporting of sensitivity and specificity. The research meets most screening criteria, with robust methodology and quantifiable outcomes, though participant age range remains unspecified. The study provides valuable insights into rapid antigen test performance as a potential alternative to RT-qPCR in clinical settings.",4.6
THE DETECTION OF SARS-COV-2 IN NASOPHARYNGEAL SAMPLES USING AN ANTIGENIC TEST,"C. Luncă, Cristian Cojocaru, L. Hurjui, Florin Dumitru Petrariu, Elena Cojocaru",10.62610/rjor.2024.1.16.3,https://doi.org/10.62610/rjor.2024.1.16.3,Romanian Journal of Oral Rehabilitation,0,2024,maybe,"The abstract does not specify participant age ranges, which is a significant uncertainty.",yes,This appears to be a primary diagnostic accuracy study comparing antigen testing with PCR.,yes,"The study clearly reports antigen test results separately from PCR results, comparing them directly.",maybe,"While the study mentions ""good correlation"" between tests, it doesn't explicitly report sensitivity or specificity values in the abstract. However, it does discuss predictive value.",yes,"The study appears to be conducted in a clinical setting, testing ""suspected COVID-19 cases.""",yes,The study evaluates rapid antigen tests (immunochromatographic method) for SARS-CoV-2.,yes,The study uses RT-PCR (specifically qRT-PCR) as the reference standard and evaluates point-of-care rapid antigen tests.,Include,"A diagnostic accuracy study comparing rapid antigen testing with RT-PCR for SARS-CoV-2 detection demonstrates strong methodological alignment with most screening criteria. The research effectively evaluates point-of-care antigen tests in a clinical setting, though uncertainty remains regarding participant age ranges. Despite a small sample size, the study provides valuable insights into antigen test performance and predictive value.",4
Performance of the Diasorin SARS-CoV-2 antigen detection assay on the LIAISON XL,"N. Van der Moeren, V. Zwart, G. Goderski, G. Rijkers, W. van den Bijllaardt, J. Veenemans, J. Kluytmans, S. Pas, A. Meijer, J. Verweij, J. Murk, J. Stohr",10.1016/j.jcv.2021.104909,https://doi.org/10.1016/j.jcv.2021.104909,Journal of Clinical Virology,12,2021,maybe,"The abstract does not explicitly state the age range of participants. While it mentions ""individuals with COVID-19-like symptoms,"" there's no clear indication whether children were included or excluded.",yes,This is a primary diagnostic accuracy study comparing DAA with RT-PCR as the reference standard. The study includes original data from 248 clinical samples.,yes,"The study clearly reports rapid antigen test results separately, comparing the Diasorin SARS-CoV-2 antigen detection assay (DAA) with RT-PCR. The results are presented distinctly for each test type.",yes,"The study reports clear diagnostic accuracy data, including sensitivity (73% overall, 86% for Ct<30) and specificity (100%).",yes,"The study was conducted at a Municipal Health Service test centre, which qualifies as a clinical setting.",yes,"The study evaluates rapid antigen tests (DAA and RRA) specifically, not antibody tests or other diagnostics.",yes,The study uses RT-PCR (Abbott) as the reference standard and evaluates point-of-care rapid antigen tests (DAA and RRA).,Include,"A diagnostic accuracy study comparing rapid antigen tests with RT-PCR, conducted in a clinical setting with clear reporting of sensitivity and specificity. The research evaluates point-of-care SARS-CoV-2 antigen detection using original data from clinical samples, with comprehensive methodology and quantifiable outcomes. The only uncertainty relates to the explicit confirmation of participant age range.",4.6
"Clinical sensitivity of rapid antigen test during a COVID-19 outbreak in Taipei, May to June 2021","Y. Yen, Hsiao-Yun Hu, Chu-Chieh Chen, D. Chu, Ya-Ling Lee",10.1016/j.jfma.2022.03.016,https://doi.org/10.1016/j.jfma.2022.03.016,Journal of the Formosan Medical Association,2,2022,maybe,"The abstract doesn't specify the age range of participants. While it's a community testing program, we cannot confirm if only adults were included or if data was reported separately for adults.",yes,This is a primary diagnostic accuracy study comparing RAD tests with RT-PCR in a population-based setting.,yes,"The study clearly reports rapid antigen test results separately from RT-PCR results, with specific mention of RAD positivity rates (4.4%) and comparison with RT-PCR.",yes,"The study reports quantifiable diagnostic accuracy data, including concordance (kappa = 0.67), c-statistic value (0.8), and sensitivity rates.",yes,"The study was conducted in a community setting through ""proactive community testing (PCT) stations.""",yes,"The study specifically evaluates rapid antigen detection (RAD) tests, not antibody tests or other diagnostics.",yes,"The study uses RAD tests as the index test and RT-PCR as the reference standard, with clear comparison between the two.",Include,"A population-based diagnostic accuracy study comparing rapid antigen detection tests with RT-PCR in a community setting, reporting comprehensive diagnostic performance metrics. The research meets most screening criteria, with strong methodology and clear reporting of test results, though uncertainty exists regarding participant age range. The study provides valuable insights into rapid antigen test performance during a COVID-19 outbreak.",4.6
Evaluating the performance characteristics of five lateral flow assays for the detection of the SARS-CoV-2 nucleocapsid antigen,"J. Heskin, S. Pallett, A. Al-Hindawi, G. Davies, M. Rayment, N. Mughal, P. Randell, R. Jones, Luke S.P. Moore",10.1038/s41598-022-12805-1,https://doi.org/10.1038/s41598-022-12805-1,Scientific Reports,7,2021,yes,"The study includes adults with a mean age of 67 years (range 26-100 years). While it includes some participants under 18 (minimum age 26), the data is not mixed with pediatric populations, and all participants are clearly adults.",yes,"This is explicitly a primary diagnostic accuracy study, as stated in the abstract: ""We performed a diagnostic accuracy study of the five LFAs...""",yes,"The study clearly reports rapid antigen test (LFA) results separately, evaluating five different LFA tests with distinct results.",yes,"The study reports clear quantifiable diagnostic accuracy data, including sensitivity (ranging from 64% to 76%) and specificity (100% for 4/5 assays).",yes,"The study was conducted in a clinical setting, specifically with hospitalized patients and control participants.",yes,"The study specifically evaluates rapid antigen tests (LFAs) for SARS-CoV-2 detection, not antibody tests or other diagnostics.",yes,The study evaluates point-of-care rapid antigen tests (LFAs) and explicitly uses RT-PCR as the reference standard for comparison.,Include,"A comprehensive diagnostic accuracy study of rapid antigen tests for SARS-CoV-2 was conducted among adult hospital patients, utilizing RT-PCR as the reference standard and reporting detailed sensitivity and specificity metrics across five different lateral flow assays. The research meticulously evaluated point-of-care testing performance, providing quantifiable diagnostic accuracy data in a clinical setting with a substantial sample size of COVID-19 positive and negative participants.",4.9
Assessment of the Diagnostic Performance of a Novel SARS-CoV-2 Antigen Sealing Tube Test Strip (Colloidal Gold) as Point-of-Care Surveillance Test,"Alessando Medoro, S. Davinelli, S. Voccola, G. Cardinale, Daniela Passarella, N. Marziliano, M. Intrieri",10.3390/diagnostics12051279,https://doi.org/10.3390/diagnostics12051279,Diagnostics,6,2022,maybe,"The study includes participants aged 0-90 years, which means it includes children. The abstract doesn't indicate whether adult data is reported separately, which is a significant limitation.",yes,This is a primary diagnostic accuracy study comparing Ag-RDT results against RT-PCR as the reference standard.,yes,"The study clearly reports rapid antigen test results separately, with specific performance metrics for the AMAZING COVID-19 Antigen Sealing Tube Test Strip.",yes,"The study reports clear diagnostic accuracy data, including positive percent agreement (92.52%), negative percent agreement (98.05%), and overall diagnostic accuracy (96.92%) with confidence intervals.",yes,"While not explicitly stated, the study appears to be conducted in a clinical setting given the systematic evaluation of 584 participants and the use of RT-PCR as a reference standard.",yes,The study specifically evaluates a rapid antigen test (AMAZING COVID-19 Antigen Sealing Tube Test Strip).,yes,The study evaluates a point-of-care rapid antigen test and uses RT-PCR as the reference standard.,Include,"A comprehensive diagnostic accuracy study of a rapid antigen test for SARS-CoV-2 demonstrates high performance across multiple variants, with robust methodology and clear reporting of diagnostic metrics. The research effectively evaluates point-of-care testing using RT-PCR as a reference standard, though the inclusion of participants across a wide age range (0-90 years) introduces some complexity in interpreting the results. Overall, the study provides valuable insights into rapid diagnostic testing for COVID-19 variants.",4.3
Real-world assessment of the clinical performance of COVID-VIRO ALL IN rapid SARS-CoV-2 antigen test,"L. Pighi, B. Henry, Simone De Nitto, Gianluca Gianfilippi, G. Salvagno, G. Lippi",10.1515/dx-2022-0138,https://doi.org/10.1515/dx-2022-0138,Diagnosis,0,2023,maybe,"The study includes participants aged 14-68 years (median 43). While most participants are adults, some are under 18. The abstract doesn't indicate if data for adults is reported separately.",yes,This is a primary diagnostic accuracy study comparing a rapid antigen test against RT-PCR in a clinical setting.,yes,The study clearly reports rapid antigen test results (COVID-VIRO ALL IN) separately from RT-PCR results.,yes,"The study reports detailed diagnostic accuracy measures including sensitivity, specificity, PPV, NPV, and agreement rates.",yes,The study is conducted in a clinical setting with outpatients.,yes,The study specifically evaluates a rapid antigen test (COVID-VIRO ALL IN SARS-CoV-2 RDT-Ag).,yes,The study evaluates a point-of-care rapid antigen test and uses RT-PCR (Cepheid Xpert Xpress) as the reference standard.,Include,"A diagnostic accuracy study of a SARS-CoV-2 rapid antigen test using RT-PCR as a reference standard, conducted in an outpatient clinical setting with participants aged 14-68 years. The study comprehensively reports diagnostic performance metrics including sensitivity, specificity, and predictive values, with detailed analysis of test performance across different viral load levels. While most criteria are strongly met, there is slight uncertainty regarding the separate reporting of adult participant data.",4.6
Comparison of two nucleic acid amplification tests (NAATs) and two antigen tests for detection of SARS-CoV-2 from upper respiratory specimens,"Peiting Kuo, Susan Realegeno, D. Pride",10.1016/j.jcvp.2021.100011,https://doi.org/10.1016/j.jcvp.2021.100011,Journal of Clinical Virology Plus,11,2021,maybe,"The abstract doesn't specify the age range of participants. It only mentions ""patients suspected of SARS-CoV-2 infections"" without age details.",yes,This is a primary diagnostic accuracy study comparing different testing methods with clear methodology and original data collection.,yes,"The study clearly reports rapid antigen test results separately, comparing two specific antigen tests (BD Veritor and Abbott BinaxNOW) against NAATs.",yes,"The study reports quantifiable diagnostic accuracy data, including positive percent agreement (PPA) and negative percent agreement (NPA).",maybe,"While the study uses clinical specimens, the abstract doesn't explicitly state whether the testing was conducted in a clinical or community setting.",yes,The study specifically evaluates rapid antigen tests (BD Veritor System and Abbott BinaxNOW COVID-19 Ag Card).,maybe,"While the study evaluates point-of-care rapid antigen tests, it uses multiple reference standards (Roche cobas SARS-CoV-2 assay and Hologic Aptima SARS-CoV-2 Assay), not just RT-PCR. However, these are both NAATs which are equivalent to RT-PCR.",Include,"A diagnostic accuracy study comparing rapid antigen tests with nucleic acid amplification tests, demonstrating clear methodology and quantifiable performance metrics across different testing platforms. The research provides detailed insights into SARS-CoV-2 diagnostic test performance, with some uncertainties regarding participant age range and specific testing environment. Multiple test types were evaluated, offering comprehensive comparative analysis of diagnostic approaches.",4.3
Clinical Evaluation and Comparison of Two Microfluidic Antigenic Assays for Detection of SARS-CoV-2 Virus,"Paolo Bottino, Valentina Pizzo, Salvatore Castaldo, E. Scomparin, Cristina Bara, Marcella Cerrato, Sabrina Sisinni, S. Penpa, A. Roveta, M. Gerbino, A. Maconi, Andrea Rocchetti",10.3390/microorganisms11112709,https://doi.org/10.3390/microorganisms11112709,Microorganisms,2,2023,maybe,The abstract does not specify participant age ranges or whether data is separated by age groups. This is a significant uncertainty.,yes,This is a primary diagnostic accuracy study comparing rapid antigen tests against a reference standard.,yes,"The study clearly reports rapid antigen test results separately, comparing two microfluidic rapid antigen tests against RT-qPCR.",yes,"The study reports quantifiable diagnostic accuracy data, including agreement rates (100% for negatives, 45.10-54.90% for positives) and correlation rates (94.74% for high viral load samples).",yes,The study was conducted in a clinical setting (Microbiology and Virology Laboratory).,yes,The study specifically evaluates rapid antigen tests (microfluidic rapid antigen tests).,yes,The study uses RT-qPCR as the reference standard and evaluates point-of-care rapid antigen tests for SARS-CoV-2.,Include,"A diagnostic accuracy study comparing microfluidic rapid antigen tests against RT-qPCR demonstrates clear reporting of test performance across different viral load subsets. The research provides quantifiable diagnostic accuracy data in a clinical laboratory setting, with strong methodological alignment to most screening criteria. The primary uncertainty lies in the lack of explicit information about participant age ranges.",4.3
"Clinical performance of two commercially available rapid antigen tests for influenza, RSV, and SARS-CoV-2 diagnostics","Laura E Savolainen, Joanna Peltola, Risto Hilla, Tapio Åman, Markku Broas, I. S. Junttila",10.1128/spectrum.01630-24,https://doi.org/10.1128/spectrum.01630-24,Microbiology spectrum,1,2024,maybe,"The abstract doesn't specify the age range of participants. They are described as ""patients admitted to the emergency department,"" but no age restrictions are mentioned.",yes,This is a primary diagnostic accuracy study comparing RATs against RT-PCR in 620 patients.,yes,"The study clearly reports rapid antigen test results separately for SARS-CoV-2, with specific sensitivity values reported (98.68% and 44.44% for different conditions).",yes,"The study reports clear diagnostic accuracy data, including sensitivity (98.68% for SARS-CoV-2) and specificity (99.48-100%).",yes,"The study was conducted in an emergency department setting, which qualifies as a clinical setting.",yes,The study specifically evaluates rapid antigen tests (RATs) for SARS-CoV-2.,yes,The study uses point-of-care rapid antigen tests and RT-PCR as the reference standard.,Include,"A comprehensive diagnostic accuracy study of rapid antigen tests for respiratory viruses, conducted in an emergency department setting, provides detailed sensitivity and specificity data using RT-PCR as a reference standard. The research meets most screening criteria, with robust methodology and clear reporting of diagnostic performance across multiple viral pathogens. The only notable uncertainty relates to participant age range, which may require further clarification in the full manuscript.",4.3
A-372 Increased Sensitivity in Detection of SARS-CoV-2 Antigen Using RADI COVID-19 Ag Rapid Test,"S. Kee, J. Choi, J. Jeon, M. Heo, J. Park, H. Choi",10.1093/clinchem/hvad097.328,https://doi.org/10.1093/clinchem/hvad097.328,Clinical Chemistry,0,2023,maybe,"The abstract does not explicitly state the age range of participants, so there is uncertainty about whether the study only includes non-pregnant adult participants or if the data of adult participants are reported separately.",yes,"This is a primary diagnostic accuracy study evaluating two rapid antigen tests against RT-PCR, with clear reporting of original data from 1054 samples.",yes,"The study clearly reports rapid antigen test results separately, comparing two different rapid antigen tests (RADI COVID-19 Ag Rapid Test and STANDARD Q COVID-19 Ag Test) with RT-PCR as the reference standard.",yes,"The study reports detailed quantifiable diagnostic accuracy data including sensitivity (82.2%), specificity (99.1%), PPV, NPV, and accuracy (95.0%).",maybe,"While the study uses clinical samples (nasopharyngeal swabs), it's not entirely clear if this was conducted in a clinical or community setting. However, the use of clinical samples suggests a clinical setting.",yes,"The study specifically evaluates rapid antigen tests, not antibody tests or other diagnostics.",yes,The study evaluates point-of-care rapid antigen tests and uses RT-PCR (PowerChek 2019-nCoV Real-time PCR) as the reference standard.,Include,"A comprehensive diagnostic accuracy study comparing two rapid antigen tests for SARS-CoV-2 using RT-PCR as the reference standard, with detailed reporting of sensitivity, specificity, and other performance metrics. The research provides robust data on point-of-care testing methodology, though uncertainty remains regarding participant age range. Multiple diagnostic performance indicators were quantitatively assessed across a substantial sample of 1054 nasopharyngeal swab samples.",4.3
Performance differences among commercially available antigen rapid tests for COVID-19 in Brazil,"M. Freire, Líndicy Leidicy Alves, C. S. D. de Souza, J. W. Saliba, Verônica Faria, M. Pedras, N. O. Carvalho, G. Q. Andrade, A. Rabello, D. Avelar, G. Cota",10.1371/journal.pone.0269997,https://doi.org/10.1371/journal.pone.0269997,PLoS ONE,7,2022,maybe,"The abstract mentions ""patients admitted to tertiary hospitals"" but doesn't specify age restrictions, creating some uncertainty about whether the study includes only adults or includes children.",yes,This is a primary diagnostic accuracy study comparing Ag-RDTs against RT-PCR as the reference standard.,yes,"The study clearly reports rapid antigen test results separately, evaluating eight different Ag-RDTs with specific performance metrics.",yes,"The study reports quantifiable diagnostic accuracy data, including sensitivity (9.8-81.1%) and specificity (>83%) for all tests.",yes,The study was conducted in a clinical setting (tertiary hospitals).,yes,The study specifically evaluates rapid antigen tests (Ag-RDTs) and compares them with RT-PCR.,yes,The study evaluates point-of-care rapid antigen tests and uses RT-PCR as the reference standard.,Include,"A comprehensive diagnostic accuracy study evaluating eight rapid antigen tests for COVID-19, comparing them against RT-PCR in a hospital setting with quantifiable sensitivity and specificity metrics. The research meets most screening criteria, with robust methodology and clear reporting of diagnostic performance, though some uncertainty exists regarding participant age demographics. The study provides valuable insights into rapid antigen test performance for COVID-19 diagnosis.",4.6
Diagnostic Accuracy of Rapid Antigen Test for COVID-19 Infection: A Retrospective Analysis,"Dhwani N Chauhan, Shambhavi Verma, Kishor V Jadhav, M. Kumar, Naresh T. Chauhan, A. Kavishvar, J. Kosambiya",10.7860/jcdr/2022/52529.16321,https://doi.org/10.7860/jcdr/2022/52529.16321,Journal of Clinical and Diagnostic Research,0,2022,maybe,"While not explicitly stated that all participants are adults, the mean ages reported (41.6 years for males, 36.8 years for females) strongly suggest an adult population. No mention of pediatric or pregnant participants.",yes,"This is a primary diagnostic accuracy study comparing RAT against RT-PCR, with original data collection and analysis.",yes,"The study clearly reports rapid antigen test results separately from RT-PCR results, with distinct sensitivity and specificity calculations for RAT.",yes,"The study reports clear diagnostic accuracy measures including sensitivity (52.47%), specificity (87.11%), PPV (71.62%), and NPV (74.73%).",yes,"The study was conducted in a clinical setting (Government Medical College, tertiary care centre) and includes community testing.",yes,The study specifically evaluates rapid antigen tests (RAT) for SARS-CoV-2 detection.,yes,The study explicitly uses RT-PCR as the reference standard and evaluates point-of-care rapid antigen tests.,Include,"A comprehensive diagnostic accuracy study comparing rapid antigen tests to RT-PCR in a clinical setting, reporting detailed performance metrics across a predominantly adult population. The research systematically evaluated point-of-care testing methodology, providing quantifiable sensitivity, specificity, and predictive values for SARS-CoV-2 detection. Methodologically robust, the study offers insights into rapid antigen test performance in both symptomatic and general patient populations.",4.9
Development and Evaluation of a new Swiss 1 Made SARS-CoV-2 antigen-detecting rapid test 2,J. DucrestP.,-,-,-,0,2021,maybe,"The abstract does not explicitly state the age range of participants. This creates some uncertainty, though the study appears to be conducted on general clinical samples without specific mention of pediatric or pregnant populations.",yes,"This is a primary diagnostic accuracy study evaluating a new rapid diagnostic test, with original data collection and analysis.",yes,"The study clearly reports rapid antigen test results separately, focusing specifically on a lateral flow immunoassay (LFIA) for SARS-CoV-2 antigen detection.",yes,"The study reports clear diagnostic accuracy data, including sensitivity (90% and 100% for different conditions) and specificity (98%) with confidence intervals.",yes,"While not explicitly stated, the use of nasopharyngeal swab samples and RT-PCR suggests a clinical setting.",yes,The study clearly evaluates a rapid antigen test (LFIA) for detecting nucleocapsid antigen of SARS-CoV-2.,yes,"The study uses RT-PCR as the reference standard, comparing RDT results against RT-PCR positive samples.",Include,"A rapid diagnostic test for SARS-CoV-2 antigen detection was evaluated using RT-PCR as a reference standard, demonstrating high diagnostic accuracy with 90% sensitivity and 98% specificity. The study focused on a point-of-care lateral flow immunoassay, reporting quantifiable diagnostic performance metrics in a clinical setting, though the specific age range of participants was not explicitly defined.",4.6
Clinical Performance of Three Commercial SARS‐CoV‐2 Rapid Antigen Tests for Community-Dwelling Individuals in a Tropical Setting,"Diana Morales-Jadán, Carolina Viteri-Dávila, Bernardo Castro-Rodríguez, Alexander Paolo Vallejo-Janeta, I. Rivera-Olivero, Franklin Perez, M. Garcia-Bereguiain",10.3389/fcimb.2022.832235,https://doi.org/10.3389/fcimb.2022.832235,Frontiers in Cellular and Infection Microbiology,4,2022,maybe,"The abstract mentions ""community-dwelling individuals"" but doesn't specify age restrictions, creating some uncertainty about whether the study included participants under 18.",yes,This is a primary diagnostic accuracy study evaluating three different RDAgT brands against RT-qPCR as the reference standard.,yes,"The study clearly reports rapid antigen test results separately for each brand (SD-Biosensor, Certest, and Rapigen) with specific sensitivity and specificity values.",yes,"The study reports clear quantifiable diagnostic accuracy data, including sensitivity (79%, 64.2%, and 45.8% for different brands) and specificity (100%, 97.7%, and 100%) with confidence intervals.",yes,"The study was conducted in a clinical/community setting, specifically mentioned as ""community-dwelling individuals"" in a multicenter evaluation.",yes,The study specifically evaluates rapid antigen tests (RDAgTs) for SARS-CoV-2 detection.,yes,"The study evaluates point-of-care rapid antigen tests and explicitly uses RT-qPCR as the reference standard (""gold standard RT-qPCR"").",Include,"A comprehensive diagnostic accuracy study evaluating three rapid antigen tests for SARS-CoV-2 using RT-qPCR as the reference standard, with detailed reporting of sensitivity and specificity across multiple brands. The research provides robust data on point-of-care testing performance in a community setting, though some uncertainty exists regarding participant age demographics. Multiple methodological strengths are evident, including multicenter design and quantifiable diagnostic accuracy measures.",4.6
Diagnostic Accuracy of SARS-CoV-2 Rapid Antigen Testing in a Pediatric Population: Children are Not Little Adults.,"Eda Karadag-Oncel, Selin Taşar, A. Şahin, Alper Togay, Aysegul Elvan-Tuz, Hursel Cay, Sabahat Sen-Tas, Nisel Yılmaz, Ahu Kara-Aksay, Dilek Yılmaz",10.7754/Clin.Lab.2023.230318,https://doi.org/10.7754/Clin.Lab.2023.230318,Clinical Laboratory,0,2023,no,"The study exclusively focuses on pediatric patients (aged 1 month - 18 years), which explicitly fails this criterion requiring adult participants (≥18 years).",yes,This is a primary diagnostic accuracy study with original data collection and analysis.,yes,"The study clearly reports rapid antigen test results separately, with detailed accuracy metrics provided.",yes,"The study reports clear diagnostic accuracy data including sensitivity (62.1%), specificity (98%), PPV, and NPV with confidence intervals.",yes,The study was conducted in a clinical setting (pediatric COVID-19 outpatient clinic).,yes,The study specifically evaluates rapid antigen tests (RATs) for SARS-CoV-2.,yes,The study uses RT-PCR as the reference standard and evaluates point-of-care rapid antigen tests.,Exclude,"The study comprehensively evaluates rapid antigen tests for SARS-CoV-2 in a pediatric population, reporting detailed diagnostic accuracy metrics with RT-PCR as the reference standard. However, the exclusive focus on patients aged 1 month to 18 years disqualifies the study from meeting the systematic review's requirement for adult participants. Despite meeting most other screening criteria with high methodological rigor, the population age restriction represents a critical exclusion factor.",0.1
"Comparison between nucleic acid amplification tests, antigen immunofluorescence assay, and in vitro infectivity in SARS-CoV-2 diagnosis","Luisa Zupin, F. Fontana, L. Clemente, M. Ruscio, S. Crovella",10.1007/s42770-022-00758-6,https://doi.org/10.1007/s42770-022-00758-6,Brazilian Journal of Microbiology,1,2022,maybe,"The abstract does not specify the age range of participants or whether they are pregnant/non-pregnant adults, so the population age criteria is unclear.",yes,"The study appears to be a primary diagnostic accuracy study comparing two testing methods with original data collection and analysis, meeting the criteria for study design.",yes,"The study clearly separates rapid antigen test results from other test types (POCT-NAAT) and reports their concordance, indicating that the data reporting meets the criteria.",maybe,"The study reports concordance rates between tests and correlation with infectivity, but doesn't explicitly report standard diagnostic accuracy measures (sensitivity/specificity). However, the concordance data could potentially be used to calculate these, so the criteria is partially met.",maybe,"The abstract mentions laboratory testing but doesn't clearly specify whether this was conducted in a clinical or community setting, so the study setting is unclear.",yes,"The study explicitly evaluates rapid antigen tests, comparing them with POCT-NAAT, meeting the criteria for test methodology.",no,"While the study evaluates rapid antigen tests, it uses POCT-NAAT as the comparison method rather than RT-PCR specifically, which is a significant deviation from the criteria.",Include,"The study partially meets screening criteria by evaluating rapid antigen tests and reporting comparative data, but fails to use RT-PCR as the reference standard and lacks clarity on participant demographics. Significant methodological uncertainties exist regarding population age, study setting, and comprehensive diagnostic accuracy reporting, which prevent full alignment with the specified screening requirements.",2.9
Evaluating the sensitivity and specificity of a rapid antigen screening test against real-time polymerase chain reaction for COVID-19 detection in northern Ethiopia,"Betelehem Abebe, Nega Birhane, Getu Girmay, Debaka Belete",10.54203/jlsb.2024.12,https://doi.org/10.54203/jlsb.2024.12,Journal of Life Science and Biomedicine,0,2024,maybe,"The abstract doesn't explicitly state the age range of participants. While it's likely these are adults given the hospital setting, we cannot be certain without explicit confirmation.",yes,"This is a primary diagnostic accuracy study comparing RAT results against RT-PCR, with original data collection and analysis.",yes,"The study clearly reports rapid antigen test results separately, with specific performance metrics for the PanbioTM COVID-19 rapid antigen test.",yes,"The study reports clear diagnostic accuracy data including sensitivity (98.36%), specificity (100%), and other measures like predictive values and Kappa statistic.",yes,The study was conducted in a clinical setting (University of Gondar Comprehensive Specialized Hospital).,yes,The study specifically evaluates rapid antigen tests (PanbioTM COVID-19 rapid antigen test) and not antibody or other non-antigen diagnostics.,yes,The study uses RT-PCR (BIO-RAD CFX connectTM) as the reference standard and evaluates point-of-care rapid antigen tests for SARS-CoV-2.,Include,"A comprehensive diagnostic accuracy study of rapid antigen tests for SARS-CoV-2 was conducted in a hospital setting, utilizing RT-PCR as the reference standard and reporting detailed performance metrics. The research systematically evaluated test sensitivity, specificity, and predictive values, meeting most screening criteria with high methodological rigor. The only minor uncertainty relates to explicit confirmation of participant age range, though the clinical context strongly suggests an adult population.",4.6
"Evaluating diagnostic accuracies of Panbioâ¢ COVID-19 rapid antigen test and RT-PCR for the detection of SARS-CoV-2 in Addis Ababa, Ethiopia using Bayesian Latent-Class Models (BLCM)","A. Sisay, S. Hartnack, A. Tiruneh, Y. Desalegn, A. Tesfaye, A. Desta",10.1101/2022.04.25.22274285,https://doi.org/10.1101/2022.04.25.22274285,medRxiv,0,2022,maybe,"The abstract doesn't explicitly state the age range of participants. While it mentions ""COVID-19 presumptive clients,"" there's no specific mention of age restrictions or separate reporting for adults.",yes,"This is a primary diagnostic accuracy study, specifically described as a ""prospective cross-sectional study"" evaluating diagnostic performance.",yes,"The study clearly reports rapid antigen test results separately, with specific numbers for Ag-RDT positive cases (158) and RT-PCR positive cases (196).",yes,"The study reports clear diagnostic accuracy data, including sensitivity (99.6%) and specificity (93.4%) for the Ag-RDT.",yes,The study was conducted in clinical settings (two health centers and two hospitals).,yes,The study specifically evaluates a rapid antigen test (Panbio COVID-19 rapid antigen test) and not antibody tests or other diagnostics.,yes,"The study evaluates a point-of-care rapid antigen test and uses RT-PCR as a reference standard, though it also uses Bayesian Latent-Class Models to account for RT-PCR limitations.",Include,"A comprehensive diagnostic accuracy study of a rapid antigen test for SARS-CoV-2 was conducted in clinical settings, reporting detailed sensitivity and specificity metrics using RT-PCR as a reference standard. The research evaluated point-of-care testing across multiple healthcare facilities, providing quantifiable diagnostic performance data with robust methodology. While most screening criteria were definitively met, the participant age range remained slightly ambiguous.",4.6
Longitudinal assessment of diagnostic test performance over the course of acute SARS- 1 CoV-2 infection 2,"Rebecca L. Smith, L. Gibson, P. Martinez, Ruian Ke, Agha Mirza, M. Conte, N. Gallagher, Abigail R. Conte, Leyi Wang, R. Fredrickson, Darci C. Edmonson, M. Baughman, Karen K. Chiu, Hannah Choi, K. Scardina, Shannon Bradley, S. Gloss, Crystal Reinhart, J. Yedetore, Alyssa N. Owens, J. Broach, Bruce Barton, Peter, Lazar, Darcy Henness, Todd Young, Alastair Dunnett, M. Robinson, H. Mostafa, A. Pekosz, Y. Manabe, W. Heetderks, D. David, McManus, C. Brooke",-,-,-,1,2021,no,The abstract provides no information about the study population or age groups included.,maybe,"The abstract suggests this is a primary diagnostic accuracy study comparing RTqPCR and rapid antigen tests, but the study design is not explicitly stated.",maybe,"The abstract mentions both RTqPCR and rapid antigen test results, and appears to report them separately. However, the abstract is incomplete and poorly formatted, making it difficult to be certain.",maybe,"The abstract mentions sensitivity as an outcome measure, though the reporting appears incomplete.",no,The abstract does not specify whether the study was conducted in a clinical or community setting.,yes,The study clearly evaluates rapid antigen tests (specifically mentioning Quidel Sofia FIA rapid antigen tests).,yes,The study uses RTqPCR as a reference standard and evaluates point-of-care rapid antigen tests.,Include,"The abstract partially meets screening criteria by evaluating rapid antigen tests with RT-PCR as a reference standard and reporting sensitivity, but lacks critical details about study population, setting, and complete methodology. Significant information gaps and poor formatting create substantial uncertainty about the study's alignment with comprehensive screening requirements.",3.1
Comparison of seven commercial SARS-CoV-2 rapid Point-of-Care Antigen 1 tests 2,"V. Corman, Verena Haage, T. Bleicker, Marie L Schmidt, Barbara Mühlemann, M. Zuchowski, Wendy Karen, Jó Lei, Patricia Tscheak, E. Möncke-Buchner, M. Müller, A. Krumbholz, J. Drexler, C. Drosten",-,-,-,4,2020,no,"Without the actual abstract content, Elicit is unable to assess whether the study only includes non-pregnant adult participants (aged 18 years or older), or if the data of adult participants are reported separately.",no,"Without the actual abstract content, Elicit is unable to determine if the study is a primary diagnostic accuracy study or meta-analysis reporting original data.",no,"Without the actual abstract content, Elicit is unable to evaluate whether the study reports rapid antigen test results separately from other test types.",no,"Without the actual abstract content, Elicit is unable to assess whether the study reports quantifiable diagnostic accuracy data (sensitivity, specificity, or other accuracy measures).",no,"Without the actual abstract content, Elicit is unable to evaluate whether the study is conducted in a clinical or community setting.",no,"Without the actual abstract content, Elicit is unable to evaluate whether the study evaluates rapid antigen tests (rather than only antibody tests, laboratory-based tests, or other non-antigen diagnostics).",no,"Without the actual abstract content, Elicit is unable to determine if the study evaluates point-of-care rapid antigen tests for SARS-CoV-2 using RT-PCR as the reference standard.",Exclude,"No abstract content was provided, rendering it impossible to assess the screening criteria for diagnostic accuracy, test methodology, population characteristics, or study design. Without the actual text, a comprehensive evaluation against the specified requirements cannot be conducted.",0.1
A Reagent and Virus Benchmarking Panel for a Uniform Analytical Performance Assessment of N Antigen-Based Diagnostic Tests for COVID-19,"A. Golden, J. Cantera, L. Lillis, T. T. Phan, Hannah C. Slater, E. J. Webb, R. Peck, D. Boyle, G. Domingo",10.1128/spectrum.03731-22,https://doi.org/10.1128/spectrum.03731-22,medRxiv,5,2022,maybe,The abstract does not explicitly state the age range of participants or whether data is reported separately for adults.,yes,This appears to be a primary diagnostic accuracy study evaluating multiple rapid antigen tests against RT-PCR. The study includes both laboratory evaluation and clinical specimen analysis.,yes,"The study clearly reports rapid antigen test results separately, evaluating four specific rapid antigen tests (SD Biosensor, Abbott Panbio, Abbott BinaxNOW, and LumiraDx) against RT-PCR.",maybe,"While the study reports some quantifiable measures (limits of detection, 90% probability of detection), it doesn't explicitly report sensitivity and specificity values in the abstract. However, the full paper likely contains these metrics given the nature of the study.",yes,"The study appears to be conducted in both laboratory and clinical settings, using both clinical specimens and laboratory-based evaluations.",yes,"The study clearly evaluates rapid antigen tests, specifically focusing on nucleocapsid (N) and spike (S) antigen detection.",yes,The study uses RT-PCR as a reference standard and evaluates point-of-care rapid antigen tests.,Include,"A comprehensive diagnostic accuracy study evaluating multiple rapid antigen tests for SARS-CoV-2 using RT-PCR as a reference standard, with clear methodology and quantifiable performance metrics. The research demonstrates rigorous laboratory and clinical assessment of point-of-care diagnostic tests, though uncertainty remains regarding participant age demographics. Multiple rapid antigen tests were systematically compared across different antigen sources, providing valuable insights into diagnostic performance.",4.3
The Role of Antigen Rapid Diagnostic Test in COVID-19 Diagnosis,"R. M. Joji, M. Shahid",10.2174/2666958702101010108,https://doi.org/10.2174/2666958702101010108,The Open COVID Journal,0,2021,maybe,The abstract does not specify any age groups or population characteristics.,no,"This appears to be a review or perspective piece rather than a primary diagnostic accuracy study or meta-analysis, as the abstract discusses the general role of Ag-RDTs but does not present original diagnostic accuracy data.",no,"The abstract does not present any specific test results, and is instead a general discussion of antigen rapid diagnostic tests (Ag-RDTs) rather than a report of specific test data.",no,"The abstract does not report any quantifiable diagnostic accuracy data, and only makes general statements about test performance.",maybe,"The abstract mentions ""point of care"" and ""field of public health"" settings, but does not present data from a specific clinical or community setting study.",yes,The abstract does discuss rapid antigen tests (Ag-RDTs) specifically.,no,"While the abstract mentions RT-qPCR as the gold standard and discusses Ag-RDTs, it does not present a specific evaluation comparing these tests.",Exclude,"The abstract discusses rapid antigen diagnostic tests for COVID-19 but lacks specific diagnostic accuracy data, failing key screening criteria related to data reporting, study design, and outcome measures. While it provides a general overview of antigen testing methodology, it does not meet the requirements for a primary diagnostic accuracy study or provide quantifiable performance metrics.",1.4
The Value of Rapid Antigen Tests for Identifying Carriers of Viable SARS-CoV-2,"E. Shidlovskaya, N. Kuznetsova, E. Divisenko, M. Nikiforova, A. Siniavin, D. Ogarkova, A. V. Shagaev, M. Semashko, A. Tkachuk, O. Burgasova, V. Gushchin",10.3390/v13102012,https://doi.org/10.3390/v13102012,Viruses,8,2021,maybe,"The abstract doesn't specify the age range of the 106 patients, creating some uncertainty in meeting this criterion.",yes,This is a primary diagnostic accuracy study comparing rapid antigen tests against RT-PCR and cell culture.,yes,The study clearly reports rapid antigen test results separately for two different tests (BIOCREDIT and SGTI-flex).,yes,"The study reports quantifiable diagnostic accuracy data, including sensitivity and specificity with confidence intervals.",yes,The study was conducted in a hospital setting with newly admitted patients.,yes,The study specifically evaluates rapid antigen tests (BIOCREDIT COVID-19 Ag and SGTI-flex COVID-19 Ag).,maybe,"While the study uses RT-PCR as a reference, it also uses cell culture for viability assessment. The abstract suggests RT-PCR is used as a reference standard, but it's not entirely clear if this was the primary reference standard for all comparisons.",Include,"A diagnostic accuracy study comparing two rapid antigen tests for SARS-CoV-2 detection, with clear reporting of sensitivity and specificity across 106 hospital patients. The research meets most screening criteria, though uncertainty exists regarding participant age range and precise reference standard methodology. Quantifiable diagnostic performance data and a clinical setting provide strong methodological foundations.",4.3
An Agreement of Antigen Tests on Oral Pharyngeal Swabs or Less Invasive Testing With Reverse Transcription Polymerase Chain Reaction for Detecting SARS-CoV-2 in Adults: Protocol for a Prospective Nationwide Observational Study,"U. Schneider, Jenny Dahl Knudsen, Anders Koch, Nikolai Søren, Kirkby, J. Lisby",-,-,-,0,2022,maybe,"The abstract does not specify the age range of participants, which is a major uncertainty that could affect inclusion.",maybe,"This appears to be a primary diagnostic accuracy study comparing multiple RATs against RT-PCR. However, this is a protocol/study design paper rather than a completed study reporting results, which is a significant issue.",yes,"The study reports rapid antigen test results separately from other test types, as indicated by the abstract comparing RAT results to RT-PCR results.",maybe,"The study aims to report sensitivity and specificity, meeting this criterion in principle. However, as this is a protocol, no actual results are presented.",maybe,"The abstract mentions clinical samples from various anatomical locations, suggesting a clinical setting, though this isn't explicitly stated.",yes,"The study clearly focuses on rapid antigen tests (both lateral flow and laboratory-based), meeting this criterion.",yes,"The study explicitly uses RT-PCR as the reference standard and evaluates point-of-care rapid antigen tests, meeting this criterion.",Include,"A comprehensive protocol for comparing rapid antigen tests against RT-PCR across multiple manufacturers and sample collection methods shows strong methodological alignment with screening criteria. However, significant limitations exist, including the absence of actual diagnostic accuracy data and unspecified participant age range, which prevent definitive assessment of the study's compliance with all screening requirements.",2.7
"Diagnostic utility and performance of rapid antigen test in SARS CoV- 2 in symptomatic and asymptomatic patients during the second pandemic wave in Kashmir, North India","Anjum Farhana, Danish Zahoor, S. Wani, Reyaz Ahmed Khan, R. Nasir, Farhath Kanth",10.1016/j.ijmmb.2022.06.007,https://doi.org/10.1016/j.ijmmb.2022.06.007,Indian Journal of Medical Microbiology,3,2022,maybe,"The abstract mentions ""pregnant females"" as part of the asymptomatic group but doesn't specify if other age groups were included or if data was reported separately, creating some uncertainty.",yes,This is a primary diagnostic accuracy study comparing RAT to RT-PCR with original data collection from 1034 patients.,yes,"The study clearly reports rapid antigen test results separately from RT-PCR results, with specific numbers provided (374 RAT positive samples, 31 RAT positive but PCR negative).",yes,"The study reports clear diagnostic accuracy measures including sensitivity (84.04%), specificity (94.74%), PPV (92.35%), and NPV (88.71%).",yes,"The study was conducted in clinical settings (including pre-operative screening) and community settings (mentioned for screening in schools, colleges, and mass gatherings).",yes,The study specifically evaluates rapid antigen tests (standard Q COVID 19 Ag) and not antibody or other non-antigen tests.,yes,The study uses RT-PCR as the reference standard and evaluates point-of-care rapid antigen tests for SARS-CoV-2.,Include,"A comprehensive diagnostic accuracy study comparing rapid antigen tests to RT-PCR across symptomatic and asymptomatic populations, with robust reporting of sensitivity, specificity, and predictive values. The research provides detailed methodology and outcomes for SARS-CoV-2 testing, though slight uncertainty exists regarding the precise age range of participants. Overall, the study meets most screening criteria with strong evidence of diagnostic test performance.",4.6
[Evaluation of the Rapid Antigen Detection Kit with the Polymerase Chain Reaction for Detection of SARS-CoV-2 in Respiratory Samples].,"Aylin ERMAN DALOĞLU, Halil Er, Nevgün Sepin Özen, Y. Çekin",10.5578/mb.20229806,https://doi.org/10.5578/mb.20229806,Mikrobiyoloji Bulteni,4,2022,maybe,"The abstract does not explicitly state the age range of participants. While it's likely these are adults given the clinical setting, we cannot be certain without this information.",yes,"This is a primary diagnostic accuracy study comparing rapid antigen tests against RT-PCR, with original data collection and analysis.",yes,"The study clearly reports rapid antigen test results separately from RT-PCR results, with detailed performance metrics provided.",yes,"The study reports comprehensive diagnostic accuracy data including sensitivity (70%), specificity (100%), PPV, NPV, and accuracy (80%).",yes,The study was conducted in a clinical setting (Medical Microbiology Laboratory) with routine clinical samples.,yes,The study specifically evaluates a rapid antigen test (Wesail COVID-19 antigen test kit) for detecting viral protein antigens.,yes,The study uses RT-PCR as the reference standard and evaluates a point-of-care rapid antigen test for SARS-CoV-2.,Include,"A comprehensive diagnostic accuracy study comparing rapid antigen tests with RT-PCR for SARS-CoV-2 detection, demonstrating strong methodological rigor across multiple screening criteria. The research provides detailed performance metrics for a point-of-care antigen test, with robust reporting of sensitivity, specificity, and predictive values in a clinical setting. The only minor uncertainty relates to explicit confirmation of participant age range, though the clinical context suggests adult participants.",4.6
Evaluation of diagnostic performance of SARS-CoV-2 detection kits: a comparative study,"B. Sherif, H. Hafez, Marwa Ramadan Mohamed Abdelhalim, Menna Allah Zakaria Mohammad Ali Abou Elwafa, N. Wahba, Perihan Hamdy",10.1186/s43088-023-00360-1,https://doi.org/10.1186/s43088-023-00360-1,Beni-Suef University Journal of Basic and Applied Sciences,2,2023,maybe,"The abstract does not explicitly state the age range of participants, and there is no clear indication whether pediatric patients were included or excluded.",yes,This is a primary diagnostic accuracy study evaluating multiple test kits against RT-PCR.,yes,"The study reports rapid antigen test results separately from other test types, specifically comparing RAD kit results with RT-PCR.",yes,"The study reports quantifiable diagnostic accuracy data, including positive percent agreement, negative percent agreement, and sensitivity/specificity measures.",yes,The study was conducted in a clinical setting (Ain Shams University Specialized Hospital outpatient clinic).,yes,The study evaluates rapid antigen tests (RAD kits) alongside other molecular tests.,yes,The study uses RT-PCR (Viasure) as the reference standard and evaluates point-of-care rapid antigen tests.,Include,"A diagnostic accuracy study comparing rapid antigen tests with RT-PCR in a clinical setting, reporting comprehensive performance metrics across multiple test kits. The research demonstrates strong methodological rigor in evaluating SARS-CoV-2 diagnostic tools, with clear reporting of sensitivity, specificity, and agreement measures. The primary uncertainty lies in the lack of explicit confirmation regarding participant age range, which introduces a potential limitation in the study's generalizability.",3.9
Evaluation of the Elecsys SARS-CoV-2 antigen assay for the detection of SARS-CoV-2 in nasopharyngeal swabs.,"Myriam Ben Abdelhanin, D. Mvumbi, A. Agathine, N. Nanos, S. Gidenne",10.1016/j.jcv.2021.104991,https://doi.org/10.1016/j.jcv.2021.104991,Journal of Clinical Virology,6,2021,maybe,"The abstract does not specify the age range of participants, which is a significant uncertainty that could affect inclusion.",yes,This is a primary diagnostic accuracy study comparing the Elecsys® SARS-CoV-2 antigen assay against RT-PCR.,yes,"The study clearly reports rapid antigen test results separately, specifically for the Elecsys® SARS-CoV-2 antigen assay.",yes,"The study clearly reports quantifiable diagnostic accuracy data, including sensitivity (65.85% and 74.8% with different cut-offs) and specificity (100% and 97.1%).",yes,"The study appears to be conducted in a clinical/laboratory setting, though this isn't explicitly stated. The mention of ""centralized in clinical laboratories"" suggests this criterion is likely met.",maybe,"The study evaluates a rapid antigen test (Elecsys® SARS-CoV-2 antigen assay), but it appears to be an automated laboratory-based test rather than a point-of-care test, which is a potential issue for inclusion.",maybe,"The study uses RT-PCR as the reference standard, which meets this criterion. However, the test itself is not a point-of-care rapid antigen test but rather an automated laboratory test.",Include,"The study evaluates an automated laboratory-based SARS-CoV-2 antigen test with RT-PCR as the reference standard, reporting detailed diagnostic accuracy metrics. However, critical screening criteria are not fully met, particularly the requirement for a point-of-care rapid antigen test and clear specification of participant age range. These limitations suggest the study would likely be excluded from the systematic review.",2.7
Comparison of SARS-CoV-2 antigen testing to RT-PCR in a real-world setting—an observational cohort study,"J. Bräunlich, R. Hoheisel, A. Dinse-Lambracht",10.1016/j.diagmicrobio.2021.115531,https://doi.org/10.1016/j.diagmicrobio.2021.115531,Diagnostic microbiology and infectious disease,4,2021,maybe,"The abstract doesn't specify participant age ranges, so there is significant uncertainty about whether the study only includes non-pregnant adult participants or if the data of adult participants are reported separately.",yes,"This appears to be a primary diagnostic accuracy study with original data, analyzing paired test results.",yes,"The abstract clearly reports antigen test results separately from PCR results, showing paired data analysis.",yes,"The study reports quantifiable diagnostic accuracy data, specifically sensitivity (50%).",maybe,The setting (clinical or community) is not explicitly stated in the abstract.,yes,"The study evaluates SARS-CoV-2 antigen tests, not antibody or other non-antigen tests.",yes,The study uses PCR as the reference standard and evaluates antigen tests.,Include,"A diagnostic accuracy study of SARS-CoV-2 antigen testing demonstrates clear reporting of paired test results with PCR as the reference standard, providing quantifiable sensitivity data. However, significant uncertainties exist regarding participant age ranges and study setting, which prevent a comprehensive assessment of the study's alignment with all screening criteria.",4
The QuantuMDx Q-POC SARS-CoV-2 RT-PCR assay for rapid detection of COVID-19 at point-of-care: preliminary evaluation of a novel technology,"Jessica Caffry, M. Selby, K. Barr, George Morgan, David McGurk, P. Scully, Catherine Park, A. Caridis, Emily Southworth, J. Morrison, D. Clark, B. Davies, N. Eckersley, Elisabetta Groppelli, D. Kirwan, I. Monahan, Y. Augustin, Colin Toombs, T. Planche, H. Staines, S. Krishna",10.1038/s41598-023-35479-9,https://doi.org/10.1038/s41598-023-35479-9,Scientific Reports,6,2023,maybe,"The abstract doesn't explicitly state the age range of participants. While it mentions ""healthy volunteers"" and hospitalized patients, there's no clear indication that only adults were included or that data was reported separately for adults.",yes,"The study is a primary diagnostic accuracy study, which meets this criterion. It's described as a ""preliminary prospective performance evaluation"" with clear comparison to a reference standard.",no,"The study reports results for a specific test (Q-POC SARS-CoV-2 RT-PCR) separately from other test types. However, this is actually a RT-PCR test, not a rapid antigen test, which is a critical mismatch with the screening criteria.",yes,"The study clearly reports quantifiable diagnostic accuracy data, including sensitivity (96.88% and 80.00% under different conditions) with confidence intervals. This meets the criterion.",yes,"The study was conducted in a clinical setting (St George's Hospital, London), meeting this criterion.",no,"The study evaluates a point-of-care RT-PCR test, not a rapid antigen test. This is a fundamental mismatch with the screening criteria, which specifically requires rapid antigen tests.",no,"While the study does use RT-PCR as a reference standard (meeting half of this criterion), the test being evaluated is itself a RT-PCR test, not a rapid antigen test. This fails to meet the full requirement of this criterion.",Exclude,"The study evaluates a point-of-care RT-PCR test for SARS-CoV-2, which fundamentally conflicts with the screening criteria requiring rapid antigen tests. Despite meeting several methodological criteria like reporting diagnostic accuracy and being conducted in a clinical setting, the core requirement of testing a rapid antigen diagnostic is not satisfied. Consequently, the study does not align with the specified screening criteria and would be excluded from further review.",0.1
A Comparative Study of Rapid SARS-Cov-2 Antigen Detection Assay against RT-PCR Assay for Diagnosis of COVID-19 in a Tertiary Hospital of Kathmandu.,"R. Chaudhary, S. Bhatta, Ashutosh Kumar Singh, M. Pradhan, B. Moktan, S. Duwal, R. Pandit",10.3126/kumj.v20i3.53954,https://doi.org/10.3126/kumj.v20i3.53954,Kathmandu University Medical Journal,1,2022,maybe,"The abstract does not explicitly state the age range of participants, though being a hospital-based study suggests adult participants.",yes,"This is a primary diagnostic accuracy study, specifically described as a ""cross-sectional hospital based study"" comparing rapid antigen tests to RT-PCR.",yes,"The study reports rapid antigen test results separately, with specific sensitivity (60.6%) and specificity (96.4%) values provided.",yes,"The study reports clear diagnostic accuracy data, including sensitivity, specificity, positive and negative predictive values, and likelihood ratios.",yes,"The study was conducted in a clinical setting (Shree Birendra Army Hospital, Kathmandu).",yes,"The study clearly evaluates rapid antigen tests, specifically described as ""lateral flow immunoassay using monoclonal anti SARS-CoV-2 antibodies.""",yes,The study explicitly uses RT-PCR as the reference standard and evaluates point-of-care rapid antigen tests for SARS-CoV-2.,Include,"A hospital-based diagnostic accuracy study comparing rapid antigen tests to RT-PCR, reporting comprehensive performance metrics including sensitivity, specificity, and predictive values. The research evaluates point-of-care SARS-CoV-2 testing methodology in a clinical setting, with clear quantitative outcomes. While most screening criteria are definitively met, participant age range remains slightly uncertain from the abstract alone.",4.6
Evaluation of the Immunochromatography Assay's Diagnostic Performance for Quickly Detecting the Presence of COVID-19 Antigen in Patients with Positive PCR Results,"Angham Abdulrazzaq Breesam, M. Y. Nooruldeen",10.56286/ntujps.v1i4.309,https://doi.org/10.56286/ntujps.v1i4.309,NTU Journal of Pure Sciences,3,2022,maybe,"The abstract doesn't specify the age range of participants. While it mentions ""patients"" and ""healthy"" groups, there's no explicit mention of age restrictions or separate reporting for adults.",yes,This is a primary diagnostic accuracy study comparing rapid antigen tests with RT-PCR.,yes,"The study clearly reports rapid antigen test results separately from PCR results, with specific sensitivity values provided for both methods.",yes,"The study reports quantifiable diagnostic accuracy data, specifically sensitivity (69% and 70% for rapid antigen tests, 100% for PCR).",maybe,"While the study involves clinical samples (nasopharyngeal swabs), the specific setting (clinical or community) is not explicitly stated.",yes,The study specifically evaluates rapid antigen tests (immunochromatography method) for SARS-CoV-2.,yes,The study uses RT-PCR as the reference standard and evaluates point-of-care rapid antigen tests.,Include,"A diagnostic accuracy study comparing rapid antigen tests with RT-PCR for SARS-CoV-2, demonstrating clear methodology and quantifiable sensitivity results. While the study meets most critical screening criteria, some uncertainty exists regarding participant age range and specific study setting. The research provides valuable insights into rapid antigen test performance with a comprehensive comparative analysis.",4.3
Virus variant-specific clinical performance of a SARS-CoV-2 rapid antigen test with focus on Omicron variants of concern,"Linus Bornemann, O. Kaup, J. Kleideiter, B. Ruprecht, Annika Hoyer, M. Panning, Reinhard Bornemann, M. Wehmeier",10.1016/j.cmi.2023.05.009,https://doi.org/10.1016/j.cmi.2023.05.009,Clinical Microbiology and Infection,7,2023,maybe,"The abstract doesn't explicitly state the age range of participants. While it mentions ""older patients"" in sensitivity analysis, we cannot confirm if all participants were adults or if pediatric data was excluded.",yes,"This is a primary diagnostic accuracy study comparing Ag-RDT to RT-PCR in a clinical setting, with original data collection and analysis.",yes,"The study clearly reports rapid antigen test results (Sofia SARS-CoV-2 Ag-RDT) separately from RT-PCR results, with detailed performance metrics provided.",yes,"The study reports clear diagnostic accuracy data, including sensitivity (63.7%) and specificity (99.6%) with confidence intervals.",yes,The study was conducted in a clinical setting (emergency department of a large hospital).,yes,The study specifically evaluates a rapid antigen test (Sofia SARS-CoV-2 Ag-RDT) and not antibody or laboratory-based tests.,yes,The study uses RT-PCR as the reference standard and evaluates a point-of-care rapid antigen test for SARS-CoV-2.,Include,"A comprehensive diagnostic accuracy study of SARS-CoV-2 rapid antigen testing using RT-PCR as a reference standard, conducted in a clinical setting with robust methodology and clear reporting of sensitivity and specificity metrics. The research provides detailed performance analysis across different viral variants, with only minor uncertainty regarding participant age range. Overall, the study meets most critical screening criteria and offers valuable insights into rapid antigen test performance.",4.6
Diagnostic performance of the Elecsys SARS‐CoV‐2 antigen assay in the clinical routine of a tertiary care hospital: Preliminary results from a single‐center evaluation,"T. Mueller, Julia Kompatscher, M. La Guardia",10.1002/jcla.23906,https://doi.org/10.1002/jcla.23906,Journal of clinical laboratory analysis (Print),3,2021,no,No information is provided about participant age or pregnancy status.,maybe,"The abstract indicates this is a diagnostic accuracy evaluation study, which appears to be primary research.",maybe,"The abstract mentions evaluation of a specific antigen assay, suggesting separate reporting, but this isn't explicitly confirmed.",maybe,"The abstract mentions ""diagnostic accuracy"" but doesn't explicitly state which measures are reported.",yes,"The abstract explicitly states this is in a ""tertiary care setting,"" meeting this criterion.",yes,"The study evaluates an antigen assay (Elecsys SARS-CoV-2 antigen assay), meeting this criterion.",no,"While the test is an antigen test, the reference standard (RT-PCR) is not mentioned in the abstract.",Include,"A diagnostic accuracy study of a SARS-CoV-2 antigen assay in a tertiary care setting shows promise, with clear methodology for test evaluation. However, significant uncertainties exist regarding participant demographics, reference standard, and specific diagnostic accuracy measures, preventing definitive assessment of full eligibility.",3.4
ASSESSMENT OF PERFORMANCE AND IMPLEMENTATION CHARACTERISTICS OF RAPID POINT OF CARE SARS-CoV-2 ANTIGEN TESTING IN KENYA,"Eva Muthamia, S. Mungai, M. Mungai, G. Bandawe, F. Qadri, Z. Kawser, S. Lockman, L. Ivers, D. Walt, S. Suliman, M. Mwau, Jesse Gitaka",10.1101/2021.06.03.21258290,https://doi.org/10.1101/2021.06.03.21258290,medRxiv,5,2021,yes,"The abstract specifically mentions ""adults"" as the study population, with no indication of including children or pregnant women.",yes,This is a primary diagnostic accuracy study evaluating the performance of a rapid antigen test against a reference standard.,yes,"The study clearly reports rapid antigen test results (BD Veritor) separately from RT-PCR results, with specific sensitivity and specificity values provided.",yes,"The study reports clear diagnostic accuracy measures including sensitivity (94%), specificity (98%), and confidence intervals.",yes,"The study was conducted in a clinical setting in Kenya, evaluating both symptomatic and asymptomatic individuals.",yes,The study explicitly evaluates a rapid antigen test (BD Veritor) and not antibody tests or other diagnostics.,yes,The study uses RT-PCR as the reference standard and evaluates a point-of-care rapid antigen test (BD Veritor).,Include,"A comprehensive diagnostic accuracy study of a rapid antigen test for SARS-CoV-2 in adult populations, utilizing RT-PCR as the reference standard and reporting detailed sensitivity and specificity metrics. The research systematically evaluated test performance across symptomatic and asymptomatic participants in a clinical setting, providing robust quantitative data on diagnostic accuracy. Methodologically rigorous, the study met all critical screening criteria for a high-quality diagnostic test assessment.",4.9
Clinical analysis on diagnostic accuracy of Bosch Vivalytic SARS-CoV-2 point-of-care test and evaluation of cycle threshold at admission for COVID-19 risk assessment,"L. Heger, Nils Elsen, M. Rieder, Nadine Gauchel, U. Sommerwerck, C. Bode, D. Duerschmied, M. Oette, I. Ahrens",10.1186/s12879-022-07447-7,https://doi.org/10.1186/s12879-022-07447-7,BMC Infectious Diseases,6,2021,maybe,"The abstract doesn't explicitly state the age range of participants, so it's unclear if only adults were included or if data for adults was reported separately.",yes,"This is a primary diagnostic accuracy study, described as a ""prospective cohort study"" evaluating diagnostic accuracy with clear comparison to a reference standard.",maybe,"The abstract reports results for both a POC PCR test (Bosch Vivalytic) and a rapid antigen test (Roche), but the results are not completely separated. The sensitivity and specificity values reported (88% and 96%) are specifically for the Bosch Vivalytic test, not the antigen test.",yes,"The study reports quantifiable diagnostic accuracy data (sensitivity and specificity), though these are for the POC PCR test, not the rapid antigen test.",yes,The study is conducted in a clinical setting (hospital-based).,yes,"The study does evaluate rapid antigen tests (Roche SARS-CoV-2 Rapid Antigen Test), though it's not the primary focus of the results presented.",yes,"The study uses RT-PCR (Allplex™2019-nCoV) as the reference standard, which meets this criterion. However, the main results presented are for the POC PCR test, not the rapid antigen test.",Include,"A prospective cohort study evaluating COVID-19 diagnostic tests in a hospital setting, with partial alignment to screening criteria. While the study includes rapid antigen testing and uses RT-PCR as a reference standard, key limitations include unclear separation of rapid antigen test results and uncertainty about participant age range. The primary focus appears to be on a point-of-care PCR test rather than the rapid antigen test, creating potential challenges for comprehensive screening.",3.1
Field evaluations of four SARS-CoV-2 rapid antigen tests during SARS-CoV-2 Delta variant wave in South Africa,"N. Samsunder, G. Lustig, Slindile Ngubane, Thando Glory Maseko, S. Rambaran, S. Ngcapu, Stanley Nzuzo Magini, Lara Lewis, C. Cawood, A. Kharsany, Q. Karim, S. Karim, K. Naidoo, Aida Sivro",10.1186/s41512-023-00151-3,https://doi.org/10.1186/s41512-023-00151-3,Diagnostic and Prognostic Research,1,2023,maybe,"The abstract does not explicitly state the age range of participants, so it is uncertain whether the study only includes non-pregnant adult participants or if the data of adult participants are reported separately.",yes,"The study is explicitly described as a ""prospective diagnostic accuracy study"" with original data collection and analysis.",yes,"The study reports rapid antigen test results separately for each of the four tests evaluated (Panbio, Espline, RightSign, and Standard Q).",yes,"The study reports quantifiable diagnostic accuracy data, including sensitivity (60-72%) and specificity (>98%).",yes,"The study was conducted in drive-through testing centres, which qualifies as a clinical/community setting.",yes,"The study specifically evaluates rapid antigen tests, with four different brands being tested.",yes,The study evaluates point-of-care rapid antigen tests and uses the Abbott RealTime SARS-CoV-2 assay (RT-PCR) as the reference standard.,Include,"A prospective diagnostic accuracy study of rapid antigen tests for SARS-CoV-2 was conducted in a clinical setting, evaluating four different test types with RT-PCR as the reference standard. The study reported comprehensive diagnostic accuracy data, including sensitivity and specificity, across multiple test samples. While most screening criteria were definitively met, the participant age range remained uncertain and would require verification in the full text.",4.6
Bangladesh Journal of Infectious Diseases Comparison of the SARS-CoV-2 Rapid Antigen Test with Real-Time RT-PCR Assay for Laboratory Diagnosis of COVID-19 in Bangladesh,"A. Akram, M. A. Molla, Thm Enayet, Ullah Khan, A. Melan, Monirul Islam, N. Hosen",-,-,-,0,2022,maybe,"The abstract mentions a median age of 35.2 years, but does not explicitly state whether all participants were adults or if pediatric cases were excluded. However, the context suggests an adult population.",yes,"This is a primary diagnostic accuracy study comparing rapid antigen tests with RT-PCR, with original data collection and analysis.",yes,"The study reported rapid antigen test results separately from RT-PCR results, with specific numbers provided for both methods.",yes,"The study reports clear diagnostic accuracy measures, including sensitivity (94.0%) and specificity (99.0%).",yes,The study was conducted at a clinical setting (National Institute of Laboratory Medicine and Referral Center).,yes,The study specifically evaluates rapid antigen tests (Standard Q COVID-19 Ag test) for SARS-CoV-2 detection.,yes,The study uses RT-PCR (Novel Coronavirus Nucleic Acid Diagnostic Kit) as the reference standard for comparing rapid antigen test results.,Include,"A diagnostic accuracy study comparing rapid antigen and RT-PCR tests for SARS-CoV-2 detection, conducted in a clinical setting with comprehensive reporting of sensitivity and specificity. The research meets most screening criteria, with robust methodology and clear outcome measures, though slight uncertainty exists regarding participant age demographics. Overall, the study provides valuable insights into rapid antigen test performance against a standard reference test.",4.6
Diagnostic Performance of Rapid Antigen Testing for SARS-CoV-2: The COVid-19 AntiGen (COVAG) Extension study,"Christoph Wertenauer, Alexander Dressel, Eberhard Wieland, Hans-Joerg Wertenauer, Helmine Braitmaier, Anna Straub, Nicolas Luetzner, Winfried März",10.1101/2023.11.29.23299183,https://doi.org/10.1101/2023.11.29.23299183,medRxiv,0,2023,maybe,"The abstract doesn't explicitly state the age range of participants. It mentions ""all-comers"" but doesn't specify if children were included or if adult data was reported separately.",yes,This is a primary diagnostic accuracy study comparing RATs against RT-PCR as the reference standard.,yes,"The study clearly reports rapid antigen test results separately, comparing two specific RATs (Panbio and SD Biosensor) with detailed sensitivity data.",yes,"The study reports detailed diagnostic accuracy data, including sensitivity values for different scenarios and specificity (>99% overall).",yes,"The study was conducted in a diagnostic center, which qualifies as a clinical setting.",yes,The study specifically evaluates rapid antigen tests (Panbio COVID-19 Ag Rapid Test and SD Biosensor Q SARS-CoV-2 Rapid Antigen Test).,yes,The study evaluates point-of-care rapid antigen tests and explicitly uses RT-PCR as the reference standard.,Include,"A comprehensive diagnostic accuracy study comparing two rapid antigen tests against RT-PCR, reporting detailed sensitivity and specificity data across multiple clinical scenarios. The research systematically evaluated test performance across different patient populations, vaccination statuses, and viral variants, with robust methodology and clear outcome measures. While most screening criteria were definitively met, uncertainty remained regarding the specific age range of study participants.",4.6
Point of care molecular and antigen detection tests for COVID-19: current status and future prospects,"W. Stokes, B. Berenger, A. Venner, Vincent Deslandes, J. Shaw",10.1080/14737159.2022.2122712,https://doi.org/10.1080/14737159.2022.2122712,Expert Review of Molecular Diagnostics,6,2022,no,"The abstract does not specify any information about the study population or age groups, so this criterion cannot be evaluated from the available information.",no,This appears to be a review article rather than a primary diagnostic accuracy study or meta-analysis reporting original data. This is a critical failure of a key criterion.,no,"The abstract does not indicate that the study reports rapid antigen test results separately from other test types. The paper appears to be a review article discussing both NAATs and RATs together, without specific separate reporting of results.",no,"The abstract does not indicate that specific diagnostic accuracy data (sensitivity, specificity) are reported. It appears to be a general review of utility and implementation rather than a detailed accuracy analysis.",no,"The abstract mentions ""point of care testing"" but doesn't specify whether the review focuses on clinical or community settings.",maybe,"The paper does discuss rapid antigen tests (RATs) as one of its focus areas, so this criterion is partially met. However, it's not exclusively focused on RATs, as it also covers NAATs.",no,"While RATs are discussed, there is no mention of RT-PCR as a reference standard or any specific comparison methodology, so this criterion is not met based on the available information.",Exclude,"This review article discusses point-of-care testing for SARS-CoV-2 but fails to meet key screening criteria, particularly the requirement for a primary diagnostic accuracy study with original data. The abstract lacks specific details about test methodology, reference standards, and quantifiable diagnostic accuracy measures, rendering it insufficient for the specified screening requirements.",1.4
Field evaluation of COVID-19 rapid antigen test: Are rapid antigen tests less reliable among the elderly?,-,10.12998/wjcc.v10.i19.6456,https://doi.org/10.12998/wjcc.v10.i19.6456,World Journal of Clinical Cases,4,2022,maybe,"The study includes patients across three age groups (<18, 19-65, >65 years). While adult data is included, it's not reported separately from pediatric data.",yes,This is a primary diagnostic accuracy study evaluating the Humasis COVID-19 Ag Test against RT-PCR.,yes,"The study clearly reports rapid antigen test results separately, with specific numbers for RAT positive (953) and negative (1537) samples.",yes,"The study reports quantifiable diagnostic accuracy data, specifically negative predictive value (82.69%) and discusses false negative rates.",yes,"The study was conducted at the Croatian Institute of Public Health, which appears to be a clinical setting.",yes,The study specifically evaluates a rapid antigen test (Humasis COVID-19 Ag Test) for SARS-CoV-2 detection.,yes,"The study uses RT-PCR as the reference standard for all negative RAT samples, which is explicitly stated in the methods.",Include,"A comprehensive diagnostic accuracy study of a rapid antigen test for SARS-CoV-2, conducted across multiple age groups with RT-PCR as the reference standard, demonstrates robust methodology and clear reporting of diagnostic performance. While the study meets most screening criteria, the inclusion of pediatric participants without separate adult data reporting represents a potential limitation for systematic review inclusion. The research provides valuable insights into rapid antigen test performance, particularly highlighting variations in diagnostic accuracy across different age groups.",3.9
Measuring diagnostic performance of COVID-19 tests: lessons for the next pandemic,Jacob Moran-Gilad,10.2807/1560-7917.ES.2021.26.45.2101050,https://doi.org/10.2807/1560-7917.ES.2021.26.45.2101050,Euro surveillance : bulletin Europeen sur les maladies transmissibles = European communicable disease bulletin,0,2021,no,The abstract provides no information about study population or age groups.,no,This appears to be a review or overview paper rather than a primary diagnostic accuracy study or meta-analysis. The abstract discusses various testing methods in general terms without presenting original data.,no,The abstract does not indicate whether rapid antigen test results are reported separately from other test types. It only mentions that such tests exist as part of a broader discussion of COVID-19 testing methods.,no,"No diagnostic accuracy data (sensitivity, specificity, etc.) is mentioned in the abstract.",no,The abstract does not specify the study setting.,no,"While the abstract mentions rapid antigen tests, it does so only in passing as part of a broader discussion of testing methods. It's not clear if the paper specifically evaluates these tests.",no,"The abstract mentions both RT-qPCR and rapid diagnostic tests, but does not indicate that it evaluates rapid antigen tests using RT-PCR as a reference standard.",Exclude,"The abstract lacks specific details about diagnostic accuracy, population characteristics, and test methodology required by the screening criteria. Multiple key requirements remain unaddressed, including separate reporting of rapid antigen test results, study design specifics, and quantifiable diagnostic accuracy measures. The text appears to be a general overview of COVID-19 testing methods rather than a focused diagnostic accuracy study.",1.4
Pitfalls of SARS-CoV-2 antigen testing at emergency department,"Eleonora Cottone, Frederik Van Hoecke, G. Martens, E. De Laere, Roos De Smedt, Steven Vervaeke, M. Vanhee, D. De Smet",10.1080/23744235.2022.2083226,https://doi.org/10.1080/23744235.2022.2083226,Infectious Diseases,1,2022,maybe,"The abstract doesn't explicitly state the age range of participants. While it mentions ""symptomatic patients presenting to hospital ER departments,"" it doesn't specify if they excluded or separately reported data for participants under 18.",yes,This is a primary diagnostic accuracy study comparing the rapid antigen test against RT-PCR as the reference standard.,yes,"The study clearly reports rapid antigen test results separately, specifically evaluating the Roche SARS-CoV-2 Rapid Antigen test (SD Biosensor) against RT-PCR.",yes,"The study reports quantifiable diagnostic accuracy data, specifically mentioning sensitivity (45.5%) and discussing specificity.",yes,The study is conducted in a clinical setting (hospital ER departments).,yes,The study specifically evaluates a rapid antigen test (Roche SARS-CoV-2 Rapid Antigen test).,yes,The study evaluates a point-of-care rapid antigen test using RT-PCR as the reference standard.,Include,"A diagnostic accuracy study evaluating a rapid antigen test for SARS-CoV-2 in a hospital emergency department setting, comparing results against RT-PCR as a reference standard. The research provides quantifiable diagnostic performance data, specifically reporting sensitivity and discussing test limitations across different viral load scenarios. While most screening criteria are definitively met, uncertainty remains regarding the specific age range of study participants.",4.6
Evaluation of STANDARDTM M10 SARS-CoV-2 assay as a diagnostic tool for SARS-CoV-2 in nasopharyngeal or oropharyngeal swab samples,"Maria-Eleni Parakatselaki, Georgia Alexi, A. Zafiropoulos, G. Sourvinos",10.1016/j.jcvp.2022.100129,https://doi.org/10.1016/j.jcvp.2022.100129,Journal of Clinical Virology Plus,4,2022,maybe,"The abstract does not specify the age range of participants or whether they are pregnant/non-pregnant, creating a significant uncertainty that could affect inclusion.",yes,"The study appears to be a primary diagnostic accuracy study, as the abstract explicitly describes the methodology and compares the rapid test against RT-PCR.",yes,"The study reports rapid antigen test results separately from other test types, as the abstract clearly provides specific sensitivity and specificity values for the STANDARD™ M10 SARS-CoV-2 assay.",yes,"The study clearly reports quantifiable diagnostic accuracy data, including sensitivity (98.00%) and specificity (97.50%) with confidence intervals.",maybe,"While the study involves clinical samples (nasopharyngeal/oropharyngeal swabs), the specific setting (clinical or community) is not explicitly stated, though it appears to be clinical based on the sample collection method.",maybe,"The study evaluates the STANDARD™ M10 SARS-CoV-2 assay, which appears to be a rapid diagnostic test, but the abstract does not explicitly state if it's an antigen test or another type of rapid test, creating some uncertainty.",yes,"The study uses RT-PCR as the reference standard, which meets this criterion. However, as noted in criterion 4, it's unclear if this is specifically a rapid antigen test.",Include,"A diagnostic accuracy study comparing a SARS-CoV-2 rapid test against RT-PCR reference standard, reporting high sensitivity and specificity with clear outcome measures. However, significant uncertainties exist regarding participant age range and precise test methodology, which could impact study inclusion. The research provides detailed diagnostic performance data but lacks complete clarity on key screening criteria.",3.4
Evaluation of the performance of Panbio™ COVID-19 antigen rapid diagnostic test for the detection of SARS-CoV-2 in suspected patients in Ethiopia,"Dejene Dessalegn, Edosa Kifle Tola, Afework Tamiru, Biruk Zerfu",10.1177/20503121221110079,https://doi.org/10.1177/20503121221110079,SAGE Open Medicine,2,2022,maybe,"The abstract doesn't explicitly state the age range of participants. While it mentions ""suspected patients"" and includes both consent and assent (suggesting some participants may be minors), we cannot be certain if adult data is reported separately.",yes,"This is a primary diagnostic accuracy study comparing Panbio rapid antigen test against RT-PCR, with original data collection and analysis.",yes,"The study clearly reports rapid antigen test results (Panbio) separately from RT-PCR results, with detailed comparison between the two.",yes,"The study reports detailed diagnostic accuracy measures including sensitivity (81%), specificity (98.7%), PPV, NPV, and kappa values.",yes,The study was conducted in a clinical setting (Wollega University Referral Hospital).,yes,The study specifically evaluates a rapid antigen test (Panbio COVID-19 antigen rapid diagnostic test).,yes,The study uses RT-PCR as the reference standard and evaluates a point-of-care rapid antigen test for SARS-CoV-2.,Include,"A diagnostic accuracy study comparing Panbio rapid antigen test with RT-PCR in a clinical setting, reporting comprehensive performance metrics including sensitivity, specificity, and predictive values. The research meets most screening criteria, with robust methodology and detailed outcome measures, though uncertainty exists regarding the precise age range of participants. The study provides valuable insights into rapid antigen test performance for SARS-CoV-2 detection.",4.3
Evaluation of a rapid diagnostic test for detection of SARS-CoV-2 antigen in nasopharyngeal swabs,"D. Carcione, J. Intra, D. Riggio, Simona Sabella, L. Rondelli, Simone Barbieri, V. Leoni, M. Biondi",10.4081/MM.2021.9623,https://doi.org/10.4081/MM.2021.9623,Microbiologia Medica,2,2021,maybe,"The abstract does not specify the age range of participants, so there is significant uncertainty about whether the study only includes non-pregnant adult participants or if the data of adult participants are reported separately.",yes,This appears to be a primary diagnostic accuracy study comparing a rapid antigen test against RT-PCR.,yes,The study clearly reports rapid antigen test results (STANDARD F COVID-19 Ag FIA Kit) separately from RT-PCR results.,yes,"The study reports quantifiable diagnostic accuracy data, specifically sensitivity (45% overall, 64% for high viral load samples).",maybe,"The setting is not explicitly stated, though the use of nasopharyngeal swabs suggests a clinical setting.",yes,The study evaluates a rapid antigen test (STANDARD F COVID-19 Ag FIA Kit) specifically.,yes,The study uses RT-PCR as the reference standard and evaluates a point-of-care rapid antigen test.,Include,"A diagnostic accuracy study comparing a rapid antigen test to RT-PCR demonstrates clear reporting of test results and methodology, with quantifiable sensitivity measures. While most screening criteria are met, significant uncertainties exist regarding participant age range and precise study setting. The small sample size of 23 nasopharyngeal swabs may limit the generalizability of the findings.",4
Validation of the Panbio COVID-19 Antigen Rapid Test (Abbott) to screen for SARS-CoV-2 infection in Sint Maarten: a diagnostic accuracy study,"C. King, Eva Lista-de Weever, M. Henry, R. Steingrover, Chérina Fleming, Richard Panneflek, S. V. van Kampen",10.1101/2021.09.23.21260526,https://doi.org/10.1101/2021.09.23.21260526,medRxiv,2,2021,maybe,"The abstract mentions ""people of all ages"" were recruited, but it's unclear if adult data was reported separately.",yes,This is a primary diagnostic accuracy study comparing RAT results to RT-PCR.,yes,The study clearly reports rapid antigen test results (Abbott Panbio COVID-19 RAT) separately from RT-PCR results.,yes,"The study reports clear diagnostic accuracy data, including sensitivity (84%) and specificity (99.9%) with confidence intervals.",yes,The study was conducted in a clinical/community setting (public COVID-19 test street).,yes,The study specifically evaluates a rapid antigen test (Abbott Panbio COVID-19 RAT).,yes,The study uses RT-PCR (Qtower) as the reference standard and evaluates a point-of-care rapid antigen test.,Include,"A diagnostic accuracy study of rapid antigen testing for COVID-19 that meets most screening criteria, with robust methodology and clear reporting of sensitivity and specificity. The primary uncertainty lies in the age range of participants, as the study recruited people of all ages without clearly separating adult data. Despite this limitation, the research provides valuable insights into rapid antigen test performance using RT-PCR as a reference standard.",4.6
Validation of the test for detecting SARS--CoV-2 antigens in the Polish population in patients with suspected SARS-CoV-2 infection,"Mateusz Miłosz, Michał Słota, J. Jakubowski, P. Kwiatkowski, S. Kasperczyk, Małgorzata Kozłowska, B. Pawłowska, Patryk Matuszek, Ewa Kuta",10.5114/ceji.2022.113992,https://doi.org/10.5114/ceji.2022.113992,Central European Journal of Immunology,3,2022,maybe,"The abstract does not specify the age range of participants or whether they are pregnant/non-pregnant adults, so there is uncertainty about the population age.",yes,"The study appears to be a primary diagnostic accuracy study comparing antigen test results to RT-PCR, as the abstract indicates it is a ""primary diagnostic accuracy study"".",yes,"The study reports rapid antigen test results separately from other test types, as the abstract clearly mentions the ""SARS-CoV-2 Antigen ELISA test"" results.",yes,"The study clearly reports diagnostic accuracy data, including sensitivity (100%) and specificity (98.84%).",maybe,"The abstract does not explicitly state the study setting (clinical or community), so there is uncertainty about the study setting.",maybe,"The study evaluates an antigen test (SARS-CoV-2 Antigen ELISA), but it is noted that ELISA is typically a laboratory-based method rather than a true rapid point-of-care test.",maybe,"The study uses RT-PCR as the reference standard, but the test being evaluated is an ELISA-based antigen test, not a point-of-care rapid antigen test as specified in the criteria.",Include,"The study reports diagnostic accuracy of a SARS-CoV-2 antigen ELISA test with high sensitivity and specificity, but fails to meet key screening criteria due to its laboratory-based methodology rather than a point-of-care rapid antigen test. Significant uncertainties exist regarding participant age range and study setting, which further complicate its alignment with the specified screening requirements.",2.7
Comparative field study of Rapid-Antigen Detection (RAD) with Multiplex Real Time-PCR for COVID-19 diagnosis,"M. Hussan, Fadia Waheed, Habib Ullah, M. Khurram, Ghadir Ali, M. Shahid, Faisal Zaman, .. Abdullah, A. Hashmi",10.54393/pbmj.v5i4.397,https://doi.org/10.54393/pbmj.v5i4.397,Pakistan BioMedical Journal,1,2022,maybe,"The abstract does not specify the age range of participants, so this information is unclear.",yes,This is a primary diagnostic accuracy study comparing rapid antigen tests with RT-PCR as the reference standard.,yes,"The study clearly reports rapid antigen test results separately, with specific numbers for positive and negative results.",yes,"The study reports quantifiable diagnostic accuracy data, specifically sensitivity (94.6%) and includes data that could be used to calculate specificity.",yes,"The study was conducted at the Institute of Biomedical and Genetic Engineering, which appears to be a clinical setting.",yes,The study specifically evaluates a rapid antigen test (PanbioTM COVID-19 Ag-Rapid test device by Abbott).,yes,The study uses RT-PCR as the reference standard and evaluates a point-of-care rapid antigen test for SARS-CoV-2.,Include,"A comprehensive diagnostic accuracy study comparing rapid antigen tests with RT-PCR for SARS-CoV-2, demonstrating high sensitivity and clear methodology across multiple screening criteria. The research provides robust quantitative data on test performance, with only minor uncertainty regarding participant age range. The study meets most critical screening requirements, offering valuable insights into point-of-care COVID-19 diagnostic testing.",4.6
Clinical evaluation of BD Veritor TM SARS-CoV-2 point-of-care test performance compared to PCR-based testing and versus the Sofia ® 2 SARS Antigen point-of-care test.,"Stephen Young, Stephanie N. Taylor, C. Cammarata, -. CelineRoger, Dalbert, A. Montano, C. Griego-Fullbright, Cameron Burgard, Catherine Fernandez, K. Eckert, J. Andrews, Huimiao Ren, J. Allen, R. Ackerman, Charles K. Cooper",-,-,-,2,2020,yes,"The abstract explicitly states that participants were ""≥18 years of age"" in both studies.",yes,This is a primary diagnostic accuracy study evaluating the clinical performance of rapid antigen tests.,yes,"The study clearly reports rapid antigen test results separately, specifically comparing BD Veritor and Sofia 2 antigen tests with PCR as the reference standard.",yes,"The abstract mentions measuring positive, negative, and overall percent agreement (PPA, NPA, and OPA), which are quantifiable diagnostic accuracy measures.",maybe,"While not explicitly stated, the context of testing symptomatic individuals and using point-of-care tests strongly suggests a clinical setting.",yes,The study specifically evaluates rapid antigen tests (BD Veritor and Sofia 2) that detect SARS-CoV-2 nucleocapsid antigen.,yes,The study evaluates point-of-care rapid antigen tests and uses RT-PCR (Lyra® SARS-CoV-2 PCR Assay) as the reference standard in the first study.,Include,"A diagnostic accuracy study of rapid antigen tests for SARS-CoV-2 in adults, comparing point-of-care tests against RT-PCR reference standards. The research systematically evaluated test performance using quantifiable measures like positive, negative, and overall percent agreement, with participants aged 18 and older presenting COVID-19 symptoms. The study design and methodology align closely with comprehensive diagnostic testing criteria.",4.9
SARS-CoV-2 Rapid Antigen Kit Efficacy in Comparison with Quant Studio 12 PCR Genetics & Molecular Medicine,"J. Farajzadeh, E. St-Denis, J. Jackson, Y. Valles-Ayoub",-,-,-,0,2022,maybe,"The abstract does not specify the age range of participants or whether they are pregnant/non-pregnant, so there is significant uncertainty around the population age criteria.",yes,The study appears to be a primary diagnostic accuracy study comparing rapid antigen tests with PCR.,yes,"The study reports rapid antigen test results separately from other test types, as indicated by the analysis of 105 rapid antigen results compared with PCR.",maybe,"While the study mentions ""efficacy"" and discusses detection capabilities, it doesn't explicitly report sensitivity or specificity values in the abstract. However, it does provide some quantifiable data (cycle threshold of 28.92).",maybe,"The abstract doesn't explicitly state whether the study was conducted in a clinical or community setting, though the mention of ""at-home"" testing suggests it might be a community setting study.",yes,The study clearly evaluates rapid antigen tests using lateral flow assay targeting nucleocapsid protein.,yes,"The study uses Quant Studio 12 PCR as the reference standard, which is a form of RT-PCR.",Include,"A diagnostic accuracy study comparing rapid antigen tests with PCR demonstrates clear methodology for SARS-CoV-2 detection, with strong alignment to most screening criteria. However, significant uncertainties exist regarding participant age range and precise study setting, which create potential limitations in meeting all inclusion requirements. The study provides quantifiable data on test performance but lacks explicit reporting of sensitivity and specificity measures.",3.5
Reliability of the rapid antigen test for diagnosis of SARS-CoV-2 in Tunisia.,"A. Chtourou, S. Gargouri, A. Nasri, Awatef Taktak, Fahmi Smaoui, O. Chakroun, Noureddine Rekik, Adnene Hammami, L. Feki-Berrajah, Héla Karray",10.26719/2024.30.4.300,https://doi.org/10.26719/2024.30.4.300,Eastern Mediterranean health journal = La revue de sante de la Mediterranee orientale = al-Majallah al-sihhiyah li-sharq al-mutawassit,0,2024,maybe,"The abstract doesn't explicitly state the age range of participants. While it's likely these were adults given the clinical setting, we cannot be certain without more information.",yes,This is a primary diagnostic accuracy study evaluating the performance of a rapid antigen test against RT-PCR.,yes,"The study clearly reports rapid antigen test results separately, with specific performance metrics and comparisons to RT-PCR.",yes,"The study reports quantifiable diagnostic accuracy data, including sensitivity (70.2%) and negative predictive value (65.8%).",yes,"While not explicitly stated, the context suggests a clinical setting given the testing of COVID-19 suspected cases.",yes,The study specifically evaluates a rapid antigen test (Standard Q COVID-19 Ag test) for SARS-CoV-2 detection.,yes,The study uses RT-PCR as the reference standard and evaluates a point-of-care rapid antigen test.,Include,"A comprehensive diagnostic accuracy study of a rapid antigen test for SARS-CoV-2, utilizing RT-PCR as a reference standard and reporting detailed performance metrics across a large patient sample. The research meets most screening criteria, with robust methodology and clear reporting of sensitivity and predictive values, though participant age range remains unconfirmed. The study provides valuable insights into rapid antigen test performance in a clinical setting.",4.6
SARS-CoV-2 infection: use and effectiveness of antigenic swab for the health surveillance of healthcare workers,"M. Coggiola, R. Cavallo, Eugenio Grillo, Roberto Frammartino, Giuseppe Clemente, C. Costa, I. Raciti, C. Silvestre, G. Scozzari, E. Paradisi, A. Tuffanelli, Maria Carolina Alfonso Pensamiento, Alessandro Godono, E. Pira",10.23749/mdl.v112i6.12125,https://doi.org/10.23749/mdl.v112i6.12125,La Medicina del lavoro,1,2021,maybe,"The abstract doesn't explicitly state the age range of participants. However, since it focuses on healthcare workers, it's likely they are adults, but this isn't definitively stated.",yes,"This is a primary diagnostic accuracy study (retrospective observational study) reporting original data on 4,000 antigenic swabs.",yes,"The study clearly reports rapid antigen test results separately, with detailed performance metrics for different groups.",yes,"The study reports detailed diagnostic accuracy data including sensitivity, specificity, PPV, and NPV with confidence intervals.",yes,The study was conducted in a clinical setting (hospital in Turin) with healthcare workers.,yes,The study specifically evaluates antigenic swabs (rapid antigen tests) for SARS-CoV-2.,yes,"The study uses RT-PCR as the reference standard (""gold standard"") and evaluates point-of-care rapid antigen tests.",Include,"A comprehensive diagnostic accuracy study of rapid antigen tests for SARS-CoV-2 among healthcare workers, utilizing RT-PCR as the reference standard and reporting detailed performance metrics across different prevalence groups. The research provides robust quantitative data on test sensitivity, specificity, and predictive values, with a clinical setting and methodology that aligns closely with standard diagnostic evaluation criteria. While most screening requirements are definitively met, slight uncertainty exists regarding explicit confirmation of participant age range.",4.6
Comparison of COVID-19 Antigen Rapid Test (Oral Fluid) and Real-Time RT-PCR in the laboratory diagnosis of SARS-CoV-2 infection,"L. Mense, S. Ouburg",10.1101/2022.10.07.22280607,https://doi.org/10.1101/2022.10.07.22280607,medRxiv,0,2022,maybe,The abstract does not specify the age range of participants or whether they are adults/non-pregnant. This is a significant uncertainty.,yes,This is a primary diagnostic accuracy study evaluating a specific rapid antigen test against RT-PCR.,yes,"The study clearly reports rapid antigen test results separately, with specific data for 150 positive and 350 negative specimens.",yes,"The study reports quantifiable diagnostic accuracy data, including sensitivity (83.8%) and accuracy (95.9%) with confidence intervals.",maybe,"While the study appears to be conducted in a clinical setting (given the use of RT-PCR as reference), the exact setting is not explicitly stated.",yes,The study specifically evaluates a rapid antigen test using oral fluid samples.,yes,"The study uses RT-PCR as the reference standard (""SARS-CoV-2 Real-time RT-PCR was used as Golden Standard"") and evaluates a point-of-care rapid antigen test.",Include,"A diagnostic accuracy study evaluating a rapid antigen test for SARS-CoV-2 using oral fluid samples and RT-PCR as reference standard, with comprehensive reporting of sensitivity and accuracy metrics. The study meets most screening criteria, though uncertainty exists regarding participant age range. Quantifiable diagnostic performance data and a point-of-care testing approach are key strengths of the research.",4.3
"Evaluation of SARS-CoV-2 Rapid Antigen Tests in Use on the Isle of Youth, Cuba.","Saylí González-Fiallo, Idorka Mena-Rodríguez, Percy Castro-Batista, Víctor M. Doeste-Hernández, Viviana Louit-Laborit",10.37757/mr2022.v24.n2.3,https://doi.org/10.37757/mr2022.v24.n2.3,MEDICC Review,1,2022,maybe,"The abstract does not specify the age range of participants, so there is uncertainty about whether the study only includes non-pregnant adult participants or if the data of adult participants are reported separately.",yes,"This is a primary diagnostic accuracy study with original data collection and analysis, explicitly stated as a ""prospective evaluation study.""",yes,"The study clearly reports rapid antigen test results separately, with specific numbers for true positives, true negatives, and false negatives compared to RT-PCR.",yes,"The study reports detailed diagnostic accuracy data including sensitivity (75.3%), specificity (96.1%), predictive values, and validity indices.",yes,"While not explicitly stated, the context suggests a clinical setting, particularly given the reference to ""clinical-epidemiological management.""",yes,"The study specifically evaluates a SARS-CoV-2 rapid antigen test, not antibody tests or other diagnostics.",yes,The study explicitly uses RT-PCR as the reference standard for evaluating the rapid antigen test.,Include,"A prospective diagnostic accuracy study evaluating a SARS-CoV-2 rapid antigen test against RT-PCR demonstrates comprehensive reporting of diagnostic performance metrics with high specificity and sensitivity. The research provides detailed quantitative data on test performance, though uncertainty remains regarding participant age demographics. The study meets most screening criteria, with robust methodology and clear reporting of diagnostic accuracy measures.",4.3
Real-World Accuracy of a SARS-CoV-2 Rapid Diagnostic Tests in the Republic of Korea,"O. Kweon, Hye Ryoun Kim, Mi-Kyung Lee, Yong Kwan Lim",10.3346/jkms.2022.37.e310,https://doi.org/10.3346/jkms.2022.37.e310,Journal of Korean medical science,2,2022,maybe,"The abstract doesn't specify the age range of participants, creating some uncertainty in meeting this criterion.",yes,This is a primary diagnostic accuracy study evaluating the performance of a specific rapid antigen test against RT-PCR.,yes,"The study clearly reports rapid antigen test results (STANDARD Q COVID-19 Ag) separately, with specific sensitivity and specificity values provided.",yes,"The study clearly reports quantifiable diagnostic accuracy data, including sensitivity (57.6%) and specificity (99.9%).",yes,"The study appears to be conducted in a clinical setting, as it involves systematic testing with both RDT and RT-PCR simultaneously.",yes,The study specifically evaluates a rapid antigen test (STANDARD Q COVID-19 Ag) rather than antibody or laboratory-based tests.,yes,"The study evaluates a point-of-care rapid antigen test and uses RT-PCR as the reference standard, as evidenced by the comparison of RDT results with RT-PCR results.",Include,"A comprehensive diagnostic accuracy study of a rapid antigen test for COVID-19, utilizing RT-PCR as a reference standard and reporting detailed sensitivity and specificity metrics. The research systematically evaluated 5,792 test results, providing robust quantitative data on the performance of point-of-care diagnostic testing. While most screening criteria were definitively met, uncertainty remained regarding the specific age range of study participants.",4.6
Evaluation of the new 2.0 version of the Roche SARS-CoV-2 Rapid Antigen Test,"H. Flinck, J. Aittoniemi",10.1016/j.jviromet.2023.114758,https://doi.org/10.1016/j.jviromet.2023.114758,Journal of Virological Methods,2,2023,maybe,"The abstract doesn't explicitly state the age range of participants. While it's likely these are adults given the clinical setting, we cannot be certain without more information.",yes,This is a primary diagnostic accuracy study evaluating the performance of a specific rapid antigen test against a reference standard.,yes,"The study clearly reports rapid antigen test results (RAT 2.0) separately, with specific sensitivity and specificity values provided.",yes,"The study reports clear diagnostic accuracy measures: sensitivity (92.1% overall, 97.0% for Ct ≤ 30) and specificity (100%).",yes,"While not explicitly stated, the use of nasopharyngeal samples and reference to ""pandemic environment"" suggests a clinical setting.",yes,The study specifically evaluates a rapid antigen test (Roche Diagnostics SARS-CoV-2 Rapid Antigen Test 2.0).,yes,The study uses RT-PCR (NAAT) as the reference standard and evaluates a point-of-care rapid antigen test.,Include,"A comprehensive diagnostic accuracy study of a SARS-CoV-2 rapid antigen test using RT-PCR as the reference standard, reporting precise sensitivity and specificity measures across different viral load conditions. The research systematically evaluated test performance with a robust methodology, including cross-reactivity testing and detailed outcome reporting. While most screening criteria were definitively met, the participant age range remained slightly uncertain.",4.6
Regional Evaluation of Two SARS-CoV-2 Antigen Rapid Diagnostic Tests in East Africa,"M. Affara, H. Lagu, Emmanuel Achol, Neema Omari, Grace Ochido, Eric Kezakarayagwa, Francine Kabatesi, Cassien Nduwimana, Anatole Nkeshimana, Donald Duku Samson, Gwokpan Awin Nykwec, Joseph Daniel Wani Lako, Michael Lasuba, Lul Lojok Deng, Maria Ezekiely Kelly, Peter Bernard Mtesigwa Mkama, A. Magesa, Salum Said Ali, Sabra Amour Rashid, Godfrey Pimundu, Tonny Muyigi, Susan Ndidde Nabadda, R. Rutayisire, Alice Kabanda, Emmanuel Kabalisa, J. May, Eric Nzeyimana, M. Katende, F. Gehre",10.1128/spectrum.04895-22,https://doi.org/10.1128/spectrum.04895-22,Microbiology spectrum,1,2023,maybe,"The abstract doesn't explicitly state the age range of participants. While it's likely these were adults given the clinical setting, we cannot be certain without more information.",yes,"This is a primary diagnostic accuracy study evaluating two rapid antigen tests against RT-PCR, with original data collection from 1,432 individuals.",yes,"The study clearly reports rapid antigen test results separately, with specific data for two different tests (Bionote NowCheck and SD Biosensor STANDARD Q).",yes,"The study reports clear diagnostic accuracy data, including sensitivity (60% and 50% for the two tests) and specificity (99% for both).",yes,"The study was conducted in clinical settings across five East African countries, with testing performed by health workers.",yes,"The study specifically evaluates rapid antigen tests (Ag-RDTs) for SARS-CoV-2, not antibody tests or other diagnostics.",yes,"The study evaluates point-of-care rapid antigen tests and explicitly uses RT-PCR as the reference standard (""evaluated against the detection of SARS-CoV-2 RNA by the Reverse Transcription PCR RT-PCR) gold standard""().",Include,"A comprehensive diagnostic accuracy study of rapid antigen tests for SARS-CoV-2 was conducted across five East African countries, utilizing RT-PCR as a reference standard and reporting detailed sensitivity and specificity data. The research evaluated two point-of-care rapid antigen tests, providing quantifiable diagnostic performance metrics in a clinical setting, with the primary limitation being unclear participant age range. The study meets most screening criteria and offers valuable insights into rapid diagnostic test performance in a real-world context.",4.6
Implementing SARS-CoV-2 antigen testing scale-up in Rwanda: retrospective analysis of national programme data and qualitative findings,"R. Rutayisire, C. Boeke, J. Joseph, N. Bansal, Noella Bigirimana, Owen Demke, Ashley Kallarakal, P. Karame, R. Ndayishimiye, Esperance Umumararungu, T. Peter, Shaukat Khan",10.1136/bmjopen-2022-066776,https://doi.org/10.1136/bmjopen-2022-066776,BMJ Open,1,2023,maybe,"The abstract does not specify the age range of participants, and there is no indication whether pediatric cases were included or excluded.",no,"This is a retrospective analysis of program data, not a primary diagnostic accuracy study or meta-analysis. The study focuses on implementation and feasibility rather than diagnostic accuracy.",yes,"The study reports rapid antigen test results separately from other test types, specifically reporting 906,204 antigen tests and 445,235 PCR tests separately.",no,"The study reports implementation metrics (test volumes, turnaround times) rather than diagnostic accuracy measures (sensitivity, specificity).",yes,"The study is conducted in a clinical/community setting across Rwanda, including ""lower tier facilities.""",yes,"The study does evaluate rapid antigen tests, comparing them with PCR tests.",no,"While both antigen tests and PCR are discussed, the study doesn't appear to evaluate antigen tests against PCR as a reference standard for diagnostic accuracy. Instead, it compares implementation metrics.",Include,"The study fails to meet key screening criteria for a diagnostic accuracy review, particularly lacking diagnostic accuracy metrics and not using PCR as a reference standard. While the research provides valuable insights into antigen testing implementation in Rwanda, it does not qualify as a primary diagnostic accuracy study. Critical gaps include absence of sensitivity/specificity data and unclear participant age demographics.",2.5
Diagnostic accuracy of two commercially available rapid assays for detection of IgG and IgM antibodies to SARS-CoV-2 compared to ELISA in a low-prevalence population,"K. Hackner, P. Errhalt, M. Willheim, Maria-Anna Grasl, Jasmina Lagumdzija, Waltraud Riegler, M. Ecker, Matthias Wechdorn, F. Thalhammer, O. Assadian",10.3205/dgkh000363,https://doi.org/10.3205/dgkh000363,GMS Hygiene and Infection Control,3,2020,maybe,"The study focuses on healthcare workers (HCWs), who are typically adults. While not explicitly stated, it's reasonable to assume these are adult participants.",yes,This is a primary diagnostic accuracy study comparing point-of-care tests against a reference standard (ELISA).,no,"The study reports results for antibody tests (NADAL® and mö-screen), not rapid antigen tests. The data is clearly separated, but for the wrong type of test.",yes,"The study reports clear diagnostic accuracy data including sensitivity, specificity, PPV, NPV, and diagnostic accuracy.",yes,The study appears to be conducted in a clinical setting with healthcare workers.,no,"The study evaluates antibody tests (immunodiagnostic tests), not rapid antigen tests. This is a critical failure as the screening criteria specifically require rapid antigen tests.",maybe,"While the study does use RT-PCR as a reference standard for infection status, it's evaluating antibody tests, not antigen tests.",Exclude,"The study focuses on antibody tests for COVID-19, which fundamentally differs from the required rapid antigen test methodology. Despite meeting several screening criteria like study design and outcome measures, the critical failure to evaluate rapid antigen tests disqualifies the paper from inclusion. The mismatch in test type represents a core deviation from the specified screening requirements.",1.4
[Retrospective analysis of the performance of the SARS-CoV-2 rapid antigen detection test compared to the reference RT-PCR test].,"M. Bernard, Gina Cosentino, L. Pieri, P. Zachary, M. Buser, Laurent Kbaier, Jean-Marc Giannoli",10.1684/abc.2021.1641,https://doi.org/10.1684/abc.2021.1641,Annales de Biologie Clinique,0,2021,maybe,"The abstract does not specify the age range of participants, so it is unclear if the study includes only adults or if adult data is reported separately.",yes,This is a primary diagnostic accuracy study comparing TDR results with RT-PCR as the reference standard.,yes,"The study clearly reports rapid antigen test (TDR) results separately from RT-PCR results, with specific sensitivity and specificity values provided.",yes,"The study reports clear diagnostic accuracy measures, including sensitivity (56% overall, 74% in early symptoms, 66% with high viral load) and specificity (93%).",yes,"The study appears to be conducted in a clinical setting, with patients being tested in laboratories.",yes,The study specifically evaluates rapid antigen tests (TDR) and not antibody tests or other diagnostics.,yes,The study explicitly uses RT-PCR as the reference standard for evaluating point-of-care rapid antigen tests for SARS-CoV-2.,Include,"A comprehensive diagnostic accuracy study comparing rapid antigen tests with RT-PCR for SARS-CoV-2, reporting detailed sensitivity and specificity across different clinical parameters. The research meets most screening criteria, with robust methodology and clear outcome measures, though uncertainty exists regarding participant age range. The study provides valuable insights into rapid antigen test performance in a clinical setting.",4.3
Clinical evaluation of BD Veritor SARS-CoV-2 point-of-care test performance compared to PCR-based testing and versus the Sofia SARS Antigen point-of-care test.,"Stephen Young, Stephanie N. Taylor, C. Cammarata, Céline Roger-Dalbert, A. Montano, C. Griego-Fullbright, Cameron Burgard, Catherine Fernandez, K. Eckert, J. Andrews, Huimiao Ren, Joseph G. Allen, R. Ackerman, D. Gary, Charles K. Cooper",10.1101/2020.09.01.20185777,https://doi.org/10.1101/2020.09.01.20185777,medRxiv,1,2020,yes,"The abstract explicitly states participants were ""≥18 years of age"" in both studies.",yes,This is a primary diagnostic accuracy study comparing the Veritor test against reference standards in two separate studies.,yes,The study clearly reports rapid antigen test results (Veritor test) separately from other test types (Lyra PCR and Sofia antigen tests).,yes,"The study reports quantifiable diagnostic accuracy data, including positive percent agreement (PPA), negative percent agreement (NPA), and overall percent agreement (OPA).",yes,"While not explicitly stated, the context suggests a clinical setting, as it involves patients with COVID-19 symptoms and uses clinical specimens.",yes,The study specifically evaluates a rapid antigen test (BD Veritor System for Rapid Detection of SARS-CoV-2 antigen).,maybe,"While the study uses RT-PCR (Lyra assay) as a reference standard in Study 1, Study 2 compares the Veritor test to another antigen test (Sofia test) rather than PCR. However, Study 1 meets this criterion.",Include,"A diagnostic accuracy study of a rapid SARS-CoV-2 antigen test involving adult participants, comparing test performance against PCR and another antigen test across two studies. The research comprehensively reports diagnostic accuracy measures, uses appropriate clinical specimens, and meets most screening criteria with high methodological rigor. While one study used a non-PCR reference standard, the overall design and reporting align closely with the specified screening requirements.",4.7
Performance Evaluation of Rapid Antigen Test for COVID-19 with SARS-CoV-2 RT-PCR using Nasopharyngeal Swab with Special Reference to RNA Dependent RNA Polymerase (RdRp) Cycle Threshold Values,"Vidyut Prakash, Kumar Saurabh, Rishikesh Kumar, Randhir Kumar, N. Kumari, Shailesh Kumar",10.22207/jpam.17.4.28,https://doi.org/10.22207/jpam.17.4.28,Journal of Pure and Applied Microbiology,0,2023,maybe,"The abstract doesn't explicitly state the age range of participants. It mentions ""patients coming with features of ILI"" and ""high-risk patients"" but doesn't specify age restrictions.",yes,"This is a primary diagnostic accuracy study, described as ""observational and cross-sectional"" with original data collection and comparison.",yes,"The study reports rapid antigen test results separately from RT-PCR results, with specific numbers provided (104 RAT positive vs 229 RT-PCR positive).",yes,"The study reports clear diagnostic accuracy measures including sensitivity (44.54%), specificity (99.96%), PPV (98.08%), and NPV (97.56%).",yes,"The study appears to be conducted in a clinical setting, with patients coming for ILI or hospitalization.",yes,The study specifically evaluates rapid antigen tests (RAT) for SARS-CoV-2.,yes,The study uses RT-PCR as the reference standard and evaluates point-of-care rapid antigen tests.,Include,"A comprehensive diagnostic accuracy study comparing rapid antigen tests with RT-PCR for SARS-CoV-2, reporting detailed sensitivity, specificity, and predictive values across a large sample size. The research meets most screening criteria, with robust methodology and clear outcome measures, though participant age range remains unspecified. The study provides valuable insights into rapid antigen test performance, particularly in relation to viral load and symptom severity.",4.6
Evaluation of the performance of a rapid antigen test (Roche) for COVID‐19 diagnosis in an emergency setting in Sweden,"Anna Heydecke, Karolina Gullsby",10.1002/jmv.28537,https://doi.org/10.1002/jmv.28537,Journal of Medical Virology,2,2023,maybe,"The abstract doesn't explicitly state the age range of participants. While it's an emergency care setting which typically serves adults, we cannot be certain that pediatric patients were excluded or reported separately.",yes,"This is a primary diagnostic accuracy study comparing the rapid antigen test against RT-PCR, with original data collection and analysis.",yes,"The study clearly reports rapid antigen test results separately, with specific sensitivity and specificity values for the Roche SARS-CoV-2 Rapid Antigen Test.",yes,"The study reports clear diagnostic accuracy measures, including sensitivity (71.3% overall, 86.5% when Ct>30) and specificity (99.7%).",yes,"The study was conducted in an emergency care setting, which qualifies as a clinical setting.",yes,The study specifically evaluates a rapid antigen test (Roche SARS-CoV-2 Rapid Antigen Test) and not antibody or laboratory-based tests.,yes,The study uses RT-PCR as the reference standard and evaluates a point-of-care rapid antigen test for SARS-CoV-2.,Include,"A comprehensive diagnostic accuracy study of a SARS-CoV-2 rapid antigen test in an emergency care setting, utilizing RT-PCR as a reference standard and reporting detailed sensitivity and specificity metrics. The research systematically evaluated test performance across multiple patient samples, demonstrating strong methodological rigor in assessing point-of-care diagnostic capabilities. While most screening criteria were definitively met, the participant age range remained slightly ambiguous.",4.6
A Synchronous Blind Test and Methodological Comparison Between Colloidal Gold Rapid Test vs RT-PCR For Sars-Cov-2 Detection,"A. Mourtzikou, D. Tsiftsis, Maria Agrogianni, Nikolaos Kasimatis, Anthoula Dritsa, M. Stamouli, Panagiotis Koumpouros, Christina Seitopoulou, Elpida Toka",10.24018/ejbiomed.2022.1.5.26,https://doi.org/10.24018/ejbiomed.2022.1.5.26,European Journal of BioMedical Research,0,2022,maybe,"The abstract doesn't explicitly state the age range of participants. While it's likely these are adults given the emergency department setting, we cannot be certain without explicit confirmation.",yes,This is a primary diagnostic accuracy study comparing rapid antigen tests with PCR as the reference standard.,yes,The study clearly reports rapid antigen test results (colloidal gold antigen rapid test) separately from PCR results.,yes,"The study reports clear diagnostic accuracy measures including sensitivity (79%), specificity (96%), PPV (89%), NPV (91%), and kappa coefficient (0.79).",yes,The study was conducted in a clinical setting (emergency department of a tertiary care hospital).,yes,"The study specifically evaluates a colloidal gold antigen rapid test, which is a type of rapid antigen test.",yes,The study uses RT-PCR as the reference standard and evaluates a point-of-care rapid antigen test (colloidal gold).,Include,"A diagnostic accuracy study comparing colloidal gold antigen rapid tests with PCR in an emergency department setting, reporting comprehensive diagnostic performance metrics including sensitivity, specificity, and predictive values. The research meets most screening criteria, with only minor uncertainty regarding participant age range, but demonstrates strong methodological alignment with systematic review requirements.",4.6
Microbes and Infectious Diseases Evaluating the performance of two rapid antigen detection tests in diagnosis of SARS- COV- 2 infection,"Yasmin A. El Mahdy, May S. Soliman, S. Khairat, N. Reda, Nermeen A. El, desouky, Noha S. Soliman",-,-,-,0,2022,maybe,"The abstract does not specify the age range of participants, so there is uncertainty about whether the study only included non-pregnant adult participants or reported data for adult participants separately.",yes,This is a primary diagnostic accuracy study comparing rapid antigen tests against RT-PCR as the reference standard.,yes,"The study clearly reports rapid antigen test results separately, comparing two different antigen tests (iFlash and UNICELL-2019-nCoV) against RT-PCR.",yes,"The study reports clear diagnostic accuracy data, including sensitivity (69.35% and 64.52%) and specificity (100%) for both tests.",maybe,"While the study involves clinical samples (nasopharyngeal swabs), the specific setting (clinical or community) is not explicitly stated, though it appears to be clinical based on the sample collection method.",yes,"The study specifically evaluates rapid antigen tests, including both a chemiluminescent immunoassay (CLIA) and a lateral flow immunofluorescent test.",yes,The study evaluates point-of-care rapid antigen tests and uses RT-PCR as the reference standard.,Include,"A diagnostic accuracy study comparing rapid antigen tests for SARS-CoV-2 using RT-PCR as a reference standard, with clear reporting of sensitivity and specificity across two different test methodologies. The research provides comprehensive diagnostic performance data, though uncertainty exists regarding participant age range. Multiple screening criteria are met, with detailed methodological reporting of point-of-care antigen testing approaches.",4.3
Point-of-Care Testing for COVID-19,Nitika Pant Pai,10.14293/s2199-1006.1.sor-med.clngrns.v1,https://doi.org/10.14293/s2199-1006.1.sor-med.clngrns.v1,-,1,2020,maybe,No information about the study population or age groups is provided in the abstract.,no,This appears to be a collection/promotion of articles rather than a primary diagnostic accuracy study or meta-analysis.,no,"The abstract only mentions ""point-of-care testing"" generally and does not provide specific information about rapid antigen test results or separate reporting of different test types.",no,No mention of diagnostic accuracy measures is provided in the abstract.,maybe,No specific setting information is provided in the abstract.,no,"While ""point-of-care testing"" is mentioned, it is not specific to rapid antigen tests and could include various types of point-of-care tests.",no,No mention of specific test types or reference standards is provided in the abstract.,Exclude,"The abstract lacks specific details about rapid antigen testing methodology, diagnostic accuracy measures, and study design, failing to meet multiple critical screening criteria. Insufficient information is provided about test types, reference standards, population characteristics, and outcome measures, rendering the text inadequate for comprehensive assessment. The text appears to be a general collection of articles rather than a focused research study with clear diagnostic testing parameters.",0.1
Diagnostic accuracy of Panbio™ rapid antigen test for SARS-CoV-2 in paediatric population,"L. Gallardo-Alfaro, Patricia Lorente-Montalvo, Margarita A. Cañellas, E. Carandell, A. Oliver, Estrella Rojo, Beatriz Riera, J. Llobera, Oana Bulilete, Alfonso Anaida Victoria Pau Carlos Elsa Verónica Leiva Obieta Pascual Pericas Radúan Segura Vega, Alfonso Leiva, Anaida Obieta, Victoria Pascual, Pau Pericas, Carlos Radúan, Elsa Segura, Verónica Vega",10.1186/s12887-023-04201-z,https://doi.org/10.1186/s12887-023-04201-z,BMC Pediatrics,2,2023,no,"The study exclusively focuses on pediatric patients (0-18 years), which explicitly fails this criterion requiring adult participants (≥18 years).",yes,"This is a primary diagnostic accuracy study, explicitly described as a ""prospective diagnostic study"" with original data collection and analysis.",yes,"The study clearly reports rapid antigen test results separately, specifically for the Panbio™ Rapid Antigen Test, with detailed accuracy metrics.",yes,"The study reports detailed quantifiable diagnostic accuracy data, including sensitivity (59.5%), specificity (99.8%), and predictive values with confidence intervals.",yes,"The study was conducted in a clinical setting (primary health care centres in Mallorca, Spain).",yes,The study evaluates a rapid antigen test (Panbio™ Rapid Antigen Test) specifically.,yes,The study uses RT-PCR as the reference standard and evaluates a point-of-care rapid antigen test for SARS-CoV-2.,Exclude,"A comprehensive diagnostic accuracy study of a rapid antigen test for SARS-CoV-2 was conducted in pediatric patients, utilizing RT-PCR as the reference standard and reporting detailed sensitivity and specificity metrics. Despite meeting most screening criteria with high methodological rigor, the study's exclusive focus on participants under 18 years of age disqualifies it from inclusion based on the population age requirement. The research provides valuable insights into rapid antigen test performance in pediatric populations, but falls short of the systematic review's specific age-related criteria.",0.1
COMPARISON OF A RAPID ANTIGEN DETECTION TEST WITH REAL TIME RT PCR FOR COVID 19 DIAGNOSIS: AN EXPERIENCE FROM A TERTIARY CARE HOSPITAL IN EASTERN INDIA.,"A. Apurva, P. Kokkayil, Pramurtajyoti Debbarma, Asim Sarfaraz, Binod Kumar Pati, Bhaskar Thakuria",10.36106/ijsr/8409343,https://doi.org/10.36106/ijsr/8409343,International journal of scientific research,0,2025,maybe,"The abstract doesn't explicitly state the age range of participants. While it's likely these are adults given the hospital setting, we cannot be certain without more information.",yes,"This is a primary diagnostic accuracy study comparing RADT results with RT-PCR, with original data collection and analysis.",yes,"The study clearly reports rapid antigen test results separately, with specific sensitivity and specificity values provided for the Standard Q Covid-19 Antigen Test.",yes,"The study reports clear diagnostic accuracy measures including sensitivity (33.62%), specificity (99.77%), PPV, NPV, and diagnostic accuracy.",yes,"The study was conducted in a tertiary care hospital, which qualifies as a clinical setting.",yes,The study specifically evaluates a rapid antigen test (Standard Q Covid-19 Antigen Test) and not antibody or other non-antigen tests.,yes,The study uses RT-PCR as the reference standard and evaluates a point-of-care rapid antigen test for SARS-CoV-2.,Include,"A comprehensive diagnostic accuracy study of a rapid antigen test for COVID-19 was conducted in a tertiary care hospital, utilizing RT-PCR as the reference standard and reporting detailed sensitivity, specificity, and predictive values. The research systematically evaluated point-of-care testing methodology across multiple diagnostic parameters, with robust data collection and analysis. While most screening criteria were definitively met, the participant age range remained slightly ambiguous, requiring potential clarification in the full manuscript.",4.6
Comparison of Rapid Antigen Detection Test with Reverse Transcription Polymerase Chain Reaction in Highly Suspected COVID-19 Patients.,"Muhammad Abdur Rahman Afridi, Zafar Ali, Naveed Iqbal",10.29271/jcpsp.2023.09.1058,https://doi.org/10.29271/jcpsp.2023.09.1058,Journal of the College of Physicians and Surgeons--Pakistan : JCPSP,0,2023,yes,"While not explicitly stated that all participants are adults, the mean age is 56.80 ± 13.72 years, strongly suggesting an adult population. No mention of pediatric or pregnant participants.",yes,"This is a primary diagnostic accuracy study comparing RAT with RT-PCR, with original data collection and analysis.",yes,"The study clearly reports rapid antigen test (RAT) results separately from RT-PCR results, with distinct numbers for each test type.",yes,"The study reports comprehensive diagnostic accuracy data including sensitivity (54.5%), specificity (74.7%), PPV, NPV, likelihood ratios, and overall accuracy (60.33%) with 95% confidence intervals.",yes,"The study was conducted in a clinical setting (Department of Medicine/COVID Complex, Medical Teaching Institution/Lady Reading Hospital).",yes,The study specifically evaluates rapid antigen tests (RAT) for SARS-CoV-2.,yes,The study explicitly uses RT-PCR as the reference standard for evaluating point-of-care RAT.,Include,"A comprehensive diagnostic accuracy study comparing rapid antigen tests with RT-PCR in a clinical setting, involving adult participants and reporting detailed quantitative diagnostic performance metrics. The research systematically evaluated point-of-care rapid antigen testing for SARS-CoV-2, providing robust statistical analysis of sensitivity, specificity, and predictive values across a well-defined patient population. Methodologically sound, the study meets all critical screening criteria for diagnostic test evaluation.",4.9
A COMPARATIVE STUDY OF DIAGNOSTIC ACCURACY OF A POINT-OF-CARE SCREENING TEST VIS-À-VIS A GOLD STANDARD TEST FOR DIAGNOSIS OF COVID-19 IN CASES OF SURGICAL EMERGENCIES,"Shachindra Kumar Pathak, Subramaniam Swaminathan, Anand Neelakantan, Nilotpal Behuria",10.36106/ijsr/4702316,https://doi.org/10.36106/ijsr/4702316,International journal of scientific research,0,2022,maybe,"The abstract mentions ""patients with various surgical emergencies"" but doesn't specify age ranges, creating some uncertainty about whether the study includes only adults or mixed populations.",yes,This appears to be a primary diagnostic accuracy study comparing RADT with RT-PCR as the reference standard.,yes,"The study clearly reports rapid antigen test (RADT) results separately from RT-PCR results, with specific numbers provided (107 RADT negative, 5 positive; 105 RT-PCR negative, 7 positive).",yes,"While not explicitly stating sensitivity/specificity, the abstract provides enough data to calculate these measures (2 false negatives out of 7 true positives for sensitivity).",yes,"The study was conducted in a secondary level care hospital's Surgical Department, which qualifies as a clinical setting.",yes,The study specifically evaluates rapid antigen tests (RADT) and compares them with RT-PCR.,yes,The study evaluates point-of-care rapid antigen tests and uses RT-PCR as the reference standard.,Include,"A diagnostic accuracy study comparing rapid antigen tests with RT-PCR in a clinical setting, reporting comprehensive test results across 112 surgical emergency patients. The research provides detailed comparative data on test performance, with clear methodology and outcome measures, though some uncertainty exists regarding participant age demographics. The study meets most screening criteria, offering valuable insights into rapid antigen test diagnostic capabilities.",4.3
"A single-center experience on long-term clinical performance of a rapid SARS-CoV-2 Antigen Detection Test, STANDARD Q COVID-19 Ag Test","Seo Wan Kim, Yongjung Park, Dokyun Kim, Seok Hoon Jeong",10.1038/s41598-023-48194-2,https://doi.org/10.1038/s41598-023-48194-2,Scientific Reports,2,2023,maybe,"The abstract doesn't explicitly state the age range of participants. While it's likely these are adults given the hospital setting, we cannot be certain without more information.",yes,"This is a primary diagnostic accuracy study comparing RADT with RT-PCR, with original data from 14,194 cases.",yes,"The study clearly reports rapid antigen test results separately from RT-PCR results, with detailed comparison data provided.",yes,"The study reports detailed diagnostic accuracy data including sensitivity (0.577), specificity (0.991), PPV, NPV, and ROC analysis.",yes,The study was conducted in a clinical setting (Gangnam Severance Hospital).,yes,The study specifically evaluates rapid antigen detection tests (RADT) using the STANDARD Q COVID-19 Ag Test.,yes,The study uses RT-PCR as the reference standard and evaluates point-of-care rapid antigen tests for SARS-CoV-2.,Include,"A comprehensive diagnostic accuracy study of rapid antigen tests for SARS-CoV-2 was conducted in a clinical setting, comparing point-of-care tests against RT-PCR with robust methodology and detailed outcome measures. The research evaluated 14,194 cases, reporting sensitivity, specificity, and predictive values across different COVID-19 variants, with only minor uncertainty regarding participant age range. The study provides significant insights into rapid diagnostic testing performance during the pandemic.",4.6
COVID-19 diagnostic assays sensitivity: lessons for the upcoming wave or next pandemic,"Nikhil Shri Sahahjpal, A. Mondal, S. Ananth, Kimya Jones, A. Chaubey, R. Kolhe",10.4155/fmc-2021-0209,https://doi.org/10.4155/fmc-2021-0209,Future Medicinal Chemistry,0,2021,no,The abstract does not specify the age range of participants or whether the study includes only adults. This is a significant uncertainty.,maybe,"This appears to be a primary diagnostic accuracy study comparing different assays, including antigen tests and RT-PCR. However, the abstract is somewhat unclear about the specific study design and whether it's reporting original data or just reviewing existing literature.",maybe,"The abstract mentions comparing antigen-based assays with RT-PCR, but it's not entirely clear if the results are reported separately. The abstract suggests a comparative analysis but doesn't explicitly state how the data is presented.",maybe,"The abstract mentions comparing ""clinical sensitivity"" and discusses false negatives, suggesting diagnostic accuracy measures are reported, though specific metrics aren't detailed in the abstract.",maybe,"The abstract doesn't explicitly state the study setting (clinical or community), though the discussion of various sample types suggests a clinical setting.",yes,"Yes, the study clearly evaluates rapid antigen tests among other diagnostic methods.",maybe,"The study does compare antigen tests with RT-PCR, which is the reference standard. However, it's not explicitly stated whether these are point-of-care rapid antigen tests specifically.",Include,"The study explores COVID-19 diagnostic assays, comparing antigen and RT-PCR tests, but lacks clear specification of participant age range and precise test methodology. While the research addresses diagnostic accuracy and compares different testing approaches, significant uncertainties exist regarding study design, population characteristics, and specific test settings. Multiple screening criteria are partially met, but critical details remain ambiguous.",3.4
Evaluation of the Panbio™ rapid antigen test for SARS-CoV-2 in primary health care centers and test sites.,Estrella Rojo,-,-,-,1,2020,yes,"The abstract explicitly states ""patients older than 18 years"" were included, meeting the adult population criterion.",yes,"The study is explicitly described as a ""prospective diagnostic study"" evaluating diagnostic accuracy, making it a primary diagnostic accuracy study.",yes,"The study clearly reports rapid antigen test results (Panbio™ Ag-RDT) separately from RT-PCR results, meeting the requirement for data reporting.",yes,"The study reports clear diagnostic accuracy measures including sensitivity (71.4%), specificity (99.8%), PPV, and NPV with confidence intervals.",yes,"The study was conducted in ""primary health care (PHC) centers and test sites,"" which qualifies as a clinical setting.",yes,The study specifically evaluates a rapid antigen test (Panbio™ Ag-RDT) for SARS-CoV-2.,yes,The study uses RT-PCR as the reference standard and evaluates a point-of-care rapid antigen test.,Include,"A prospective diagnostic study of rapid antigen testing for SARS-CoV-2 in adults, conducted in primary healthcare settings, comprehensively reports diagnostic accuracy using RT-PCR as the reference standard. The research meets all screening criteria by evaluating a point-of-care rapid antigen test, reporting quantifiable diagnostic performance metrics, and including participants over 18 years old. Detailed stratified analysis and clear reporting of sensitivity, specificity, and predictive values further strengthen the study's methodological rigor.",4.9
Diagnostic accuracy of SARS-CoV-2 rapid antigen self-tests in asymptomatic individuals in the Omicron period: cross sectional study,"R. Venekamp, E. Schuit, L. Hooft, I. Veldhuijzen, W. Bijllaardt, S. Pas, V. Zwart, E. Lodder, M. Hellwich, M. Koppelman, R. Molenkamp, C. Wijers, I. H. Vroom, L. C. Smeets, C. Nagel-Imming, W. Han, S. van den Hof, J. Kluytmans, J. H. van de Wijgert, K. Moons",10.1101/2022.07.07.22277366,https://doi.org/10.1101/2022.07.07.22277366,medRxiv,0,2022,maybe,"The study includes participants ""aged ≥16 years,"" which means some participants are under 18, though the data might be separable. This creates some uncertainty about whether the adult data can be isolated.",yes,"The study is explicitly described as a ""Cross-sectional diagnostic test accuracy study"" with original data collection and analysis.",yes,"The study clearly reports rapid antigen test results separately for each of the three different tests (Flowflex, MPBio, and Clinitest).",yes,"The study reports clear diagnostic accuracy data, including sensitivity, specificity, and predictive values with confidence intervals.",yes,"The study was conducted in ""three public health service COVID-19 test sites,"" which qualifies as a clinical setting.",yes,The study specifically evaluates rapid antigen diagnostic tests (Ag-RDTs) and clearly distinguishes these from other test types.,yes,The study evaluates point-of-care rapid antigen tests and explicitly uses RT-PCR as the reference standard.,Include,"A comprehensive diagnostic accuracy study of rapid antigen tests for SARS-CoV-2 in asymptomatic individuals, utilizing RT-PCR as a reference standard and reporting detailed sensitivity and specificity metrics across three different test types. The research was conducted in a clinical setting with participants aged 16 and older, providing robust data on test performance during the Omicron period. While most screening criteria were fully met, slight uncertainty exists regarding the complete separation of adult participant data.",4.6
Comparison of antigen test and polymerase chain reaction for SARS-CoV-2 in children younger than 12 years.,"Fabrina Capecce, V. Bokser, V. Guedes, V. Paz, Luciana Montoto Piazza, Gretel Wenk, M. Guglielmo, Valeria Aprea, M. L. Yazde Puleio",10.5546/aap.2022.eng.336,https://doi.org/10.5546/aap.2022.eng.336,Archivos Argentinos de Pediatria,0,2022,no,"The study specifically focuses on children aged 1 month to 11 years, which explicitly fails the criterion requiring adult participants (18+ years).",yes,"The study appears to be a primary diagnostic accuracy study comparing rapid antigen tests with RT-qPCR, which meets the requirement for study design.",yes,"The study clearly reports rapid antigen test results separately from RT-qPCR results, which meets the requirement for data reporting.",yes,"The study reports clear diagnostic accuracy data, including sensitivity (60.2%) and specificity (99.8%), which meets the requirement for outcome measures.",yes,"While not explicitly stated, the context suggests a clinical setting given the systematic testing and follow-up criteria, which meets the requirement for study setting.",yes,"The study evaluates rapid antigen tests (RAgT) specifically, which meets the requirement for test methodology.",yes,"The study uses RT-qPCR as the reference standard for evaluating point-of-care rapid antigen tests, which meets the requirement for test type and reference standard.",Exclude,"The study focuses exclusively on pediatric participants aged 1-11 years, which directly conflicts with the requirement for adult participants. Despite meeting most other screening criteria with robust methodology and clear diagnostic accuracy reporting, the population age criterion represents a fundamental disqualifying factor. The research provides valuable insights into rapid antigen testing in children but falls outside the specified review parameters.",0.1
"Development and Diagnosis Performance of IgM-Based Rapid Antigen Test for Early Detection of SARS-CoV-2 Infection in a Large Cohort of Suspected COVID-19 Cases — USA, Poland, and Sweden, 2021–2022","Yihua Huang, Yiyi Pu, Youhong Weng, Yahan Wu, Qing He, Sofia Litchev, Longyou Zhao, Haojie Ding, Yunru Lai, Jie Li, Xiaojun Zheng, Jinshu Chen, Xianqin Xiong, Shaohong Lu, Fei Gao, Meng Gao, Qingming Kong",10.46234/ccdcw2024.199,https://doi.org/10.46234/ccdcw2024.199,China CDC Weekly,0,2024,maybe,"The abstract does not explicitly state the age range of participants, creating some uncertainty about whether the study meets the adult-only criterion.",yes,This is a primary diagnostic accuracy study evaluating the performance of a specific rapid antigen test (ALLtest Ag-RDT) against RT-PCR.,yes,"The study clearly reports rapid antigen test results separately, comparing Ag-RDT results directly with RT-PCR results.",yes,"The study reports clear diagnostic accuracy data, including sensitivity (93.18%–100%) and specificity (99.67%–100%).",yes,"The study was conducted across three centers in different countries, indicating a clinical setting.",yes,"The study specifically evaluates a rapid antigen test (Ag-RDT) for SARS-CoV-2 detection, not antibody tests or other diagnostics.",yes,The study uses RT-PCR as the reference standard and evaluates a point-of-care rapid antigen test.,Include,"A comprehensive diagnostic accuracy study evaluating a rapid antigen test for SARS-CoV-2 using RT-PCR as a reference standard, with robust methodology across multiple centers and clear reporting of sensitivity and specificity. The study demonstrates high diagnostic performance, though uncertainty exists regarding the specific age range of participants. Overall, the research provides significant insights into point-of-care COVID-19 diagnostic testing.",4.3
A comparison of antigen-based rapid test and RT-PCR test to diagnose COVID-19 and its infectivity,"C. Purnamasidhi, R. Suteja, I. Adiputra, G. Purnama, N. Mulyantari, I. Somia",10.37897/rmj.2021.3.11,https://doi.org/10.37897/rmj.2021.3.11,Romanian Medical Journal,1,2021,maybe,"The abstract does not specify the age range of participants, which is a significant uncertainty that could affect inclusion.",yes,This is a primary diagnostic accuracy study (observational cross-sectional study) with original data collection and analysis.,yes,"The study clearly reports rapid antigen test results separately from RT-PCR results, with specific comparison data provided.",yes,"The study reports clear diagnostic accuracy measures including sensitivity (66.7%), specificity (77.8%), and overall accuracy (67.3%).",yes,"While not explicitly stated, the context suggests a clinical setting given the comparison with RT-PCR testing.",yes,"The study specifically evaluates antigen-based rapid tests for COVID-19, not antibody tests or other diagnostics.",yes,The study explicitly uses RT-PCR as the reference standard and evaluates point-of-care rapid antigen tests.,Include,"A diagnostic accuracy study comparing rapid antigen tests to RT-PCR for COVID-19, reporting comprehensive performance metrics including sensitivity, specificity, and overall accuracy. The research meets most screening criteria, with the primary uncertainty being the lack of explicit confirmation of participant age range. The study provides valuable insights into rapid testing methodology and potential isolation criteria.",4.3
Comparison of the Rapid Antigen Test to RT-qPCR in Diagnosis of SARS-CoV-2: A University Experience in Northern Cyprus,"Emrah Güler, Ferdiye Taner, Erdal Şanlidağ, P. Tulay, M. Ergoren, Buket Baddal, C. Özverel, G. Tuncel, K. Süer, T. Şanlıdağ",10.33808/clinexphealthsci.1082079,https://doi.org/10.33808/clinexphealthsci.1082079,Clinical and Experimental Health Sciences,0,2023,maybe,The abstract does not specify the age range of participants or whether they are adults. This is a significant uncertainty.,yes,This is a primary diagnostic accuracy study comparing Ag-RDTs against RT-qPCR as the reference standard.,yes,"The study clearly reports rapid antigen test results separately, with specific numbers for both phases of the investigation.",yes,"The study reports quantifiable diagnostic accuracy data, including false positive rates (3.9%) and false negative rates (24/75 = 32% in the second phase).",maybe,"While the study mentions ""community"" in the conclusion, it's not explicitly stated whether the testing was conducted in a clinical or community setting.",yes,The study specifically evaluates rapid antigen tests (Ag-RDTs) for SARS-CoV-2 detection.,yes,The study uses point-of-care rapid antigen tests and RT-qPCR as the reference standard.,Include,"A diagnostic accuracy study comparing rapid antigen tests to RT-qPCR for SARS-CoV-2 detection, with clear reporting of test results and quantifiable accuracy measures. The study meets most screening criteria, though uncertainties exist regarding participant age range and precise testing setting. Methodologically sound investigation with comprehensive analysis of rapid antigen test performance.",4
Efficiency evaluation of a SARS-CoV-2 diagnostic strategy combining high throughput quantitative antigen immunoassay and real time PCR,"L. Bernasconi, Peter J. Neyer, M. Oberle, Bettina Schmid, Eileen Martin, H. Fankhauser, S. Haubitz, A. Hammerer-Lercher",10.1515/cclm-2023-0087,https://doi.org/10.1515/cclm-2023-0087,Clinical Chemistry and Laboratory Medicine,1,2023,maybe,The abstract does not specify the age range of participants or whether data for adults is reported separately.,yes,This is a primary diagnostic accuracy study evaluating a new antigen assay against RT-PCR.,yes,"The study reports antigen test results separately from RT-PCR results, with clear reporting of sensitivity and specificity for the CoV2Ag assay.",yes,"The study clearly reports quantifiable diagnostic accuracy data, including sensitivity (79.1%) and specificity (97.8%).",yes,"The study appears to be conducted in a clinical/laboratory setting, though this isn't explicitly stated.",no,"The study evaluates a ""fully automated SARS-CoV-2 laboratory-based antigen assay (CoV2Ag),"" which is not a point-of-care rapid antigen test, but rather a laboratory-based test.",no,"While the study does use RT-PCR as the reference standard, the test being evaluated is a laboratory-based antigen test, not a point-of-care rapid antigen test.",Exclude,"The study evaluates a laboratory-based SARS-CoV-2 antigen test, which does not meet the screening criteria for a point-of-care rapid antigen test. Critical uncertainties exist regarding participant age groups, and the test methodology fundamentally differs from the specified inclusion requirements. Despite reporting comprehensive diagnostic accuracy data, the study fails to align with key screening criteria.",1.4
310. Longitudinal Assessment of Point-of-Care LumiraDx Antigen and Antibody Test Performance During Acute SARS-CoV-2 Infection and Recovery,"R. Dalmat, Roshni Prabhu, M. Bauer, Matthew H Ikuma, Daphne Hamilton, E. Rechkina, J. Cantera, Benjamin D Grant, P. Drain",10.1093/ofid/ofac492.388,https://doi.org/10.1093/ofid/ofac492.388,Open Forum Infectious Diseases,0,2022,maybe,"The abstract does not explicitly state the age range of participants. While it's likely these are adults given the clinical setting, we cannot be certain without this information.",yes,This is a primary diagnostic accuracy study evaluating the performance of the LumiraDx platform against reference standards.,yes,The study clearly reports rapid antigen test results separately from other test types. The LumiraDx Ag test results are analyzed and reported distinctly from antibody tests and other reference methods.,yes,"The study reports quantifiable diagnostic accuracy data, including positive predictive agreement (PPA), negative predictive agreement (NPA), and Cohen's Kappa (Κ) values.",yes,"The study appears to be conducted in a clinical setting, with samples collected at clinic visits.",yes,The study specifically evaluates a rapid antigen test (LumiraDx SARS-CoV-2 platform for antigen detection).,yes,The study uses RT-PCR (Hologic Panther Fusion) as one of the reference standards for the antigen test evaluation.,Include,"A comprehensive diagnostic accuracy study evaluating a rapid SARS-CoV-2 antigen test against multiple reference standards, with robust methodology and detailed reporting of performance metrics. The research meets most screening criteria, with strong evidence of test performance across different timepoints and comparison methods, though participant age range remains unconfirmed. Multiple reference standards and quantifiable diagnostic accuracy measures provide a thorough assessment of the rapid antigen test's effectiveness.",4.3
RAPID DETECTION OF SARS COV-2 INFECTION IN COMPARISION WITH RT-PCR IN TERTIARY CARE HOSPITAL,"Rajamanickam Venkata Laxmi, R. A, Mamatha Reddy Dundigalla, Seriseni Gouthami",10.22159/ajpcr.2023.v16i4.46899,https://doi.org/10.22159/ajpcr.2023.v16i4.46899,Asian Journal of Pharmaceutical and Clinical Research,0,2023,maybe,"The abstract doesn't explicitly state the age range of participants. While it mentions ""patients attending the OPD, including those undergoing surgery,"" it doesn't specify if pediatric patients were included or excluded.",yes,"This is a primary diagnostic accuracy study comparing rapid antigen tests against RT-PCR, with original data collection and analysis.",yes,"The study clearly reports rapid antigen test results separately from RT-PCR results, with specific numbers provided (341 rapid antigen positive vs 347 RT-PCR positive).",yes,"The study reports clear diagnostic accuracy measures, including sensitivity (98.27%) and specificity (99.85%).",yes,The study was conducted in a clinical setting (Tertiary Care Teaching Hospital).,yes,The study specifically evaluates rapid antigen tests (Q COVID-19 Ag test kit) for SARS-CoV-2 detection.,yes,The study uses RT-PCR (Allplex™ 2019-nCoV Assay) as the reference standard and evaluates point-of-care rapid antigen tests.,Include,"A comprehensive diagnostic accuracy study comparing rapid antigen tests with RT-PCR for SARS-CoV-2 detection, conducted in a clinical setting with robust methodology and clear outcome reporting. The research meets most screening criteria, with high sensitivity and specificity, though uncertainty exists regarding the precise age range of participants. The study provides valuable insights into rapid antigen test performance for COVID-19 diagnosis.",4.6
Clinical Utility of SARS-CoV-2 Rapid Antigen Test in the Emergency Department.,"Dong-Hyun Lee, Jinyeong Kim, Soorack Ryu, Jieun Kim, Eunhee Han, Hyuk Joong Choi",10.7754/Clin.Lab.2023.230533,https://doi.org/10.7754/Clin.Lab.2023.230533,Clinical Laboratory,1,2023,maybe,"The abstract doesn't explicitly state the age range of participants. While it's an emergency department study, we cannot confirm if only adults were included or if data was reported separately for adults.",yes,This is a primary diagnostic accuracy study comparing RAT results with RT-PCR as the reference standard.,yes,"The study clearly reports rapid antigen test results separately from RT-PCR results, with specific sensitivity and specificity values provided for RAT.",yes,"The study reports clear diagnostic accuracy data including sensitivity (69.2%), specificity (99.9%), PPV (96.2%), and NPV (99.4%).",yes,"The study was conducted in an emergency department setting, which qualifies as a clinical setting.",yes,The study specifically evaluates rapid antigen tests (SD Biosensor or Abbott) and not antibody tests or other diagnostics.,yes,The study evaluates point-of-care rapid antigen tests and uses RT-PCR (Seegene Allplex or GeneXpert) as the reference standard.,Include,"A comprehensive diagnostic accuracy study of rapid antigen tests for SARS-CoV-2 in an emergency department setting, utilizing RT-PCR as the reference standard and reporting detailed sensitivity, specificity, and predictive values. The research meets most screening criteria, with only minor uncertainty regarding participant age range, and provides robust quantitative data on test performance across different viral load conditions.",4.6
Diagnosis of COVID-19 obtained by rapid antigen test and reverse transcription–polymerase chain reaction in a medical college in Eastern India-a record-based observational descriptive study,"Arijit Sarkar, K. Rit, S. Mukherjee",10.5455/njppp.2023.13.06294202328062023,https://doi.org/10.5455/njppp.2023.13.06294202328062023,National Journal of Physiology Pharmacy and Pharmacology,0,-,maybe,"The abstract doesn't specify the age range of participants, creating some uncertainty in meeting this criterion.",yes,"This is a primary diagnostic accuracy study comparing RAT with RT-PCR, reporting original data from 232 samples.",yes,"The study clearly reports rapid antigen test results separately from RT-PCR results, with specific comparison data provided.",yes,"The study reports clear diagnostic accuracy measures including sensitivity (50%), specificity (100%), PPV (100%), and NPV (99%).",yes,"While not explicitly stated, the context suggests a clinical setting with routine sample collection and testing.",yes,The study specifically evaluates rapid antigen tests (RAT) for SARS-CoV-2 detection.,yes,The study explicitly uses RT-PCR as the reference standard for evaluating point-of-care rapid antigen tests.,Include,"A diagnostic accuracy study comparing rapid antigen tests with RT-PCR for SARS-CoV-2 detection, reporting comprehensive performance metrics including sensitivity, specificity, and predictive values. The research meets most screening criteria, with only minor uncertainty regarding participant age range. The study provides valuable insights into rapid antigen test performance for COVID-19 screening.",4.6
Laboratory-based molecular test alternatives to RT-PCR for the diagnosis of SARS-CoV-2 infection.,"Ingrid Arevalo-Rodriguez, Miriam Mateos-Haro, J. Dinnes, Agustín Ciapponi, Clare F. Davenport, Diana Buitrago-García, Tayeb Bennouna-Dalero, Marta Roqué-Figuls, Ann Van den Bruel, Karin J von Eije, Devy M. Emperador, L. Hooft, René Spijker, M. Leeflang, Y. Takwoingi, J. Deeks",10.1002/14651858.CD015618,https://doi.org/10.1002/14651858.CD015618,Cochrane Database of Systematic Reviews,1,2024,maybe,"The abstract does not specify age restrictions or whether data for adults was reported separately. It only mentions ""people with suspected or known SARS-CoV-2 infection.""",yes,"The study is a systematic review and meta-analysis reporting original diagnostic accuracy data from 64 studies with 94 cohorts, which meets the requirement for a primary diagnostic accuracy study or meta-analysis.",no,"The paper does not report rapid antigen test results separately from other test types. It focuses on alternative laboratory-based molecular tests (RT-PCR variants, RT-LAMP, TMA, digital PCR) and does not evaluate rapid antigen tests at all.",yes,"The study reports detailed diagnostic accuracy data including sensitivity, specificity, and confidence intervals for various test types.",yes,"The studies appear to be conducted in clinical settings, though this is somewhat implicit rather than explicitly stated.",no,"The study explicitly focuses on laboratory-based molecular tests as alternatives to RT-PCR, not rapid antigen tests. The tests evaluated are all nucleic acid amplification tests (NAATs).",maybe,"While the study does use RT-PCR as the reference standard, it does not evaluate rapid antigen tests.",Exclude,"This systematic review focuses on laboratory-based molecular tests for SARS-CoV-2, not rapid antigen tests, which immediately disqualifies it from meeting the primary screening criteria. The study evaluates alternative nucleic acid amplification techniques using RT-PCR as a reference standard, but does not address rapid antigen testing methodology or performance. Consequently, the paper fails to meet the fundamental requirements for inclusion in the systematic review.",0.1
Evaluation of rapid antigen test for detection of SARS-COV2 Virus in comparison with real-time reverse transcription-polymerase chain reaction assay,"P. Mantur, Smitha Bagali, Gandhi Sani, P. Shahapur, Rajesh Honnutagi, Mallangouda M Patil",10.4103/jdmimsu.jdmimsu_72_22,https://doi.org/10.4103/jdmimsu.jdmimsu_72_22,Journal of Datta Meghe Institute of Medical Sciences University,0,2022,maybe,"The abstract did not specify the age range of participants, so it is uncertain whether the study only included non-pregnant adult participants or if the data for adult participants were reported separately.",yes,"This is a primary diagnostic accuracy study that compared rapid antigen tests to RT-PCR, with original data collection and analysis.",yes,"The study clearly reported rapid antigen test results separately from other test types, with specific numbers provided for sensitivity (63.1%) and specificity (90.1%).",yes,"The study reported clear diagnostic accuracy measures, including sensitivity (63.1%) and specificity (90.1%).",yes,"While not explicitly stated, the context suggests a clinical setting given the collection of respiratory samples from suspected patients and contact individuals.",yes,The study specifically evaluated a rapid SARS-CoV-2 antigen detection assay.,yes,The study used point-of-care rapid antigen tests and RT-PCR as the reference standard.,Include,"A diagnostic accuracy study comparing rapid SARS-CoV-2 antigen tests to RT-PCR demonstrated clear methodology with quantifiable sensitivity and specificity measures. The research evaluated point-of-care testing in a clinical setting, though uncertainty remained regarding participant age demographics. Overall, the study met most screening criteria with robust diagnostic performance reporting.",4.6
Limitations of point-of-care testing for low SARS CoV-2 loads: Insights for future pandemics,I. Rukasha,10.4102/phcfm.v17i1.4671,https://doi.org/10.4102/phcfm.v17i1.4671,African Journal of Primary Health Care & Family Medicine,0,2025,maybe,"The abstract does not specify the age range of participants, creating some uncertainty in the evaluation.",yes,This is a primary diagnostic accuracy study comparing Ag-POCTs against RT-PCR as the reference standard.,yes,"The study clearly reports rapid antigen test results separately, comparing three different Ag-POCTs (Abbott Panbio, Roche RDT, and SD Biosensor) with RT-PCR.",yes,"The study reports quantifiable diagnostic accuracy data, including sensitivity and specificity across different viral load ranges.",yes,"The study was conducted in a clinical setting (Pietersburg Hospital Limpopo, South Africa).",yes,The study specifically evaluates rapid antigen tests (Ag-POCTs) and not antibody tests or other diagnostics.,yes,"The study evaluates point-of-care rapid antigen tests and uses RT-PCR as the reference standard, explicitly comparing Ag-POCT results with RT-PCR results.",Include,"A comprehensive diagnostic accuracy study comparing rapid antigen tests against RT-PCR, conducted in a clinical setting with clear methodology and quantifiable outcomes. The research evaluates point-of-care antigen tests across different viral load ranges, providing detailed sensitivity and specificity data. The only uncertainty relates to participant age range, which would require full text review to confirm.",4.6
Uji diagnostik uji antigen sars-cov-2 pada pemeriksaan laboratorium covid-19,"Dwi Hartantoro, Anik Nuryati, S. Nuryani",10.29238/puinova.v2i2.1171,https://doi.org/10.29238/puinova.v2i2.1171,PUINOVAKESMAS,0,2021,maybe,"The abstract does not specify the age range of participants, which is a significant uncertainty that could affect inclusion.",yes,This is a primary diagnostic accuracy study using a cross-sectional design with original data collection and analysis.,yes,"The study clearly reports rapid antigen test results separately, with a detailed breakdown of the results against RT-PCR.",yes,"The study reports clear diagnostic accuracy measures including sensitivity (83.21%), specificity (98.99%), and accuracy (92.56%).",yes,The study was conducted in a clinical setting (Beriman Hospital).,yes,The study specifically evaluates rapid SARS-CoV-2 antigen detection tests.,yes,The study uses RT-PCR as the reference standard and evaluates point-of-care rapid antigen tests.,Include,"A diagnostic accuracy study of rapid SARS-CoV-2 antigen tests using RT-PCR as a reference standard, conducted in a hospital setting with comprehensive reporting of sensitivity, specificity, and accuracy. The research meets most screening criteria, with the primary uncertainty being the lack of explicit confirmation of participant age ranges. Detailed methodology and clear outcome measures suggest a robust diagnostic evaluation.",4.3
"A Multi-Center Clinical Diagnostic Accuracy Study of Surestatus - an Affordable, WHO Emergency-Use-Listed, Rapid, Point-of-Care, Antigen-Detecting Diagnostic Test for SARS-CoV-2","L. J. Krüger, A. Lindner, M. Gaeddert, F. Tobian, J. Klein, Salome Steinke, F. Lainati, P. Schnitzler, O. Nikolai, F. Mockenhaupt, J. Seybold, V. Corman, T. Jones, N. Pollock, B. Knorr, A. Welker, Stephan Weber, Nandini Sethurarnan, Jayanthi Swaminathan, Hilda Solomon, Ajay Padmanaban, M. Thirunarayan, L. Prabakaran, M. de Vos, S. Ongarello, J. Sacks, C. Escadafal, C. Denkinger",10.2139/ssrn.4072491,https://doi.org/10.2139/ssrn.4072491,Social Science Research Network,0,2022,maybe,"The abstract doesn't explicitly state the age range of participants. While it mentions ""unvaccinated participants,"" it doesn't specify if they were adults or if data was separated by age groups.",yes,"The study is explicitly described as a ""prospective, multi-center diagnostic accuracy study"" with original data collection and analysis.",yes,"The study clearly reports rapid antigen test results (SureStatus) separately from RT-PCR results, with specific sensitivity and specificity values provided.",yes,"The study reports clear diagnostic accuracy data, including sensitivity (82.4%) and specificity (98.5%) with confidence intervals.",yes,The study was conducted in clinical settings across multiple centers in India and Germany.,yes,The study specifically evaluates a rapid antigen test (SureStatus Ag-RDT) for SARS-CoV-2 detection.,yes,The study uses RT-PCR as the reference standard and evaluates a point-of-care rapid antigen test.,Include,"A comprehensive diagnostic accuracy study of a rapid antigen test for SARS-CoV-2 demonstrates strong methodological rigor, with clear reporting of sensitivity and specificity across multiple clinical settings. The research meets most screening criteria, with robust data collection, appropriate reference standard, and quantifiable diagnostic performance measures. The only notable uncertainty relates to explicit confirmation of participant age ranges, which may be clarified in the full manuscript.",4.6
Evaluation of a novel SARS‐CoV‐2 rapid antigenic test diagnostic value in respiratory samples; is the reported test accuracy similar to values in the real‐world? A cross‐sectional study,"H. Hatami, AhmadReza Rezaeian",10.1002/hsr2.765,https://doi.org/10.1002/hsr2.765,Health Science Reports,0,2022,maybe,"No information is provided about the age of participants or whether data is stratified by age, so it is unclear whether the study only includes non-pregnant adult participants (aged 18 years or older), or if the data of adult participants are reported separately.",maybe,"The abstract suggests this is a primary diagnostic accuracy study evaluating a novel antigen test, so it is likely that the study design is a primary diagnostic accuracy study or meta-analysis reporting original data.",maybe,"The abstract mentions a ""novel SARS-CoV-2 antigen test"" but does not specify if the results are reported separately from other test types. Therefore, it is unclear whether the study reports rapid antigen test results separately from other test types.",maybe,"While the study aims to evaluate the test as a ""diagnostic tool,"" it does not explicitly mention reporting diagnostic accuracy measures, so it is unclear whether the study reports quantifiable diagnostic accuracy data (sensitivity, specificity, or other accuracy measures).",maybe,"The setting (clinical or community) is not specified in the abstract, so it is unclear whether the study is conducted in a clinical or community setting.",yes,"The study explicitly evaluates a SARS-CoV-2 antigen test, so it meets the criterion of evaluating rapid antigen tests (rather than only antibody tests, laboratory-based tests, or other non-antigen diagnostics).",maybe,"The abstract mentions RT-PCR as the ""gold standard"" and discusses an antigen test, but it does not explicitly state that RT-PCR is used as the reference standard for the evaluation. Therefore, it is only partially clear whether the study evaluates point-of-care rapid antigen tests for SARS-CoV-2 using RT-PCR as the reference standard.",Include,"A novel SARS-CoV-2 antigen test is being investigated, with RT-PCR mentioned as a gold standard, but critical methodological details are missing. Multiple screening criteria remain unconfirmed due to the abstract's brevity, creating significant uncertainty about the study's alignment with specific diagnostic research requirements.",3.4
Assessment of the detection accuracy of SARS-CoV-2 rapid antigen test in children and adolescents: An updated meta-analysis,"Cheng-Chieh Chen, Mei-Hui Lee, Shih-Yen Chen, Shou-Cheng Lu, Chyi-Huey Bai, Yu-Ling Ko, Chien-Ying Wang, Yuan-Hung Wang",10.1097/JCMA.0000000000000987,https://doi.org/10.1097/JCMA.0000000000000987,Journal of the Chinese Medical Association,1,2023,no,"The study specifically focuses on children and adolescents, not adults, which violates the requirement for adult participants (18+ years).",yes,The study is a meta-analysis reporting original diagnostic accuracy data from 17 primary studies.,yes,"The study reports rapid antigen test results separately from other test types, as it is a meta-analysis specifically focused on antigen tests.",yes,"The study clearly reports quantifiable diagnostic accuracy data, including sensitivity (77.9%) and specificity (99.6%) with confidence intervals.",maybe,"While not explicitly stated, the context suggests clinical settings, as these are diagnostic accuracy studies. However, there is some uncertainty without explicit confirmation.",yes,"The study evaluates rapid antigen tests for SARS-CoV-2, meeting this criterion.",maybe,"While the study evaluates point-of-care rapid antigen tests, the abstract does not explicitly mention RT-PCR as the reference standard, creating some uncertainty.",Exclude,"The meta-analysis focuses exclusively on children and adolescents, which directly conflicts with the requirement for adult participants aged 18 or older. Despite meeting several other screening criteria related to test methodology, diagnostic accuracy reporting, and study design, the population age restriction represents a fundamental disqualifying factor. Uncertainty also exists regarding the reference standard and study setting, further complicating potential inclusion.",0.1
Rapid Diagnostic Test (RDT) Prototype Validation Test for SARS CoV-2 Antigen in Comparison With RT-PCR Assay,Devi Rahmadhona,10.29303/jku.v11i4.866,https://doi.org/10.29303/jku.v11i4.866,Unram Medical Journal,0,2022,maybe,"The abstract does not explicitly state the age range of participants. While it's likely these are adults given the hospital setting, we cannot be certain without more information.",yes,This is a primary diagnostic accuracy study comparing RDT results against RT-PCR as the reference standard.,yes,"The study clearly reports rapid antigen test results separately from RT-PCR results, with specific sensitivity and specificity values provided for the RDT.",yes,"The study reports clear diagnostic accuracy measures including sensitivity (92.31%), specificity (97.65%), and accuracy (97.63%) with confidence intervals.",yes,The study was conducted in a clinical setting (Mataram University Hospital).,yes,The study specifically evaluates a rapid antigen test (RDT) for SARS-CoV-2.,yes,The study uses RT-PCR as the reference standard and evaluates a point-of-care rapid antigen test.,Include,"A diagnostic accuracy study comparing rapid antigen tests to RT-PCR for SARS-CoV-2, conducted in a hospital setting with comprehensive reporting of sensitivity, specificity, and accuracy measures. The research meets most screening criteria, with only minor uncertainty regarding participant age range, and provides robust data on point-of-care diagnostic testing methodology.",4.6
Accuracy of point-of-care Panbio™ SARS-CoV-2 antigen-detection test in a socioeconomically vulnerable population in Brazil,"C. C. Gontijo, R. N. Brito, Ana Izabel Passarella Teixeira, G. Romero, Priscilla Pedrette, W. Ramalho, E. Noronha, R. Haddad, W. Araújo",10.3389/fitd.2022.929524,https://doi.org/10.3389/fitd.2022.929524,Frontiers in Tropical Diseases,0,2022,maybe,"The abstract does not explicitly state the age range of participants, so the population age criterion is uncertain.",yes,"The study is a primary diagnostic accuracy study (phase III validation study) reporting original data, which meets the study design criterion.",yes,"The study reports rapid antigen test results (Panbio™ Ag-RTD) separately from RT-qPCR results, which meets the data reporting criterion.",yes,"The study reports clear diagnostic accuracy data, including sensitivity (76.32%) and specificity (98.92%) with confidence intervals, which meets the outcome measures criterion.",yes,"The study was conducted in a primary health care center, which is a clinical setting, and meets the study setting criterion.",yes,"The study specifically evaluates a rapid antigen test (Panbio™ Ag-RTD), which meets the test methodology criterion.",yes,"The study evaluates a point-of-care rapid antigen test for SARS-CoV-2 using RT-qPCR as the reference standard, which meets the test type and reference standard criterion.",Include,"A diagnostic accuracy study of a rapid antigen test for SARS-CoV-2 was conducted in a primary health care center, using RT-qPCR as the reference standard and reporting comprehensive sensitivity and specificity data. The study meets most screening criteria, with only minor uncertainty regarding participant age range, and provides detailed performance metrics for the Panbio™ antigen-rapid test device.",4.6
Performance Characteristics and Utility of the Standard Q COVID-19 Antigen Test for Emergency Admissions to Healthcare Facilities.,"A. Dedeić-Ljubović, El Jesah Ðulić, Erna Husić, Jasmina Halković, Džemilja Gačanović, I. Salimović-Bešić",10.14712/18059694.2023.4,https://doi.org/10.14712/18059694.2023.4,Acta medica,0,2022,maybe,"The abstract doesn't explicitly state the age range of participants. While it's an emergency admission setting which typically involves adults, we cannot be certain that all participants were ≥18 years or that pediatric data was reported separately.",yes,This is a primary diagnostic accuracy study comparing Ag-RDT results with rtRT-PCR as the reference standard.,yes,"The study clearly reports rapid antigen test results separately, with specific numbers for Ag positive and negative tests compared to rtRT-PCR results.",yes,"The study reports clear diagnostic accuracy measures including sensitivity (92.9%), specificity (88.9%), and accuracy (90.8%).",yes,The study was conducted in a clinical setting (emergency admission to healthcare facilities).,yes,The study specifically evaluates a COVID-19 Ag-RDT (rapid antigen test) and not antibody tests or other diagnostics.,yes,The study uses point-of-care rapid antigen tests (Ag-RDT) and rtRT-PCR as the reference standard.,Include,"A diagnostic accuracy study comparing rapid antigen tests with RT-PCR in an emergency admission setting, reporting comprehensive performance metrics including sensitivity, specificity, and accuracy. The research meets most screening criteria, with only minor uncertainty regarding participant age range. The methodology and data reporting align closely with systematic review requirements for diagnostic test evaluation.",4.6
Analyse rétrospective des performances du test de détection rapide antigénique du SARS-CoV-2 comparé au test de référence RT-PCR Retrospective analysis of the performance of the SARS-CoV-2 rapid antigen detection test compared to the reference RT-PCR test,"Mathieu Bernard, Gina Cosentino, Laura Pieri, P. Zachary, M. Buser, Laurent Kbaier, Jean-Marc Giannoli",-,-,-,0,2021,no,"No information is provided about the study population, so it is unclear if the study only includes non-pregnant adult participants or if the data for adult participants is reported separately.",no,"The abstract is too incomplete to determine the study design, as it only provides background information about SARS-CoV-2.",no,"The abstract mentions both RT-PCR and antigenic tests, but it is unclear if the results are reported separately for the different test types.",no,No information about diagnostic accuracy measures is provided in the abstract.,no,The abstract mentions France's testing strategy but does not specify the study setting.,no,"The abstract mentions antigenic tests, but it is unclear if they are rapid antigen tests or if they are the primary focus of the study.",no,"While both RT-PCR and antigenic tests are mentioned, it is unclear if the study evaluates them as the test and reference standard.",Exclude,"The incomplete abstract provides insufficient information to assess the screening criteria, with only background details about SARS-CoV-2 and a mention of RT-PCR and antigenic tests. Critical details about study design, population, test methodology, reference standards, and outcome measures are entirely absent, rendering a comprehensive evaluation impossible.",1.4
Are antigen tests useful as screening for the identification of SARS-CoV-2 in emergency rooms?,"F. Cigliano, A. Boccuzzi, V. Basile, A. Ferraro, A. Macciotta, A. Catalano, Giuseppe Costa, P. Vineis, C. Sacerdote, V. Caramello",10.1093/eurpub/ckab164.813,https://doi.org/10.1093/eurpub/ckab164.813,-,0,2021,maybe,"The abstract doesn't explicitly state the age range of participants. While it's an ED study, we cannot be certain if all participants were adults or if pediatric cases were included.",yes,This is a primary diagnostic accuracy study comparing Ag-RDT results with RT-PCR in 324 patients.,yes,"The study clearly reports rapid antigen test results separately, comparing them directly with RT-PCR results. This is evident from the methodology and results sections.",yes,"The study reports clear diagnostic accuracy measures including sensitivity (0.80), specificity (0.94), PPV (0.96), and NPV (0.72) with confidence intervals.",yes,"The study was conducted in an Emergency Department (ED) setting, which qualifies as a clinical setting.",yes,The study specifically evaluates rapid antigenic diagnostic tests (Ag-RDTs) that detect SARS-CoV-2 proteins.,yes,The study uses RT-PCR as the reference standard and evaluates point-of-care rapid antigen tests.,Include,"A diagnostic accuracy study comparing rapid antigen tests with RT-PCR in an Emergency Department setting, reporting comprehensive diagnostic performance metrics including sensitivity, specificity, and predictive values. The research meets most screening criteria, with only minor uncertainty regarding participant age range, and provides detailed insights into point-of-care SARS-CoV-2 testing methodology. The study's rigorous design and clear reporting of diagnostic accuracy measures make it a valuable contribution to understanding rapid antigen test performance.",4.6
EVALUASI VALIDITAS KIT RAPID DIAGNOSTIC TEST ANTIGEN (RDT-Ag) SARS-CoV-2,Rizana Fajrunni’mah,10.33992/meditory.v10i2.2274,https://doi.org/10.33992/meditory.v10i2.2274,Meditory,0,2022,maybe,The abstract does not specify the age range of participants or whether they are adults/non-pregnant. This is a significant uncertainty.,yes,This is a primary diagnostic accuracy study evaluating rapid antigen tests against RT-PCR as the reference standard.,yes,"The study clearly reports rapid antigen test results separately for different kits (VD, GB, and TS) and provides distinct sensitivity and specificity values.",yes,"The study reports clear quantifiable diagnostic accuracy data, including sensitivity and specificity values for different Ct value groups.",maybe,"While the study involves clinical samples (nasopharyngeal/oropharyngeal swabs), the specific setting (clinical or community) is not explicitly stated.",yes,The study specifically evaluates rapid antigen tests (RDT-Ag) and not antibody tests or other diagnostics.,yes,The study evaluates point-of-care rapid antigen tests and uses RT-PCR (rRT-PCR) as the reference standard.,Include,"A diagnostic accuracy study evaluating rapid antigen tests for SARS-CoV-2 using RT-PCR as a reference standard, with clear reporting of sensitivity and specificity across different test kits. The study provides quantifiable diagnostic performance data, though some uncertainties exist regarding participant age range and specific study setting. Multiple test methodologies were assessed with detailed performance metrics across different viral load groups.",4.3
Role of SARS-COV2 Antigen as a diagnostic test for COVID-19,"Raafat Abd el rahman, A. Taha, Heba Fawzy, M. Hussein, Fatma M. Mahmoud",10.21608/mid.2022.150013.1345,https://doi.org/10.21608/mid.2022.150013.1345,Microbes and Infectious Diseases,0,2022,maybe,"The abstract does not explicitly state the age range of participants. It only mentions ""668 patients suspected to have SARS-CoV-2 infection"" without specifying age groups or whether they are adults.",yes,This is a primary diagnostic accuracy study comparing the VITROS® SARS-CoV-2 antigen test against RT-qPCR.,yes,"The study clearly reports rapid antigen test results separately, comparing them directly with RT-qPCR results.",yes,"The study clearly reports quantifiable diagnostic accuracy data, including sensitivity (89.11%), specificity (100.0%), PPV (100.0%), and NPV (91.7%).",yes,"The study is conducted in a clinical setting, as explicitly stated in the conclusion.",maybe,"The study evaluates a rapid antigen test (VITROS® SARS-CoV-2 antigen test), though it's a chemiluminescent automated test rather than a traditional point-of-care test.",maybe,"The study uses RT-qPCR as the reference standard, which meets this criterion. However, the test being evaluated is an automated laboratory-based antigen test rather than a point-of-care rapid antigen test, which may not fully meet the intended criterion.",Include,"A diagnostic accuracy study comparing a chemiluminescent automated antigen test to RT-qPCR for SARS-CoV-2 detection, with clear reporting of sensitivity and specificity. The study meets most screening criteria, but significant uncertainties exist regarding participant age range and the precise classification of the test methodology. Quantifiable diagnostic accuracy data and a clinical setting provide strong methodological elements, though some screening criteria remain partially unresolved.",3.4
Performance Evaluation of SARS-CoV-2 Rapid Antigen Test Among Symptomatic and Asymptomatic Patients in the Emergency Department of a Tertiary Care Hospital.,"Nayab Afzal, Shabnum Dildar, Razia Aijaz",10.29271/jcpsp.2024.04.496,https://doi.org/10.29271/jcpsp.2024.04.496,Journal of the College of Physicians and Surgeons--Pakistan : JCPSP,0,2024,yes,"The mean age is reported as 46.03 years, and while the full age range isn't specified, the context suggests an adult population. No mention of pediatric or pregnant participants.",yes,This is a primary diagnostic accuracy study comparing RAT results with RT-PCR as the reference standard.,yes,"The study reports rapid antigen test results separately from other test types, with specific sensitivity and specificity values provided for RAT compared to RT-PCR.",yes,The study reports clear diagnostic accuracy measures including sensitivity (95.18% for symptomatic patients) and specificity (99.83% for asymptomatic patients).,yes,"The study was conducted in a clinical setting (National Medical Centre, Karachi) in the emergency department.",yes,"The study specifically evaluates rapid antigen tests (RAT) for SARS-CoV-2, not antibody tests or other diagnostics.",yes,The study explicitly uses RT-PCR as the reference standard and evaluates point-of-care rapid antigen tests (specifically Roche RAT).,Include,"A comprehensive diagnostic accuracy study of SARS-CoV-2 rapid antigen tests in an adult population, utilizing RT-PCR as the reference standard and reporting detailed sensitivity and specificity metrics across symptomatic and asymptomatic patients. The research was conducted in a clinical emergency department setting with a robust sample size, providing quantifiable diagnostic performance data for point-of-care testing.",4.9
OUP accepted manuscript,-,10.1093/jpids/piab081,https://doi.org/10.1093/jpids/piab081,Journal of the Pediatric Infectious Diseases Society,0,2021,yes,"The study includes both children and adults, but importantly, it reports adult data separately. The abstract specifically mentions that ""sensitivity of antigen test... was 80.8% (240/297) among specimens from adults.""",yes,This is a primary diagnostic accuracy study comparing antigen tests with RT-PCR as the reference standard.,yes,"The study clearly reports rapid antigen test results separately, comparing BinaxNOW antigen test results with RT-PCR.",yes,"The study reports clear diagnostic accuracy data, including sensitivity (73.0% for children, 80.8% for adults), specificity (100% for children), and predictive values.",yes,"The study was conducted in a community testing site, which meets the criterion for clinical or community setting.",yes,"The study evaluates rapid antigen tests (BinaxNOW) specifically, not antibody tests or other diagnostics.",yes,The study uses RT-PCR as the reference standard for evaluating point-of-care rapid antigen tests.,Include,"A diagnostic accuracy study comparing rapid antigen tests with RT-PCR in a community setting, reporting separate data for adults and children. The research meets all screening criteria, including test methodology, reference standard, and outcome measures, with comprehensive reporting of diagnostic performance across different population groups. While the adult sample size is smaller, the study provides quantifiable accuracy data for point-of-care SARS-CoV-2 testing.",4.3
PERFORMANCE OF RAPID ANTIGEN TEST IN COMPARISON TO REAL-TIME RT-PCR IN DIAGNOSIS OF COVID-19 INFECTION: A SHORT STUDY,"A. Biswas, R. Ray, Arpita Khamrai, Dipankar Paul",10.22159/ajpcr.2023.v16i7.47461,https://doi.org/10.22159/ajpcr.2023.v16i7.47461,Asian Journal of Pharmaceutical and Clinical Research,0,2023,maybe,"The abstract doesn't specify the age range of participants. It mentions ""all patients reporting to the hospital"" but doesn't indicate whether pediatric patients were included or excluded.",yes,"This is a primary diagnostic accuracy study comparing RAT against RT-PCR, with original data collection and analysis.",yes,"The study clearly reports rapid antigen test results separately, with specific numbers for RAT-positive and RAT-negative samples compared against RT-PCR results.",yes,"The study reports clear diagnostic accuracy measures including sensitivity (77.29%), specificity (99.54%), PPV (93.65%), and NPV (93%).",yes,"The study was conducted in a clinical setting (IPGME&R and SSKM Hospital, Kolkata, India).",yes,The study specifically evaluates rapid antigen tests (RAT) for SARS-CoV-2 detection.,yes,The study uses RT-PCR as the reference standard and evaluates point-of-care rapid antigen tests.,Include,"A comprehensive diagnostic accuracy study comparing rapid antigen tests with RT-PCR for SARS-CoV-2 detection, demonstrating strong methodological rigor across multiple screening criteria. The research provides detailed quantitative performance metrics in a clinical setting, with only minor uncertainty regarding participant age range. Overall, the study offers valuable insights into point-of-care COVID-19 diagnostic testing with robust sensitivity and specificity measurements.",4.6
Performance of the Panbio COVID-19 Rapid Antigen Test Device for infection control purposes,"J. Ena, C. Martínez-Peinado, F. Arjona-Zaragozí, J. Segura-Heras",10.24875/sjmed.21000020,https://doi.org/10.24875/sjmed.21000020,Spanish Journal of Medicine,0,2021,maybe,"The abstract doesn't explicitly state the age range of participants. While it mentions ""subjects,"" there's no clear indication whether children were included or excluded.",yes,This is a primary diagnostic accuracy study comparing rapid antigen tests against RT-PCR as the reference standard.,yes,The study clearly reports rapid antigen test results (Panbio COVID-19 Rapid Antigen Test Device) separately from RT-PCR results.,yes,"The study reports clear diagnostic accuracy data, including sensitivity (78.85%), specificity (91.58%), and accuracy (90.54%) with confidence intervals.",yes,"The study appears to be conducted in a clinical setting, as evidenced by the laboratory records review and testing context.",yes,The study specifically evaluates a rapid antigen test (Panbio COVID-19 Rapid Antigen Test Device).,yes,The study evaluates a point-of-care rapid antigen test and uses RT-PCR as the reference standard.,Include,"A diagnostic accuracy study of a rapid antigen test for SARS-CoV-2 demonstrates comprehensive methodology, reporting precise sensitivity, specificity, and accuracy metrics using RT-PCR as a reference standard. The research meets most screening criteria, with only minor uncertainty regarding participant age range, and provides detailed quantitative analysis of test performance in a clinical setting.",4.6
Rapid antigen test in diagnosis of SARS - COV-2 in a specialized care facility Urology and Nephrology center –Mansoura University,"Basma M Omar, N. A. Abou El-Khier, M. Mashaly, Moatasem Ghoneim, M. Elhadedy, M. Megahed, Mohamed Altayyeb, Aml Abdelhady, Douaa Raafat, B. Wadie",10.21608/mid.2023.186452.1449,https://doi.org/10.21608/mid.2023.186452.1449,Microbes and Infectious Diseases,0,2023,maybe,"The abstract mentions a median age of 36 years, but it doesn't explicitly state whether all participants were adults or if pediatric cases were excluded. However, given the setting (healthcare workers and patients in a specialized center), it's likely these were adults.",yes,This is a primary diagnostic accuracy study comparing rapid antigen tests to PCR as the reference standard.,yes,"The study clearly reports rapid antigen test results separately from PCR results, with specific numbers provided for both positive and negative cases.",yes,"The study reports specificity (97.4%) and implies other accuracy measures were calculated, though sensitivity isn't explicitly stated in the abstract.",yes,The study was conducted in a clinical setting (Urology and Nephrology Center).,yes,The study specifically evaluates rapid antigen tests for COVID-19.,yes,The study uses RT-PCR as the reference standard and evaluates point-of-care rapid antigen tests.,Include,"A diagnostic accuracy study comparing rapid antigen tests to RT-PCR in a clinical setting, evaluating COVID-19 testing among healthcare workers and patients. The research reports specificity and appears to focus on an adult population, with clear methodology for assessing point-of-care diagnostic performance. While most screening criteria are definitively met, there is slight uncertainty regarding the precise age range of participants.",4.7
Coronavirus Pandemic “David vs. Goliath”: A simple antigen detection test with potential to change diagnostic strategy for SARS-CoV-2,"J. Agarwal, Anupam Das, P. Pandey, M. Sen, Jaya Garg",-,-,-,0,2021,maybe,"The abstract doesn't explicitly state the age range of participants. While it mentions ""suspected subjects,"" there's no specific mention of age restrictions or separate reporting for adults.",yes,"This is a primary diagnostic accuracy study, specifically described as a ""prospective, single centre study"" evaluating test performance.",yes,"The study clearly reports rapid antigen test results separately, comparing them directly with TrueNat RT-PCR results.",yes,"The study reports quantifiable diagnostic accuracy data, including sensitivity (89.7%) and specificity (99.5%) with confidence intervals.",yes,The study was conducted in a clinical setting (fever clinic in North India).,yes,"The study evaluates a rapid antigen test (Standard Q COVID-19 Ag), which is an immunochromatographic assay for antigen detection.",yes,"The study uses a point-of-care rapid antigen test and compares it against TrueNat, which is described as a ""chip-based, point-of-care, portable, Real-Time PCR analyzer.""",Include,"A prospective diagnostic accuracy study comparing rapid antigen and RT-PCR tests in a clinical setting, reporting comprehensive diagnostic performance metrics including sensitivity and specificity. The research meets most screening criteria, with robust methodology and clear reporting of test results, though participant age range remains slightly ambiguous. The study provides valuable insights into rapid antigen test performance in a real-world clinical context.",4.6
Diagnostic accuracy of the molecular SARS-CoV-2 rapid test and its use in triaging hospital admissions in the emergency room,"S. Krishna, Ajitha Pillai, H. Rao, WD Mohan, Mahendra Kumar",10.4103/jpsic.jpsic_1_23,https://doi.org/10.4103/jpsic.jpsic_1_23,Journal of Patient Safety & Infection Control,0,2022,maybe,"The abstract doesn't explicitly state the age range of participants, so it's unclear if the study only includes non-pregnant adult participants or if the data of adult participants are reported separately.",yes,"The study is a primary diagnostic accuracy study comparing ID NOW to RT-PCR, which meets this criterion.",no,"The study reports ID NOW (rapid PCR) results separately from RT-PCR results, but this is a rapid PCR test, not a rapid antigen test, which is a critical mismatch with the inclusion criteria.",yes,"The study clearly reports diagnostic accuracy data, including sensitivity (96%), specificity (96.7%), PPV, and NPV, meeting this criterion.",yes,"The study is conducted in a clinical setting (emergency room of a tertiary hospital), meeting this criterion.",no,"The study evaluates ID NOW, which is a rapid PCR test, not a rapid antigen test, which is a fundamental mismatch with the inclusion criteria.",no,"While the study does use RT-PCR as the reference standard, the test being evaluated is not a rapid antigen test but rather a rapid PCR test.",Exclude,"The study fails to meet key screening criteria due to evaluating a rapid PCR test (ID NOW) instead of a rapid antigen test, which is a fundamental disqualifying factor. While the research demonstrates strong methodological rigor with clear diagnostic accuracy reporting in a clinical setting, the test type mismatch prevents inclusion. Uncertainty also exists regarding the explicit confirmation of participant age range.",0.1
How Sensitive and Specific are Rapid Antigen Tests for SARS-CoV-2 – The Experience of One of the Biggest Bulgarian Hospitals,"D. Niyazi, T. Todorova, Z. Stoykova, T. Kostadinova, M. Bozhkova, T. Stoeva",10.2478/amb-2023-0035,https://doi.org/10.2478/amb-2023-0035,Acta Medica Bulgarica,0,2023,maybe,"The abstract does not explicitly state the age range of participants, so it is unclear if only non-pregnant adult participants were included or if data for adult participants were reported separately.",yes,The study appears to be a primary diagnostic accuracy study evaluating antigen tests against RT-PCR in a hospital setting.,yes,"The study clearly reports rapid antigen test results separately from other test types, with specific sensitivity and specificity values provided.",yes,"The study reports clear quantifiable diagnostic accuracy data, including sensitivity (60.2%) and specificity (98.1%) with confidence intervals.",yes,"The study is explicitly conducted in a ""real-life hospital environment.""",yes,"The study explicitly evaluates rapid antigen tests for SARS-CoV-2, not antibody tests or other diagnostics.",yes,The study clearly uses RT-PCR as the reference standard and evaluates point-of-care rapid antigen tests.,Include,"A diagnostic accuracy study of rapid antigen tests for SARS-CoV-2 in a hospital setting, reporting comprehensive sensitivity and specificity data using RT-PCR as the reference standard. The research provides quantifiable diagnostic performance metrics with clear methodological details, though some uncertainty exists regarding the precise age range of participants. Overall, the study meets most screening criteria with robust reporting of test performance.",4.6
A Prospective Study to Evaluate the Clinical Performance of A Novel MultitargetBased Antigen Test on the Detection of SARS-CoV-2 in Symptomatic PopulationComparison to Nuclear Acid-Based Tests,"Yu W, Rao E, Wan Dd, Patterson C, Pogosyan A, Wan J, Rao J",10.16966/2471-8211.211,https://doi.org/10.16966/2471-8211.211,Journal of Epidemiology and Public Health Reviews,0,2021,yes,"The abstract specifically mentions ""adult participants"" and there's no indication of including pregnant women or children.",yes,This is a primary diagnostic accuracy study comparing the antigen test against RT-PCR results with original data collection.,yes,"The study clearly reports rapid antigen test results separately, with specific sensitivity and specificity values for the First Sign® SARS-CoV-2 Antigen Test.",yes,"The study reports clear diagnostic accuracy data, including sensitivity (96.7%) and specificity (98.5%) with detailed breakdowns for different Ct values.",yes,The study was conducted in a clinical setting with healthcare providers evaluating participants for COVID-19 symptoms.,yes,"The study explicitly evaluates a rapid antigen test (First Sign® SARS-CoV-2 Antigen Test), which is described as a ""visual read lateral flow immunoassay.""",yes,The study uses RT-PCR as the reference standard and evaluates a point-of-care rapid antigen test for SARS-CoV-2.,Include,"A comprehensive diagnostic accuracy study of a rapid antigen test for SARS-CoV-2 was conducted among symptomatic adult participants, utilizing RT-PCR as the reference standard and reporting detailed sensitivity and specificity metrics. The research systematically evaluated a point-of-care lateral flow immunoassay in a clinical setting, providing quantifiable diagnostic performance data within 5 days of symptom onset. The study met all screening criteria with high methodological rigor and clear reporting of diagnostic accuracy measures.",4.9
Diagnostic performance of antigen testing for severe acute respiratory syndrome coronavirus 2,"Álvaro Marchán-López, B. Ayuso García",10.1016/j.jpeds.2021.02.052,https://doi.org/10.1016/j.jpeds.2021.02.052,Jornal de Pediatria,0,2021,no,"The study specifically focuses on the ""pediatric population"" and ""pediatric patients,"" which fails to meet the requirement for adult participants (18+ years).",yes,"The study is a primary diagnostic accuracy study comparing the Panbio rapid antigen test against RT-PCR, meeting the requirement for study design.",yes,"The study reports rapid antigen test results (Panbio SARS-CoV-2 antigen rapid test) separately from RT-PCR results, meeting the requirement for data reporting.",yes,"The study reports specific diagnostic accuracy measures: ""overall sensitivity was 45.4%, and 99.8% of specificity, positive-predictive value was 92.5%,"" meeting the requirement for outcome measures.",yes,"The study appears to be conducted in a clinical setting, mentioning ""emergency department practice"" and ""multicenter"" involvement, meeting the requirement for study setting.",yes,"The study evaluates a rapid antigen test (Panbio SARS-CoV-2 antigen rapid test) specifically, not antibody tests or laboratory-based tests, meeting the requirement for test methodology.",yes,"The study uses RT-PCR as the reference standard for the Panbio rapid antigen test, comparing results between the two, meeting the requirement for test type and reference standard.",Exclude,"A pediatric-focused diagnostic accuracy study comparing rapid antigen and RT-PCR tests for SARS-CoV-2, which comprehensively reports sensitivity, specificity, and predictive values. Despite meeting most screening criteria, the study's exclusive focus on pediatric patients disqualifies it from inclusion based on the age requirement. The research provides detailed methodological insights into COVID-19 diagnostic testing in children, but does not align with the specified population parameters.",1.4
In vitro characterization and clinical evaluation of the diagnostic accuracy of a new antigen test for SARS-CoV-2 detection,"J. J. Montoya, J. Rubio, Y. Ouahid, A. López, A. Madejón, A. Gil-García, R. J. Hannam, H. R. Butler, P. Castán",-,-,-,0,2021,no,The abstract provides no information about the age of study participants or whether data is stratified by age.,yes,The abstract describes a primary diagnostic accuracy study that includes both in vitro characterization and a field study comparing the test to RT-PCR.,maybe,"The abstract indicates this is a study specifically focused on a new COVID-19 antigen test, suggesting results will be reported separately. However, it mentions comparison with ""other existing lateral flow tests,"" so there might be some combined reporting.",maybe,"While the abstract mentions ""diagnostic accuracy,"" it doesn't explicitly state which specific measures (sensitivity, specificity) will be reported. However, as a diagnostic accuracy study, these are likely included in the full paper.",maybe,"The abstract mentions a ""test field study,"" suggesting a clinical or community setting, though the exact setting isn't explicitly specified.",yes,"The study clearly evaluates a rapid antigen test using ""chromatographic Affimer-based technology.""",yes,"The study explicitly mentions using RT-PCR as the reference standard (""compared by the gold standard RT-PCR""). The test is described as a point-of-care rapid antigen test.",Include,"A diagnostic accuracy study evaluating a novel COVID-19 rapid antigen test using RT-PCR as a reference standard, with clear methodology for test performance assessment. The study demonstrates strong alignment with most screening criteria, though participant age demographics remain unconfirmed from the abstract. Multiple methodological elements suggest a rigorous approach to diagnostic test validation.",4.2
SARS-CoV-2 Rapid Antigen Kit Efficacy in Comparison with Quant Studio 12 PCR,"T. R, Farajzadeh J, St. Denis E, Jackson J, Yukutake K, Valles-Ayoub Y, Beqaj S, Pietruszka M",10.33425/2689-1077.1018,https://doi.org/10.33425/2689-1077.1018,Genetics &amp; Molecular Medicine,0,2022,maybe,"The abstract does not specify the age range of participants or whether they are pregnant/non-pregnant, so there is significant uncertainty about the population age.",yes,The study appears to be a primary diagnostic accuracy study comparing rapid antigen tests with PCR results.,yes,"The study reports rapid antigen test results separately from other test types, as indicated by the analysis of 105 rapid antigen results.",maybe,"While the study mentions comparing results with PCR cycle threshold values, it doesn't explicitly report sensitivity or specificity. However, it does discuss detection capabilities and viral load detection, suggesting some quantifiable accuracy measures are likely included in the full paper.",maybe,"The abstract doesn't explicitly state whether the study was conducted in a clinical or community setting, though the mention of ""at-home"" testing suggests it might be a community setting study.",yes,The study clearly evaluates rapid antigen tests using lateral flow assay targeting nucleocapsid protein.,yes,The study uses RT-PCR (Quant Studio 12) as the reference standard and evaluates point-of-care rapid antigen tests.,Include,"A diagnostic accuracy study comparing rapid antigen tests with PCR demonstrates clear methodology for SARS-CoV-2 detection, utilizing lateral flow assays and cycle threshold analysis. However, significant uncertainties exist regarding participant age range and precise study setting, which could potentially disqualify the study from meeting all screening criteria. The research provides insights into rapid antigen test performance but lacks complete transparency on key demographic and contextual details.",3.5
Performance of rapid antigen tests to detect SARS-CoV-2 variant diversity and correlation with viral culture positivity: implication for diagnostic development and future public health strategies,"Heather Goux, Jennetta Green, Andrew Wilson, S. Sozhamannan, Stephanie A Richard, R. Colombo, D. Lindholm, Milissa U. Jones, B. Agan, Derek Larson, David L Saunders, R. Mody, Jason Cox, Robert Deans, Joseph Walish, Anthony C Fries, M. Simons, S. Pollett, Darci R Smith",10.1128/mbio.02737-24,https://doi.org/10.1128/mbio.02737-24,mBio,0,2024,maybe,"The abstract does not specify the age range of participants, only mentioning ""clinical COVID-19 cases"" without providing age details.",yes,The study appears to be a primary diagnostic accuracy study evaluating Ag-RDTs against PCR and culture-based results.,yes,"The study reports rapid antigen test results separately from other test types, with specific sensitivity ranges (46.8%–83.9%) compared to PCR.",yes,"The study reports quantifiable diagnostic accuracy data, specifically sensitivity (46.8%–83.9%) and correlation with PCR results.",yes,"The study appears to be conducted in a clinical setting, using ""upper respiratory tract swab samples from clinical COVID-19 cases.""",yes,"The study specifically evaluates rapid antigen tests (Ag-RDTs), including both commercial and research versions.",yes,The study uses RT-PCR as a reference standard and evaluates point-of-care rapid antigen tests for SARS-CoV-2.,Include,"A comprehensive diagnostic accuracy study evaluating rapid antigen tests for SARS-CoV-2 across multiple variants, using RT-PCR as a reference standard and reporting quantifiable sensitivity data. The research demonstrates point-of-care testing methodology with clinical respiratory tract samples, though participant age details remain unspecified. Multiple test types were assessed, providing insights into diagnostic performance and potential transmission risk.",4.6
Comparing Rapid Ag Test and PCR in SARS-CoV-2 Management in Rural Egypt,"Marwa Alkaffas, Mai Al-kaffas, Sarah Hatahet, Margo Katz, A. Chahin, S. Elhamamsy",10.22207/jpam.16.3.67,https://doi.org/10.22207/jpam.16.3.67,Journal of Pure and Applied Microbiology,0,2022,maybe,"The abstract does not specify the age range of participants, only mentioning ""symptomatic individuals"" without age details, creating some uncertainty.",yes,"The study is described as a ""prospective cohort study"" comparing rapid antigen testing with RT-PCR, indicating it is a primary diagnostic accuracy study.",yes,"The study reports rapid antigen test results separately from RT-PCR results, with specific numbers provided (178/223 positive by antigen test, 190/223 positive by PCR).",maybe,"While the abstract reports some comparative data (94% of PCR-positive individuals were positive on antigen test), it doesn't explicitly report standard diagnostic accuracy measures like sensitivity and specificity, though these could be calculated from the data provided.",yes,"The study is conducted in a clinical setting (rural lab in Giza, Egypt).",yes,"The study explicitly evaluates rapid antigen tests, described as a ""point-of-care test"" and compares them with RT-PCR.",yes,The study clearly uses RT-PCR as the reference standard and evaluates point-of-care rapid antigen tests for SARS-CoV-2.,Include,"A prospective cohort study comparing rapid antigen and RT-PCR testing for SARS-CoV-2 in a rural Egyptian setting, demonstrating point-of-care diagnostic methodology with comprehensive test result reporting. The research provides detailed comparative data on test performance, though participant age range remains unspecified, creating slight uncertainty in meeting all screening criteria.",4.3
Should rapid antigen tests be first-line for COVID-19 testing? Results of a prospective urban cohort study,"Mohamad Rani Hassoun, Nathan T. Kudlapur, Grace M. Chen, Jenna Green-Ross, Ashlesha Patel",10.1186/s12879-023-08171-6,https://doi.org/10.1186/s12879-023-08171-6,BMC Infectious Diseases,0,2023,maybe,"The abstract doesn't explicitly state the age range of participants. While it's likely these are adults given the setting (emergency department and community testing), we cannot be completely certain without this information.",yes,"This is a primary diagnostic accuracy study, specifically described as a ""prospective cohort study"" comparing Binax-CoV2 to RT-qPCR.",yes,"The study clearly reports rapid antigen test (Binax-CoV2) results separately from RT-qPCR results, with specific sensitivity and specificity values provided.",yes,"The study reports clear diagnostic accuracy data, including sensitivity (71.4%) and specificity (99.6%) with confidence intervals.",yes,The study was conducted in both a clinical setting (emergency department) and community setting (mobile unit).,yes,The study specifically evaluates a rapid antigen test (Binax-CoV2) and not antibody tests or other diagnostics.,yes,The study evaluates a point-of-care rapid antigen test (Binax-CoV2) using RT-qPCR as the reference standard.,Include,"A prospective cohort study comparing Binax-CoV2 rapid antigen test to RT-qPCR demonstrates strong diagnostic accuracy with high specificity and moderate sensitivity across clinical and community settings. The research comprehensively reports test performance, including detailed outcome measures and methodology, with only minor uncertainty regarding participant age range. Overall, the study provides robust evidence for rapid antigen testing in COVID-19 diagnostics.",4.6
Evaluation of Two Commercial Kits for Qualitative Detection of SARS-CoV-2 Antigens in Nasopharyngeal Specimens.,"Heejung Ham, Ha-eun Cho, Sun Young Cho, Young Jin Kim",10.7754/Clin.Lab.2023.230908,https://doi.org/10.7754/Clin.Lab.2023.230908,Clinical Laboratory,0,2024,maybe,"The abstract does not specify the age range of participants, so there is uncertainty about whether the study only included non-pregnant adult participants or if the data for adult participants were reported separately.",yes,This is a primary diagnostic accuracy study comparing rapid antigen tests against RT-PCR as the reference standard.,yes,"The study clearly reports rapid antigen test results separately from other test types, with specific sensitivity and specificity values provided.",yes,"The study reports clear diagnostic accuracy data, including sensitivity (64.3%), specificity (100%), and confidence intervals.",maybe,"While the study involves clinical samples (nasopharyngeal swabs), the specific setting (clinical or community) is not explicitly stated, though it appears to be clinical given the sample collection method.",yes,The study explicitly evaluates rapid antigen tests (RATs) targeting the nucleocapsid protein of SARS-CoV-2.,yes,"The study uses point-of-care RATs and RT-PCR as the reference standard, specifically mentioning ""real-time RT-PCR as the reference method.""",Include,"A diagnostic accuracy study comparing rapid antigen tests for SARS-CoV-2 using RT-PCR as the reference standard, with clear reporting of sensitivity and specificity. The study meets most screening criteria, though uncertainty exists regarding participant age range. Nasopharyngeal swab samples were analyzed, providing quantifiable diagnostic performance data.",4.3
Evaluation of a Novel SARS-CoV-2 Rapid Antigenic Test Diagnostic Value in Respiratory Samples; is the Reported Test Accuracy Similar to Values in Real-World?,"H. Hatami, AhmadReza Rezaeian",10.2139/ssrn.4007174,https://doi.org/10.2139/ssrn.4007174,Social Science Research Network,0,2022,maybe,"The abstract doesn't specify the age range of participants, creating some uncertainty in meeting this criterion.",yes,This is a primary diagnostic accuracy study comparing antigen test results with RT-PCR as the reference standard.,yes,"The study clearly reports rapid antigen test results separately from RT-PCR results, with specific numbers provided (32 positive antigen tests vs 128 positive RT-PCR).",yes,"The study reports quantifiable diagnostic accuracy data, specifically mentioning sensitivity (21.09% in real-world testing).",yes,"While not explicitly stated, the context suggests a clinical setting given the collection of nasopharyngeal samples and comparison with RT-PCR.",yes,The study specifically evaluates a rapid antigen test (E-Health Barakat Company SARS-CoV-2 Antigen Rapid Test).,yes,The study uses RT-PCR as the reference standard and evaluates a point-of-care rapid antigen test for SARS-CoV-2.,Include,"A diagnostic accuracy study comparing rapid antigen tests with RT-PCR for SARS-CoV-2 detection, demonstrating comprehensive methodology with clear reporting of test performance. The research provides quantifiable diagnostic accuracy data, evaluates a point-of-care antigen test, and uses a substantial sample size, though participant age range remains unspecified. The study meets most screening criteria, with only minor uncertainty around population demographics.",4.3
"Diagnostic evaluation of PanBio, and standard Q COVID-19 rapid antigen tests for the detection of SARS-CoV-2: a cross-sectional study from Nepal","Gopal K. Yadav, Praju Karki, Amar Raut, Prativa Subedi, Saurav Aryal, Rama Tamrakar, Binod Paudel, A. Bastola, Smeena Pradhananga, D. Rohita, P. Kafle, Aayush Shrestha, M. P. Oli, Ajay K. Yadav, Sanjeev K. Sharma",10.1097/GH9.0000000000000438,https://doi.org/10.1097/GH9.0000000000000438,International Journal of Surgery: Global Health,0,2024,maybe,"The abstract doesn't explicitly state the age range of participants. While it mentions ""suspected COVID-19 patients,"" it doesn't specify whether children were included or excluded.",yes,"This is a primary diagnostic accuracy study comparing RDTs against rRT-PCR, with original data collection from 1,171 participants.",yes,The study clearly reports rapid antigen test results separately for two different RDTs (PanBio and Standard Q) and compares them against rRT-PCR.,yes,"The study reports comprehensive diagnostic accuracy data including sensitivity, specificity, PPV, NPV, likelihood ratios, and overall accuracy with confidence intervals.",yes,The study was conducted in a clinical setting (provincial hospital in Nepal).,yes,The study specifically evaluates rapid antigen tests (PanBio and Standard Q RDTs).,yes,The study evaluates point-of-care rapid antigen tests and uses RT-PCR (specifically rRT-PCR) as the reference standard.,Include,"A comprehensive diagnostic accuracy study comparing two rapid antigen tests against RT-PCR in a clinical setting, reporting detailed performance metrics across multiple diagnostic parameters. The research provides robust data on test sensitivity, specificity, and predictive values, with only minor uncertainty regarding participant age range. Methodologically sound and focused on point-of-care diagnostic testing for SARS-CoV-2.",4.6
"A COMPARATIVE STUDY OF RAPID SARS COV 2 ANTIGEN DETECTION TEST & REAL TIME PCR TEST FOR DIAGNOSIS OF COVID-19 IN TERTIARY CARE INSTITUTE AT KOTA, SOUTH-EAST RAJASTHAN, INDIA","Harshad Singh Naruka, Dinesh Verma, Preetam Singh Mandawat, Bhupendra Kumar Mandawat",10.21474/ijar01/17221,https://doi.org/10.21474/ijar01/17221,International Journal of Advanced Research,0,2023,maybe,"The abstract does not specify the age range of participants, so it is unclear if the study only includes non-pregnant adult participants or if the data of adult participants are reported separately.",yes,This is a primary diagnostic accuracy study comparing RAT results with RT-PCR as the reference standard.,yes,"The study clearly reports rapid antigen test (RAT) results separately from RT-PCR results, with distinct numbers for each test type (785 RT-PCR positive vs 813 RAT positive).",yes,"The study reports clear diagnostic accuracy measures, including sensitivity (99.49%) and specificity (99.28%).",yes,"The study was conducted in a clinical setting (Microbiology Department Central Laboratory, Maharao Bhim Singh Hospital).",yes,The study specifically evaluates a rapid antigen test (COVID-19 Ag Confirmit™ kit) for SARS-CoV-2 detection.,yes,The study uses RT-PCR as the reference standard and evaluates a point-of-care rapid antigen test (lateral flow immunoassay).,Include,"A comprehensive diagnostic accuracy study comparing rapid antigen tests with RT-PCR for SARS-CoV-2 detection, utilizing a large sample size of 5,219 participants in a clinical setting. The research provides detailed sensitivity and specificity metrics, with robust methodology evaluating point-of-care lateral flow immunoassays against a reference standard. The primary limitation is the lack of clarity regarding participant age range, which would require full text review for definitive confirmation.",4.3
Comparison of ID NOW COVID-19 with RT-PCR for Diagnosis and Management of COVID-19 Cases,"Mahesh Reddy Rosireddy, Yasmin Muhammed",10.4103/mjdrdypu.mjdrdypu_574_22,https://doi.org/10.4103/mjdrdypu.mjdrdypu_574_22,Medical Journal of Dr. D.Y. Patil Vidyapeeth,0,2023,maybe,"The abstract did not specify the age range of participants or whether they were pregnant/non-pregnant adults, so the population age criteria could not be verified.",yes,The study appears to be a primary diagnostic accuracy study comparing the ID NOW test with RT-PCR in 609 patients.,yes,"The study clearly reported the rapid antigen test results separately from other test types, as the abstract explicitly compared the ID NOW test results with RT-PCR results.",yes,"The study clearly reported quantifiable diagnostic accuracy data, including sensitivity, specificity, PPV, NPV, and diagnostic accuracy.",yes,"While not explicitly stated, the context suggests the study was conducted in a clinical setting, given the healthcare personnel focus and diagnostic testing.",no,"The study evaluated the ID NOW test, which is described as an ""instrument based on isothermal nucleic acid amplification method,"" rather than a rapid antigen test.",maybe,"The study used RT-PCR as the reference standard, but the test being evaluated was a molecular diagnostic test (ID NOW), not a rapid antigen test.",Exclude,"The study evaluates a molecular diagnostic test (ID NOW) rather than a rapid antigen test, which fails a critical screening criterion. While the research provides comprehensive diagnostic accuracy data and uses RT-PCR as a reference standard, the fundamental test type disqualifies it from meeting the specified screening requirements. Uncertainty also exists regarding participant age demographics.",1.4
Saliva sampling and its direct lysis is an excellent option for SARS-CoV-2 diagnosis in paediatric patients: comparison with the PanBio COVID-19 antigen rapid test in symptomatic and asymptomatic children.,"Joaquín Moreno-Contreras, M. Espinoza, Marco A. Cantú-Cuevas, D. A. Madrid-González, Héctor Barón-Olivares, Oscar D. Ortiz-Orozco, Cecilia Guzmán-Rodríguez, Carlos F. Arias, Susana López",10.1099/jmm.0.001779,https://doi.org/10.1099/jmm.0.001779,Journal of Medical Microbiology,0,2023,no,"The study specifically focuses on pediatric patients, not adults, which is explicitly stated multiple times in the abstract and is a clear violation of the inclusion criteria.",yes,This is a primary diagnostic accuracy study comparing antigen tests with RT-qPCR.,yes,The study clearly reports rapid antigen test results (PanBio COVID-19 Ag-RTD) separately from RT-qPCR results.,yes,"The study reports quantifiable diagnostic accuracy data, specifically mentioning sensitivity (64.3%) and specificity (96.6%).",yes,"While not explicitly stated, the context suggests a clinical setting given the comparison with RT-qPCR and the structured evaluation of symptomatic and asymptomatic patients.",yes,The study evaluates a rapid antigen test (PanBio COVID-19 Ag-RTD).,yes,The study uses RT-qPCR as the reference standard for evaluating the rapid antigen test.,Exclude,"The study focuses exclusively on pediatric patients, which directly conflicts with the requirement for adult participants aged 18 or older. Despite meeting most other screening criteria with robust methodology and clear diagnostic accuracy reporting, the pediatric population represents a critical exclusion factor. Consequently, the study does not qualify for inclusion based on the specified screening requirements.",1.4
From Other Journals February 2022,"Sierra Beck, Bridget Honan, James L Mallows, Joseph Ting",10.1111/1742-6723.13924,https://doi.org/10.1111/1742-6723.13924,Emergency Medicine Australasia,0,2022,maybe,"The abstract doesn't explicitly state the age range of participants, but since it focuses on close contacts of confirmed cases in a general population setting, it likely includes adults, though it's unclear if pediatric cases were excluded or reported separately.",yes,This is a primary diagnostic accuracy study evaluating the performance of rapid antigen tests against RT-PCR as the reference standard.,yes,"The study clearly reports rapid antigen test results separately for Veritor and Biosensor lateral flow tests, with distinct sensitivity and specificity values for each.",yes,"The study reports quantifiable diagnostic accuracy data, including sensitivity (63.9% and 62.9% for the two tests) and specificity (>99% for both tests).",yes,"The study appears to be conducted in a clinical/community setting, evaluating close contacts of confirmed cases.",yes,The study specifically evaluates rapid antigen tests (Veritor and Biosensor lateral flow tests) and not antibody tests or other diagnostics.,yes,The study evaluates point-of-care rapid antigen tests and explicitly uses RT-PCR as the reference standard.,Include,"A comprehensive diagnostic accuracy study of rapid antigen tests for SARS-CoV-2, utilizing RT-PCR as the reference standard and reporting detailed sensitivity and specificity data for two different test types. The research systematically evaluates point-of-care testing in a clinical setting, with robust methodology and clear reporting of diagnostic performance metrics. While most screening criteria are definitively met, the precise age range of participants remains slightly ambiguous.",4.6
Diagnostic test of Rapid antigen SARS Cov-2 against RT-PCR on suspected symptomatic COVID-19 patients at Rato Ebu Hospital Bangkalan,Anik Handayati,10.35882/ijahst.v2i3.3,https://doi.org/10.35882/ijahst.v2i3.3,International Journal of Advanced Health Science and Technology,0,2022,maybe,"The abstract doesn't explicitly state the age range of participants. It mentions ""suspected symptomatic COVID-19 patients"" but doesn't specify if they are adults or if pediatric cases were excluded.",yes,"This is a primary diagnostic accuracy study with original data collection, described as ""an analytical study with a cross-sectional design.""",yes,"The study clearly reports rapid antigen test results separately, comparing them directly to RT-PCR results.",yes,"The study reports clear diagnostic accuracy measures, specifically sensitivity (82.97%) and specificity (100%).",yes,The study was conducted in a clinical setting (Rato Ebu Hospital Bangkalan).,yes,"The study specifically evaluates rapid antigen tests for SARS-CoV-2, not antibody tests or other diagnostics.",yes,The study explicitly uses RT-PCR as the reference standard for evaluating rapid antigen tests.,Include,"A diagnostic accuracy study comparing rapid antigen tests to RT-PCR for COVID-19 detection, conducted in a hospital setting with clear reporting of sensitivity and specificity. The research meets most screening criteria, with only minor uncertainty regarding participant age range. Comprehensive methodology and precise diagnostic performance metrics suggest a robust evaluation of rapid antigen testing.",4.6
Comparison of rapid antigen testing and RT-PCR in the diagnosis of COVID-19 in Kashmir division,"T. A. Magray, T. Jabeen, R. Rather, Umar Nazir, M. A. Kumar, F. Wani",10.18203/2349-3933.ijam20220788,https://doi.org/10.18203/2349-3933.ijam20220788,International Journal of Advances in Medicine,0,2022,no,The abstract doesn't specify the age range of participants or whether data is stratified by age. This is a significant uncertainty.,maybe,"The abstract describes a ""cross-sectional study"" analyzing testing data, which appears to be a primary diagnostic accuracy study. However, it's not entirely clear if this is a diagnostic accuracy study or just a cost-effectiveness comparison.",maybe,"The abstract mentions both RT-PCR and rapid antigen tests, but it's not explicitly stated whether the results are reported separately. However, the study's aim is to compare these tests, suggesting separate reporting is likely, though this isn't certain from the abstract alone.",maybe,"While the abstract mentions ""cost effectiveness,"" it doesn't explicitly state whether diagnostic accuracy measures (sensitivity, specificity) are reported. This is a significant uncertainty.",yes,"The study appears to be conducted in a clinical setting (""divisional level"").",yes,"The study clearly evaluates rapid antigen tests, specifically mentioning ""rapid antigen detection tests"" and comparing them with RT-PCR.",yes,The study uses RT-PCR as a reference standard and evaluates point-of-care rapid antigen tests.,Include,"A cross-sectional study comparing rapid antigen and RT-PCR tests for COVID-19 diagnosis shows promise in evaluating diagnostic methodologies, but lacks clear reporting on critical screening criteria such as participant age range and specific diagnostic accuracy measures. While the study addresses test methodology and reference standard, significant uncertainties remain about comprehensive data reporting and precise outcome metrics.",3.2
"307. Diagnostic Test Kinetics, Infectivity, and Immunological Responses Among Unvaccinated Adults During Acute SARS-CoV-2 Infection","P. Drain, R. Dalmat, Meagan J. Bemer, Elvira Budiawan, J. Morton, Linhui Hao, R. Ireton, Zarna Marfatia, Adanech Gichamo, Roshni Prabhu, Claire Woosley, E. Rechkina, Daphne Hamilton, M. Montaño, J. Cantera, Inah Golez, Elise A. Smith, A. Greninger, Benjamin D Grant, Allison Meisner, G. Gottlieb, M. Gale",10.1093/ofid/ofac492.385,https://doi.org/10.1093/ofid/ofac492.385,Open Forum Infectious Diseases,0,2022,maybe,"The abstract mentions ""adults"" and a median age of 29 years, with no mention of pregnant participants. While not explicitly stated that all participants were ≥18, the context strongly suggests this, indicating the population age criterion is likely met.",yes,"This is a primary diagnostic accuracy study with original data collection from 95 participants, meeting the study design criterion.",yes,"The study reports rapid antigen test results (N antigen) separately from PCR and other tests, indicating that the data reporting criterion is met.",no,"While the study reports some comparative data between tests, it doesn't explicitly report standard diagnostic accuracy measures (sensitivity/specificity). Instead, it focuses on time-to-negative results and relative risk of culture positivity, indicating this criterion is not clearly met.",yes,"The study was conducted in Seattle, Washington, in what appears to be a clinical setting with serial sampling, meeting the study setting criterion.",yes,"The study evaluates N antigen tests (rapid antigen tests) alongside PCR and culture, meeting the test methodology criterion.",maybe,"The study uses RT-PCR as one of the testing methods, but it's not clear if it's used as the reference standard. The study seems to use viral culture as the reference standard for infectiousness, creating some uncertainty about meeting this criterion.",Include,"A prospective cohort study of 95 unvaccinated adults examining SARS-CoV-2 diagnostic test kinetics, with comprehensive data collection on antigen, PCR, and viral culture tests. The research provides detailed insights into test performance and infectiousness, though with some uncertainty regarding standard diagnostic accuracy measures and reference standard methodology. The study meets most screening criteria, with nuanced reporting of rapid antigen test results and clinical testing approaches.",3.5
Rapid antigen test for SARS-CoV-2: results of validation and use in real life,"I. G. Kosnik, U. Dermota, Andrej Golle, T. Čretnik",10.2217/fvl-2022-0045,https://doi.org/10.2217/fvl-2022-0045,Future Virology,0,2022,maybe,"The abstract does not explicitly state the age range of participants, creating some uncertainty, though the large sample size and clinical setting suggest adult participants.",yes,"This appears to be a primary diagnostic accuracy study, with original data collection and analysis of 2295 subjects for validation and 13,852 subjects for PCR matching.",yes,"The study clearly reported rapid antigen test results separately, with specific sensitivity and specificity values provided.",yes,"The study clearly reports quantifiable diagnostic accuracy data, including sensitivity (77.38%), specificity (99.10%), and PCR confirmation rates (74.60%).",maybe,"While not explicitly stated, the large sample size and PCR testing suggest a clinical setting.",yes,The study explicitly evaluates rapid antigen tests (RAT) for SARS-CoV-2.,yes,"The study uses RT-PCR as the reference standard, comparing RAT results with PCR confirmation.",Include,"A diagnostic accuracy study of SARS-CoV-2 rapid antigen tests using PCR as a reference standard, reporting comprehensive sensitivity and specificity metrics across a large sample size. The research provides detailed quantifiable data on test performance, with clear methodology and outcome measures, though some uncertainty exists regarding participant age demographics.",4.6
The QuantuMDx Q-POC SARS-CoV-2 RT-PCR assay for rapid detection of COVID-19 at point-of-care: preliminary evaluation of a novel technology,"Jessica Caffry, Matthew Selby, Katie Barr, George Morgan, David McGurk, Philip Scully, Catherine Park, A. Caridis, Emily Southworth, Jack Morrison, David J Clark, Nickolas Eckersely, Elisabetta Groppelli, D. Kirwan, Irene Monahan, Yolanda Augustin, Colin Toombs, Tim Planche, H. Staines, Sanjeev Krishna",10.1101/2021.07.12.21260119,https://doi.org/10.1101/2021.07.12.21260119,medRxiv,0,2021,maybe,"The abstract mentions ""healthy volunteers"" and hospitalized patients but doesn't explicitly specify age ranges. This creates some uncertainty, though hospital patients are typically adults.",yes,The study is a primary diagnostic accuracy study comparing the Q-POC test against a reference RT-PCR test. This meets the criterion.,no,"The study reports results for a specific test (Q-POC SARS-CoV-2 RT-PCR) separately, but this is actually a point-of-care RT-PCR test, not a rapid antigen test. This is a critical mismatch with the screening criteria.",yes,"The study reports quantifiable diagnostic accuracy data, including sensitivity (96.88% and 80.00% under different conditions) with confidence intervals. This meets the criterion.",yes,"The study was conducted in a clinical setting (hospital and with healthy volunteers), meeting this criterion.",no,"The study evaluates a point-of-care RT-PCR test, not a rapid antigen test. This is a fundamental mismatch with the screening criteria, which specifically requires rapid antigen tests.",no,"While the study does use RT-PCR as a reference standard (meeting half of this criterion), the test being evaluated is itself an RT-PCR test, not a rapid antigen test. This fails to meet the criterion.",Exclude,"The study evaluates a point-of-care RT-PCR test for SARS-CoV-2, which fundamentally conflicts with the screening criteria requiring rapid antigen tests. Despite meeting several methodological criteria like reporting diagnostic accuracy and being conducted in a clinical setting, the core test type disqualifies the paper from inclusion. The mismatch between the study's RT-PCR methodology and the required rapid antigen test type represents a critical exclusion factor.",1.4
Evaluation of the performance of the COVID-19 rapid antigen tests in a tertiary level hospital in Bangladesh.,"Mohammad Jahidur Rahman Khan, Md. Shahadat Hossain, S. J. Shumu, Md. Selim Reza, F. Mim, A. Akram",10.21203/rs.3.rs-1056525/v1,https://doi.org/10.21203/rs.3.rs-1056525/v1,-,0,2021,maybe,"The abstract doesn't explicitly state the age range of participants. While it's likely these are adults given the hospital setting, we cannot be certain without explicit confirmation.",yes,"This is a primary diagnostic accuracy study, described as a ""prospective observational study"" evaluating the performance of RATs against RT-PCR.",yes,"The study clearly reports rapid antigen test results separately, with specific sensitivity and specificity values provided.",yes,"The study reports clear diagnostic accuracy data, including sensitivity (78.6%) and specificity (99.3%), with additional breakdowns for symptomatic vs. asymptomatic cases.",yes,The study was conducted in a clinical setting (Shaheed Suhrawardy Medical College hospital).,yes,"The study specifically evaluates rapid antigen tests (RATs) for SARS-CoV-2, not antibody tests or other diagnostics.",yes,The study uses RT-PCR as the reference standard and evaluates point-of-care rapid antigen tests.,Include,"A prospective diagnostic accuracy study evaluating rapid antigen tests for SARS-CoV-2 using RT-PCR as a reference standard, conducted in a clinical setting with comprehensive reporting of sensitivity and specificity. The study meets most screening criteria, with only minor uncertainty regarding participant age range, and provides detailed diagnostic performance data across symptomatic and asymptomatic patient groups.",4.6
Comparative study between gold standard real-time RT-PCR assay and rapid antigen test for detection of COVID-19 in Sylhet CMH,"M. Nurunnabi, Mosammath Khadiza Mamdu, A. Siddika",10.37545/haematoljbd202398,https://doi.org/10.37545/haematoljbd202398,Haematology Journal of Bangladesh,0,2023,maybe,"The abstract doesn't explicitly state the age range of participants. While it's likely these are adults given the setting (CMH Sylhet flu centre), we cannot be certain without explicit confirmation.",yes,"This is a primary diagnostic accuracy study comparing RAT with RT-PCR, reporting original data from 1000 patients.",yes,"The study clearly reports rapid antigen test results separately from RT-PCR results, with specific numbers provided (154 RAT positive vs 158 RT-PCR positive).",yes,"The study reports clear diagnostic accuracy data, including sensitivity (97.29%) and specificity (97.94%) with confidence intervals.",yes,The study was conducted in a clinical setting (CMH Sylhet flu centre).,yes,"The study specifically evaluates rapid antigen tests (RAT) for SARS-CoV-2, using the COVID-19 Ag Kit (Wondfo).",yes,"The study uses RT-PCR as the reference standard (specifically mentioned as ""gold standard"") and evaluates point-of-care rapid antigen tests.",Include,"A comprehensive diagnostic accuracy study comparing rapid antigen tests with RT-PCR for COVID-19 detection, demonstrating high sensitivity and specificity in a clinical setting. The research provides detailed methodology and quantifiable results, with robust reporting of diagnostic performance across 1000 patient samples. While most screening criteria are definitively met, slight uncertainty exists regarding participant age range.",4.6
Understanding the net benefit of antigen-based rapid diagnostic tests for COVID-19: An enhanced decision-curve analysis,"E. Kendall, N. Arinaminpathy, J. Sacks, Y. Manabe, S. Dittrich, S. Schumacher, D. Dowdy",10.1101/2020.12.16.20248357,https://doi.org/10.1101/2020.12.16.20248357,medRxiv,0,2020,maybe,"The abstract does not specify the age range of participants. It only mentions ""symptomatic patients"" without age details.",no,"This appears to be a simulation study rather than a primary diagnostic accuracy study or meta-analysis reporting original data. The abstract mentions ""simulated transmission"" and uses decision curve analysis, indicating this is a modeling study.",maybe,"The abstract discusses Ag-RDT results but does not explicitly state whether they are reported separately from other tests. However, the study appears to compare Ag-RDT with NAAT and clinical judgment separately, suggesting separate reporting.",maybe,"The study reports on diagnostic accuracy in terms of ""net benefit"" and discusses sensitivity, though specific sensitivity/specificity values are not provided in the abstract.",yes,"The study explicitly considers both hospital and outpatient settings, meeting this criterion.",yes,"The study clearly evaluates rapid antigen tests (Ag-RDT) for SARS-CoV-2, meeting this criterion.",maybe,"While the study evaluates Ag-RDT, it uses NAAT as a comparison rather than explicitly stating it as the reference standard. However, NAAT is typically used as a reference standard.",Include,"A simulation study comparing diagnostic approaches for COVID-19, the research does not meet key screening criteria as a primary diagnostic accuracy study. While exploring rapid antigen tests in hospital and outpatient settings, the abstract lacks clarity on participant age range and does not provide direct diagnostic accuracy data. The modeling approach and comparative methodology deviate from the required study design for inclusion.",2.7
"Virus variant e speci ﬁ c clinical performance of SARS coronavirus two rapid antigen tests in point-of-care use, from November 2020 to January 2022",-,-,-,-,2,-,no,No information is provided about the study population or age groups.,maybe,"The abstract suggests this is a primary diagnostic accuracy study comparing RDT performance across different VOCs, but the exact study design isn't clearly stated.",maybe,"The abstract mentions comparing RDT performance, suggesting separate reporting of antigen test results, but this isn't explicitly confirmed.",maybe,"While the abstract mentions ""performance data,"" it doesn't explicitly state whether sensitivity, specificity, or other accuracy measures are reported.",no,The setting (clinical or community) is not specified in the abstract.,yes,"The study clearly focuses on antigen rapid diagnostic tests (RDTs) for SARS-CoV-2, explicitly mentioned in the abstract.",yes,The abstract mentions RT-qPCR as a reference standard and specifically focuses on RDTs for SARS-CoV-2.,Include,"The study focuses on rapid antigen diagnostic tests for SARS-CoV-2, comparing performance across different virus variants using RT-qPCR as a reference standard. While key methodological criteria are met, significant uncertainties exist regarding population age, study setting, and specific diagnostic accuracy measures. The abstract provides promising initial information but requires full text review to definitively confirm all screening requirements.",3.9
Table_1.docx,-,10.3389/fmed.2021.797109.s001,https://doi.org/10.3389/fmed.2021.797109.s001,-,0,-,maybe,"The median age is 40.2 years (IQR 32.3-47.8), suggesting an adult population, but the abstract doesn't explicitly state that all participants were ≥18 years. However, given the median and IQR, it's very likely all participants were adults.",yes,"This is a primary diagnostic accuracy study with original data collection, described as a ""prospective study"" with head-to-head comparison of two antigen assays.",yes,"The study clearly reports rapid antigen test results separately, comparing two different antigen tests (Standard Q and LIAISON) with PCR as the reference standard.",yes,"The study reports clear diagnostic accuracy data, including sensitivity, specificity, and positive predictive values with confidence intervals.",yes,"The study was conducted in a community setting during ""community SARS-CoV-2 screening.""",yes,The study specifically evaluates rapid antigen tests (Standard Q COVID-19 Ag and LIAISON SARS-CoV-2 Ag).,yes,The study evaluates point-of-care rapid antigen tests and uses RT-PCR (TaqPath COVID-19 RT-PCR) as the reference standard.,Include,"A prospective diagnostic accuracy study comparing two rapid antigen tests for SARS-CoV-2 in a community setting, utilizing RT-PCR as the reference standard and reporting comprehensive diagnostic performance metrics. The research involved adult participants, evaluated point-of-care antigen tests, and provided quantifiable sensitivity and specificity data across symptomatic and asymptomatic populations. Methodologically robust, the study systematically assessed the diagnostic utility of rapid antigen testing in community surveillance.",4.9
Evaluation of laboratory tests for COVID-19 in South Africa.,N. Samsunder,10.29086/10413/23146,https://doi.org/10.29086/10413/23146,-,0,-,no,"Elicit could not determine the study population, as the provided abstract was extremely limited and did not contain enough information to assess this criterion.",no,"Elicit could not determine the study design, as the provided abstract was extremely limited and did not contain enough information to assess this criterion.",no,"Elicit could not determine if the study reported rapid antigen test results separately from other test types, as the provided abstract was extremely limited and did not contain enough information to assess this criterion.",no,"Elicit could not determine if the study reported quantifiable diagnostic accuracy data, as the provided abstract was extremely limited and did not contain enough information to assess this criterion.",no,"Elicit could not determine the study setting, as the provided abstract was extremely limited and did not contain enough information to assess this criterion.",maybe,"Elicit was able to partially confirm that the study involved rapid antigen tests, as the abstract fragment mentioned ""rapid antigen"" tests.",no,"Elicit could not determine if the study evaluated point-of-care rapid antigen tests for SARS-CoV-2 using RT-PCR as the reference standard, as the provided abstract was extremely limited and did not contain enough information to assess this criterion.",Exclude,"The extremely limited abstract fragment provides insufficient information to comprehensively assess the screening criteria, with only partial confirmation of rapid antigen test methodology. Most critical screening requirements remain unverifiable due to the lack of substantive details about study design, population, reference standard, and diagnostic accuracy measures.",1.4