"duplicate_id","author","year","journal","doi","title","abstract","label","source","pages","volume","number","isbn","record_ids"
"sr3_nk_10004","Takahashi P.Y.","2016","American Journal of Managed Care",NA,"Enhanced risk prediction model for emergency department use and hospitalizations in patients in a primary care medical home","Objectives: With the advent of healthcare payment reform, identifying high-risk populations has become more important to providers. Existing risk-prediction models often focus on chronic conditions. This study sought to better understand other factors to improve identification of the highest risk population. Study Design: A retrospective cohort study of a paneled primary care population utilizing 2010 data to calibrate a risk prediction model of hospital and emergency department (ED) use in 2011. Method(s): Data were randomly split into development and validation data sets. We compared the enhanced model containing the additional risk predictors with the Minnesota medical tiering model. The study was conducted in the primary care practice of an integrated delivery system at an academic medical center in Rochester, Minnesota. The study focus was primary care medical home patients in 2010 and 2011 (n = 84,752), with the primary outcome of subsequent hospitalization or ED visit. A total of 42,384 individuals derived the enhanced risk-prediction model and 42,368 individuals validated the model. Predictors included Adjusted Clinical Groups-based Minnesota medical tiering, patient demographics, insurance status, and prior year healthcare utilization. Additional variables included specific mental and medical conditions, use of high-risk medications, and body mass index. Result(s): The area under the curve in the enhanced model was 0.705 (95% CI, 0.698-0.712) compared with 0.662 (95% CI, 0.656-0.669) in the Minnesota medical tiering-only model. New high-risk patients in the enhanced model were more likely to have lack of health insurance, presence of Medicaid, diagnosed depression, and prior ED utilization. Conclusion(s): An enhanced model including additional healthcarerelated factors improved the prediction of risk of hospitalization or ED visit.Copyright © 2016, Ascend Media. All rights reserved.","nk_tiab_exclude,nk_tiab_exclude","nk,nk",NA,NA,NA,NA,"sr3_nk_10004, sr3_nk_7849"
"sr3_nk_10019","McDonald M.V.","2016","Journal of Evaluation in Clinical Practice","10.1111/jep.12383","Outcomes of clinical decision support (CDS) and correlates of CDS use for home care patients with high medication regimen complexity: A randomized trial","Rationale, aims and objectives To assess the outcomes of a clinical decision support (CDS) intervention designed for home care patients with high medication regimen complexity (MRC) and to examine correlates of CDS use. Method The CDS consisted of a computerized algorithm that identified high MRC patients, electronic alerts and a care management module. Nurses were randomized upon identification of an eligible patient. Full intention to treat and intervention group-only analyses were completed. Regression-adjusted outcomes were hospitalization, emergency department use and reduction in MRC. Results Five hundred nurses were randomized with 7919 of their patients. Approximately 20% of the intervention group was hospitalized versus 21% in the control group; 16.5% versus 16.7% had an emergency department visit; and 6% in each group dropped below the high MRC threshold. No statistically significant differences were found in the intention to treat analysis. Eighty-two percent of intervention nurses used the CDS but for only 42% of their patients. Among intervention patients, CDS use (vs. non-use) was associated with reduced MRC and hospitalization. CDS use was associated with various clinician and patient characteristics. Conclusion CDS use was limited, negating the impact of the intervention overall. Findings on correlates of CDS use and the relationship between CDS use and positive outcomes suggest that CDS use and outcomes could be enhanced by avoiding short patient lengths of stay, improving continuity of care, increasing reliance on salaried nurses and/or increasing per diem nurses' incentives to use CDS.Copyright © 2015 John Wiley & Sons, Ltd.","nk_tiab_exclude,nk_tiab_exclude","nk,nk",NA,NA,NA,NA,"sr3_nk_10019, sr3_nk_7839"
"sr3_nk_10119","Chung B.","2014","Annals of Internal Medicine","10.7326/m13-3011","12-month outcomes of community engagement versus technical assistance to implement depression collaborative care","Results: At 6 months, the finding that CEP outperformed RS to reduce poor MHRQL was significant but sensitive to underlying statistical assumptions. At 12 months, some analyses suggested that CEP was advantageous to MHRQL, whereas others did not confirm a significant difference favoring CEP. The finding that CEP reduced behavioral health hospitalizations at 6 months was less evident at 12 months and was sensitive to underlying statistical assumptions. Other services use did not significantly differ between interventions at 12 months. Limitation(s): Data are self-reported, and findings are sensitive to modeling assumptions., Conclusion: In contrast to 6-month results, no consistent effects of CEP on reducing the likelihood of poor MHRQL and behavioral health hospitalizations were found at 12 months. Still, given the needs of underresourced communities, the favorable profile of CEP, and the lack of evidence-based alternatives, CEP remains a viable strategy for policymakers and communities to consider., Primary Funding Source: National Institute of Mental Health, Robert Wood Johnson Foundation, California Community Foundation, National Library of Medicine, and National Institutes of Health/ National Center for Advancing Translational Science for the UCLA Clinical and Translational Science Institute., Background: Depression collaborative care implementation using community engagement and planning (CEP) across programs improves 6-month client outcomes in minority communities, compared with technical assistance to individual programs (resources for services [RS]). However, 12-month outcomes are unknown. Objective(s): To compare effects of CEP and RS on mental health- related quality of life (MHRQL) and use of services among depressed clients at 12 months., Design: Matched health and community programs (n = 93) in 2 communities randomly assigned to receive CEP or RS. (ClinicalTrials.gov: NCT01699789)., Measurements: Self-reported MHRQL and services use at baseline, 6 months, and 12 months., Setting: Los Angeles, California., Patients: 1018 adults with depressive symptoms (8-item Patient Health Questionnaire score =10), 88% of whom were an ethnic minority. Intervention(s): CEP and RS to implement depression collaborative care., Measurements: The primary outcome was poor MHRQL (12-item mental health composite score -40) at baseline, 6 months, and 12 months; the secondary outcome was use of services at 12 months.Copyright © 2014 American College of Physicians.","nk_ft_exclude,nk_tiab_exclude","nk,nk",NA,NA,NA,NA,"sr3_nk_10119, sr3_nk_1100"
"sr3_nk_102",NA,"2016",NA,NA,"Patient-Centred Innovations for Persons With Multimorbidity - Ontario","A recent systematic review on the prevalence of Multimorbidity (MM) recommended a count of 3+ chronic diseases, with no focus on any single chronic disease in particular. This definition identifies a more vulnerable population with higher needs, lower income or poverty, poorer outcomes and challenging processes of care. It includes people with a wide array of complexity from the uncomplicated course of minimally interacting chronic diseases to the highly complex MM patients. MM is not only important due to the burden on patients, but because it accounts for high utilization. The definition represents a continuum of vulnerability in which there are many opportunities for prevention and management. Despite the high prevalence of MM, most research and health care is still based on a single disease paradigm which may not be appropriate as 45% of primary care patients have MM. A recent Cochrane systematic review on the impact of interventions for patients with MM has identified a paucity of studies internationally with mixed results, thus paving the way for the work of this Team. The most promising intervention, to date, was enhanced teamwork in a multifaceted intervention involving multiple professionals. Patient‐Centred Partnerships between Patients and Providers: The definition of patient‐centred partnerships is derived from Canadian policy reports: ""collaboration between informed, respected patients and a healthcare team."" There is an internationally accepted comprehensive operational definition with four components which will guide many aspects of the proposed research program: first, exploring the patients' diseases and the illness experience; second, understanding the whole person in context; third, finding common ground; and fourth, enhancing the patient‐provider relationship. There is empirical evidence for the impact of patient centred partnerships on better patient outcomes and lower costs. Systematic reviews of interventions indicated promising results for feasible practice‐based interventions targeting both providers and patients. Canadian policy reports defined this second facet of patient‐centredness, as ""seamless coordination and integration of care."" Transitions requiring coordination are a key feature of care for patients with MM. Coordination has been shown to positively impact: symptom relief; social functioning; hospital re‐admission and related costs. Papers reviewed by this Team identified the most promising type of intervention to be structured delivery system re‐design. STUDY #2.1 Qualitative Evaluation of the Aligned Programs Purpose: The study will: assess how the aligned program performs; distinguish between components of the interventions; and identify contextual factors that may have influenced the content and effectiveness of the intervention. It will also examine the local barriers and facilitators as well as the transitions and coordination of care. Methods and design: The Team will conduct a qualitative evaluation of the aligned program to explain how various contexts influence observed effects [1] including the context of the health care systems in each province. A recent example of this research approach in Canada is Best et al, 2012 [2]. Data will be obtained from interviews and written documents. In‐depth interviews will be conducted among the six categories of stakeholders. This will include: a) decision‐makers (n = 10); b) providers (n = 10); c) family physicians and specialists (n = 10); d) a purposive sample of patients with multimorbidity (n = 10); e) family and informal caregivers (n=10); and f) referral providers (n = 10) [51]. Number of interviews are estimates and will be guided by the saturation of data [3]. 2. To measure the mid‐term effects, the study participants will complete the same questionnaire 16 months post‐enrollment (Group C) or intervention (Group A & B) (T3). Data collection: In‐depth interviews, lasting 30 to 60 minutes will ensure complete and detailed participation. The data collection will be held during the second year of the transformed program. The interview guides will examine how the context variables influence the effects and the elements that could potentially inform the development of future interventions. All interviews will be audiotaped and transcribed verbatim. Additionally, written documents will be collected (program team meeting summaries, a sample of 10 medical records or research records at each participating site, a checklist describing the fidelity of the intervention, all documents produced specifically for the intervention) to provide an in‐depth understanding of the various contexts in which the interventions occurred. Data analysis: The data will be analyzed using an iterative and interpretative approach [4]. The data from all participants will be examined through both independent and team analysis occurring in a concurrent manner to build and develop on the emerging themes. A coding template will be developed and edited as new themes emerge while others are reclassified or discarded. The data management software NVivo 9.0 [QSR Int. USA] will be used to organize the coded data and identify exemplar quotes reflecting the central themes. All written documents will undergo a content analysis using NVivo 9.0. The final step of the analysis will be the triangulation of the synthesis of the themes from the stakeholder participants and the content analysis of the documents.[3‐4] STUDY #2.2: Evaluation of effects of the Aligned Programs Setting: The same consenting participating sites as described in study 2.1. The methods presented below are for one setting and will be duplicated in the second setting. Patients are referred to receive the services of these programs by their providers. The intervention the investigators are testing here is the aligned programs. Patients referred to these programs are new patients and have never been exposed to the intervention. In addition to the main reason for referral to the program, the referral form will also include eligibility details for the evaluation, including diagnoses. Patient sample: Patients recruited for the study will be cognitively intact and literate and aged between 18 and 80 years of age. The upper limit of 80 years is to avoid recruiting patients at risk of being institutionalized or dependent during the follow‐up. Patients will present at least three chronic conditions. Methods and Design: Patients agreeing to participate will complete questionnaires at baseline (T1) collecting the socio‐demographic data and baseline measures, which will be used to document equivalence between groups (groups are defined below). Effectiveness of the aligned programs will be assessed using three strategies. 3. To measure mid‐term (T3) and long‐term effects (T4 after 2 years) on health services utilization and cost, study participants in Groups A and B will provide consent to give access to their health administrative (HA) data. A control Group D will be constituted using anonymized HA data. Patients will be matched for gender, age, region and three main diagnoses. The Team will build algorithms for matching every set of controls. Groups A and B together will be compared to this propensity matched control Group D using administrative (HA) data. 1. To measure short‐term effects (4 months), a randomized controlled trial (RCT) design with a before/after arm will be used [5]. Eligible patients will be randomized after consent to receive either the intervention within a short period of time (Group A) or control (Group C); The before/after arm (Group B) will receive the intervention without being placed into the RCT, as their doctors have deemed them too fragile to risk randomization; Control participants (Group C) will receive a list of healthcare resources they may contact to assist with their care; questionnaires will be completed at baseline (T1), and 4 months post enrollment (Group C) or intervention (Group A & B) (T2) for all study participants. This will constitute the short‐term measure of effectiveness of the intervention. Variables and outcome measures: The variables fall into 5 categories: sociodemographic; PC context; main covariables of interest; primary outcomes; secondary outcomes. Sociodemographic characteristics include gender, age, education, family income, marital status, occupation, housing and number of persons living under the same roof. Context variables refer to type of PC organization in which the intervention occurs (solo or group practices, Family Health Team, Community Health Centre). The three main covariables of interest are the Team's three innovations: self‐reported multimorbidity (measured by the Disease Burden Morbidity Assessment [6]; patient‐centred partnership (Patient Perception of Patient‐Centredness Scale [7‐9]); and Patient centered coordination (the Patient Perceptions of Transitions in care, adapted by the investigators from Coleman [10]). The two primary outcome measures are the Health Education Impact Questionnaire (HeiQ) that provides a broad profile of the potential impacts of patient education interventions [11] and the level of perceived disease‐management self‐efficacy using the 6‐item Self‐Efficacy for Managing Chronic Disease (SEM‐CD) [12]. Secondary patient perceived outcomes will be the VR‐12 as a measure of health status and the EQ5D as a measure of Quality of Life [13]. The Kessler psychological distress scale K‐6 will measure psychological distress [14]. The investigators will also use a questionnaire on health behaviors [15]. Finally, HA data will also be used as secondary outcomes to compare health care utilization and cost before and after the intervention. HA data will include emergency department visits, avoidable hospital admissions, readmissions, time to first primary care visit after emergency department visit and continuity of care. Data analysis: The investigators will first describe participants' baseline characteristics in each group and compare among groups. To evaluate short‐term effect, Groups A and C will be compared on T2 scores with an analysis of covariance (ANCOVA) adjusted for T1 scores [16]. To document mid‐term effects, a before/after analysis of variance will be used to study the evolution of continuous variables collected 3 times [17]. Sub‐analyses by gender will be performed. Health system costs in intervention and control groups will be evaluated by using amounts paid to providers based on provincial fee schedules and cost‐weighted utilization of institutions including hospitals and long‐term care. Utilization records obtained from HA data will be multiplied by applicable cost weights (e.g. CIHI Resource Intensity Weights ‐ RIWs) and using CIHI costs per weighted case [18] The methods employed will model the individual patient‐level costs incurred in the health system, using methods developed for costing using administrative data[19]. Incremental resources in the intervention group will be identified and costed using applicable time/resource inputs and relevant wage rates following guidelines for economic evaluation in health interventions [20].","nk_tiab_exclude,nk_tiab_exclude","nk,nk",NA,NA,NA,NA,"sr3_nk_102, sr3_nk_101"
"sr3_nk_10503","Jolly K.","1999","British Medical Journal","10.1136/bmj.318.7185.706","Randomised controlled trial of follow up care in general practice of patients with myocardial infarction and angina. Final results of the Southampton heart integrated care project (SHIP)","Objective: To assess the effectiveness of a programme to coordinate and support follow up care in general practice after a hospital diagnosis of myocardial infarction or angina. Design(s): Randomised controlled trial; stratified random allocation of practices to intervention and control groups. Setting(s): All 67 practices in Southampton and south west Hampshire, England. Subjects: 597 adult patients (422 with myocardial infarction and 175 with a new diagnosis of angina) who were recruited during hospital admission or attendance at a chest pain clinic between April 1995 and September 1996. Intervention(s): Programme to coordinate preventive care led by specialist liaison nurses which sought to improve communication between hospital and general practice nurses to provide structures follow up. Main Outcome Measure(s): Serum total cholesterol concentration, blood pressure, distance walked in 6 minutes, confirmed smoking cessation, and body mass index measured at 1 year follow up. Result(s): Of 559 surviving patients at 1 year, 502 (90%) were followed up. There was no significant difference between the intervention and control groups in smoking (cotinine validated quit rate 19% v 20%), lipid concentrations (serum total cholesterol 5.80 v 5.93 mmol/l), blood pressure (diastolic pressure 84 v 85 mmHg), or fitness (distance walked in 6 minutes 443 v 433 m). Body mass index was slightly lower in the intervention group (27.4 v 28.2; P = 0.08). Conclusion(s): Although the programme was effective in promoting follow up in general practice, it did not improve health outcome. Simply coordinating and supporting existing NHS care is insufficient. Ischaemic heart disease is a chronic condition which requires the same systematic approach to secondary prevention applied in other chronic conditions such as diabetes mellitus.","nk_tiab_exclude,nk_tiab_exclude","nk,nk",NA,NA,NA,NA,"sr3_nk_10503, sr3_nk_748"
"sr3_nk_10519","Erbland M.L.","1998","Controlled Clinical Trials","10.1016/s0197-2456(98)00011-7","Systemic corticosteroids in chronic obstructive pulmonary disease exacerbations (SCCOPE): Rationale and design of an equivalence trial","The Systemic Corticosteroids in Chronic Obstructive Pulmonary Disease Exacerbations Trial (SCCOPE) was a randomized, double-blind, placebo- controlled, multicenter trial sponsored by the U.S. Department of Veterans Affairs Cooperative Studies Program. Its principal purpose was to determine whether withholding systemic corticosteroids in patients hospitalized for exacerbations of chronic obstructive pulmonary disease (COPD) who were treated with other usual therapy resulted in a clinically significant increase in the rate of treatment failure. Because placebo was compared to a standard therapy, the study was designed as an equivalence trial. If corticosteroids proved effective, the study would also determine whether a short course was as effective as a long one. SCCOPE was to enroll up to 1100 subjects from more than 20 Veterans Administration Medical Centers over 3 years. Patients were screened shortly after hospital admission for acute exacerbation of COPD. Principal criteria for eligibility were age of 50 years or older, smoking history of 30 pack-years or more, clinical diagnosis of COPD as opposed to asthma, nonuse of systemic corticosteroids in the previous 30 days, and forced expiratory volume in 1 sec (FEV1) of 1500 ml or less. Eligible subjects were randomized to one of three treatment arms: (1) short course (2 weeks) of systemic corticosteroids, (2) long course (8 weeks) of systemic corticosteroids, or (3) placebo. We standardized most other aspects of care. We followed patients for 6 months. The primary endpoint of the study was treatment failure, defined as death, intubation with mechanical ventilation, hospital readmission for COPD, or intensification of pharmacologic therapy. Secondary endpoints included length of hospital stay, changes in FEV1, and changes in dyspnea score. We also evaluated possible adverse effects from systemic corticosteroids.","nk_tiab_exclude,nk_tiab_exclude","nk,nk",NA,NA,NA,NA,"sr3_nk_10519, sr3_nk_1264"
"sr3_nk_10526","Wood D.","1998","Archives of Pediatrics and Adolescent Medicine","10.1001/archpedi.152.3.238","Reducing missed opportunities to vaccinate during child health visits: How effective are parent education and case management?","Backgrounds: At child health visits, immunizations that are due are frequently not given. Increased parent understanding of and demand for immunizations may influence providers to not miss these opportunities. Objective(s): To assess, as part of a larger study of effectiveness of parent education and case management (CM) in raising immunization rates, the intervention's effectiveness at reducing missed opportunities to vaccinate during child health visits. Method(s): A representative sample of African American newborns and their families from south central Los Angeles, Calif, were randomly assigned to a control or a CM group and observed during the first year of life. Case managers visited and telephoned parents, educating them on the benefits and safety of immunizations, and encouraging them to request immunizations from providers. When the children were at least 1 year of age, parents were interviewed and provider records were abstracted. Result(s): Complete records were abstracted for 126 controls and 129 CM group children. For these children, 1092 visits were documented where immunizations were due. Missed opportunities to vaccinate occurred at more than 50% of visits. Case management was associated with a modest reduction in the percentage of visits with missed opportunities in the bivariate analysis but not after adjustment for other covariates. In a logistic regression model, missed opportunities were more frequent at visits with private than public physicians and at acute illness than well-child visits. Missed opportunities were less frequent among children with a history of at least 1 cancelled appointment, and for visits of children with mothers who smoked. Conclusion(s): Missed opportunities were minimally influenced by a home visitation and parent education program. They are primarily determined by issues under the control of the provider. Family- and child-related characteristics, however, do influence the likelihood of a missed opportunity occurring independent of provider factors.","nk_tiab_exclude,nk_tiab_exclude","nk,nk",NA,NA,NA,NA,"sr3_nk_10526, sr3_nk_1421"
"sr3_nk_10532","Garancini M.P.","1997","Diabetes Care","10.2337/diacare.20.11.1659","Factors related to glycemic control in IDDM and insulin-treated NIDDM patients in current practice: A comparison of care policies","OBJECTIVE - To evaluate, under routine conditions, the relation between different diabetes care policies and glycemic control through a by-center analysis procedure aimed at reducing some drawbacks of cross-sectional data. RESEARCH DESIGN AND METHODS - A survey on insulin-treated diabetes care management (IDDM and NIDDM) involved 16 Italian randomly selected diabetes outpatient clinics. A total of 2,142 representative patients were investigated. The standardized HbA(1c) average value of each center was related, by regression models, to some indicators of center care policy (average number of injections, average BMI, proportion of cases with recent fundus oculi examinations, or frequent visits) as well as to patients average social levels (employment type). Homogeneity in patient admission criteria is assumed among the investigated centers as a basic condition for the procedure validity. Some known imbalances were controlled for both design and analysis. RESULTS - HbA(1c) showed a univariate inverse relation with daily number of injections in IDDM (P = 0.0009, r2 = 0.56) but not in NIDDM (P = 0.33). It was inversely related to both fundus examination (IDDM P = 0.04; NIDDM P = 0.099) and qualified employment (IDDM P = 0.06; NIDDM P = 0.026). A stepwise regression analysis left in the model insulin injections (P = 0.0002) in IDDM (total r2 = 0.68) and qualified employment (P = 0.016) and fundus examination (P = 0.14) in NIDDM (total r2 = 0.53), after controlling for age, sex, disease duration, insulin therapy starting delay, and insulin dose per kilogram. CONCLUSIONS - These results suggest that the confirmed benefits of a multiple-injection regimen in IDDM cannot be simply extrapolated to NIDDM, where patients awareness and medical attention to complications proved to be the most important factors in current practice.","nk_tiab_exclude,nk_tiab_exclude","nk,nk",NA,NA,NA,NA,"sr3_nk_10532, sr3_nk_8880"
"sr3_nk_10553","Owens N.J.","1990","Journal of the American Geriatrics Society","10.1111/j.1532-5415.1990.tb01369.x","The senior care study: The optimal use of medications in acutely ill older patients","Geriatric assessment units have improved pharmacotherapy for their patients by decreasing the number of medications prescribed. The Senior Care Study, a randomized controlled trial, compared a multidisciplinary-team approach to patient care to the standard medical practice of the institution. As a part of the trial, the effectiveness of an interdisciplinary team intervention in improving the use of medications was studied. Study goals were to decrease medications used, decrease unnecessary medications, and improve medication choices in our acutely ill inpatient population. A pharmacist interviewed all experimental patients and patient records, and presented medication concerns and recommendations at a team conference. Medications were counted on admission and on the third day, sixth week, and third month after randomization. Medications were paired with patient problems. Medication:problem pairs were judged as inappropriate choices if there were potential side effects that would affect patient function, and if better alternatives were available. The 215 control and 221 experimental patients in the study were similar in age, sex, place of origin, and number of medications on admission. Experimental patients took fewer medications than controls on the third day (5.3 versus 5.9, P < .05). Experimental patients received fewer multiple unpaired medications (11% versus 19%, P < .025) and fewer inappropriate medication choices (20% versus 37%, P < .005). The results suggest that the team intervention was effective in improving pharmacotherapy in the acute-care setting.","nk_tiab_exclude,nk_tiab_exclude","nk,nk",NA,NA,NA,NA,"sr3_nk_10553, sr3_nk_62"
"sr3_nk_1173","Warshaw, G","1983","The Journal of family practice",NA,"Free visits: a strategy to retain patients and improve continuity in a residency program","All family practice residencies attempt to offer continuity experience to residents and patients as part of their model practices. However, every year one third of the most experienced resident providers leave the practice to be replaced by new, inexperienced residents. This study reports a randomized controlled trial in which a sample of reassigned patients was offered a free visit with their new physician. The free visit was a scheduled appointment with the patient's newly assigned physician during a two‐month period for the purpose of meeting the new physician. The offer of a free visit succeeded in helping patients make the initial office contact with their new physician. However, during six months of follow‐up the free visit offer did not have an impact on visit frequency or primary provider continuity. In this study the reassignment of patients to new physician providers did not affect overall visit frequency, but did have a negative impact on primary provider continuity.","nk_tiab_exclude,nk_tiab_exclude","nk,nk",NA,NA,NA,NA,"sr3_nk_1173, sr3_nk_8930"
"sr3_nk_118","Nikolaus, T","1995","Zeitschrift fur Gerontologie und Geriatrie",NA,"Effectiveness of hospital-based geriatric evaluation and management and home intervention team (GEM-HIT). Rationale and design of a 5-year randomized trial","In this ongoing randomized controlled trial the effectiveness of an interdisciplinary team implementing hospital‐based comprehensive geriatric assessment (CGA) and home intervention is being studied. All patients admitted from home showing functional decline with impairment of any basic activity of daily living are randomly assigned to one of the following courses of treatment: CGA with in‐hospital and post discharge management by a home intervention team (HIT), where necessary (group 1): CGA with recommendations and usual care at home (group 2); or usual hospital and home care (group 3). The HIT consists of 3 nurses, 1 geriatrician, 1 physiotherapist, 1 occupational therapist, and 1 social worker. 540 patients will be recruited for the trial, which will assess the effects of GEM‐HIT on the following outcomes: health status, functional status, survival, hospital readmission, nursing home placement and costs. The purpose of the GEM‐HIT trial is to answer many of the current questions concerning treatment and health care delivery for frail older persons under the specific conditions found in Germany. The large sample size and the broad range of diagnoses included in the study will allow the evaluation of effects of GEM‐HIT for subgroups and may help to identify the most effective assessment tools for use within our particular context.","nk_tiab_exclude,nk_tiab_exclude","nk,nk",NA,NA,NA,NA,"sr3_nk_118, sr3_nk_8892"
"sr3_nk_124","Becker, P M","1987","JAMA",NA,"Hospital-acquired complications in a randomized controlled clinical trial of a geriatric consultation team","As part of a controlled clinical trial of a geriatric consultation team (GCT), we investigated whether a GCT could affect the incidence of hospital‐acquired complications in elderly patients. One hundred eighty‐five patients, aged 75 years and older, were randomized into an intervention (N = 92) and a control (N = 93) group. Members of the intervention group received a GCT consultation and were routinely followed up throughout their hospitalization. The incidence of hospital‐acquired complications for the entire study population was 38%. The type and rate of hospital‐acquired complications in the intervention and control groups were not significantly different. Functional status on admission and admission to the psychiatry service were predictive for the occurrence of a hospital‐acquired complication. In a broadly selected population such as this, the intensity of care available through a GCT was unable to reduce the occurrence of hospital‐acquired complications. However, since this is only one aspect of a GCT function, and others may be of great importance, such aspects, and more targeted populations, must be evaluated before final conclusions can be reached about GCT efficiency.","nk_tiab_exclude,nk_tiab_exclude","nk,nk",NA,NA,NA,NA,"sr3_nk_124, sr3_nk_8924"
"sr3_nk_1247","Safran, C","1995","Medinfo. MEDINFO",NA,"A clinical trial of a knowledge-based medical record","To meet the needs of primary care physicians caring for patients with HIV infection, we developed a knowledge‐based medical record to allow the on‐line patient record to play an active role in the care process. These programs integrate the on‐line patient record, rule‐based decision support, and full‐text information retrieval into a clinical workstation for the practicing clinician. To determine whether use of a knowledge‐based medical record was associated with more rapid and complete adherence to practice guidelines and improved quality of care, we performed a controlled clinical trial among physicians and nurse practitioners caring for 349 patients infected with the human immuno‐deficiency virus (HIV); 191 patients were treated by 65 physicians and nurse practitioners assigned to the intervention group, and 158 patients were treated by 61 physicians and nurse practitioners assigned to the control group. During the 18‐month study period, the computer generated 303 alerts in the intervention group and 388 in the control group. The median response time of clinicians to these alerts was 11 days in the intervention group and 52 days in the control group (PJJ0.0001, log‐rank test). During the study, the computer generated 432 primary care reminders for the intervention group and 360 reminders for the control group. The median response time of clinicians to these alerts was 114 days in the intervention group and more than 500 days in the control group (PJJ0.0001, log‐rank test). Of the 191 patients in the intervention group, 67 (35%) had one or more hospitalizations, compared with 70 (44%) of the 158 patients in the control group (PJ=J0.04, Wilcoxon test stratified for initial CD4 count). There was no difference in survival between the intervention and control groups (P = 0.18, log‐rank test). We conclude that our clinical workstation significantly changed physicians' behavior in terms of their response to alerts regarding primary care interventions and that these interventions have led to fewer patients with HIV infection being admitted to the hospital.","nk_tiab_exclude,nk_tiab_exclude","nk,nk",NA,NA,NA,NA,"sr3_nk_1247, sr3_nk_8891"
"sr3_nk_129","Eggert, G M","1991","Health services research",NA,"Case management: a randomized controlled study comparing a neighborhood team and a centralized individual model","This randomized controlled study compared two types of case management for skilled nursing level patients living at home: the centralized individual model and the neighborhood team model. The team model differed from the individual model in that team case managers performed client assessments, care planning, some direct services, and reassessments; they also had much smaller caseloads and were assigned a specific catchment area. While patients in both groups incurred very high estimated health services costs, the average annual cost during 1983‐85 for team cases was 13.6 percent less than that of individual model cases. While the team cases were 18.3 percent less expensive among ""old"" patients (patients who entered the study from the existing ACCESS caseload), they were only 2.7 percent less costly among ""new"" cases. The lower costs were due to reductions in hospital days and home care. Team cases averaged 26 percent fewer hospital days per year and 17 percent fewer home health aide hours. Nursing home use was 48 percent higher for the team group than for the individual model group. Mortality was almost exactly the same for both groups during the first year (about 30 percent), but was lower for team patients during the second year (11 percent as compared to 16 percent). Probable mechanisms for the observed results are discussed.","nk_tiab_exclude,nk_tiab_exclude","nk,nk",NA,NA,NA,NA,"sr3_nk_129, sr3_nk_8915"
"sr3_nk_1291",NA,"2020",NA,"10.1097/psy.0000000000000835","REsults of a pilot randomized controlled trial a couple-based meditation intervention for patients with metastatic lung cancer and their partners","Background: Although mindfulness‐based interventions have been widely examined in patients with early stage cancer, the feasibility and efficacy of these types of programs are largely unknown in the palliative care setting. We developed a couple‐based intervention integrating meditation training with emotional disclosure exercises to target psychological distress in patients with metastatic lung cancer and their partners. Methods: Dyads completed baseline self‐report measures and were then randomized to a couple‐based meditation (CBM), a supportive‐expressive (SE), or a waitlist control (WLC) group. Couples in the CBM and ES groups attended 4 weekly, 60 min. therapist‐led sessions that were delivered via FaceTime. All groups were reassessed 1 month and 3 months later. Results: Seventy‐five patients (51% female; mean age=64 years) and their partners' (52% female; mean age=64 years) were randomized (63% consent rate) of which 79% completed the first and 65% completed the second follow‐up assessments. Attrition was mainly due to patients' death (44%). Although attendance was high in both groups (means: CBM=3.12; SE=3.08), dyads in the CBM group indicated greater benefit (P<.003) and usefulness (P<.05) of the sessions compared to those in the SE group. Compared with the WLC group, patients in the CBM group reported significantly lower depressive symptoms (P=.02; d=.49; CES‐D means: CBM=7.87; SE=11.51; WLC=12.76) and cancer specific distress (P=.05; d=.44; IES means: CBM=12.40; SE=16.34; WLC=18.22). Similarly, compared with the WLC group, partners in the CBM group reported significantly lower depressive symptoms (P=.02; d=.58; means: CBM= 7.18; AC=8.91; WLC=11.62). For both patients and partners, there were no effects between SE and WLC groups. While small effects (d=.22‐.42) in favor of the CBM group relative to the SE group were revealed, these differences were not significant. Conclusion: It seems to be feasible, acceptable and possibly efficacious to deliver dyadic interventions via FaceTime to couples coping with metastatic lung cancer. Mindfulness‐based interventions may be of value to manage symptom burden in the palliative care setting.","nk_tiab_exclude,nk_tiab_exclude","nk,nk",NA,NA,NA,NA,"sr3_nk_1291, sr3_nk_1292"
"sr3_nk_1322","Zheng, Xiaoling","2024","Alternative therapies in health and medicine",NA,"The Combined Effects of Cardiac Rehabilitation Exercise Training and Mindfulness Care on Post-PCI Rehabilitation in Coronary Heart Disease Patients","Objective: This study aimed to explore the effects of combining cardiac rehabilitation exercise training with mindfulness care on cardiac function, exercise capacity, and mood in patients with coronary heart disease (CHD) after percutaneous coronary intervention (PCI). Methods: A total of 108 patients admitted to our hospital from January 2020 to January 2022, following PCI for CHD, were selected for this study. The participants were randomly assigned to either the control group or the observation group, with 54 patients in each group. The control group underwent standard rehabilitation exercise training, while the observation group received a combination of rehabilitation exercise training and mindfulness care. Cardiac function, exercise capacity, and psychological status were assessed and compared between the two groups before and after the intervention. Results: Post‐intervention, both groups showed significant improvements in left ventricular ejection fraction (LVEF), left ventricular end‐systolic volume (LVESV), and left ventricular end‐diastolic volume (LVEDV) compared to pre‐intervention levels, with the observation group demonstrating significantly greater improvements than the control group (P < .05). Additionally, the left ventricular end‐systolic dimension (LVESD) and left ventricular end‐diastolic dimension (LVEDD) decreased in both groups, with more significant reductions observed in the observation group (P < .05). Exercise capacity, as measured by the 6‐minute walk distance, exercise time, and maximum exercise load, improved in both groups post‐intervention, with the observation group showing greater improvements (P < .05). Psychological assessments indicated reductions in Self‐Rating Anxiety Scale (SAS) and Self‐Rating Depression Scale (SDS) scores in both groups after the intervention, with the observation group experiencing more substantial reductions (P < .05). Conclusion: Integrating mindfulness care with cardiac rehabilitation exercise training significantly improves cardiac function, enhances exercise capacity, and reduces anxiety and depression in CHD patients post‐PCI. This combined approach offers a more effective rehabilitation strategy compared to exercise training alone.","nk_tiab_exclude,nk_tiab_exclude","nk,nk",NA,NA,NA,NA,"sr3_nk_1322, sr3_nk_8070"
"sr3_nk_1326","Perkins G.D.","2020","Trials","10.1186/s13063-020-04617-3","RECOVERY- Respiratory Support: respiratory Strategies for patients with suspected or proven COVID-19 respiratory failure; Continuous Positive Airway Pressure, High-flow Nasal Oxygen, and standard care: a structured summary of a study protocol for a randomised controlled trial","Objective: The trial objective is to determine if Continuous Positive Airway Pressure (CPAP) or High‐Flow Nasal Oxygen (HFNO) is clinically effective compared to standard oxygen therapy in patients with confirmed or suspected COVID‐19. Trial design: Adaptive (group‐sequential), parallel group, pragmatic, superiority randomised controlled, open‐label, multi‐centre, effectiveness trial. Participants: The trial is being conducted across approximately 60 hospitals across England, Wales, Scotland, and Northern Ireland. Inpatients at participating hospitals are eligible to participate if they have respiratory failure with suspected or proven COVID‐19, and meet all of the inclusion criteria and none of the exclusion criteria. Inclusion criteria: 1) Adults ≥ 18 years; 2) Admitted to hospital with suspected or proven COVID‐19; 3) Receiving oxygen with fraction of inspired oxygen (FiO2) ≥0.4 and peripheral oxygen saturation (SpO2) ≤94%; and 4) Plan for escalation to tracheal intubation if needed. Exclusion criteria: 1) Planned tracheal intubation and mechanical ventilation imminent within 1 hour; 2) Known or clinically apparent pregnancy; 3) Any absolute contraindication to CPAP or HFNO; 4) Decision not to intubate due to ceiling of treatment or withdrawal of treatment anticipated; and 5) Equipment for both CPAP and HFNO not available. Intervention and comparator: Intervention one: Continuous positive airway pressure delivered by any device. Set‐up and therapy titration is not protocolised and is delivered in accordance with clinical discretion. Intervention two: High‐flow nasal oxygen delivered by any device. Set‐up and therapy titration is not protocolised and is delivered in accordance with clinical discretion. Comparator group: Standard care‐oxygen delivered by face mask or nasal cannula (excluding the use of continuous positive airway pressure or high‐flow nasal oxygen). Set‐up and therapy titration is not protocolised and is delivered in accordance with clinical discretion. Intervention delivery continues up to the point of death, tracheal intubation, or clinical determination that there is no ongoing need (palliation or improvement). Main outcomes: The primary outcome is a composite outcome comprising tracheal intubation or mortality within 30 days following randomisation. Secondary outcomes include tracheal intubation rate, time to tracheal intubation, duration of invasive ventilation, mortality rate, time to mortality, length of hospital stay, and length of critical care stay. Randomisation: Participants are randomised in a 1:1:1 ratio to receive either continuous positive airway pressure, high‐flow nasal oxygen or standard care. Due to the challenging environment of study delivery, a specific intervention may not always be available at the hospital site. The study uses two integrated randomisation systems to allow, where required, the site to randomise between all three interventions, between CPAP and standard care, and between HFNO and standard care. System integration ensures maintenance of balance between interventions. Randomisation is performed using a telephone‐based interactive voice response system to maintain allocation concealment. The randomisation sequence was computer‐generated using the minimisation method. Participant randomisation is stratified by site, gender (M/F), and age (<50, >=50 years). Blinding (masking): The nature of the trial interventions precludes blinding of the researcher, patient and clinical team. Primary and secondary outcomes are all objective outcomes, thereby minimising the risk of detection bias. Numbers to be randomised (sample size): 4002 participants (1334 to be randomized to each of the three study arms) Trial Status: Current protocol: Version 4.0, 29th May 2020. Recruitment began on April 6, 2020 and is anticipated to be complete by April 5, 2021. The trial has been awarded Urgent Public Health status by the National Institute of Health Research on 13th April 2020. Trial registration: ISRCTN, ISRCTN16912075. Registered 6th April 2020, http://www.isrctn.com/ISRCTN16912075 Full protocol: The full protocol (version 4.0, 29th May 2020) is attached as an additional file, accessible from the Trials website (Additional file 1). In the interest in expediting dissemination of this material, the familiar formatting has been eliminated; this Letter serves as a summary of the key elements of the full protocol. The study protocol has been reported in accordance with the Standard Protocol Items: Recommendations for Clinical Interventional Trials (SPIRIT) guidelines (Additional file 2).","nk_tiab_exclude,nk_tiab_exclude","nk,nk",NA,NA,NA,NA,"sr3_nk_1326, sr3_nk_9691"
"sr3_nk_1384",NA,"2015",NA,NA,"Impact of a Transitional Care Program on 30-Day Hospital Readmissions for Elderly Patients Discharged From a Short Stay Geriatric Ward","The study is a stepped wedge randomized cluster study. Intervention: The transition care program, involving a dedicated advanced practice nurse, will include: 1) during the patient's stay in hospital: an individualized needs‐based comprehensive discharge plan and a transitional care record ; the notification of the primary care physician about inpatient care and hospital discharge; 2) the day of the discharge: specific explanations about the organization of home care provided by the transition care nurse to the patient; 3) during 4 weeks after discharge: monitoring patients and caregivers regularly through home visits and/or telephone contact,","nk_ft_include,nk_tiab_exclude","nk,nk",NA,NA,NA,NA,"sr3_nk_1384, sr3_nk_710"
"sr3_nk_148","Temkin-Greener H.","2018","Medical Care","10.1097/mlr.0000000000000835","Impact of Nursing Home Palliative Care Teams on End-of-Life Outcomes: a Randomized Controlled Trial","BACKGROUND: Deficits in end‐of‐life care in nursing homes (NHs) are reported, but the impact of palliative care teams (PCTeams) on resident outcomes remains largely untested. OBJECTIVE: Test the impact of PCTeams on end‐of‐life outcomes. RESEARCH DESIGN: Multicomponent strategy employing a randomized, 2‐arm controlled trial with a difference‐in‐difference analysis, and a nonrandomized second control group to assess the intervention's placebo effect. SUBJECTS: In all, 25 New York State NHs completed the trial (5830 decedent residents) and 609 NHs were in the nonrandomized group (119,486 decedents). MEASURES: Four risk‐adjusted outcome measures: place of death, number of hospitalizations, self‐reported moderate‐to‐severe pain, and depressive symptoms. The Minimum Data Set, vital status files, staff surveys, and in‐depth interviews were employed. For each outcome, a difference‐in‐difference model compared the pre‐post intervention periods using logistic and Poisson regressions. RESULTS: Overall, we found no statistically significant effect of the intervention. However, independent analysis of the interview data found that only 6 of the 14 treatment facilities had continuously working PCTeams throughout the study period. Decedents in homes with working teams had significant reductions in the odds of in‐hospital death compared to the other treatment [odds ratio (OR), 0.400; P<0.001), control (OR, 0.482; P<0.05), and nonrandomized control NHs (0.581; P<0.01). Decedents in these NHs had reduced rates of depressive symptoms (OR, 0.191; P<=0.01), but not pain or hospitalizations. CONCLUSIONS: The intervention was not equally effective for all outcomes and facilities. As homes vary in their ability to adopt new care practices, and in their capacity to sustain them, reforms to create the environment in which effective palliative care can become broadly implemented are needed.","nk_tiab_exclude,nk_tiab_exclude","nk,nk",NA,NA,NA,NA,"sr3_nk_148, sr3_nk_9905"
"sr3_nk_1495",NA,"2018",NA,"10.1017/cts.2018.163","Do patient comorbidities impact the effectiveness of a COPD self-management program?","OBJECTIVES/SPECIFIC AIMS: Chronic obstructive pulmonary disease (COPD) is a leading cause of both hospitalizations and readmissions in the United States, and about 1 in 5 hospitalized patients with COPD will be readmitted within 30 days. COPD‐focused self‐management programs are frequently used to help patients better manage their symptoms and prevent hospitalization. However, while the majority of patients with COPD have at least one comorbidity, most trials of COPD self‐management programs either excluded patients with significant comorbidities or did not analyze the impact of comorbidities on patient outcomes. Using data from the BREATHE trial of a COPD self‐management program, this study aims to determine if patient post‐intervention outcomes differ based on the intensity and type of patient comorbidities. METHODS/STUDY POPULATION: In total, 240 patients hospitalized for COPD were randomly assigned to either a comprehensive self‐management intervention or usual transitional care. Primary outcomes for this trial were the number of COPD‐related hospitalizations and emergency department visits at 6 months and changes in COPD‐specific quality of life. To determine whether patient comorbidities modify the effect of the self‐management intervention on readmission and quality of life outcomes, we will compare patient outcomes across groups stratified by comorbidity burden (Charlson Comorbidity Index) and type (baseline diagnosis of congestive heart failure, diabetes, and depression). In addition, we will use regression analysis with interaction terms to test for interaction between comorbidity burden/type and intervention assignment. RESULTS/ANTICIPATED RESULTS: We hypothesize that the effect of the self‐management intervention will differ in patients with greater comorbidity burden due to competing medical demands for patients with multimorbidity. DISCUSSION/SIGNIFICANCE OF IMPACT: The results of this study will help clinicians better target disease‐specific self‐management programs to the groups of patients with COPD who are likely to receive the greatest benefit from this type of intervention.","nk_tiab_exclude,nk_tiab_exclude","nk,nk",NA,NA,NA,NA,"sr3_nk_1495, sr3_nk_1496"
"sr3_nk_1498","Lester, Helen","2003","The British journal of general practice : the journal of the Royal College of General Practitioners",NA,"A cluster randomised controlled trial of patient-held medical records for people with schizophrenia receiving shared care","BACKGROUND: Patient‐held records can improve communication across the primary‐secondary interface. There has been no previous rigorous assessment of the utility of patient‐held records for people with schizophrenia from a primary care perspective and their value for this population is unclear. AIM: To evaluate the effectiveness of a patient‐held record for patients with schizophrenia receiving shared care. DESIGN OF STUDY: Cluster randomised controlled trial. SETTING: Seventy‐four general practices and six community mental health localities in Birmingham, England between June 1998 and June 1999. METHOD: A sample of 201 patients with schizophrenia (ICD‐10 classification F20) was recruited; of these, 100 were intervention and 101 were control. Patient‐held records were given to the intervention patients. At 12‐month follow‐up, all patients were accounted for and 191 (95%) were revisited. Primary outcomes were the Verona Service Satisfaction Scale‐54 (VSSS‐54) and the Krawiecka and Goldberg (K & G) rating scale of psychopathology at 12‐month follow‐up. Secondary outcomes were use of primary and secondary care services. RESULTS: A total of 63/92 (68.5%) patients still had the patient‐held record, 64/92 (69.6%) had used it, and 39 (60.9%) of the 64 who had used it said the patient‐held record was regularly used by their keyworker. However the patient‐held record had no significant effect on primary outcomes (VSSS‐54: F1,116 = 0.06, P = 0.801, K & G: F1,116 = 0.6, P = 0.439) or on use of services. A higher symptom score was associated with not using the patient‐held record. CONCLUSIONS: The trial provides no good evidence to suggest that patient‐held records should be introduced as part of routine shared care for all patients with schizophrenia. However, the patient‐held record was acceptable to patients with schizophrenia and acted as a communication tool, particularly between patients and keyworkers.","nk_tiab_exclude,nk_tiab_exclude","nk,nk",NA,NA,NA,NA,"sr3_nk_1498, sr3_nk_8819"
"sr3_nk_1502","Fischer, U","1993","Diabete & metabolisme",NA,"Primary health care of diabetic patients in a specialized outpatient setting: a DIABCARE-based analysis","To assure health care quality requires a tool for establishing the feedback between parameters of patient management and related standards. To assess the current situation and to evaluate the DIABCARE system as a potential monitoring instrument, a retrospective study was performed in 85 randomly assigned insulin‐treated patients (72% type 2) who were regularly attending the diabetes outpatient unit (total of 3,595 patients) in a township of approximately 90,000 inhabitants. 1,195 records of sequential medical visits during the years 1987 and 1990 were analyzed. ‐Selected results (averages in 1987 vs. 1990): (1) Visits per year 6.9 vs 7.1; (2) intensified insulin treatment in 14 vs. 27% of all patients, they were on 4.0 vs. 4.5 injections per day applying doses of 0.8 vs. 0.6 IU kg‐1 d‐1; (3) glycaemic control: random blood glucose 6.0 vs. 5.8 mmol/l on conventional and 6.4 vs. 5.7 mmol/l on intensified regimes, HbA1 regular measurements in 2 vs. 21% of the patients; (4) body mass index 26.4 vs. 26.6 (conventional) and 24.7 vs. 25.9 (intensified) kg/(m)2; (5) retinopathy prevalence 30 vs. 29%, in 4 vs. 29% of the patients no information; (6) nephropathy prevalence 7 vs. 11%, in 75 vs. 68% of the patients no information; (7) foot complications prevalence 6 vs. 9%, in 91 vs. 84% of the patients no pathological findings. ‐The DIABCARE monitor proved appropriate but too laborious. The general level of care showed a tendency towards improvement between the two investigated periods but dit not yet meet the standards which must be attained to attain the St. Vincent Declaration.","nk_tiab_exclude,nk_tiab_exclude","nk,nk",NA,NA,NA,NA,"sr3_nk_1502, sr3_nk_8908"
"sr3_nk_1517","Chandler, M H","1990","Pharmacotherapy",NA,"Home monitoring of theophylline levels: a novel therapeutic approach","This pilot clinical investigation was conducted to compare a home therapeutic drug‐monitoring (TDM) method for theophylline blood levels and a traditional TDM method with respect to various patient outcome factors. Outpatients with chronic obstructive pulmonary diseases (COPD) or asthma who were receiving long‐term theophylline therapy were randomized to one of two groups: home TDM or traditional TDM (controls). Patients in the former group monitored their serum theophylline levels at home over 6 months. Patients in both groups completed survey instruments, including questionnaires, visual analog scales, and other psychosocial measures, at designated times throughout the study period. Pulmonary function tests and dyspnea index scores were evaluated at each clinic visit. Results indicated a significantly lower (p less than 0.05) number of changes in concomitant drug therapy in the home TDM group compared with controls. Other indicators that showed a trend toward more favorable outcomes in the home TDM group included symptomology, percentage of levels within the therapeutic range, patient attitudes regarding participation in health care management, and pulmonary function test results. Home monitoring prevented unnecessary clinic visits in several instances when theophylline dosage adjustments were based on telephone reports from patients. The utility of a home TDM method for theophylline has not been reported previously despite potential for broad applications. Findings from this preliminary study may support the use and feasibility of state‐of‐the‐art methodologies in carefully selected subpopulations outside the confines of the hospital or clinic setting.","nk_tiab_exclude,nk_tiab_exclude","nk,nk",NA,NA,NA,NA,"sr3_nk_1517, sr3_nk_8917"
"sr3_nk_153","Goldie, Catherine L","2012","Canadian journal of cardiovascular nursing = Journal canadien en soins infirmiers cardio-vasculaires",NA,"Nurse practitioners in postoperative cardiac surgery: are they effective?","BACKGROUND: High demand for acute care nurse practitioners (ACNPs) in Canadian postoperative cardiac surgery settings has outpaced methodologically rigorous research to support the role. PURPOSE: To compare the effectiveness of ACNP‐led care to hospitalist‐led care in a postoperative cardiac surgery unit in a Canadian, university‐affiliated, tertiary care hospital. METHODS: Patients scheduled for urgent or elective coronary artery bypass and/or valvular surgery were randomly assigned to either ACNP‐led (n=22) or hospitalist‐led (n=81) postoperative care. Both ACNPs and hospitalists worked in collaboration with a cardiac surgeon. Outcome variables included length of hospital stay, hospital readmission rate, postoperative complications, adherence to follow‐up appointments, attendance at cardiac rehabilitation and both patient and health care team satisfaction. RESULTS: Baseline demographic characteristics were similar between groups except more patients in the ACNP‐led group had had surgery on an urgent basis (p < or = 0.01), and had undergone more complicated surgical procedures (p < or =0.01). After discharge, more patients in the hospitalist‐led group had visited their family doctor within a week (p < or =0.02) and measures of satisfaction relating to teaching, answering questions, listening and pain management were higher in the ACNP‐led group. CONCLUSION/IMPLICATIONS: Although challenges in recruitment yielded a lower than anticipated sample size, this study contributes to our knowledge of the ACNP role in postoperative cardiac surgery. Our findings provide support for the ACNP role in this setting as patients who received care from an ACNP had similar outcomes to hospitalist‐led care and reported greater satisfaction in some measures of care.","nk_tiab_exclude,nk_tiab_exclude","nk,nk",NA,NA,NA,NA,"sr3_nk_153, sr3_nk_8653"
"sr3_nk_1570","Zhang, Haibo","2015","American heart journal","10.1016/j.ahj.2015.05.012","National assessment of early β-blocker therapy in patients with acute myocardial infarction in China, 2001-2011: the China Patient-centered Evaluative Assessment of Cardiac Events (PEACE)-Retrospective AMI Study","BACKGROUND: Since 2007, clinical practice guidelines have recommended β‐blocker therapy early in the course of acute myocardial infarction (AMI) for patients who are not at high risk for complications. Our objective was to perform a national quality assessment of early β‐blocker use during hospitalization for AMI over the past decade in China. METHODS: We conducted medical record review of a nationally representative sample of patients admitted to Chinese hospitals with AMI and studied those without absolute contraindications to β‐blocker therapy in 2001, 2006, and 2011. We evaluated the use, type, and dose of β‐blockers within the first 24 hours of admission over time and identified predictors of not using this treatment both in ideal candidates and in those with risk factors for cardiogenic shock. RESULTS: Among 14,241 patients with AMI (representing 43,165 patients in 2001, 106,167 patients in 2006, and 221,874 patients in 2011 in China, respectively), 45.1% had no contraindications to early β‐blocker therapy; 21.1% had risk factors for cardiogenic shock but no absolute contraindication. β‐blocker use in ideal patients was 54.3% in 2001, 67.8% in 2006, and 61.8% in 2011 (P = .28 for trend). Predictors of nontreatment were older age, lower systolic blood pressure, lower heart rate, absence of chest discomfort, and admission to a nonteaching hospital. Use in patients with risk factors for cardiogenic shock was 42.6% in 2001, 59.5% in 2006, and 52.9% in 2011 (P = .31 for trend). Metoprolol was used most frequently (91.5%), but dosages were often below those recommended in guidelines. CONCLUSIONS: The use of early β‐blocker therapy for patients with AMI in China is suboptimal, with underuse in patients who could benefit and substantial use among those who might be harmed. Patterns of use have not changed over time, thus creating an important target of efforts to improve quality of care for AMI.","nk_tiab_exclude,nk_tiab_exclude","nk,nk",NA,NA,NA,NA,"sr3_nk_1570, sr3_nk_8570"
"sr3_nk_1578",NA,"2003",NA,"10.1016/s0735-6757(03)00102-5","Violence prevention in the ED: linkage of the","Interpersonal violence continues to be a problem in the United States, most prominent in the inner‐city minority young persons population. The medical approach of ""treat 'em and street 'em"" philosophy has led to foregoing the psychosocial needs of injured young persons. This study describes a program to link young persons who are victims of interpersonal violence to a healthcare system and a social service agency in an effort to meet their psychosocial needs. An unvalidated screening tool was developed by a team consisting of an EP, social worker, and public health scientist to determine the young victims' psychosocial needs. Patients aged 10 to 24 years who were victims of interpersonal violence (excluding child abuse, sexual assault, and domestic violence) were randomly assigned in the study. The control group was given a list of services and the treatment group received an assessment, case management, and referral to appropriate resources. The study site was a community, teaching level 1 trauma center. The study was approved by the institutional review board. Numbers of referrals in both groups were counted and compared using SPSS (version 10, Chicago, IL). One hundred eighty‐eight victims of interpersonal violence were enrolled. A total of 82.5% were male, 65.4% were African American and 31.4% were Hispanic. At the end of 6 months, 78 of the 96 young persons (81.3%) in the treatment group made one or more contacts with their case manager and made use of social service, healthcare, and other referrals. Education (21.6%), job readiness (19.1%), and mental health (11.9%) were the most frequently used services. Nine of the 92 (9.8%) in the control group used services; most of these referrals were for social services (7 of 9 respondents) and the others were healthcare‐related. The difference in utilization of services between the treatment and the control groups were found to be significant different (95% confidence interval, 1.41‐1.55, significance =.00), and there was a strong positive correlation of using services and case management (Pearson coefficient = 0.728, significance =.00). The referral of young victims of violence from the","nk_tiab_exclude,nk_tiab_exclude","nk,nk",NA,NA,NA,NA,"sr3_nk_1578, sr3_nk_1579"
"sr3_nk_1605","Haag, Jordan D","2016","American health & drug benefits",NA,"Impact of pharmacist-provided medication therapy management on healthcare quality and utilization in recently discharged elderly patients","BACKGROUND: The optimization of medication use during care transitions represents an opportunity to improve overall health‐related outcomes. The utilization of clinical pharmacists during care transitions has demonstrated benefit, although the optimal method of integration during the care transition process remains unclear. OBJECTIVE: To evaluate the impact of pharmacist‐provided telephonic medication therapy management (MTM) on care quality in a care transitions program (CTP) for high‐risk older adults. METHODS: This prospective, randomized, controlled study was conducted from December 8, 2011, through October 25, 2012, in a primary care work group at a tertiary care academic medical center in the midwestern United States. High‐risk elderly (aged ≥60 years) patients were randomized to a pharmacist‐provided MTM program via telephone or to usual care within an existing outpatient CTP. The primary outcome was the quality of medication prescribing and utilization based on the Screening Tool to Alert Doctors to the Right Treatment (START) and the Screening Tool of Older Persons’ Prescriptions (STOPP) scores. The secondary outcomes were medication utilization using a modified version of the Medication Appropriateness Index, hospital resource utilization within 30 days of discharge, and drug therapy problems. RESULTS: Of 222 eligible high‐risk patients, 25 were included in the study and were randomized to the pharmacist MTM intervention (N = 13) or to usual care (N = 12). No significant differences were found between the 2 groups in medications meeting the STOPP or START criteria. At 30‐day follow‐up, no significant differences were found between the 2 cohorts in medication utilization quality indicators or in hospital utilization. At 30‐day follow‐up, 3 (13.6%) patients had an emergency department visit or a hospital readmission since discharge. In all, 22 patients completed the study. Medication underuse was common, with 20 START criteria absent medications evident for all 25 patients at baseline, representing 15 (60%) patients with ≥1 missing medications. Overall, 55 drug therapy problems were identified at baseline, 24 (43.6%) of which remained unresolved at 30‐day follow‐up. CONCLUSION: The use of a pharmacist‐provided MTM program did not achieve a significant difference compared with usual care in an existing CTP; however, the findings demonstrated frequent utilization of inappropriate medications as well as medication underuse, and many drug therapy problems remained unresolved. The small size of the study may have limited the ability to detect a difference between the intervention and usual care groups.","nk_tiab_exclude,nk_tiab_exclude","nk,nk",NA,NA,NA,NA,"sr3_nk_1605, sr3_nk_8643"
"sr3_nk_1611","Goulet, C","2001","CMAJ : Canadian Medical Association journal = journal de l'Association medicale canadienne",NA,"A randomized clinical trial of care for women with preterm labour: home management versus hospital management","BACKGROUND: Preterm labour occurs in about 10% of all pregnancies and is the most important cause of premature birth. Women with preterm labour are admitted to hospital to have the contractions stopped. Thereafter, many women remain in hospital until delivery. We conducted a randomized clinical trial to compare hospital care with home care of women who had been admitted to hospital for preterm labour. METHODS: After they had received treatment for an acute episode of premature labour, women at 2 regional perinatal centres associated with teaching hospitals were randomly assigned to home care or hospital care. Eligible women (n = 250) were aged 18 years or older, lived within 50 km of the hospital, had a gestational age between 20 and 35 weeks, had no prior preterm delivery and were experiencing their first episode of preterm labour and first admission to hospital for preterm labour. Analysis was by intention to treat. RESULTS: There were no significant differences between the 2 groups in mean gestational age at delivery (home: 37.52 weeks, hospital: 37.50 weeks) or in mean birth weight (home: 2974 g, hospital: 3020 g). There were no significant differences between the 2 groups with respect to the proportions of babies born before term or the mean duration of neonatal hospital stay, neonatal intensive care unit stay and intermediate care nursery stay. The mean duration of the first stay in hospital for the women in the home group (3.8 days) was significantly shorter than the mean duration for women in the hospital group (6.1 days). In addition, the mean duration of all maternal stays in hospital was significantly shorter for the women in the home group (3.7 days) than in the hospital group (5.0 days). INTERPRETATION: Home care management is an efficient and acceptable alternative to hospital care for women experiencing preterm labour.","nk_tiab_exclude,nk_tiab_exclude","nk,nk",NA,NA,NA,NA,"sr3_nk_1611, sr3_nk_8837"
"sr3_nk_1618",NA,"2021",NA,"10.1111/jgs.16819","Video-Enhanced Care Management for Medically Complex Older Adults with Cognitive Impairment","OBJECTIVE: This pilot study assessed feasibility of video‐enhanced care management for complex older veterans with suspected mild cognitive impairment (CI) and their care partners, compared with telephone delivery. DESIGN: Pilot randomized controlled trial. SETTING: Durham Veterans Affairs Health Care System. PARTICIPANTS: Participants were enrolled as dyads, consisting of veterans aged 65 years or older with complex medical conditions (Care Assessment Need score ≥90) and suspected mild CI (education‐adjusted Modified Telephone Interview for Cognitive Status score 20‐31) and their care partners. INTERVENTION: The 12‐week care management intervention consisted of monthly calls from a study nurse covering medication management, cardiovascular disease risk reduction, physical activity, and sleep behaviors, delivered via video compared with telephone. MEASUREMENTS: Dyads completed baseline and follow‐up assessments to assess feasibility, acceptability, and usability. RESULTS: Forty veterans (mean (standard deviation (SD)) age = 72.4 (6.1) years; 100% male; 37.5% Black) and their care partners (mean (SD) age = 64.7 (10.8) years) were enrolled and randomized to telephone or video‐enhanced care management. About a third of veteran participants indicated familiarity with relevant technology (regular tablet use and/or experience with videoconferencing); 53.6% of internet users were comfortable or very comfortable using the internet. Overall, 43 (71.7%) care management calls were completed in the video arm and 52 (86.7%) were completed in the telephone arm. Usability of the video telehealth platform was rated higher for participants already familiar with technology used to deliver the intervention (mean (SD) System Usability Scale scores: 65.0 (17.0) vs 55.6 (19.6)). Veterans, care partners, and study nurses reported greater engagement, communication, and interaction in the video arm. CONCLUSION: Video‐delivered care management calls were feasible and preferred over telephone for some complex older adults with mild CI and their care partners. Future research should focus on understanding how to assess and incorporate patient and family preferences related to uptake and maintenance of video telehealth interventions.","nk_tiab_exclude,nk_tiab_exclude","nk,nk",NA,NA,NA,NA,"sr3_nk_1618, sr3_nk_1617"
"sr3_nk_1638","Coskun, Simge","2022","European Journal of Cardiovascular Nursing (EUR J CARDIOVASC NURS), 46-55. Jan2022; 21 (1): (10p)","10.1093/eurjcn/zvab005","The effects of Nurse Led Transitional Care Model on elderly patients undergoing open heart surgery: a randomized controlled trial","AIMS : Rate and number of successful cases in open heart surgery has been increasing due to the advances in medical technology and surgery. To improve patient convalescence results and reduce rate of post‐discharge readmission to hospital and unplanned post‐discharge rehospitalization, home‐care and follow‐up process of patients should be managed successfully. To evaluate the effectiveness of Nurse Led Transitional Care Model on the functional autonomy, quality of life, readmission, and rehospitalization rates of elderly patients undergoing open heart surgery. A randomized controlled trial was conducted from November 2017 to December 2018 and performed according to the CONSORT Guidelines. METHODS AND RESULTS : Sixty‐six elderly patients were randomly allocated to the intervention (n: 33) and control (n: 33) groups. Patients in intervention group were given care based on the Transitional Care Model until the post‐discharge 9th week starting from date of hospitalization. Patients in control group were given standard care services. Functional autonomy, quality of life levels, and repeated admission/re‐hospitalization rates to the clinic were evaluated. The Functional Autonomy Measurement System and SF‐36 Quality of Life Scale scores of the intervention group were higher than that of the control group at the 9th week (P < 0.05). In addition, rate of readmission and rehospitalization during the follow‐up period (6 months) of patients in the intervention group was found to be lower than the patients in the control group (P < 0.05). CONCLUSION : Care services offered under the Transitional Care Model improved functional autonomy and quality of life and decreased post‐discharge hospital readmission and rehospitalization rates of patients. TRIAL REGISTRATION: The study was registered on ClinicalTrials.gov (ID: NCT04384289).","nk_ft_exclude,nk_ft_exclude,original_exclude","nk,nk,original","46-55","21","1",NA,"sr3_nk_1638, sr3_nk_7548, sr3_original_54"
"sr3_nk_1695","Andersen, H E","2001","Kan genindlaeggelse af apopleksiramte forebygges? Resultater af et randomiseret interventionsstudium. Posthospital opfolgende indsats til apopleksipatienter.",NA,"Can readmission after apoplexy be prevented? Post-hospital follow-up intervention for apoplexy patients","INTRODUCTION: The aim of this study was to evaluate two models of an organised postdischarge follow‐up service for stroke survivors in comparison with standard aftercare. METHODS: One hundred and fifty‐five stroke patients discharged to their homes with lasting impairment were randomised as follows: 54 to follow‐up home visits by a physician (INT1‐HVP), 53 to instruction by a physiotherapist in their home (INT2‐PI), and 48 to standard aftercare (control). Six months after discharge, data on readmission were collected. RESULTS: The readmission rate over the six‐month period was 26% in the INT1‐HVP group, 34% in the INT2‐PI group, and 44% for the controls (p = 0.028). Multivariate analysis of the readmission risk showed a significant, favourable effect of intervention in interaction with the length of hospital stay (p = 0.0332), which indicates that the effect of intervention was strongest for patients with a long inpatient rehabilitation. DISCUSSION: Follow‐up intervention after discharge seems to be a way of preventing readmission, especially for patients with a long inpatient rehabilitation.","nk_tiab_exclude,nk_tiab_exclude","nk,nk",NA,NA,NA,NA,"sr3_nk_1695, sr3_nk_8850"
"sr3_nk_1728",NA,"2011",NA,"10.1007/s11606-011-1814-6","Adiponectin and all-cause mortality in a cohort of elderly people with type 2 diabetes","BACKGROUND: Nearly a quarter of Americans over the age of 60 are estimated to have type 2 diabetes. The Action to Control Cardiovascular Risk in Diabetes Trial demonstrated that tight glycemic control was associated with increased mortality, while tight lipid and blood pressure control had no association with mortality. These surprising findings raise the possibility of novel predictors ofmortality in people with type 2 diabetes. We sought to explore whether insulin resistance measured by adiponectin level was related to increasedmortality in people with type 2 diabetes. High levels of adiponectin are known to be associated with lower risk of developing type 2 diabetes, but no data have been published to our knowledge regarding the association of adiponectin level and mortality specifically in patients with type 2 diabetes. Data regarding adiponectin level and mortality in non‐diabetic populations are inconsistent. METHODS: Participants were a subsample of 627 subjects from the Informatics for Diabetes Education and Telemedicine project (IDEATel) who were enrolled in a substudy. IDEATel was a CMS supported randomized controlled trial designed to evaluate the effectiveness of telemedicine case management in elderly Medicare beneficiaries with type 2 diabetes but without severe co‐morbid disease. Subjects were enrolled in IDEATel from December 2000 to October 2005. Adiponectin was measured on frozen serum samples for all subjects and mortality data were collected from the National Death Index through 11/30/2009. ANOVA and Chi‐square were used to compare relevant continuous and categorical variables across quartiles of adiponectin. Cox proportional hazards regression was performed to examine the relationship between adiponectin level and allcause mortality adjusting for age, gender, race/ethnicity, hemoglobin A1c, blood pressure, LDL, HDL, triglycerides, BMI, albumin/creatinine ratio, creactive protein, active tobacco use and medication usage, specifically thiazolidinediones (TZDs). RESULTS: Subjects had a mean age of 72, were 70% women, 83% Hispanic and 15% African American. Compared to the lowest adiponectin quartile, those in the highest adiponectin quartile had higher HDL (51.4 +/‐ 16.7 vs. 42.7 +/‐ 12.3; p<0.001), higher log albumin/ creatinine (1.6 +/‐ 0.6 vs 1.3 +/‐ 0.5; p=0.0037), higher frequency of TZD use (58.6% vs. 5.8%; p<0.0001), lower triglycerides (121.6 +/‐ 61.3 vs 144.6 +/‐ 77.9; p=0.005) and lower CRP (0.3 +/‐ 1.3 vs. 1.0 +/‐ 1.3; p<0.0001). Cox regression models demonstrated that compared with those in the lowest quartile of adiponectin, those in the highest adiponectin quartile had an increased hazard of death with a fully adjusted hazard ratio of 4.0 (95% CI 1.7, 9.2); p��value=0.0003 for trend across quartiles of adiponectin level (Table 1). These results remained consistent when the analysis was stratified by age, gender and TZD usage and after excluding those subjects who died within one year of adiponectin sampling. We conducted a secondary analysis in a sample of 464 participants for whom we were able to calculate change in weight predating the adiponectin measurement. After adjustment for weight gain or loss of more than 10% of body weight, the association between adiponectin and higher mortality remained significant with a fully adjusted hazard ratio of 3.1 (95% CI 1.2, 7.9); p=0.01 for trend across quartiles of adiponectin level. CONCLUSION: Higher adiponectin level was associated with higher allcause mortality in a cohort of elderly people with type 2 diabetes.","nk_tiab_exclude,nk_tiab_exclude","nk,nk",NA,NA,NA,NA,"sr3_nk_1728, sr3_nk_1729"
"sr3_nk_1755","Gattis, Wendy A","2002","Reviews in cardiovascular medicine",NA,"The Initiation Management Predischarge Process for Assessment of Carvedilol Therapy for Heart Failure (IMPACT-HF) Study: design and implications","The utilization of b‐blockers for the treatment of heart failure in the United States is inadequate despite the available data and the current guidelines that support their use. The ongoing Initiation Management Predischarge Process for Assessment of Carvedilol Therapy for Heart Failure (IMPACT‐HF) study was designed to determine if initiation of beta‐blockade prior to hospital discharge is safe and effective in improving the 60‐day use of beta‐blockers in patients with heart failure. IMPACT‐HF is a community‐based, multicenter, open‐label trial of 375 heart failure patients randomized to carvedilol initiated before their hospital discharge or to usual care (Heart Failure Society of America guidelines that recommend waiting 2‐4 weeks after hospitalization for heart failure before initiating beta‐blocker therapy). The entry criteria are nonrestrictive to ensure inclusion of patients reflective of the general heart failure population. The primary endpoint of the study is the number of patients treated with any beta‐blocker at 60 days. A concurrently ongoing pilot registry will enroll 550 patients, admitted with exacerbated heart failure, in three phases to collect demographic, clinical, treatment patterns, and outcome data. The trial will test the tolerability of beta‐blocker initiation in the hospital setting, develop strategies to improve the use of evidence‐based medicine in clinical practice, and explore the patient's course from hospital admission through discharge and up to 60 days. The trial data will determine if in‐hospital initiation of beta‐blocker therapy is effective at improving the long‐term use of pharmacologic agents proven to reduce morbidity and mortality.","nk_tiab_exclude,nk_tiab_exclude","nk,nk",NA,NA,NA,NA,"sr3_nk_1755, sr3_nk_8845"
"sr3_nk_1762","Wiebelitz, K R","2010","Kostenvergleichsuntersuchung zur naturheilkundlichen und konventionellen orthopadischen stationaren Behandlung.",NA,"Comparison of treatment expenses of naturopathic and orthopedic in-patient treatment","BACKGROUND: In health services research comparative studies between orthopaedics and naturopathy are necessary. They allow evidence based decisions between individual therapeutical alternatives as well as decisions on health politics, e.g. concerning allocation of resources. PATIENTS AND METHODS: A controlled prospective cohort study is presented. Conservatively treated patients were recruited for the study, if they needed in‐patient treatment because of chronic back pain. The conservative orthopaedic treatment including Minimal invasive Therapy (MIT) was compared to in‐patient naturopathic ""complex""‐treatment. The real costs to the public health insurance system are unknown‐‐relating to both the individual patient and the physician. Hence an approximation was attempted on the basis of the billing of the concerned hospitals, the analysis of extensive patient interviews, randomly selected evaluation of in‐ and out‐patient records, validated by an expert panel. RESULTS: Costs for medication decreased in the post stationary phase after orthopedic and naturopathic treatment. Rehabilitation measures and treatments at a health resort increased after orthopedic treatment, whereas the frequency of specialist consultation decreased in both cohorts indicating the efficacy of the in‐patient treatment. Incidence of psychotherapy was highest in the naturopathic group before admission to hospital and decreased afterwards. The gathered data point to a reduction of the total outpatient treatment costs in both cohorts. There were treatment‐specific differences when regarding single components. CONCLUSION: Naturopathic complex in‐patient treatment is a cost‐efficient complement of the conventional orthopedic treatment options.","nk_tiab_exclude,nk_tiab_exclude","nk,nk",NA,NA,NA,NA,"sr3_nk_1762, sr3_nk_8704"
"sr3_nk_1772","Matzen, Lars Erik","2007","Geriatrisk teambesog kan forebygge indlaeggelse af subakut henviste patienter, men er et tidskraevende tilbud. En randomiseret undersogelse.",NA,"Geriatric home visits can prevent hospitalisation of subacute patients but is time-consuming. A randomised study","AIM: To study if geriatric home visits could prevent hospital admittance of geriatric patients referred subacute by general practitioners. MATERIALS AND METHODS: Patients were randomised to first contact by geriatric home visit (n=59), or to subacute admittance to a geriatric ward (n=43), median age 79.0 and 82.5 years, women 64% and 72%, Barthel‐index 755 and 770 and MMSE 24,0 and 23,0. Only 30% of the total number of subacute referred patients were included. RESULTS: 53% (31/59) randomised to home visits were not admitted to hospital, 17% (10/59) were admitted at the first home visit and 12% (7/59) within the first 7 days. Patients admitted within the first 7 days were more often single, 84% (n=16/19) as compared to 52% (16/31) of those not admitted. The time used on home visits was on average 122 min, including 23 min (19%) for transportation. Among the 43 patients randomised to subacute admittance 16% (7/43) were sent home within 24 hours, and of these 73% were seen in the outpatient clinic, 26% (11/42) were sent home on day 2‐7 and of these 27% were seen in the outpatient clinic. The overall median time in contact with the geriatric department was 27.1 days (n=59) in the home visit group and 15.0 days (n=43) in the admitted group (p<0.05). There were no significant differences in patient satisfaction or self‐rated health. The average time used by the municipality for home service was reduced to 15 min/day in patients sent to hospital (p<0.01) and increased to 44 min/day in patients not admitted (p<0.05). CONCLUSION: Hospital admittance was avoided by geriatric home visits. However, time consumption was high. The municipality costs increased for non‐admitted patients. The overall time in contact with the geriatric department was shortest for admitted patients.","nk_tiab_exclude,nk_tiab_exclude","nk,nk",NA,NA,NA,NA,"sr3_nk_1772, sr3_nk_8768"
"sr3_nk_1846",NA,"2010",NA,"10.1186/1472-6963-10-296","A randomised clinical trial on comprehensive geriatric assessment and intensive follow up after hospital discharge: the transitional care bridge","INTERVENTION: The intervention group will receive the transitional care bridge program, consisting of a handover moment with a community care nurse (CN) during hospital admission and five home visits after discharge by the CN. The control group will receive ‘care as usual’ after discharge. CONDITION: internal medicine, geriatric conditions, geriatric syndromes, multimorbidity PRIMARY OUTCOME: Main outcome is the level of ADL functioning six months after discharge compared to premorbid functioning measured with the Katz ADL index. SECONDARY OUTCOME: Secondary outcomes include survival, cognitive functioning, quality of life, health care utilization, satisfaction of the patient and primary care giver with the transitional care bridge program. INCLUSION CRITERIA: 1. Acutely admitted on the department of internal medicine; 2. 65 years and older; 3. Hospitalized for at least 48 hours; 4. At increased risk for functional decline.","nk_tiab_exclude,nk_tiab_exclude","nk,nk",NA,NA,NA,NA,"sr3_nk_1846, sr3_nk_46"
"sr3_nk_185","Collard, A F","1985","QRB. Quality review bulletin",NA,"Acute care delivery for the geriatric patient: an innovative approach","As the elderly population and expenditures for health care continue to grow rapidly in the United States, how to provide high‐quality, cost‐effective geriatric care is becoming a pressing question. To address this question, Choate‐Symmes Health Services, Inc, established 10‐bed Geriatric Special Care Units (GSCUs) in its two suburban Boston hospitals. Care on the GSCUs is delivered under a primary nursing model and involves comprehensive assessment, development of individual care plans emphasizing independence and activity, an interdisciplinary patient care team, and family participation in care planning. Patients were randomly assigned to either the GSCU or a traditional adult medical/surgical unit; outcomes were studied through questionnaires and medical record data. Researchers anticipated improved functional ability, less frequent use of restraints, fewer complications, shorter lengths of stay, and less frequent readmission to the hospital or admission to nursing homes for GSCU patients. The article presents preliminary results, discusses implementation issues, and describes plans for continued study.","nk_tiab_exclude,nk_tiab_exclude","nk,nk",NA,NA,NA,NA,"sr3_nk_185, sr3_nk_8928"
"sr3_nk_1861","Young, Wendy","2003","CMAJ : Canadian Medical Association journal = journal de l'Association medicale canadienne",NA,"Evaluation of a community-based inner-city disease management program for postmyocardial infarction patients: a randomized controlled trial","BACKGROUND: Disease management programs (DMPs) that use multidisciplinary teams and specialized clinics reduce hospital admissions and improve quality of life and functional status. Evaluations of cardiac DMPs delivered by home health nurses are required. METHODS: Between August 1999 and August 2000 we identified consecutive patients admitted to hospital with elevated cardiac enzymes. Patients who agreed were randomly assigned to participate in a DMP or to receive usual care. The DMP included 6 home visits by a cardiac‐trained nurse, a standardized nurses' checklist, referral criteria for specialty care, communication with the family physician and patient education. We measured readmission days per 1000 follow‐up days for angina, congestive heart failure (CHF) and chronic obstructive pulmonary disease (COPD); all‐cause readmission days; and provincial claims for emergency department visits, physician visits, diagnostic or therapeutic services and laboratory services. RESULTS: We screened 715 consecutive patients admitted with elevated cardiac markers between August 1999 and August 2000. Of those screened 71 DMP and 75 usual care patients met the diagnostic criteria for myocardial infarction, were eligible for visits from a home health nurse and consented to participate in the study. Readmission days for angina, CHF and COPD per 1000 follow‐up days were significantly higher for usual care patients than for DMP patients (incidence density ratio [IDR] = 1.59, 95% confidence interval [CI] 1.27‐2.00, p < 0.001). All‐cause readmission days per 1000 follow‐up days were significantly higher for usual care patients than for DMP patients (IDR = 1.53, 95% CI 1.37‐1.71, p < 0.001). The difference in emergency department encounters per 1000 follow‐up days was significant (IDR = 2.08, 95% CI 1.56‐2.77, p < 0.001). During the first 25 days after discharge, there were significantly fewer provincial claims submitted for DMP patients than for usual care patients for emergency department visits (p = 0.007), diagnostic or therapeutic services (p = 0.012) and laboratory services (p = 0.007). INTERPRETATION: The results provide evidence that an appropriately developed and implemented community‐based inner‐city DMP delivered by home health nurses has a positive impact on patient outcomes.","nk_tiab_exclude,nk_tiab_exclude,original_exclude","nk,nk,original","905-910","169","9",NA,"sr3_nk_1861, sr3_nk_8821, sr3_original_172"
"sr3_nk_1877","Dianati, Mansour","2020","Tanaffos",NA,"Effects of an Empowerment Program on Self-Care Behaviors and Readmission of Patients with Heart Failure: a Randomized Clinical Trial","BACKGROUND: The prevalence of heart failure, as a serious health problem, is increasing around the world due to underlying factors, such as hypertension and diabetes. Although the patient's cooperation in the treatment process plays a crucial role in treatment, only a few combinations of different approaches have been investigated so far. This study aimed to determine the effects of an empowerment program on the patients' self‐care behaviors and hospital readmission. MATERIALS AND METHODS: In this randomized clinical trial, 120 patients with heart failure were divided into experimental and control groups. In the experimental group, the empowerment program, including face‐to‐face training, educational booklets, and follow‐up via Telegram messaging application, was implemented, while the control group only received standard care. Data were collected before the intervention and six months after the intervention, using a researcher‐made questionnaire. The Self‐Care of Heart Failure Index (SCHFI) was completed for both groups. RESULTS: The results indicated that all three self‐care scales, namely, self‐care maintenance, self‐care management, and self‐care confidence, significantly improved in the experimental group compared to the baseline (P=0.000), while the scores of these scales decreased in the control group (P=0.000). The frequency of hospital admission and the length of hospital stay also reduced in the experimental group (P=0.000 and P<0.001, respectively). There was no significant difference in terms of the demographic characteristics between the two groups. CONCLUSION: The empowerment program significantly improved the patients' self‐care behaviors and reduced the frequency and duration of hospitalization. Therefore, implementation of such programs is strongly suggested, especially in heart failure clinics.","nk_ft_exclude,nk_ft_exclude","nk,nk",NA,NA,NA,NA,"sr3_nk_1877, sr3_nk_8327"
"sr3_nk_1883",NA,"2013",NA,NA,"Effects of a nurse coordinated program of lifestyle improvement aimed at reducing the risk of recurrent cardiovascular events in patients who have suffered an acute coronary syndrome.;RESPONSE2: (Randomised Evaluation of Secondary Prevention by Outpatient Nurse SpEcialists 2)","INTERVENTION: On top of usual care, the intervention group will receive a comprehensive, modular, tailored lifestyle intervention, involving the partner where appropriate, using e‐health support and referral to existing commercial programs for weight reduction (Weight Watchers®), physical exercise (DirectLife®, Philips) and smoking cessation (local facilities). CONDITION: ; atherosclerosis ; cardiovascular diseases 10011082 10024450 PRIMARY OUTCOME: The following parameters are compared between the intervention group and the ; control group at 12 months: ; * Smoking status (binary, non‐smoking is defined as urinary cotinine < 200 ; ng/ml) ; * Body Mass Index (kg/m2) ; * 6 Minute Walking Distance (meters); SECONDARY OUTCOME: Comparison between baseline and 12 months of: ; * Smoking status (urinary cotinine < 200 ng/ml) ; * Body Mass Inde X(kg/m2) ; * Waist circumference (cm) ; * 6 Minute Walking Distance (meters) ; 2. The following parameters are compared between the intervention group and the ; control group at 12 months: ; * fasting serum LDL levels (mmol/L) ; * systolic blood pressure (mmHg) ; * incidence of newly diagnosed diabetes mellitus ; * control of existing diabetes mellitus (fasting blood glucose and plasma HbA1c ; levels) ; * body composition (fat and muscle mass by impedance scales) ; * hospital readmission rates ; * signs of depression (Beck*s Depression Inventory) ; INCLUSION CRITERIA: age 18‐80 years hospitalized for an acute coronary syndrome less than 8 weeks before inclusion , at least one of the following lifestyle related risk factors: ‐ Smoking (including smoking of any tobacco product in the 6 months preceding hospitalisation). ‐ BMI*27 kg/m2 ‐ Physical activity below recommended levels (5 times 30 minutes/week) ","nk_tiab_exclude,nk_tiab_exclude,nk_tiab_exclude","nk,nk,nk",NA,NA,NA,NA,"sr3_nk_1883, sr3_nk_1912, sr3_nk_946"
"sr3_nk_191","Fordyce, M","1997","The Journal of the American Board of Family Practice",NA,"Senior Team Assessment and Referral Program--STAR","BACKGROUND: Although comprehensive geriatric assessment has been found to improve health and function and decrease hospital admissions, most such programs are staff‐intensive and take many hours or even days. The Senior Team Assessment and Referral Program (STAR) was developed to address these two issues by using a short but comprehensive outpatient health appraisal that required only a few health professionals to complete. METHODS: Six hundred forty‐nine Kaiser Permanente health plan members aged 65 years or older who received their health care at the Kaiser Permanente Medical Center, San Jose, Calif, were randomly selected during the first 12 months of the study and invited by mail to participate in STAR. Of those members contacted, 326 agreed to join the study. A nurse practitioner evaluated the health, functional, and social status of each STAR participant at an office visit once each year for the next 3 years and provided case management for those participants found to be frail or in danger of becoming frail. A control group of 764 elderly (aged 65 years and older) Kaiser members with characteristics similar to those of the STAR participants was drawn from Kaiser Permanente health plan members in San Jose. They continued to receive usual medical care throughout the study. A medical‐functional profile was developed to stratify each STAR participant's overall health and functional status at each visit and case management contact. The results were entered on a grid that was used as a tracking tool throughout the study. Utilization of medical services, changes in health and function, and effects of STAR interventions on participant health behaviors were measured, and primary care physician and participant satisfaction was assessed. RESULTS: Although short‐term utilization of medical services increased in the STAR group, health, function, and health behaviors improved as a result of STAR interventions. Ninety‐three percent of the STAR participants described a satisfactory experience, and 71 percent were very satisfied. Sixty‐five percent of primary care physicians who responded to a satisfaction questionnaire found something useful for their patients in the STAR assessment. CONCLUSIONS: STAR offers an efficient, minimally staff‐intensive model for evaluating the health, functional, and social status of the 65‐year‐old and older age‐group and intervening when they are frail or at risk of becoming frail. The improved health, function, and healthy behaviors in STAR participants and the high satisfaction rates among participants and physicians suggest that STAR would be a useful addition to the health care environment.","nk_tiab_exclude,nk_tiab_exclude","nk,nk",NA,NA,NA,NA,"sr3_nk_191, sr3_nk_8879"
"sr3_nk_1915","Masters, Stacey","2012","The Australasian medical journal","10.4066/amj.2012.1366","Coaching older adults and carers to have their preferences heard (COACH): a randomised controlled trial in an intermediate care setting (study protocol)","Background Frail older people who are considering movement into residential aged care or returning home following a hospital admission often face complex and difficult decisions. Despite research interest in this area, a recent Cochrane review was unable to identify any studies of interventions to support decision‐making in this group that met the experimental or quasi‐experimental study design criteria. Aims This study tests the impact of a multi‐component coaching intervention on the quality of preparation for care transitions, targeted to older adults and informal carers. In addition, the study assesses the impact of investing specialist geriatric resources into consultations with families in an intermediate care setting where decisions about future care needs are being made. Method This study was a randomised controlled trial of 230 older adults admitted to intermediate care in Australia. Masked assessment at 3 and 12 months examined physical functioning, health‐related quality of life and utilisation of health and aged care resources. A geriatrician and specialist nurse delivered a coaching intervention to both the older person and their carer/family. Components of the intervention included provision of a Question Prompt List prior to meeting with a geriatrician (to clarify medical conditions and treatments, medications, 'red flags', end of life decisions and options for future health care) and a follow‐up meeting with a nurse who remained in telephone contact. Participants received a printed summary and an audio recording of the meeting with the geriatrician. Conclusion The costs and outcomes of the intervention are compared with usual care. Trial registration: Australian New Zealand Clinical Trials Registry (ACTRN12607000638437).","nk_tiab_exclude,nk_tiab_exclude","nk,nk",NA,NA,NA,NA,"sr3_nk_1915, sr3_nk_8667"
"sr3_nk_1919","Armstrong Schellenberg, Joanna R M","2004","Lancet (London, England)","10.1016/s0140-6736(04)17311-x","Effectiveness and cost of facility-based Integrated Management of Childhood Illness (IMCI) in Tanzania","BACKGROUND: The Integrated Management of Childhood Illness (IMCI) strategy is designed to address major causes of child mortality at the levels of community, health facility, and health system. We assessed the effectiveness of facility‐based IMCI in rural Tanzania. METHODS: We compared two districts with facility‐based IMCI and two neighbouring comparison districts without IMCI, from 1997 to 2002, in a non‐randomised study. We assessed quality of case‐management for children's illness, drug and vaccine availability, and supervision involving case‐management, through a health‐facility survey in 2000. Household surveys were used to assess child‐health indicators in 1999 and 2002. Survival of children was tracked through demographic surveillance over a predefined 2‐year period from mid 2000. Further information on contextual factors was gathered through interviews and record review. The economic cost of health care for children in IMCI and comparison districts was estimated through interviews and record review at national, district, facility, and household levels. FINDINGS: During the IMCI phase‐in period, mortality rates in children under 5 years old were almost identical in IMCI and comparison districts. Over the next 2 years, the mortality rate was 13% lower in IMCI than in comparison districts (95% CI ‐7 to 30 or 5 to 21, depending on how adjustment is made for district‐level clustering), with a rate difference of 3.8 fewer deaths per 1000 child‐years. Contextual factors, such as use of mosquito nets, all favoured the comparison districts. Costs of children's health care with IMCI were similar to or lower than those for case‐management without IMCI. INTERPRETATION: Our findings indicate that facility‐based IMCI is good value for money, and support widespread implementation in the context of health‐sector reform, basket funding, good facility access, and high utilisation of health facilities","nk_tiab_exclude,nk_tiab_exclude","nk,nk",NA,NA,NA,NA,"sr3_nk_1919, sr3_nk_8811"
"sr3_nk_1943","Laursen, S O","1995","Intensiv apopleksirehabilitering--et kontrolleret pilotstudie.",NA,"Intensive rehabilitation after apoplexy--a controlled pilot study","In a prospective, randomized, controlled trial we compared the clinical outcome for 65 acute stroke patients where 31 were treated in a stroke unit and 34 in general medical units. In the stroke unit the treatment principles of Bobath were used, and teamwork was essential in the treatment. The inclusion period was nine months. Patients were followed up at a control six months after hospital discharge. The two groups were comparable as concerned age, sex, number of patients > or = 75 years and functional impairment at hospital admission. The mortality was similar in the two groups of patients. Significantly fewer patients from the stroke unit group were referred to nursing homes, when the patients in function group five (those most severely ill) were excluded. The functional status at the six months post discharge control was similar in the two groups. The in‐patient time was without significant difference between the two groups when patients referred to nursing homes were excluded. The need for primary nursing after discharge was similar in the two groups. We conclude from our pilot study that better organisation in a general medical ward would in some aspects improve the prognosis of a major proportion of stroke patients.","nk_tiab_exclude,nk_tiab_exclude","nk,nk",NA,NA,NA,NA,"sr3_nk_1943, sr3_nk_8893"
"sr3_nk_1945","Qiu, F","1994","The British journal of psychiatry. Supplement",NA,"Guardianship networks for rural psychiatric patients. A non-professional support system in Jinshan County, Shanghai","This paper describes the 'rural guardianship network' method of managing persons with severe mental illnesses and reports on a retrospective case‐control study that compares the outcome of 561 schizophrenic patients from townships with guardianship networks to that of 103 schizophrenic patients from a township without guardianship networks. Each patient enrolled in a guardianship network is assigned a guardian‐‐usually a family member‐‐who ensures that the patient takes medication and gets medical follow‐up, and reports any changes in the patient's condition to the village health worker or the township doctor who is responsible for psychiatric care. These guardians are supported and supervised by management groups at the village and township levels composed of government officials, medical administrators, physicians from township hospitals, and village health workers. Compared with patients who are not enrolled in guardianship networks, enrolled patients have significantly lower rates of hospital admission, lower rates of socially disruptive behaviour, and lower levels of psychopathological symptoms. The rural guardianship network is an effective and economical means of providing close supervision of mentally ill patients in their homes.","nk_tiab_exclude,nk_tiab_exclude","nk,nk",NA,NA,NA,NA,"sr3_nk_1945, sr3_nk_8904"
"sr3_nk_1988","Zhu, Yingchao","2021","American journal of translational research",NA,"Assessing the applications of transitional care and its impact on the quality of life in patients after total laryngectomy","Objective: To explore the effect of transitional care and its impact on quality of life (QoL) in patients who underwent total laryngectomy. Methods: The study enrolled 68 patients who were admitted to our hospital and underwent total laryngectomy from January 2017 to January 2019. The subjects were randomly divided into an observation group and a control group. Conventional care was given to the control group (34 cases), while conventional and transitional care was given to the observation group (34 cases). The study sought to compare the self‐care ability, health knowledge, satisfaction with nursing, and QoL between the two groups at discharge and 6 months after discharge. Result: Compared with the control group, the observation group showed higher scores in self‐care ability, more extensive health knowledge, greater satisfaction, and better QoL at 6 months after discharge from the hospital. The differences were statistically significant (P < 0.05). Conclusion: Transitional care can effectively improve the following performance in patients, including self‐care activity after hospital discharge, health knowledge, and satisfaction with care, medication adherence, and QoL. Transitional care can be considered in a broader application.","nk_tiab_exclude,nk_tiab_exclude","nk,nk",NA,NA,NA,NA,"sr3_nk_1988, sr3_nk_8322"
"sr3_nk_1999","Welch, H G","2000","Effective clinical practice : ECP",NA,"Telephone care as an adjunct to routine medical follow-up. A negative randomized trial","CONTEXT: In 1992, a randomized trial at one outpatient clinic demonstrated that making telephone appointments part of routine medical follow‐up could save money and reduce hospitalization. OBJECTIVE: To ascertain the effects of telephone care in other clinics. DESIGN: Consenting patients of 20 physicians were randomly assigned to receive telephone care or usual care. SETTING: Veterans Affairs General Medical Clinics in Denver, Colorado, and Sioux Falls, South Dakota. PATIENTS: 512 predominately male elderly veterans (mean age, 68 years) who had a broad range of chronic medical conditions. INTERVENTION: At the intake clinic visit, the recommended revisit interval (e.g., return in 3 months) for telephone care patients was doubled (e.g., return in 6 months) and three intervening telephone appointments were scheduled. Three telephone appointments were also scheduled at all subsequent clinic visits. MAIN OUTCOME MEASURES: Utilization of services and self‐reported health status. RESULTS: More than 2000 calls were made during the 2‐year study period. Although the revisit interval was longer for telephone care patients after the intake visit (as was expected), it was the same for both telephone care and usual care patients after all subsequent visits, despite the scheduling of three telephone appointments for telephone care patients. The intervention had no effect on self‐reported health status, hospital admission, or number of deaths. The intervention also had no effect on the total number of clinic visits, outpatient laboratory tests, or radiologic tests. Telephone care patients had fewer unscheduled visits than did usual care patients (2.0 vs. 2.8 visits/patient; P = 0.01). CONCLUSION: Telephone care had little effect in this study. Instead of providing a way to maintain contact with patients without requiring them to appear in clinic frequently, telephone appointments became simply an additional service.","nk_tiab_exclude,nk_tiab_exclude","nk,nk",NA,NA,NA,NA,"sr3_nk_1999, sr3_nk_8860"
"sr3_nk_2029","Braback, Martin","2016","Addiction (Abingdon, England)","10.1111/add.13249","Malmö Treatment Referral and Intervention Study (MATRIS)—effective referral from syringe exchange to treatment for heroin dependence: a pilot randomized controlled trial","AIMS: Syringe exchange has been suggested as a potential conduit to treatment for drug dependence, but this has never been documented in Europe. The primary aim was to compare the effectiveness of strength‐based case management intervention (CMI) against referral only to facilitate treatment attendance in a syringe exchange programme. We also assessed the effectiveness of a syringe exchange programme for referral of heroin‐dependent patients to evidence‐based treatment with methadone or buprenorphine (buprenorphine‐naloxone). DESIGN: Single‐site, two‐group randomized controlled trial. SETTING: The syringe exchange programme in Malmö, Sweden and an out‐patient clinic (research treatment facility) for maintenance treatment, situated outside the hospital area and run by Malmö Addiction Centre. PARTICIPANTS: Heroin‐dependent patients willing to participate (n = 75) were referred to maintenance treatment and randomized to either a strength‐based case management intervention aiming to facilitate referral (n = 36) or to referral‐only (n = 39). INTERVENTION: The intervention group received an appointment for maintenance treatment and a CMI adjusted to individual patient needs. The CMI was semi‐structured, assessing the patients' strengths and needs and identifying what practical help they might need to get to the appointment for maintenance treatment. The control group received an appointment for maintenance treatment. MEASURES: The primary outcome was treatment entry. FINDINGS: Among patients who turned up for recruitment interview and randomization, the percentage of patients who started treatment was 95% in the intervention group and 94% in the control group. Treatment entry was unrelated to intervention status [unadjusted odds ratio (OR) = 0.92 (0.12–6.89), P = 1.00 and adjusted OR = 0.96 (0.12–7.83)]. CONCLUSIONS: A randomized controlled trial in a syringe exchange programme showed no evidence that a strength‐based case management intervention improved attendance for treatment over referral alone. Attendance rates were high in both groups.","nk_tiab_exclude,nk_tiab_exclude","nk,nk",NA,NA,NA,NA,"sr3_nk_2029, sr3_nk_8549"
"sr3_nk_2050","Quattlebaum, T G","1991","Pediatrics",NA,"Effectiveness of computer-generated appointment reminders","Previous studies of appointment reminders among general pediatric patients have been done exclusively among low socioeconomic populations in clinics with low continuity of care and using block scheduling methods. This study of mailed computer‐generated appointment reminders took place in a setting with patient demographics and practice techniques similar to those of many private pediatric practices. During a 6‐month period, 901 appointments that were made more than 7 days prior to the scheduled date were randomly assigned to receive reminder postcards or to serve as controls. The overall broken appointment (no‐show) rate was reduced from 19% in the control group to 10% in the reminder group, representing a 48% reduction (P = .0002). The magnitude of reduction of no‐shows was similar for appointments scheduled more than 14 days prior to the appointment time (39%) as well as those scheduled more recently (58%). Equivalent results were seen with well‐child appointments (47%) as with other visits (50%). Both lower and higher socioeconomic groups demonstrated similar results. The mailed postcards cost $0.20 each and were highly cost effective, generating an estimated $7.50 for each $1 spent during the study. With reductions similar to those found in this study, computer‐generated appointment reminders are likely to be cost effective in other practices if current no‐show rates are greater than 2% to 4%.","nk_tiab_exclude,nk_tiab_exclude","nk,nk",NA,NA,NA,NA,"sr3_nk_2050, sr3_nk_8916"
"sr3_nk_2111","Bablok, Isabella","2021","BMC geriatrics","10.1186/s12877-021-02114-z","Primary dementia care based on the individual needs of the patient: study protocol of the cluster randomized controlled trial, DemStepCare","BackgroundMost people with dementia (PwD) are cared for at home, with general practitioners (GPs) playing a key part in the treatment. However, primary dementia care suffers from a number of shortcomings: Often, diagnoses are made too late and therapies by GPs do not follow the guidelines. In cases of acute crises, PwD are too often admitted to hospital with adverse effects on the further course of the disease.The aim of this study is to implement and evaluate a new GP‐based, complex dementia care model, DemStepCare. DemStepCare aims to ensure demand‐oriented, stepped care for PwD and their caregivers.Methods/designIn a cluster randomized controlled trial, the care of PwD receiving a complex intervention, where the GP is supported by a multi‐professional team, is compared to (slightly expanded) usual care.GPs are clustered by GP practice, with 120 GP practices participating in total. GP practices are randomized to an intervention or a control group. 800 PwD are to be included per group. Recruitment takes place in Rhineland‐Palatinate, Germany. In addition, a second control group with at least 800 PwD will be formed using aggregated routine data from German health insurance companies. The intervention comprises the training of GPs, case management including repeated risk assessment of the patients' care situation, the demand‐oriented service of an outpatient clinic, an electronic case record, external medication analyses and a link to regional support services. The primary aims of the intervention are to positively influence the quality of life for PwD, to reduce the caregivers' burden, and to reduce the days spent in hospital. Secondary endpoints address medication adequacy and GPs' attitudes and sensitivity towards dementia, among others.DiscussionThe GP‐based dementia care model DemStepCare is intended to combine a number of promising interventions to provide a complex, stepped intervention that follows the individual needs of PwD and their caregivers. Its effectiveness and feasibility will be assessed in a formative and a summative evaluation.Trial registrationGerman Register of Clinical Trials (Deutsches Register Klinischer Studien, DRKS), DRKS00023560. Registered 13 November 2020 ‐ Retrospectively registered. HTML&TRIAL_ID=DRKS00023560.","nk_tiab_exclude,nk_tiab_exclude","nk,nk",NA,NA,NA,NA,"sr3_nk_2111, sr3_nk_8383"
"sr3_nk_2201","Coulourides Kogan, Alexis","2017","American Journal of Managed Care (AM J MANAGE CARE), e394-e401. Dec2017; 23 (12): (8p)",NA,"Investigating the impact of intervention refusal on hospital readmission","OBJECTIVES: To identify characteristics and readmission risks associated with opting out of a social work‐driven transition intervention. STUDY DESIGN: Secondary data analysis of a randomized controlled pilot study at a large nonprofit urban community hospital. METHODS: Hospitalized English‐speaking, cognitively intact adults 65 years or older with expected discharge back to the community were eligible for enrollment. Additionally, patients met at least 1 of the 3 criteria: 1) 75 years or older, 2) taking 5 or more medications, or 3) had 1 or more prior inpatient stays or emergency department visits in the previous 6 months. The transition intervention consisted of up to 2 in‐home visits (the first occurring within 48 hours after discharge) and up to 4 telephone follow‐up calls (for a maximum of 6 total contacts) by a transition social worker. This study analyzed participants randomized to the intervention arm on measures including demographics, medical diagnoses, presence of advance directive, and all‐cause 30‐day hospital readmissions. RESULTS: Of the 90 patients randomized to the Social Work Intervention Focused on Transitions intervention group, 10% were readmitted within 30 days and nearly one‐third refused (ie, opted out of) the home visit component of the intervention. Multivariate analyses revealed that those opting out of the intervention had 3 times greater odds of having a respiratory condition compared with intervention recipients (odds ratio [OR], 3.10; 95% CI, 1.09‐8.80; P = .034). Additionally, opting out of the intervention (OR, 6.75; 95% CI, 1.05‐43.52; P = .045) and having a diagnosis of cancer (OR, 29.59; 95% CI, 2.01‐435.45; P = .014) significantly predicted readmission. CONCLUSIONS: Findings suggest that some at‐risk patients may not be receptive to services and programs aimed at improving care transitions, resulting in a higher risk for readmission.","nk_ft_exclude,nk_ft_exclude","nk,nk",NA,NA,NA,NA,"sr3_nk_2201, sr3_nk_7762"
"sr3_nk_2233","Binstock, M A","1995","The Journal of reproductive medicine",NA,"Alternative prenatal care. Impact of reduced visit frequency, focused visits and continuity of care","OBJECTIVE: To investigate the impact of an alternative prenatal care program for low‐risk patients. STUDY DESIGN: Five hundred forty‐nine low‐risk pregnant women were allocated to the study and control groups. The study group received, on average, eight visits, all of them with one of nine study providers. Each study visit had specific objectives and accompanying targeted patient education handouts. The control group received the usual prenatal care (on average, 13 visits) with different providers, according to the customary schedule. RESULTS: There were no significant pregnancy outcome differences between the groups. The study vs. control group differed significantly (P < .0001) in patient satisfaction regarding the number of prenatal visits. There was a higher level of satisfaction in the study group concerning continuity of care (P < .0001). The alternative prenatal care program reduced the number of prenatal visits by 27% and was not associated with any change in maternal or perinatal outcomes. Patient satisfaction parameters were either maintained or improved with alternative prenatal care. CONCLUSION: An alternative prenatal care program for low‐risk patients reduced resource utilization without adversely affecting prenatal care process variables, pregnancy outcome or patient satisfaction.","nk_tiab_exclude,nk_tiab_exclude","nk,nk",NA,NA,NA,NA,"sr3_nk_2233, sr3_nk_8895"
"sr3_nk_2256","Brooten, D","1998","Journal of perinatology : official journal of the California Perinatal Association",NA,"Frequency, timing, and diagnoses of antenatal hospitalizations in women with high-risk pregnancies","OBJECTIVE: To examine the frequency, time of gestation, and reasons for antenatal hospitalizations in women with medically high‐risk pregnancies. STUDY DESIGN: This secondary analysis reports all antenatal hospitalizations from a clinical trial testing transitional care to women with high‐risk pregnancies. Data were collected from 1992 to 1996. Pregnant women with pregestational (n = 16) or gestational diabetes (n = 21), hypertension (n = 29), and diagnosed (n = 47) or at high risk for preterm labor (n = 37) were included. Diagnoses for each hospitalization and lengths of stay were collected from chart review and validated by attending physicians. Gestation was determined via ultrasonography. The sample (N = 150) consisted of predominantly African‐American women, never married, between the ages of 15 and 40 with Medicaid insurance. RESULTS: Eighty‐three percent (n = 125) of the women had one or more antenatal hospitalization with a mean length of stay of 123 hours. All women with diabetes were hospitalized at least once. Women with pregestational diabetes had the greatest number of hospitalizations whereas those with gestational diabetes had the least. Major reasons for hospitalizations were preterm labor, glucose control, premature cervical dilation, and preeclampsia. CONCLUSION: Some hospitalizations could potentially be avoided or reduced through expanded patient education, improved screening, and more aggressive monitoring for early signs and symptoms of impending complications.","nk_tiab_exclude,nk_tiab_exclude","nk,nk",NA,NA,NA,NA,"sr3_nk_2256, sr3_nk_8839"
"sr3_nk_2303","Fischer, Stacy M","2015","Journal of pain and symptom management","10.1016/j.jpainsymman.2014.08.011","Apoyo con Cariño: a pilot randomized controlled trial of a patient navigator intervention to improve palliative care outcomes for Latinos with serious illness","Context Latinos experience significant health disparities at the end of life compared with non‐Latinos. Objectives To determine the feasibility of a patient navigator intervention to improve palliative care outcomes for Latino adults with serious illness. Methods This was a pilot randomized controlled trial that included 64 Latino adults with life‐limiting illness randomized to an intervention or a control group. All participants received a packet of linguistically matched materials on palliative care. In addition, intervention participants received up to five home visits from the bilingual, bicultural patient navigator. Visits focused on addressing barriers to palliative care through education, activation, and culturally tailored messaging. Outcomes included feasibility and advance care planning rates, documentation of pain management discussions in the medical record, and hospice utilization. Results Of the 32 patients randomized to the intervention arm, 81% had at least one home visit (range 1‐5) with the patient navigator. Overall, advance care planning was higher in the intervention group (47% [n = 15] vs. 25% [n = 8], P = 0.06), and 79% of intervention participants had a discussion about pain management documented in their medical record vs. 54% of control patients (P = 0.05). Hospice enrollment between the two groups (n = 18 decedents) was similar (n = 7 intervention vs. n = 6 control); length of stay in the intervention group was 36.4 +/‐ 51.6 vs. 19.7 +/‐ 33.6 days for control patients (P = 0.39). Conclusion A culturally tailored patient navigator intervention was feasible and suggests improved palliative care outcomes for Latinos facing advanced medical illness, justifying a fully powered randomized controlled trial.","nk_tiab_exclude,nk_tiab_exclude","nk,nk",NA,NA,NA,NA,"sr3_nk_2303, sr3_nk_8584"
"sr3_nk_2306","Fischer, Stacy M","2018","JAMA oncology","10.1001/jamaoncol.2018.4014","Effect of Apoyo con Cariño (Support With Caring) Trial of a Patient Navigator Intervention to Improve Palliative Care Outcomes for Latino Adults With Advanced Cancer: a Randomized Clinical Trial","Importance: Strategies to increase access to palliative care, particularly for racial/ethnic minorities, must maximize primary palliative care and community‐based models to meet the ever‐growing need in a culturally sensitive and congruent manner. Objective: To investigate if a culturally tailored patient navigator intervention can improve palliative care outcomes for Latino adults with advanced cancer. Design, Setting, and Participants: The Apoyo con Cariño (Support With Caring) randomized clinical trial was conducted from July 2012 to March 2016. The setting was clinics across the state of Colorado, including an academic National Cancer Institute‐designated cancer center, community cancer clinics (urban and rural), and a safety‐net cancer center. Participants were adults who self‐identified as Latino and were being treated for advanced cancer. Intervention: Culturally tailored patient navigator intervention. Main Outcomes and Measures: Primary outcome measures were advance care planning in the medical record, the Brief Pain Inventory, and hospice use. Secondary outcome measures included the McGill Quality of Life Questionnaire (MQOL), hospice length of stay, and aggressiveness of care at the end of life. This study used an intent‐to‐treat design. Results: In total, 223 Latino adults enrolled (mean [SD] age, 58.1 [13.6] years; 55.6% female) and were randomized to control (n = 111) or intervention (n = 112) groups. Intervention group patients were more likely to have a documented advance directive compared with control group patients (73 of 112 [65.2%] vs 40 of 111 [36.0%], P < .001). Both groups reported mild pain intensity (mean pain rating of 3 on a scale of 0‐10). Intervention group patients had a mean (SD) reported change from baseline in the Brief Pain Inventory pain severity subscale score (range, 0‐10) of 0.1 (2.6) vs 0.2 (2.7) in control group patients (P = .88) and a mean (SD) reported change from baseline in the Brief Pain Inventory pain interference subscale score of 0.1 (3.2) vs ‐0.2 (3.0) in control group patients (P = .66). Hospice use was similar in both groups. Secondary outcomes of overall MQOL score and aggressiveness of care at the end of life showed no significant differences between groups. The MQOL physical subscale showed a mean (SD) significant change from baseline of 1.4 (3.1) in the intervention group vs 0.1 (3.0) in the control group (P = .004). Conclusions and Relevance: The intervention had mixed results. The intervention increased advance care planning and improved physical symptoms; however, it had no effect on pain management and hospice use or overall quality of life. Further research is needed to determine the role and scope of lay navigators in palliative care. Trial Registration: ClinicalTrials.gov identifier: NCT01695382.","nk_ft_exclude,nk_ft_exclude","nk,nk",NA,NA,NA,NA,"sr3_nk_2306, sr3_nk_8460"
"sr3_nk_2414","Allison, Amanda L","2013","Hawai'i journal of medicine & public health : a journal of Asia Pacific Medicine & Public Health",NA,"Helping cancer patients across the care continuum: the navigation program at the Queen's Medical Center","Research suggests that cancer patient navigation improves care, but few reports describe the variety of patients managed by a hospital‐based navigation program. Differences in navigated patients by the intensity (low, medium, or high) of navigation services they received were examined. The 835 clients seen by the navigators in a hospital‐based cancer center were first stratified by quarter and by four ethnic groups. Randomized selection from each group assured there would be equal representation for analysis of Hawaiians, Filipinos, Japanese, and Whites and even numbers over all time intervals. Five professionals extracted data from these case records on demographics, type/stage of cancer, diagnosis and treatment dates, barriers, and navigator actions. Clients had breast (30.0%), lung (15.8%), esophageal (6.7%), colon (5.8%), ovarian (4.2%), prostate (3.3%), and other cancers (34.2%). The median number of actions taken on behalf of a client was 4 (range 1‐83), and the median number of days a case was open was 14 (range 1‐216). High intensity cases (those receiving more assistance over longer periods of time) were more likely than low‐intensity cases to need help with education and reassurance, transportation, care coordination, and covering costs. Although there were no demographic differences across intensity groups, Neighbor Island patients from Hawai'i, Maui, Moloka'i, Lana'i and Kaua'i were more likely to need help with arranging travel, care coordination, and costs associated with getting treatment (all at P=.05), and patients on public insurance were more likely to have stage 4 cancer (P=.001) and to need help with costs (P=.006). Findings suggest that this hospital‐based navigation program is filling a real need of patients across the cancer care continuum. A triage protocol and an integrated data capture system could help improve the targeting and documentation of cancer patient navigation services.","nk_tiab_exclude,nk_tiab_exclude","nk,nk",NA,NA,NA,NA,"sr3_nk_2414, sr3_nk_8626"
"sr3_nk_2444","Wade, Marcia J","2011","The American journal of managed care",NA,"Telemonitoring with case management for seniors with heart failure","OBJECTIVE: To assess the impact of supplementing nurse case management with Internet‐connected telemonitoring on clinical outcomes in an elderly heart failure (HF) population. STUDY DESIGN: Randomized clinical trial allocating high‐risk HF subjects to the telehealth system with case management (THCM) versus case management (CM) alone. METHODS: Medicare Advantage members with HF and recent hospitalization were randomized to THCM or CM. Consenting participants received THCM for 6 months or the health plan's usual Medicare specialized CM as long as deemed necessary. The primary outcome measure was a composite of all‐cause hospitalization, ED visit, or death. Because only a subset of those who were randomized consented and participated, the strategies were evaluated as‐treated rather than by intention‐to‐treat, with multivariate adjustment in logistic regression models for confounding introduced by postrandomization exclusions. RESULTS: The treated sample size was 164 subjects in THCM and 152 in CM. Treatment arms did not differ significantly for the primary composite outcome (45% for THCM vs 40% for CM, relative risk 1.18; P = .22). Telehealth alerts prompted frequent telephonic contact, increasing THCM case managers' workload. The participant population overall had 42% fewer inpatient days during the intervention period compared with the previous year. CONCLUSIONS: Despite effective implementation of an Internet‐based telehealth intervention in an elderly HF population, there was no discernible impact on overall morbidity or mortality. Notably, limited postrandomization participation decreased power to detect a difference. The reduction in days hospitalized for trial participants overall underscores the benefit of CM for such HF patients.","nk_tiab_exclude,nk_tiab_exclude","nk,nk",NA,NA,NA,NA,"sr3_nk_2444, sr3_nk_8700"
"sr3_nk_2496","Martin, David C","2004","Preventing chronic disease",NA,"A randomized controlled open trial of population-based disease and case management in a Medicare Plus Choice health maintenance organization","INTRODUCTION: The object of this study was to examine the effect of population‐based disease management and case management on resource use, self‐reported health status, and member satisfaction with and retention in a Medicare Plus Choice health maintenance organization (HMO). METHODS: Study design consisted of a prospective, randomized controlled open trial of 18 months' duration. Participants were 8504 Medicare beneficiaries aged 65 and older who had been continuously enrolled for at least 12 months in a network model Medicare Plus Choice HMO serving a contiguous nine‐county metropolitan area. Members were care managed with an expert clinical information system and frequent telephone contact. Main outcomes included self‐reported health status measured by the Medical Outcomes Study 36‐Item Short‐Form Health Survey (SF‐36), resource use measured by admission rates and bed‐days per thousand per year, member satisfaction, and costs measured by paid claims. RESULTS: More favorable outcomes occurred in the intervention group for satisfaction with the health plan (P < .01) and the social function domain as measured by SF‐36 (P = .04). There was no difference in member retention or mortality between groups. Use of skilled nursing home services was significantly lower in the intervention group than in the control (616 vs 747 days per thousand members per year, P = .02). This reduction, however, did not lead to lower mean total expenditures in the intervention group compared with the control (6828 dollars per member for 18 months vs 7001 dollars, P = .61). CONCLUSION: Population‐based disease management and case management led to improved self‐reported satisfaction and social function but not to a global net decrease in resource use or improved member retention.","nk_ft_exclude,nk_tiab_exclude","nk,nk",NA,NA,NA,NA,"sr3_nk_2496, sr3_nk_8808"
"sr3_nk_250","Dubois-Rande, J L","1989","Thrombolyse prehospitaliere. Bilan d'une experience preliminaire menee dans le Val-de-Marne.",NA,"Prehospital thrombolysis in acute myocardial infarction: preliminary results in the Val-de-Marne department","Benefits of thrombolysis have been shown to be greater when therapy is administered early, and this led us to consider the value of starting thrombolytic treatment in the patient's home. However, this implies the transfer of responsibility of patient management from the cardiologist to the physician in charge of the mobile emergency care team. A study was undertaken in the Val‐de‐Marne department to assess the benefits and risks of this therapeutic approach. The first phase was designed to evaluate the reliability of the emergency care team's diagnosis and the second phase of the study was a randomised double blind prehospital therapeutic trial of a thrombolytic agent, acylated streptokinase (intravenous bolus of 30 units in 4 minutes) against placebo. The nature of prehospital treatment was revealed on hospital admission and thrombolytic therapy was immediately given to those patients allocated to placebo at home providing the admitting cardiologist confirmed the indication. A total of 100 patients were included; 57 were allocated to thrombolytic therapy and 43 to placebo in the prehospital phase. The diagnosis of acute coronary insufficiency was confirmed in all cases and 97 p. 100 of patients had signs of acute myocardial infarction. No complications were attributable to prehospital administration of the thrombolytic. The average time gain in instituting treatment was 60 minutes. At control coronary angiography, 72 p. 100 of the coronary arteries thought to the responsible for the infarct were shown to be patent. The global left ventricular ejection fraction of patients treated with thrombolysis at home was 56.7 p. 100 compared with 53.4 p. 100 in the placebo group. This difference was not statistically significant. In conclusion, this preliminary study showed the reliability of the diagnosis of the emergency mobile care unit and the most obvious benefit was the time gain of one hour in instituting thrombolysis without any complications related to prehospital treatment.","nk_tiab_exclude,nk_tiab_exclude,nk_tiab_exclude,nk_tiab_exclude,nk_tiab_exclude","nk,nk,nk,nk,nk",NA,NA,NA,NA,"sr3_nk_250, sr3_nk_253, sr3_nk_251, sr3_nk_252, sr3_nk_8921"
"sr3_nk_2591","Gan, Yudong","2015","International journal of clinical and experimental medicine",NA,"Accuracy and efficacy of osteotomy in total knee arthroplasty with patient-specific navigational template","This study develops and validates a novel patient‐specific navigational template for total knee arthroplasty (TKA). A total of 70 patients who underwent TKA were randomized and divided into conventional method group and navigational template group. In the navigational template group, the patient‐specific navigational templates were designed and used intraoperatively to assist 35 patients with knee arthroplasty. Information on operation time and blood loss was recorded. After surgery, the positions of the prosthesis were evaluated using CT scan and X‐rays. Analysis showed significant differences in errors between the two techniques. In addition, mean operation time and mean blood loss were statistically and significantly lower in the navigational template group than in the conventional group. Overall, the navigational template method showed a high degree of accuracy and efficacy.","nk_tiab_exclude,nk_tiab_exclude","nk,nk",NA,NA,NA,NA,"sr3_nk_2591, sr3_nk_8646"
"sr3_nk_2645",NA,"2021",NA,"10.1158/1538-7445.sabcs20-ps9-38","Improving adherence to hormone therapy among breast cancer patients through a mobile app and patient navigation: app development and testing","Background: The successful use of hormone therapy (HT) has contributed to improved 5‐year cause‐specific breast cancer survival rates and evidence shows that long‐term use produces a larger reduction in recurrence and mortality, with nearly 50% reduction in breast cancer mortality during the second decade after diagnosis. Despite the proven benefits, hormone therapy adherence is suboptimal (less than 80% of daily doses taken) and about 33% of women who are prescribed HT do not take their medication as prescribed and are at increased risk of disease recurrence and increased mortality. Smartphone ownership has increased substantially over the past decade, providing an extraordinary opportunity for innovation in the delivery of tailored interventions to improve patients' adherence to hormonal therapy. Purpose: We present the design and development process of a theory‐based, culturally tailored, interactive mobile app to improve adherence to HT among breast cancer patients to be used in combination with patient navigation in a two‐group randomized clinical trial study at the Mays Cancer Center. The intervention group (n= 60) will receive the phone app + patient navigation and the control or usual care group (n=60) will receive the information oncologists provide to patients prescribed HT. Methods: Four focus groups (n=21) were conducted with breast cancer patients and personal semi‐structured interviews (n=8) with oncologists, nurses, and patient navigators from the Mays Cancer Center, to assess barriers and facilitators to hormone therapy adherence, key symptoms, app content, and features. Qualitative data informed the initial design and development of app mock‐ ups; these were assessed with two additional focus groups (n=10). Based on formative research, a functional phoneapp prototype was developed and beta‐tested with five breast cancer patients, minor refinements were made, andthe app is ready for recruitment. Results: Inputs from patients and healthcare team members helped to identifyspecific app content and features. Key themes included the importance of increasing patient education, enhancingself‐efficacy, facilitating communication with the medical team and helping patients develop self‐care skills topromote optimal adherence to hormone therapy. Specific app features included notification pop‐ups, reminders, motivational messages, symptom tracking and management tips, educational content, social networking amongpatients, communication with a patient navigator, local resources and support groups, and technical support. Inaddition to colors, background and icon preferences, patients emphasize the need for a user‐friendly app that iseasy to navigate with clear educational content. Beta‐testers found the app easy to use, credible and trustworthy, and their reactions were very positive about app appearance, content, purpose, and usability. Minor technical issues were fixed, and the study app was refined and finalized. Conclusions: An iterative and patient‐centered designprocess was followed to develop a bilingual and interactive mobile app prototype to be used in a randomized controltrial. The anticipated outcome is a scalable, evidence‐based and easily disseminated intervention with potentiallybroad use to patients using HT and other oral anticancer agents.","nk_tiab_exclude,nk_tiab_exclude","nk,nk",NA,NA,NA,NA,"sr3_nk_2645, sr3_nk_2646"
"sr3_nk_2686","Shelton, P","2001","Journal of the American Geriatrics Society",NA,"Caregivers' utilization of health services: results from the Medicare Alzheimer's Disease Demonstration, Illinois site","OBJECTIVES: The purpose of this study is to examine the effect of the Medicare Alzheimer's Disease Demonstration and Evaluation (MADDE) conducted in Illinois on the use of health services and Medicare expenditures by caregivers of persons with dementia. DESIGN: Prospective randomized clinical trial. SETTING: The MADDE (1989‐1994), Illinois site. PARTICIPANTS: A cohort of 412 Medicare‐eligible caregivers of persons with dementia. MEASUREMENTS: Medicare claims files provided data on the number of hospitalizations, hospital bed days, emergency department visits, and total Medicare Part A expenditures. RESULTS: After adjustment for baseline variables, the caregivers in the treatment group, when compared with those in the comparison group, had a lower likelihood of any hospitalization during the study period (odds ratio 0.58 (95% confidence interval (CI)=0.35‐0.97), P= .037) and a reduced, but not significant, likelihood of emergency department use (odds ratio 0.66 (95% CI=0.40‐1.08), P= .095). For those who were hospitalized, there were no significant differences between the treatment and comparison group caregivers in the number of hospitalizations, hospital length of stay, or Medicare payments. CONCLUSION: These results suggest that enhanced chronic illness case management directed at persons with dementia and their caregivers can reduce the need for acute hospital care.","nk_tiab_exclude,nk_tiab_exclude","nk,nk",NA,NA,NA,NA,"sr3_nk_2686, sr3_nk_8849"
"sr3_nk_2701","Weale, A E","1998","Annals of the Royal College of Surgeons of England",NA,"Day-case or short-stay admission for arthroscopic knee surgery: a randomised controlled trial","The Royal Colleges, The Audit Commission, and politicians have encouraged day‐case care for patients undergoing arthroscopic knee surgery. However, there remains both public and professional concern regarding the acceptability and safety of this form of management, although there are clear economic benefits. In a prospective randomised controlled trial, 50 patients underwent arthroscopic surgery as a day‐case and 50 patients were admitted overnight. Outcome was assessed by postal questionnaire 4 weeks after discharge. A linear visual analogue scale was used to measure pain levels. The response rate was 93%. The diagnoses and types of arthroscopic surgery were similar in both groups. In total, 94% of day‐cases and 91% of patients admitted overnight expressed overall satisfaction. Pain after discharge was similar in both groups. Day‐case management was preferred by 90% of day‐case patients and by 64% of those admitted overnight. Of patients in the day‐case group, 12% had to be admitted overnight because of recovery problems, but 7% of patients randomised to overnight stay discharged themselves. One patient admitted overnight required readmission because of a wound haematoma. Patients who had received day‐case management returned to work significantly faster than those who had been admitted. Modern anaesthetic techniques with special attention to anti‐emesis and pain control have reduced postoperative morbidity to acceptable levels. Provided that patients are properly selected and well informed, day‐case care is preferable for the majority of patients undergoing arthroscopic surgery of the knee.","nk_tiab_exclude,nk_tiab_exclude","nk,nk",NA,NA,NA,NA,"sr3_nk_2701, sr3_nk_8874"
"sr3_nk_2706","Guendelman, Sylvia","2004","Telemedicine journal and e-health : the official journal of the American Telemedicine Association",NA,"Asthma control and hospitalizations among inner-city children: results of a randomized trial","Asthma prevalence is increasing among poor and minority children. We examined the effectiveness of a novel interactive device programmed for self‐management of pediatric asthma in reducing asthma control problems and hospitalizations. A randomized controlled trial (66 children in the intervention group and 68 in the control group) was conducted at home and in an outpatient hospital clinic with 8‐16‐year‐old inner‐city children with physician‐diagnosed asthma. During a 12‐week period, children in the experimental group received an asthma self‐management and education program, the Health Buddy (Health Hero Network), designed to enable them to monitor their symptoms and transmit this information to a case manager through a secure website. Control group participants used an asthma diary. After adjusting for baseline asthma control problems, asthma severity, and seasonality, children randomized to automated self‐management had a significantly lower mean number of asthma control problems at 6 weeks (2.0, SD = 1.6) as compared to children assigned to the asthma diary (2.7, SD = 1.6) (p = 0.03). By 12 weeks, after adjusting for time and the other covariates, asthma control problems dropped markedly in both groups, and did not differ by intervention modality (p = .07). The intervention modality was not a significant predictor of hospitalization. Educational interventions that encourage children's active involvement in their own care and symptom monitoring would help children increase their control of asthma problems. Compared to the asthma diary, the automated self‐management had a significant short‐term impact on asthma control problems. Its initial effectiveness and more consistent use suggest that remote monitoring may be successfully used in short‐term interventions and in settings where staffing for case management is weak.","nk_tiab_exclude,nk_tiab_exclude","nk,nk",NA,NA,NA,NA,"sr3_nk_2706, sr3_nk_8807"
"sr3_nk_2771","Fabbri, Gianna","2007","Scompenso cardiaco: l'importanza della continuita assistenziale.",NA,"Heart failure: the importance of a disease management program","Heart failure remains a growing public health problem, hospitalizations represent the main cost component of heart failure care and the poor quality of life of patients is often worsened by frequent admissions. A multidisciplinary approach and specific disease management programs are a potentially useful instrument to reducing hospitalizations in heart failure patients. These concepts have recently been discussed in a consensus document by all the Scientific Societies involved in the care of heart failure patients. The effectiveness of intervention programs delivering continuity of care by a multidisciplinary team achieved a promising reduction in admissions, but the results of the studies have not been univocal for category of strategies and about the effect on survival. Telephone intervention significantly decreased heart failure admissions but not all‐cause admissions and mortality. The multicenter randomized DIAL study, comparing a centralized telephone intervention program delivering continuity of care by a multidisciplinary team with usual care in patients with heart failure, confirms these findings. After a mean 16‐month follow‐up, there was a benefit mostly due to a significant reduction in admissions for heart failure, but mortality was similar in both groups. Data on 9000 patients from the IN‐CHF registry show that hospitalizations are a serious problem in Italy: 44% of the patients had at least one hospitalization for heart failure in the year prior to the entry visit and this is the most powerful independent predictor of rehospitalization during the follow‐up. Nearly a quarter of the population with follow‐up data availability (92%) has been rehospitalized in the year after enrollment; patients in advanced functional class (32.1% hospitalization rate) and with ischemic etiology (25.0%) are more likely to be hospitalized than those in NYHA class I‐II and without ischemic etiology. In a survey carried out recently in Italy, in 1152 patients admitted for decompensated heart failure, readmission rate was even higher: more than 40% of patients have been readmitted once in the 6 months after discharge and 7.2% had two or more admissions.","nk_tiab_exclude,nk_tiab_exclude","nk,nk",NA,NA,NA,NA,"sr3_nk_2771, sr3_nk_8766"
"sr3_nk_278",NA,"2012",NA,"10.1111/j.1477-2574.2012.00511.x","Early nasogastric tube feeding versus nil-by-mouth in patients with mild or moderate acute pancreatitis: a randomized controlled trial","Introduction: Early enteral tube feeding reduces morbidity and mortality in patients with severe acute pancreatitis (AP) and is a standard of care. It is hypothesized that early enteral feeding in patients with mild and moderate AP would improve tolerance of subsequent oral refeeding, promote intestinal motility and reduce the incidence of ileus. The study aim was to compare the safety, tolerance and efficacy of early nasogastric tube feeding (NGF) versus NBM regimen in patients with mild and moderate AP. Methods: A pilot randomized controlled trial in patients with mild and moderate AP was conducted between February 2010 and March 2011. The severity of AP was defined on the basis of determinants‐based classification of severity [2]. The patients in the intervention group were NBM until NGF was commenced within 24 h of hospital admission and continued until the treating team decided to introduce oral food. The patients in the control group were kept NBM until the treating team decided to introduce oral food. Results: There were 17 patients randomly allocated to NGF group and 18 to the NBM group. At baseline, the two groups did not have any significant differences in terms of demographic, anthropometric, and laboratory data. The visual analogue pain score decreased to a significantly greater extent in the NGF group (from median 9 (range 7‐9) at baseline to 1 (0‐3) at 72 h after randomization) compared with the NBM group (from 7 (5‐9) to 3 (1‐4) (p = 0.036). The number of patients not requiring opiates at 48 hours was significantly different (p = 0.024) between NGF (9/17) and NBM (3/18). Oral feeding intolerance was observed in 1/17 patient in the ETF group and 9/18 patients in the NBM group (p = 0.004). Conclusion: NGF commenced within 24 h of hospital admission is safe and well tolerated in patients with mild and moderate acute pancreatitis. Further, when compared with NBM, it significantly reduces the intensity and duration of initial abdominal pain, need for opiates, and risk of oral refeeding intolerance.","nk_tiab_exclude,nk_tiab_exclude","nk,nk",NA,NA,NA,NA,"sr3_nk_278, sr3_nk_348"
"sr3_nk_2783","Wasson, J H","1984","JAMA",NA,"Continuity of outpatient medical care in elderly men. A randomized trial","P6 an outpatient repeatedly sees the same practitioner, is his care influenced? This double‐blind randomized trial examines the effects of outpatient health care provider continuity on the process and outcome of the medical care for 776 men aged 55 years and older. Participants were randomized to two different groups of provider care: provider discontinuity and provider continuity. The outcome of the continuity group was significantly different from that of the discontinuity group. During an 18‐month period, patients who had been randomized to the continuity group had fewer emergent admissions (20% v 39%) and a shorter average length of stay (15.5 v 25.5 days). These patients also perceived that the providers were more knowledgeable, thorough, and interested in patient education. We conclude that continuity of outpatient provider care for men aged 55 years and older results in more patient satisfaction, shorter hospitalizations, and fewer emergent hospital admissions.","nk_tiab_exclude,nk_tiab_exclude","nk,nk",NA,NA,NA,NA,"sr3_nk_2783, sr3_nk_8929"
"sr3_nk_2804","Wierzchowiecki, Michal","2006","Nowy wielodyscyplinarny program opieki nad chorymi z niewydolnoscia serca (szesciomiesieczna obserwacja wstepna).",NA,"New multidisciplinary heart failure care program (six-month preliminary observation)","In the last years multidisciplinary care (MDC) of patients with chronic heart failure has proved to be effective. Because of specificity of the medical care organization in different countries the outcome of the programs may be various. The aim of this study was to evaluate the effect of MDC on patients' survival, hospitalization rate and stay. MATERIAL AND METHODS: 129 chronic heart failure patients admitted to Department of Cardiology were randomized to MDC or routine care (RC) groups. All patients were referred to their primary care physicians. In 64 patients from MDC group, aged 68 +/‐ 10.5 years, a follow‐up was performed on 14 day, 3 and 6 months, on the basis of heart failure clinic, by cardiologist, heart failure nurse, psychologist and physiotherapist. Patients received heart failure nurse and cardiologist broad educational program systematically. Every day heart failure nurse telephone counseling and home‐based interventions were also available to the patients. 65 patients from RC group, aged 72 +/‐ 11.5 years, were referred only to their primary care physicians. RESULTS: There was the lower duration of hospitalization in MDC than in RC group (8.3 +/‐ 5.31 vs 13.5 +/‐ 6.99 days; p < 0.05). A tendency to the lower duration of heart failure hospitalization and frequency of total and heart failure hospitalization in MDC group was observed (9.8 +/‐ 5.46 vs 12.1 +/‐ 6.23 days, 18.8 vs 25.0, and 12.5 vs 16.9% respectively). No significant differences were found between MDC and RC total and heart failure mortality (15.6 vs 16.9%, and 10.9 vs 12.3%, respectively). CONCLUSION: Six months multidisciplinary care of chronic heart failure patients has appeared more efficient than routine primary care.","nk_tiab_exclude,nk_tiab_exclude","nk,nk",NA,NA,NA,NA,"sr3_nk_2804, sr3_nk_8773"
"sr3_nk_2820","Echeverry, Diana","2005","The American journal of managed care",NA,"Efforts to improve subsequent treatment of cardiovascular risk factors in older patients with diabetes hospitalized for a cardiac event","OBJECTIVE: To improve the treatment of risk factors of cardiovascular disease (CVD) for older patients with diabetes after a cardiac event by using a low‐literacy reminder card describing these risk factors in community settings. STUDY DESIGN: A multicenter, randomized, interventional study. METHODS: Patients aged 55 years or older with diabetes hospitalized with an acute myocardial infarction, congestive heart failure exacerbation, or unstable angina were eligible to enter the study. Control and experimental patients were recruited from 4 sites and were enrolled in the study before discharge from the hospital. Experimental subjects received education and a reminder card describing risk factors of CVD. They were instructed to discuss the risk factors described on the reminder card with their primary care physician on their first appointment after discharge. Control subjects did not receive any intervention but were given consent to be able to review their charts. RESULTS: One hundred sixty patients completed the study, 82 in the control group and 78 in the experimental group. At the end of the study there was no difference in blood pressure control, lipid levels, and glycosylated hemoglobin levels between the control and experimental patients. Aspirin use and ACE inhibitor use were found to be significantly higher in the control group (P = .001 and .03, respectively). CONCLUSIONS: Reminder cards given to patients to discuss with their primary care providers in community settings did not improve process measures of CVD risk in patients with documented CVD and diabetes. Other approaches will be needed to improve the treatment of risk factors in these high‐risk patients.","nk_tiab_exclude,nk_tiab_exclude","nk,nk",NA,NA,NA,NA,"sr3_nk_2820, sr3_nk_8790"
"sr3_nk_2822","Hall, S M","1994","The Journal of nervous and mental disease",NA,"Continuity of care and desipramine in primary cocaine abusers","The objective of this research was to determine the efficacy of enhanced continuity of care and desipramine in increasing treatment attendance and abstinence from cocaine in primary cocaine abusers. Study design was a random assignment, placebo‐controlled factorial with assessments at baseline and at 3 (first week of outpatient treatment), 8, and 12 weeks after start of study. Desipramine blood levels were taken at weeks 2 (inpatient), 3, and 8. Subjects (N = 94 men) were recruited on an inpatient ward and assigned to increased continuity of care or to standard treatment, and to active or placebo drug. Main outcome variables were toxicology‐verified reports of cocaine use, and attendance at counseling sessions. Enhanced continuity of care increased abstinence from cocaine at week 3 and increased attendance at individual counseling sessions throughout the 12 weeks of the study. There were no main effects for desipramine. Blood levels above 123 ng/ml at week 2 predicted longer stays in outpatient. We conclude that enhanced continuity of care is a low cost intervention that improves early treatment outcome and attendance; desipramine effects do not warrant its therapeutic use.","nk_tiab_exclude,nk_tiab_exclude","nk,nk",NA,NA,NA,NA,"sr3_nk_2822, sr3_nk_8905"
"sr3_nk_2824","Hendriksen, C","1990","Nyt samarbejde om gamle menneskers sygehusindlaeggelse og -udskrivelse.",NA,"Current cooperation concerning admission to and discharge from geriatric hospitals","A method of building bridges‐‐in terms of therapy and care‐‐between the life of the elderly before, during, and after a stay in hospital is described in this randomized, controlled study from a Copenhagen suburb. A project nurse employed by the City called at the Hospital each day and followed the members of this group concerning the need to gather information from primary care, discuss discharge with the patient and the nursing staff, co‐ordinate possible supportive measures in the home, and immediately after the discharge to make a home visit to ensure continuity of care and treatment.","nk_tiab_exclude,nk_tiab_exclude","nk,nk",NA,NA,NA,NA,"sr3_nk_2824, sr3_nk_8918"
"sr3_nk_2831","Jackel, W H","1990","Uberprufung der Wirksamkeit stationarer Rehabilitationsmassnahmen bei Patienten mit chronischen Kreuzschmerzen: eine prospektive, randomisierte, kontrollierte Studie.",NA,"Assessment of the effectiveness of inpatient rehabilitation measures in patients with chronic low back pain: a prospective, randomized, controlled study","Chronic low‐back pain is a frequent symptom causing considerable socioeconomic costs in many countries. Outpatient treatment of low‐back pain often remains unsatisfactory. In our prospective study, one hundred patients on the five months waiting list were allocated randomly to attending the hospital either four months or six months later, the latter serving as a control group for those undergoing treatment. Health status was assessed using a multidimensional questionnaire, which had proven a reliable, valid and sensitive instrument in former studies. After four to six weeks of multidisciplinary inpatient treatment, a significant decrease in pain, anxiety and depression was found, whereas no improvement was observed in the control group. Multidisciplinary inpatient treatment therefore at least has short‐term positive effects on patients' health status.","nk_tiab_exclude,nk_tiab_exclude","nk,nk",NA,NA,NA,NA,"sr3_nk_2831, sr3_nk_8920"
"sr3_nk_2870","Robertson, K A","2001","Dynamics (Pembroke, Ont.)",NA,"Cost analysis of an intensive home follow-up program for first-time post-myocardial infarction patients and their families","OBJECTIVE: The general goal of this research was to determine the effectiveness of a home follow‐up program in order to acquire guidance in how to plan the future structure and contents of post‐myocardial infarction (MI) patients' care and rehabilitation. The specific aim of this study was to evaluate the cost‐effectiveness of the program in reducing the rate of rehospitalization of first‐time post‐MI patients when measured at six weeks and six months post‐discharge. HYPOTHESIS: The supportive‐educative home follow‐up program will prove to be cost‐effective by indicating an inverse correlation with the cost of post‐MI patients being rehospitalized for unplanned and preventable diagnoses. DESIGN AND SETTING: Cost analysis, using data from a one year randomized control clinical trial conducted in a small urban hospital in eastern Canada. An experimental post test only control group design, including the process of randomization, was used in this study. SUBJECTS: 62 people admitted with a diagnosis of a first‐time acute MI during a one‐year period with no co‐morbidity likely to affect rehabilitation. MAIN OUTCOME MEASURES: Health care costs. RESULTS: Early supportive home follow‐up reduced inpatient rehospitalization by more than half (three rehospitalizations vs seven rehospitalizations) and reduced the average length of stay (five days vs seven days). Cost analysis demonstrated that intense home follow‐up in the time immediately following patient discharge could still produce cost savings to the health care system. CONCLUSION: Intensive home follow‐up provided a cost‐effective alternative to traditional cardiac rehabilitation programs; however, a larger study is required to assess the generalizability of the results and long‐term cost effectiveness.","nk_tiab_exclude,nk_tiab_exclude","nk,nk",NA,NA,NA,NA,"sr3_nk_2870, sr3_nk_8848"
"sr3_nk_2899","Wade, Victoria","2005","Australian family physician",NA,"Depression after cardiac hospitalisation--the Identifying Depression as a Comorbid Condition (IDACC) study","BACKGROUND: The Identifying Depression as a Comorbid Condition (IDACC) study aimed to identify depressive symptoms in hospitalised cardiac patients and support management of depression in general practice. OBJECTIVE: This post hoc analysis of the IDACC trial examines the effectiveness and practicality of different forms of communication between hospital psychiatric services and general practitioners. METHODS: We randomised 669 cardiac inpatients with depressive symptoms, identified with the Center for Epidemiological Studies Depression Scale (CES‐D), to an intervention or usual care control group. Individual depression scores and depression management guidelines were sent to GPs of all intervention patients. Where possible, psychiatric advice was provided to the GP either by multidisciplinary enhanced primary care case conference or one‐to‐one telephone advice. RESULTS: Multidisciplinary case conferences were implemented for only 24% of intervention patients. General practitioners received individual telephone advice in 40% of cases, and 36% received written information only. The psychiatrist telephone advice resulted in a significant reduction in the proportion of patients with moderate to severe depression 12 months after cardiac hospitalisation (19% vs. 35%). DISCUSSION: Screening, combined with psychiatrist telephone advice to GPs, was simple to organise and effective in reducing depression severity after cardiac admission.","nk_tiab_exclude,nk_tiab_exclude","nk,nk",NA,NA,NA,NA,"sr3_nk_2899, sr3_nk_8792"
"sr3_nk_2906","Pace, Emma J","2017","Family medicine",NA,"Effects of a Brief Psychosocial Intervention on Inpatient Satisfaction: a Randomized Controlled Trial","BACKGROUND AND OBJECTIVES: Increasing attention is being paid to patients' experience of hospitalization. BATHE (a brief psychosocial intervention that addresses Background, Affect, Trouble, Handling, and Empathy) has been found to improve patients' outpatient experiences but has not yet been studied in inpatient settings. This randomized controlled trial (RCT) examined whether daily administration of BATHE would improve patients' satisfaction with their hospital experience. METHODS: BATHE is a brief psychosocial intervention designed to reduce distress and strengthen the physician‐patient relationship. In February through March 2015 and February through March 2016, 25 patients admitted to the University of Virginia Family Medicine inpatient service were randomized to usual care or to the BATHE intervention. Participants completed a baseline measure of satisfaction at enrollment. Those in the intervention group received the BATHE intervention daily for five days or until discharge. At completion, participants completed a patient satisfaction measure. RESULTS: Daily administration of BATHE had strong effects on patients' likelihood of endorsing their medical care as ""excellent."" BATHE did not improve satisfaction by making patients feel more respected, informed or attended to. Rather, effects on satisfaction were mediated by patients' perception that their physician showed ""a genuine interest in me as a person."" CONCLUSIONS: Our study suggests that patients are more satisfied with their hospitalization experience when physicians take a daily moment to check in with the patient ""as a person"" and not just as a medical patient. The brevity of the BATHE intervention indicates that this check‐in need not be lengthy or overly burdensome for the already busy inpatient physician.","nk_tiab_exclude,nk_tiab_exclude","nk,nk",NA,NA,NA,NA,"sr3_nk_2906, sr3_nk_8490"
"sr3_nk_2916","Moher, D","1992","CMAJ : Canadian Medical Association journal = journal de l'Association medicale canadienne",NA,"Effects of a medical team coordinator on length of hospital stay","OBJECTIVE: To determine the effect of a medical team coordinator (MTC) on the length of stay in a teaching hospital. DESIGN: Randomized controlled trial. SETTING: Two of four general medical clinical teaching units (CTUs). PATIENTS: Patients admitted to the CTUs between July and October 1990 except those who were admitted directly to an intensive care unit or whose death was expected within 48 hours. The 267 patients were randomly assigned to receive either standard medical care or standard medical care plus MTC services. INTERVENTION: The MTC was a baccalaureate nurse whose role was to facilitate administrative tasks such as discharge planning, to coordinate tests and procedures, and to collect and collate patient information. MAIN OUTCOME MEASURES: Length of hospital stay. A subgroup of 40 patients was asked to complete a brief survey on medical care information and satisfaction. RESULTS: The MTC intervention reduced the mean length of stay by 1.97 days (p less than or equal to 0.04, 95% confidence interval [CI] 1.02 to 2.92 days). Subanalysis by diagnostic group revealed that most of this effect was in an ill‐defined group of disorders. In the survey more patients in the MTC group than in the other group reported being satisfied with their medical care (89% v. 62%; p less than or equal to 0.05, 95% CI 2% to 52%). CONCLUSIONS: The services of an MTC help to reduce the length of hospital stay for some groups of patients. Further research is necessary to examine which components of the MTC intervention are most effective and in what conditions.","nk_tiab_exclude,nk_tiab_exclude","nk,nk",NA,NA,NA,NA,"sr3_nk_2916, sr3_nk_8910"
"sr3_nk_2947","Wiebelitz, K R","2011","Naturheilkundliche und orthopadische station are Behandlung bei chronischen Ruckenschmerzen: Eine Vergleichsstudie.",NA,"Naturopathic and orthopaedic in-patient treatment of chronic back pain--a comparison study","BACKGROUND: This study compares orthopaedic and naturopathic inpatient treatment concepts for back pain with regards to therapeutic efficacy. PATIENTS AND METHODS: A controlled prospective cohort study is presented. 187 conservatively treated patients of an orthopaedic clinic and 161 patients of a clinic for naturopathy were recruited for the study, if they needed inpatient treatment because of chronic back pain.The results were measured with the Oswestry Score for orthopaedic symptoms as primary endpoint and the SF‐36 for life quality before treatment (T0), after 3 (T2) and 6 months (T3), plus the SES for pain intensity and pain quality (T0, T1 = at discharge, T2, T3). Accompanying diseases were documented with anamnesis and catamnesis sheets. The whole collectives were evaluated. Additionally a gender specific analysis was performed. RESULTS: For the main and secondary objectives no differences between the naturopathic and orthopaedic treatment groups (screened patients with back pain for naturopathy 286, 187 for orthopedics, in the study included patients 161 respectively 140 after 2 weeks, 62 respectively 68 after 6 months; mean age 57.1 respectively 54.0 years, female 85.1 respectively 63.6%) could be verified (Oswestry Score at T0: 43.0, 95%‐confidence‐interval 39.6‐45.3; at T2: 40.7, 95%‐confidence‐interval 37.4‐44.0). Only in the subgroup of women, who account for 86% of the naturopathic patients, a difference in the main objective (Oswestry Score) was found (p = 0.014) in favour of naturopathy (T2: 32.6, 95%‐confidence‐interval 24.9‐40.2) compared to orthopedics (T2: 45.1,95%‐confidence‐interval 41.2‐49.1). CONCLUSION: Treatment results of naturopathic, complex"" inpatient treatment of chronic back pain are comparable to conventional orthopaedic treatment at all points of time T1 to T3. The study design does not allow the conclusion, that the therapeutical concept can be changed forthetwo groups of patients with the same chance of good therapeutical efficacy. The result of the study is limited in this respect as the therapeutic effect cannot be claimed to be the same if the treatment groups were exchanged. Thus the improvement is only comparable.","nk_tiab_exclude,nk_tiab_exclude","nk,nk",NA,NA,NA,NA,"sr3_nk_2947, sr3_nk_8689"
"sr3_nk_2976","White, S J","1994","Journal of the Tennessee Medical Association",NA,"Effectiveness of an inpatient geriatric service in a university hospital","OBJECTIVE: To assess the effectiveness of an acute interdisciplinary inpatient geriatric service in a university hospital. DESIGN: Prospective randomized control study. SETTING: Large urban university hospital. PATIENTS: 40 consecutive inpatients, randomized for inclusion on the geriatric service (study patients, n = 20) or to continue usual hospital care (control patients, n = 20) from among the geriatric consult population. MAIN OUTCOME MEASURES: Subjects were followed for changes in length of stay, hospital costs, diagnostic testing, pharmacy use, functional status, discharge disposition, and readmission within 30 days after hospitalization. RESULTS: Mean age of patients study 79.2 years (control 73.9 years). Sixty percent of study patients went home and 30% to nursing homes (control 20% home, 65% nursing homes) P = .03. Total length of stay mean 20.3 days study (control 32.7 days), length of stay after randomization mean 7.7 days study (control 11.2 days), mean overall hospital costs $23,906 study (control $45,189), and mean hospital costs after randomization study $4,671 (control $9,404) were not significantly different by F‐tests due to wide variability. Laboratory use was reduced with mean 4.4 tests study (control 16.9) P = .01 and mean laboratory costs $263 study (control $828) P = .02. Functional ability improved (scale 1‐7) with mean improvement study 0.8 (control 0.3) P = .09. Mean number of medications were lower in the study group by 30% P = .02; mean cost of medications at discharge was reduced with study $38 (control $112); and mean pharmacy charges after randomization decreased $462 study (control $1,268) P = .06. Readmission 30 days after discharge was not significantly different (study 21%, control 33%). CONCLUSIONS: An interdisciplinary acute geriatric service can be cost effective in providing care to elderly patients in a university hospital. It can improve outcomes measured by decreased laboratory and pharmacy usage, improved functional status, and discharge to a lesser level of care without increasing length of stay or early readmission after discharge.","nk_tiab_exclude,nk_tiab_exclude","nk,nk",NA,NA,NA,NA,"sr3_nk_2976, sr3_nk_8902"
"sr3_nk_2986","Johansson, Birgitta","2003","Hemsjukvard for aldre cancerpatienter. Utokad uppfoljning och stod i hemmet minskar behov av specialistsjukvard.",NA,"Home care for elderly cancer patients. More intensive follow-up and home services reduce the need of specialist care","The effects of intensified primary health care were examined in the ""Support‐Care‐Rehabilitation"" project conducted in Uppsala county 1993‐1997. Intensified primary health care was one part of an individual support intervention and comprised extended information about patients from the specialist clinics, and education and supervision in cancer care for GPs and home care nurses. The aim was to improve the ability of general practitioners and home care nurses to monitor and support cancer patients. A total of 485 newly diagnosed cancer patients were randomized to intensified primary health care or to a control group (standard care). The intervention group showed a marked increase in follow‐up contacts. About 90% of intensified primary health care patients reported such contacts, compared to 26% of control patients. The number of days of hospitalization at the specialist clinics for elderly patients (> or = 70 yr.) randomized to the intervention group were 393 less than for elderly controls three months after diagnosis. The conclusion is that intensified primary health care constitutes a cost‐effective strategy for enhancing co‐operation between home care, primary health care and specialist clinics.","nk_tiab_exclude,nk_tiab_exclude","nk,nk",NA,NA,NA,NA,"sr3_nk_2986, sr3_nk_8828"
"sr3_nk_310","Raya Tena, Antonia","2015","Impacto de una intervencion grupal psicoeducativa: PARA PACIENTES CON DEPRESION LEVE/MODERADA EN LAS CONSULTAS DE ATENCION PRIMARIA.",NA,"IMPACT OF A PSYCHOEDUCATIONAL GROUP INTERVENTION FOR PATIENTS WITH MILD/MODERATE DEPRESSION IN PRIMARY CARE CONSULTATIONS","OBJECTIVE: To analyze the impact of psycho‐educational groups for patients with mild/moderate depression in relation to attendance in primary care consultations, the consumption of anxiolytics and antidepressants and the number of days of temporary disability of patients who performed the intervention group versus those not performed. METHOD: Controlled, longitudinal, prospective cohorts in 13 primary care teams of Barcelona city randomized trial. 232 patients, 120 intervention group and 112 in the control group. The study variables were: sex, age, marital status, nationality, education level, employment status, consumption of anxiolytics and/or antidepressants, number of working days, depressive symptoms, quality of life, co‐morbidity and attendance in consulting physician and primary care nurse. RESULTS: 69.7% of the total sample were healthy persons frequenting the control group and intervention in the nursing represented a reduction of 2 points in the average number of visits made during the pre‐intervention year and the year after the intervention. This was not affected attendance in the control group and in visits to the family doctor. A reduction was observed in the number of casualties of those who have made thegroup intervention. CONCLUSIONS: The psychoeducational group intervention for patients with mild/moderate depression makes decrease the assistance frequency of the patients to nurse consultory. Patients who have assisted to psychoeducational group intervention tend to apply less for the medical leave.","nk_tiab_exclude,nk_tiab_exclude","nk,nk",NA,NA,NA,NA,"sr3_nk_310, sr3_nk_8563"
"sr3_nk_326","Rixe J.","2023","Deutsches Arzteblatt International","10.3238/arztebl.m2022.0384","Joint Crisis Plans and Crisis Cards in Inpatient Psychiatric Treatment—a Multicenter Randomized Controlled Trial","Background: Joint Crisis Plans (JCP) and crisis cards (CC) are both instruments designed to improve the management of future psychiatric crisis situations, but they differ, for example, in terms of resource use, legal validity, and aims. International research findings for JCP are inconsistent. Methods: From January 2018 to December 2020, a single‐blinded, two‐armed multicenter RCT was carried out, with assessments at T0 (baseline) and T1 (18 months later). The patients included had schizophrenia or schizoaffective disorder and were aged between 18 and 62 years. The primary outcome was the cumulative duration of inpatient treatment (voluntary/involuntary), and coercive measures comprised the secondary outcome. Trial registration: DRKS00013985. Results: Of the 266 study participants, 157 completed the study. In the CC group 57.8% and in the JCP group 64.9% were admitted to psychiatric hospitals between the index treatment and T1 (p = 0.367); 8.4% of the CC group and 12.2% of the JPC group were admitted against their will (p = 0.441). The cumulative treatment duration was not significantly shorter (p = 0.631) in the JPC group (mean 42.43 days, SD = 48.60) than in the CC group (50.16 days, SD = 74.16). Thus, JPCs did not achieve the expected improvement with regard to the primary endpoint. There were also no relevant differences regarding the secondary endpoint. Major effects in favor of the JCP were observed, however, in patients’ development of conficence in the treatment teams and in their active participation in the treatment procedure. Conclusion: Although the study showed no superiority of JCP over CC with regard to the primary and secondary outcomes, JCP should be used more frequently in routine practice as an intervention to support a participative approach to treatment.","nk_tiab_exclude,nk_tiab_exclude","nk,nk",NA,NA,NA,NA,"sr3_nk_326, sr3_nk_9342"
"sr3_nk_329","Anonymous","1994","BMJ (Clinical research ed.)",NA,"Integrated care for diabetes: clinical, psychosocial, and economic evaluation. Diabetes Integrated Care Evaluation Team","OBJECTIVES: To evaluate integrated care for diabetes in clinical, psychosocial, and economic terms. DESIGN: Pragmatic randomised trial. SETTING: Hospital diabetic clinic and three general practice groups in Grampian. PATIENTS: 274 adult diabetic patients attending a hospital clinic and registered with one of three general practices. INTERVENTION: Random allocation to conventional hospital clinic care or integrated care. Integrated care patients seen in general practice every three or four months and in the hospital clinic annually. General practitioners were given written guidelines for integrated care. MAIN OUTCOME MEASURES: Metabolic control, psychosocial status, knowledge of diabetes, beliefs about control of diabetes, satisfaction with treatment, disruption of normal activities, numbers of consultations and admissions, frequency of metabolic monitoring, costs to patients and NHS. RESULTS: A higher proportion of patients defaulted from conventional care (14 (10%)) than from integrated care (4 (3%), 95% confidence interval of difference 2% to 13%). After two years no significant differences were found between the groups in metabolic control, psychosocial status, knowledge, beliefs about control, satisfaction with treatment, unscheduled admissions, or disruption of normal activities. Integrated care was as effective for insulin dependent as non‐insulin dependent patients. Patients in integrated care had more visits and higher frequencies of examination. Costs to patients were lower in integrated care (mean 1.70 pounds) than in conventional care (8 pounds). 88% of patients who experienced integrated care wished to continue with it. CONCLUSIONS: This model of integrated care for diabetes was at least as effective as conventional hospital clinic care.","nk_tiab_exclude,nk_tiab_exclude","nk,nk",NA,NA,NA,NA,"sr3_nk_329, sr3_nk_8897"
"sr3_nk_40","Coleman, E A","2001","Effective clinical practice : ECP",NA,"Reducing emergency visits in older adults with chronic illness. A randomized, controlled trial of group visits","CONTEXT: Emergency department utilization by chronically ill older adults may be an important sentinel event signifying a breakdown in care coordination. A primary care group visit (i.e., several patients meeting together with the provider at the same time) may reduce fragmentation of care and subsequent emergency department utilization. OBJECTIVE: To determine whether primary care group visits reduce emergency department utilization in chronically ill older adults. DESIGN: Randomized trial conducted over a 2‐year period. SETTING: Group‐model HMO in Denver, Colorado. PATIENTS: 295 older adults (> or = 60 years of age) with frequent utilization of outpatient services and one or more chronic illnesses. INTERVENTION: Monthly group visits (generally 8 to 12 patients) with a primary care physician, nurse, and pharmacist held in 19 physician practices. Visits emphasized self‐management of chronic illness, peer support, and regular contact with the primary care team. MEASURES: Emergency department visits, hospitalizations, and primary care visits. RESULTS: On average, patients in the intervention group attended 10.6 group visits during the 2‐year study period. These patients averaged fewer emergency department visits (0.65 vs. 1.08 visits; P = 0.005) and were less likely to have any emergency department visits (34.9% vs. 52.4%; P = 0.003) than controls. These differences remained statistically significant after controlling for demographic factors, comorbid conditions, functional status, and prior utilization. Adjusted mean difference in visits was ‐0.42 visits (95% CI, ‐0.13 to ‐0.72), and adjusted RR for any emergency department visit was 0.64 (CI, 0.44 to 0.86). CONCLUSION: Monthly group visits reduce emergency department utilization for chronically ill older adults.","nk_tiab_exclude,nk_tiab_exclude,nk_tiab_exclude","nk,nk,nk",NA,NA,NA,NA,"sr3_nk_40, sr3_nk_41, sr3_nk_8855"
"sr3_nk_401","Correia, M I","2001","Nutricion hospitalaria",NA,"Risk factors for malnutrition in patients undergoing gastroenterological and hernia surgery: an analysis of 374 patients","OBJECTIVE: The aim of this study was to assess the nutritional status of 374 surgical patients with gastrointestinal disease and hernias of the abdominal wall; to identify risk factors associated with a poorer nutritional status in this group of patients and to assess awareness of the patient's nutritional status by medical teams. SUMMARY BACKGROUND DATA: Malnutrition is prevalent among surgical patients and is associated with higher surgical complication rates and mortality. The major causes of poor nutritional status are related to the underlying disease, socio‐economic factors, age, and length of hospitalization. Despite its high prevalence, medical teams often overlook malnutrition, and screening of these patients is not routine. It is of utmost importance to identify patients at risk for malnutrition in order to prevent related complications. METHODS: The 374 patients evaluated in this study were a subgroup of a larger multicenter, cross‐sectional, randomized study that was carried out in 1996. Nutritional status was assessed by using Subjective Global Assessment. RESULTS: Malnutrition was present in 55% of the patients, with 19% of the patients severely malnourished. The presence of cancer, infection, age over 60 years, upper gastrointestinal disease, and longer length of hospital stay all negatively influenced nutritional status. Despite the high prevalence of malnutrition, the medical teams only assessed the nutritional status of a few patients. CONCLUSION: Malnutrition was highly prevalent in this setting of patients. Therefore, patients with the risk factors above presented should routinely undergo nutritional screening and/or assessment in order to be able to early diagnose or prevent malnutrition and its correlated morbidity and mortality.","nk_tiab_exclude,nk_tiab_exclude","nk,nk",NA,NA,NA,NA,"sr3_nk_401, sr3_nk_8854"
"sr3_nk_416",NA,"2017",NA,"10.1093/ofid/ofx163.585","A cluster randomized controlled trial comparing early and late carbapenems de-escalation in the medicine units, maharaj nakorn chiang mai hospital","Background. The rate of carbapenems use in the institution is high despite antimicrobial stewardship is in place. The current hospital policy allows the primary care team prescribed carbapenems for the first 72 hours, the de‐escalation will occur after 72 hours once drug susceptibility available or infectious diseases specialist unapproved. We conduct this study aimed to determine rate of de‐escalation within the first 24 hours between early and late carbapenems de‐escalation. Methods. A cluster randomized control trial was conducted among patients receiving care at the medicine units of the Maharaj Nakorn Chiang Mai Hospital between June 2016 and February 2017. Patients were randomly assigned into 2 groups; early de‐escalation group where carbapenems were de‐escalated within 24 hours or no later than 72 hours of prescription by ID specialist and late de‐escalation where carbapenems were de‐escalated followed the current hospital policy. Results. A total of 104 patients were enrolled; 51 in early de‐escalation group and 53 in late de‐escalation group. The median age was 62 years (IQR 5271 years), 49 patients (79%) were male. The most common diagnosis required carbapenems empirically was bloodstream infection (43 patients, 41.3%), followed by urinary tract infection (28 patients, 26.9%), and pneumonia (20 patients, 19.2%). Carbapenems de‐escalation within 24 hours was 17 patients (33.3%) in early de‐escalation group, and 4 patients (7.6%) in late de‐escalation group (P = 0.001). The median duration of carbapenems use was 2 days (IQR 1, 6) and 4 days (IQR 3, 6) in early and late‐de‐escalation group, respectively (P = 0.017). The median cost of carbapenems per patients were 2,412 and 4,824 THB in early and late de‐escalation group, respectively (P = 0.018). The 90‐day mortality, readmission within 30 days, and length of hospital stay were not different between groups. Factor associated with de‐escalation within 24 hours was ID intervened within 24 hours or no later than 72 hours of prescription (early de‐escalation group). Conclusion. Early carbapenems de‐escalation with careful clinical integration decreased unnecessary use of carbapenems without compromised the clinical outcomes.","nk_tiab_exclude,nk_tiab_exclude","nk,nk",NA,NA,NA,NA,"sr3_nk_416, sr3_nk_421"
"sr3_nk_563","Rohde L.E.","2024","JAMA Cardiology","10.1001/jamacardio.2023.4501","Multifaceted Strategy Based on Automated Text Messaging After a Recent Heart Failure Admission: the MESSAGE-HF Randomized Clinical Trial","Importance: Readmissions after an index heart failure (HF) hospitalization are a major contemporary health care problem. Objective: To evaluate the feasibility and efficacy of an intensive telemonitoring strategy in the vulnerable period after an HF hospitalization. Design, Setting, and Participants: This randomized clinical trial was conducted in 30 HF clinics in Brazil. Patients with left ventricular ejection fraction less than 40% and access to mobile phones were enrolled up to 30 days after an HF admission. Data were collected from July 2019 to July 2022. Intervention: Participants were randomly assigned to a telemonitoring strategy or standard care. The telemonitoring group received 4 daily short message service text messages to optimize self‐care, active engagement, and early intervention. Red flags based on feedback messages triggered automatic diuretic adjustment and/or a telephone call from the health care team. Main Outcomes and Measures: The primary end point was change in N‐terminal pro‐brain natriuretic peptide (NT‐proBNP) from baseline to 180 days. A hierarchical win‐ratio analysis incorporating blindly adjudicated clinical events (cardiovascular deaths and HF hospitalization) and variation in NT‐proBNP was also performed. Results: Of 699 included patients, 460 (65.8%) were male, and the mean (SD) age was 61.2 (14.5) years. A total of 352 patients were randomly assigned to the telemonitoring strategy and 347 to standard care. Satisfaction with the telemonitoring strategy was excellent (net promoting score at 180 days, 78.5). HF self‐care increased significantly in the telemonitoring group compared with the standard care group (score difference at 30 days, ‐2.21; 95% CI, ‐3.67 to ‐0.74; P = .001; score difference at 180 days, ‐2.08; 95% CI, ‐3.59 to ‐0.57; P = .004). Variation of NT‐proBNP was similar in the telemonitoring group compared with the standard care group (telemonitoring: baseline, 2593 pg/mL; 95% CI, 2314‐2923; 180 days, 1313 pg/mL; 95% CI, 1117‐1543; standard care: baseline, 2396 pg/mL; 95% CI, 2122‐2721; 180 days, 1319 pg/mL; 95% CI, 1114‐1564; ratio of change, 0.92; 95% CI, 0.77‐1.11; P = .39). Hierarchical analysis of the composite outcome demonstrated a similar number of wins in both groups (telemonitoring, 49 883 of 122 144 comparisons [40.8%]; standard care, 48 034 of 122 144 comparisons [39.3%]; win ratio, 1.04; 95% CI, 0.86‐1.26). Conclusions and Relevance: An intensive telemonitoring strategy applied in the vulnerable period after an HF admission was feasible, well‐accepted, and increased scores of HF self‐care but did not translate to reductions in NT‐proBNP levels nor improvement in a composite hierarchical clinical outcome. Trial Registration: ClinicalTrials.gov Identifier: NCT04062461.","nk_tiab_exclude,nk_tiab_exclude","nk,nk",NA,NA,NA,NA,"sr3_nk_563, sr3_nk_9138"
"sr3_nk_6016","Ustjanauskas, Amy E.","2016","Health Promotion Practice","10.1177/1524839915616362","Training in Patient Navigation.","Despite the proliferation of patient navigation programs designed to increase timely receipt of health care, little is known about the content and delivery of patient navigation training, or best practices in this arena. The current study begins to address these gaps in understanding, as it is the first study to comprehensively review descriptions of patient navigation training in the peer-reviewed research literature. Seventy-five patient navigation efficacy studies published since 1995, identified through PubMed and by the authors, were included in this narrative review. Fifty-nine of the included studies (79%) mentioned patient navigation training, and 55 of these studies additionally provided a description of training. Most studies did not thoroughly document patient navigation training practices. Additionally, several topics integral to the role of patient navigators, as well as components of training central to successful adult learning, were not commonly described in the research literature. Descriptions of training also varied widely across studies in terms of duration, location, format, learning strategies employed, occupation of trainer, and content. These findings demonstrate the need for established standards of navigator training as well as for future research on the optimal delivery and content of patient navigation training.","nk_tiab_exclude,nk_tiab_exclude","nk,nk",NA,NA,NA,NA,"sr3_nk_6016, sr3_nk_6044"
"sr3_nk_6140","Lamina T","2024","Annals of internal medicine","10.7326/annals-24-01262","Strategies to Address Racial and Ethnic Disparities in Health and Health Care for Chronic Conditions : An Evidence Map of Research From 2017 to 2024.","BACKGROUND: Racial and ethnic disparities in health and health care persist in the United States, adversely affecting outcomes in prevention and treatment of chronic conditions among adults. PURPOSE: To map interventions aimed at reducing racial and ethnic disparities and improving health outcomes in the prevention and treatment of chronic conditions in adults. DATA SOURCES: Searches of MEDLINE, CINAHL, and Scopus from January 2017 to April 2024, supplemented with gray literature. STUDY SELECTION: U.S.-based studies of interventions targeting racial and ethnic disparities in adults with chronic conditions. DATA EXTRACTION: Information on intervention types, targets, outcomes, study designs, study settings, chronic conditions, and delivery personnel was extracted and categorized. DATA SYNTHESIS: Among 174 unique studies, 12 intervention types were identified, with self-management support and patient navigation the most common. Most interventions targeted patient behaviors; few studies addressed disparities directly or focused on underrepresented racial and ethnic marginalized groups. LIMITATIONS: The lack of standardized terminology and the underrepresentation of certain racial and ethnic groups limit the evidence base. Although the literature search accurately reflects the current state of the literature, it also limits the body of evidence by excluding health disparities research conducted before January 2017, so significant findings from earlier studies may have been overlooked. CONCLUSION: The literature highlights diverse interventions targeting health disparities, but few studies evaluated their effectiveness in reducing the health disparities gaps. There is an urgent need for research focused on underrepresented racial and ethnic groups, particularly in promising areas such as patient navigation for cancer and diabetes self-management. Future research should prioritize robust study designs to assess the long-term effect and broader applicability of interventions, thus helping organizations and stakeholders to tailor strategies to community-specific needs. PRIMARY FUNDING SOURCE: Agency for Healthcare Research and Quality.","nk_tiab_exclude,nk_tiab_exclude","nk,nk",NA,NA,NA,NA,"sr3_nk_6140, sr3_nk_6021"
"sr3_nk_65","Agius, Mark","2007","Psychiatria Danubina",NA,"Three year outcomes of an early intervention for psychosis service as compared with treatment as usual for first psychotic episodes in a standard community mental health team. Preliminary results","Forty patients who had been treated for three years in an ad‐hoc, assertive treatment team for patients who had suffered a first psychotic episode were compared to forty patients who had been followed up after a first psychotic episode in a community mental health team. All patients had suffered a first or early psychotic episode. The main differences between the two teams was that the ad‐hoc team was assertive in its approach, offered more structured psycho‐education, relapse prevention and psycho‐social interventions, and had a policy of using atypical anti‐psychotics at the lowest effective dose. There were many differences in outcome measures at the end of three years between the two groups. The EI patients are more likely to be taking medication at the end of three years. They are more compliant with medication. They are more likely to be prescribed atypical medication. The EI patients are more likely to have returned to work or education. The EI patients are more likely to remain living with their families. They are less likely to suffer depression to the extent of requiring anti‐depressants. They appear to commit less suicide attempts. The patients in the EI service also appear to be less likely to suffer relapse and re‐hospitalisation, and are less likely to have involuntary admission to hospital. They have systematic relapse prevention plans based on early warning signs. They and their families receive more psycho‐education. These indications suggest that the EI patients are at the end of three years better able to manage their illness/vulnerability on their own than the CMHT patients. More patients in the EI group stopped using illicit drugs than in the CMHT group. All the above changes were statistically significant except for the number of patients who stopped using illicit drugs. In this case it is believed that the sample size was too small to demonstrate significance. These results suggest that an ad‐hoc early intervention team is more effective than standard community mental health team in treating psychotic illness.","nk_tiab_exclude,nk_tiab_exclude","nk,nk",NA,NA,NA,NA,"sr3_nk_65, sr3_nk_8767"
"sr3_nk_6558","Sikirzhytskaya A","2024","Research square","10.21203/rs.3.rs-4750719/v1","AI-based mining of biomedical literature: Applications for drug repurposing for the treatment of dementia.","Neurodegenerative pathologies such as Alzheimer's disease, Parkinson's disease, Huntington's disease, Amyotrophic lateral sclerosis, Multiple sclerosis, HIV-associated neurocognitive disorder, and others significantly affect individuals, their families, caregivers, and healthcare systems. While there are no cures yet, researchers worldwide are actively working on the development of novel treatments that have the potential to slow disease progression, alleviate symptoms, and ultimately improve the overall health of patients. Huge volumes of new scientific information necessitate new analytical approaches for meaningful hypothesis generation. To enable the automatic analysis of biomedical data we introduced AGATHA, an effective AI-based literature mining tool that can navigate massive scientific literature databases, such as PubMed. The overarching goal of this effort is to adapt AGATHA for drug repurposing by revealing hidden connections between FDA-approved medications and a health condition of interest. Our tool converts the abstracts of peer-reviewed papers from PubMed into multidimensional space where each gene and health condition are represented by specific metrics. We implemented advanced statistical analysis to reveal distinct clusters of scientific terms within the virtual space created using AGATHA-calculated parameters for selected health conditions and genes. Partial Least Squares Discriminant Analysis was employed for categorizing and predicting samples (122 diseases and 20889 genes) fitted to specific classes. Advanced statistics were employed to build a discrimination model and extract lists of genes specific to each disease class. Here we focus on drugs that can be repurposed for dementia treatment as an outcome of neurodegenerative diseases. Therefore, we determined dementia-associated genes statistically highly ranked in other disease classes. Additionally, we report a mechanism for detecting genes common to multiple health conditions. These sets of genes were classified based on their presence in biological pathways, aiding in selecting candidates and biological processes that are exploitable with drug repurposing.","nk_tiab_exclude,nk_tiab_exclude","nk,nk",NA,NA,NA,NA,"sr3_nk_6558, sr3_nk_6604"
"sr3_nk_6658","Saltzman BM","2016","The American journal of sports medicine","10.1177/0363546515581470","Economic Analyses in Anterior Cruciate Ligament Reconstruction: A Qualitative and Systematic Review.","BACKGROUND: As the health care system in the United States (US) transitions toward value-based care, there is an increased emphasis on understanding the cost drivers and high-value procedures within orthopaedics. To date, there has been no systematic review of the economic literature on anterior cruciate ligament reconstruction (ACLR). PURPOSE: To evaluate the overall evidence base for economic studies published on ACLR in the orthopaedic literature. Data available on the economics of ACLR are summarized and cost drivers associated with the procedure are identified. STUDY DESIGN: Systematic review. METHODS: All economic studies (including US-based and non-US-based) published between inception of the MEDLINE database and October 3, 2014, were identified. Given the heterogeneity of the existing evidence base, a qualitative, descriptive approach was used to assess the collective results from the economic studies on ACLR. When applicable, comparisons were made for the following cost-related variables associated with the procedure for economic implications: outpatient versus inpatient surgery (or outpatient vs overnight hospital stay vs >1-night stay); bone-patellar tendon-bone (BPTB) graft versus hamstring (HS) graft source; autograft versus allograft source; staged unilateral ACLR versus bilateral ACLR in a single setting; single- versus double-bundle technique; ACLR versus nonoperative treatment; and other unique comparisons reported in single studies, including computer-assisted navigation surgery (CANS) versus traditional surgery, early versus delayed ACLR, single- versus double-incision technique, and finally the costs of ACLR without comparison of variables. RESULTS: A total of 24 studies were identified and included; of these, 17 included studies were cost identification studies. The remaining 7 studies were cost utility analyses that used economic models to investigate the effect of variables such as the cost of allograft tissue, fixation devices, and physical therapy, the percentage and timing of revision surgery, and the cost of revision surgery. Of the 24 studies, there were 3 studies with level 1 evidence, 8 with level 2 evidence, 6 with level 3 evidence, and 7 with level 4 evidence. The following economic comparisons were demonstrated: (1) ACLR is more cost-effective than nonoperative treatment with rehabilitation only (per 3 cost utility analyses); (2) autograft use had lower total costs than allograft use, with operating room supply costs and allograft costs most significant (per 5 cost identification studies and 1 cost utility analysis); (3) results on hamstring versus BPTB graft source are conflicting (per 2 cost identification studies); (4) there is significant cost reduction with an outpatient versus inpatient setting (per 5 studies using cost identification analyses); (5) bilateral ACLR is more cost efficient than 2 unilateral ACLRs in separate settings (per 2 cost identification studies); (6) there are lower costs with similarly successful outcomes between single- and double-bundle technique (per 3 cost identification studies and 2 cost utility analyses). CONCLUSION: Results from this review suggest that early single-bundle, single (endoscopic)-incision outpatient ACLR using either BPTB or HS autograft provides the most value. In the setting of bilateral ACL rupture, single-setting bilateral ACLR is more cost-effective than staged unilateral ACLR. Procedures using CANS technology do not yet yield results that are superior to the results of a standard surgical procedure, and CANS has substantially greater costs.","nk_tiab_exclude,nk_tiab_exclude","nk,nk",NA,NA,NA,NA,"sr3_nk_6658, sr3_nk_6659"
"sr3_nk_686",NA,"2022",NA,"10.1007/s41999-022-00711-8","A physiotherapy-led transition to home intervention for older adults following Emergency Department discharge: a pilot feasibility randomised controlled trial","Introduction: Older adults frequently attend the emergency department (ED) and experience high rates of adverse outcomes following ED presentation including functional decline, ED re‐presentation and unplanned hospital admission. Our aim was to evaluate the feasibility of a physiotherapy‐led integrated care intervention for older adults discharged from the ED (ED‐PLUS). Methods: Older adults presenting to the ED with undifferentiated medical complaints and discharged within 72 h were computer randomised in a ratio of 1:1:1 to deliver usual care, Comprehensive Geriatric Assessment (CGA) in the ED, or ED‐PLUS (Trial registration: NCT04983602). ED‐PLUS is an evidence‐based and stakeholder‐informed intervention to bridge the care transition between the ED and community by initiating a CGA in the ED and implementing a six‐week, multi‐component, self‐management programme in the patient's own home. Feasibility (recruitment and retention rates) and acceptability of the programme were assessed quantitatively and qualitatively. Functional decline was examined post‐intervention using the Barthel Index. All outcomes were assessed by a research nurse blinded to group allocation. Results: 29 participants were recruited, indicating 97% of our recruitment target. 90% of participants completed the ED‐PLUS intervention. All participants expressed positive feedback about the intervention. The incidence of functional decline at 6 weeks was 10% in the ED‐PLUS group versus 70‐89% in the usual care and CGAonly groups. Key conclusions: High adherence and retention rates were observed among participants and preliminary findings indicate a lower incidence of functional decline in the ED‐PLUS group. Recruitment challenges existed in the context of COVID‐19. Data collection is ongoing for six‐month outcomes.","nk_tiab_exclude,nk_tiab_exclude","nk,nk",NA,NA,NA,NA,"sr3_nk_686, sr3_nk_688"
"sr3_nk_730","Douglas, Sara L","2007","American journal of critical care : an official publication, American Association of Critical-Care Nurses",NA,"Chronically critically ill patients: health-related quality of life and resource use after a disease management intervention","BACKGROUND: Chronically critically ill patients often have high costs of care and poor outcomes and thus might benefit from a disease management program. OBJECTIVES: To evaluate how adding a disease management program to the usual care system affects outcomes after discharge from the hospital (mortality, health‐related quality of life, resource use) in chronically critically ill patients. METHODS: In a prospective experimental design, 335 intensive care patients who received more than 3 days of mechanical ventilation at a university medical center were recruited. For 8 weeks after discharge, advanced practice nurses provided an intervention that focused on case management and interdisciplinary communication to patients in the experimental group. RESULTS: A total of 74.0% of the patients survived and completed the study. Significant predictors of death were age (P = .001), duration of mechanical ventilation (P = .001), and history of diabetes (P = .04). The disease management program did not have a significant impact on health‐related quality of life; however, a greater percentage of patients in the experimental group than in the control group had ""improved"" physical health‐related quality of life at the end of the intervention period (P = .02). The only significant effect of the intervention was a reduction in the number of days of hospital readmission and thus a reduction in charges associated with readmission. CONCLUSION: The intervention was not associated with significant changes in any outcomes other than duration of readmission, but the supportive care coordination program could be provided without increasing overall charges.","nk_ft_exclude,nk_tiab_exclude","nk,nk",NA,NA,NA,NA,"sr3_nk_730, sr3_nk_8759"
"sr3_nk_7504","Jepma, Patricia","2022","Age & Ageing (AGE AGEING), 2105-2115. Nov2021; 50 (6): (11p)","10.1093/ageing/afab146","nurse-coordinated cardiac care bridge transitional care programme: a randomised clinical trial.","Background after hospitalisation for cardiac disease, older patients are at high risk of readmission and death. Objective the cardiac care bridge (CCB) transitional care programme evaluated the impact of combining case management, disease management and home-based cardiac rehabilitation (CR) on hospital readmission and mortality. Design single-blind, randomised clinical trial. Setting the trial was conducted in six hospitals in the Netherlands between June 2017 and March 2020. Community-based nurses and physical therapists continued care post-discharge. Subjects cardiac patients ≥ 70 years were eligible if they were at high risk of functional loss or if they had had an unplanned hospital admission in the previous 6 months. Methods the intervention group received a comprehensive geriatric assessment-based integrated care plan, a face-to-face handover with the community nurse before discharge and follow-up home visits. The community nurse collaborated with a pharmacist and participants received home-based CR from a physical therapist. The primary composite outcome was first all-cause unplanned readmission or mortality at 6 months. Results in total, 306 participants were included. Mean age was 82.4 (standard deviation 6.3), 58% had heart failure and 92% were acutely hospitalised. 67% of the intervention key-elements were delivered. The composite outcome incidence was 54.2% (83/153) in the intervention group and 47.7% (73/153) in the control group (risk differences 6.5% [95% confidence intervals, CI −4.7 to 18%], risk ratios 1.14 [95% CI 0.91–1.42], P = 0.253). The study was discontinued prematurely due to implementation activities in usual care. Conclusion in high-risk older cardiac patients, the CCB programme did not reduce hospital readmission or mortality within 6 months. Trial registration Netherlands Trial Register 6,316, https://www.trialregister.nl/trial/6169","nk_ft_exclude,nk_ft_exclude","nk,nk",NA,NA,NA,NA,"sr3_nk_7504, sr3_nk_786"
"sr3_nk_7718","Slyer, Jason T.","2019","JBI Library of Systematic Reviews 464-490. 2011; 9 (15): (27p)","10.11124/jbisrir-2011-130","A systematic review of the effectiveness of nurse coordinated transitioning of care on readmission rates for patients with heart failure.","Background Readmission rates for patients with heart failure are a major concern for hospitals worldwide. The importance of patient education and a structured care plan to ease the transition from hospital to home has been the focus of many intervention strategies to reduce readmission rates. The use of transitioning of care plans is believed to improve medication reconciliation, communication, patient education, and follow-up. To date, the evidence has not been systematically evaluated to support the effectiveness of a nurse coordinated transitioning of care for patients with heart failure in reducing readmission rates. Objective The objective of the systematic review was to identify the best available evidence on the effectiveness of nurse coordinated transitioning of care between hospital and home on hospital readmission rates for all causes in adult patients hospitalised with heart failure. Search strategy The search strategy aimed to find both published and unpublished studies in the English language from January 1975 through July 2010. A search of MEDLINE, CINAHL, PsycINFO, Healthsource Nursing/academic edition, EMBASE, the Cochrane Library, and the Joanna Briggs Institute Library of Systematic Reviews was conducted followed by a reference search of relevant studies. The initial key words searched were: heart failure, readmission, and transitional care. Inclusion criteria Randomised controlled trials that evaluated the effect of nurse coordinated transitioning of care from hospital to home in adult patients with heart failure on readmission rates were selected. The outcome was defined as hospital readmissions for all causes following an initial admission for heart failure. Data collection and analysis Studies selected for retrieval were critically evaluated by two independent reviewers for methodological validity using standardised critical appraisal instruments from the Joanna Briggs Institute Meta Analysis of Statistics Assessment and Review Instrument (JBI-MAStARI). Data were extracted and analysed using the JBI-MAStARI program. Results A total of 16 randomised controlled studies were included. Ten of the 16 studies included in the review show that a nurse led transitioning of care intervention can reduce the rate of readmission for patients with heart failure. Interventions utilising home visits, or home visits coupled with telephone follow-up, show a more favourable reduction in readmission rates. Conclusions Reduced readmissions occur when transitioning of care interventions are carried out by a heart failure trained nurse who conducts at least one home visit and follows the patient at least weekly for a minimum of 30 days post discharge with either additional home visits or telephone contact. Implications for practice This review supports the development of a nurse coordinated transitioning of care plan which will require improvements in communication, in addition to changes in health policy and payment systems that align incentives and performance measures in caring for patients with heart failure. Implications for research Future research should evaluate the effect of the intensity and duration of the transitioning of care intervention on readmission rates in a large randomised control trial on an adult population with heart failure to determine the ideal frequency and duration of the post discharge interventions.","nk_tiab_exclude,nk_tiab_exclude","nk,nk",NA,NA,NA,NA,"sr3_nk_7718, sr3_nk_8668"
"sr3_nk_7832","McLeod-Sordjan, Renee","2019","JBI Library of Systematic Reviews 437-463. 2011; 9 (14): (27p)","10.11124/jbisrir-2011-127","Effectiveness of patient-caregiver dyad discharge interventions on hospital readmissions of elderly patients with community acquired pneumonia: a systematic review.","Background The aim of discharge planning is to reduce unplanned readmission to the hospital and improve coordination of care. As the global population ages, including family caregivers in discharge planning maybe an effective strategy to improve patient outcomes and quality of care. In the United States, hospital readmission following discharge for community acquired pneumonia is a process measure utilized to evaluate discharge planning outcomes. Objectives The objective of this systematic review was to identify the effect of patient-caregiver dyad discharge learning need interventions on unexpected readmissions within thirty days of elderly patients (65 years or older) with community acquired pneumonia. Methods A systematic review of English language studies published and unpublished after 1991 on patient and caregiver learning needs related to discharge education and unplanned hospital readmission. Studies including patients aged 65 and older experiencing discharge from a hospital setting, were the primary focus. A comprehensive search of electronic databases was performed for the period of 19912010 to find relevant studies. A three-stage search process was used consisting of an initial database search, scanning of reference lists, citation searching of key papers, contact with authors via the Internet and through personal communication, keyword searching of the World Wide Web. Four authors independently undertook quality assessment and data analysis using the standardized critical appraisal and data extraction tool from the Joanna Briggs Institute Meta Analysis of Statistics Assessment and Review Instrument. Data were summarized by use of narrative methods. Main results Five studies were pertinent to the review. Direct comparisons of the studies are limited due to different methods and subject participants. We found statistically significant results that caregiver education interventions impact positively on decreasing unplanned readmissions. Two randomized control trials and one quasi-experimental study were identified that addressed a multidisciplinary discharge education intervention which included caregivers of elderly pneumonia patients. Multidisciplinary care transition intervention was associated with fewer readmissions in thirty days (odds ratio = 0.55; 95% CI 0.32-0.94; odds ratio = 0.56; 95% CI 0.24-1.31; odds ratio= 0.41; 95% CI 0.280.75). One case control study and one quasi experimental study identified lack of documented patient or family education as independently associated with unplanned readmissions within thirty days in elderly patient populations that included chronic lung disease (odds ratio = 2.3; 95% CI = 1.2-4.5: odds ratio= 0.52; 95% CI = 0.280.96).Wherein, the first of these studies calculated the rate of readmission when caregiver education is omitted whilst the second calculated readmission when an educational intervention is included. However, whilst improved readmission rates with caregiver education was unlikely due to chance, due to the difficulties in isolating caregiver education as a direct intervention, issues of homogeneity limit the generalizability of this review. Conclusions This review highlights the dearth of information on the caregiver's need for specific information on discharge and the need for future research. Implications for practice. There is little evidence that education interventions aimed at caregivers are uniformly effective in decreasing pneumonia readmission rates. The evidence suggests that a structured education intervention that includes caregivers probably brings about a small reduction in unexpected readmissions within thirty days for elderly patients with community acquired pneumonia. The specific caregiver learning needs assessment remains variable and uncertain. Implications for research. Research has been aimed at implementation of community acquired pneumonia guidelines to improve mortality and unexpected readmissions within thirty days. However, quality of discharge teaching, a key component of coordinated care, is a strong predictor of readiness for discharge and readmission rates. There is a need for quality randomized studies evaluations of the outcomes specific to patient-caregiver dyad discharge interventions.","nk_tiab_exclude,nk_tiab_exclude","nk,nk",NA,NA,NA,NA,"sr3_nk_7832, sr3_nk_8669"
"sr3_nk_789","Fitzgerald, J F","1994","Archives of internal medicine",NA,"A case manager intervention to reduce readmissions","BACKGROUND: Acute hospitalizations represent substantial financial liability to closed health care systems. Among hospitalized patients, those with repeated admissions are high‐cost users. Most managed care plans employ case management to control hospital use. This technique attempts to detect and fulfill unmet medical and social needs, intensify postdischarge care, identify and mobilize effective community services, and enhance primary care access. Despite the popularity of case management to control hospital use, few trials have examined its efficacy. METHODS: We conducted a randomized controlled trial of an intervention of case managers at a university‐affiliated Veterans Affairs medical center. Six hundred sixty‐eight patients aged 45 years or older who were discharged from the general medicine inpatient service, who had access to a telephone, and who received primary care at the hospital's clinics were randomized to the intervention (N = 333) and control (N = 335) groups. Within 24 hours of discharge, case managers mailed educational materials and access information to intervention patients, and within 5 days they called to review and resolve unmet needs, early warning signs, barriers to keeping appointments, and any readmissions. Case managers contacted intervention patients if they made no visits for 30 days. This resulted in a total of 6260 patient‐case manager contacts. Control and intervention patients were followed up for 12 months. RESULTS: Intervention patients had more frequent visits per patient per month to the general medicine clinic (0.30 +/‐ 0.23 vs 0.26 +/‐ 0.22, P = .008), but we detected no significant differences between groups in nonelective readmissions, readmission days, or total readmissions. CONCLUSIONS: Frequent contacts for education, care, and accessibility by case managers using protocols were ineffective in reducing nonelective readmissions.","nk_ft_exclude,nk_ft_exclude,original_include","nk,nk,original","1721-1729","154","15",NA,"sr3_nk_789, sr3_nk_8900, sr3_original_10"
"sr3_nk_792",NA,"2001",NA,"10.1097/00005650-200105000-00010","UPBEAT: the impact of a psychogeriatric intervention in VA medical centers","BACKGROUND. The Unified Psychogeriatric Biopsychosocial Evaluation and Treatment (UPBEAT) program provides individualized interdisciplinary mental health treatment and care coordination to elderly veterans whose comorbid depression, anxiety, or alcohol abuse may result in overuse of inpatient services and underuse of outpatient services., OBJECTIVES. To determine whether proactive screening of hospitalized patients can identify unrecognized comorbid psychiatric conditions and whether comprehensive assessment and psychogeriatric intervention can improve care while reducing inpatient use., DESIGN. Randomized trial., SUBJECTS. Veterans aged 60 and older hospitalized for nonpsychiatric medical or surgical treatment in 9 VA sites (UPBEAT, 814; usual care, 873)., MEASURES. The Mental Health Inventory (MHI) anxiety and depression subscales, the Alcohol Use Disorder Identification Test (AUDIT) scores, RAND 36‐Item Health Survey Short Form (SF‐36), inpatient days and costs, ambulatory care clinic stops and costs, and mortality and readmission rates., RESULTS. Mental health and general health status scores improved equally from baseline to 12‐month follow‐up in both groups. UPBEAT increased outpatient costs by $1,171 (P less than 0.001) per patient, but lowered inpatient costs by $3,027 (P = 0.017), for an overall savings of $1,856 (P = 0.156). Inpatient savings were attributable to fewer bed days of care (3.30 days; P = 0.016) rather than fewer admissions. Patients with 1 or more pre‐enrollment and postenrollment hospitalizations had the greatest overall savings ($6,015; P = 0.069)., CONCLUSIONS. UPBEAT appears to accelerate the transition from inpatient to outpatient care for acute nonpsychiatric admissions. Care coordination and increased access to ambulatory psychiatric services produces similar improvement in mental health and general health status as usual care","nk_tiab_exclude,nk_tiab_exclude","nk,nk",NA,NA,NA,NA,"sr3_nk_792, sr3_nk_790"
"sr3_nk_8091","Testa, Alexander","2025","medRxiv : the preprint server for health sciences","10.1101/2025.05.18.25327870","Protocol for the Houston Hospital-Based Violence Intervention Program.","Firearm violence is a leading cause of injury and mortality in the United States. Hospital-based violence intervention programs (HVIPs) are a promising public health strategy designed to reduce recurrent violence by engaging patients during hospitalization and connecting them to support services after discharge. This protocol describes the design and implementation of the Houston Hospital-Based Violence Intervention Program (Houston-HVIP), which will be evaluated by a randomized controlled trial conducted at a Level 1 trauma center in Houston, Texas. The study plans to enroll individuals aged 16 to 35 who present with gunshot wounds (GSW) at the Level 1 trauma center. Participants are randomized to either a treatment group receiving six months of intensive case management with direct referrals to social services or a control group receiving usual care, which involves indirect referral and limited case management. The primary outcome is a composite measure of an individual's exposure to firearm violence via (a) self-report, (b) hospital admission records, and (c) mortality records. Secondary outcomes measured at the individual level assess violent reinjury, attitudes toward violence, post-traumatic stress, aggression, and self-rated health. Outcomes are assessed at baseline and 3-, 6-, 9-, and 12-months post-enrollment. The study will enroll 274 participants and include both quantitative and qualitative assessments to evaluate program impact and participant experience. This protocol aims to contribute to the design and implementation of HVIPs in large Level 1 trauma centers.","nk_tiab_exclude,nk_tiab_exclude","nk,nk",NA,NA,NA,NA,"sr3_nk_8091, sr3_nk_8139"
"sr3_nk_8157","Penm, Jonathan","2025","BMJ open","10.1136/bmjopen-2025-100588","Timely post-discharge medication reviews to Improve Continuity-the Transitions Of Care stewardship (TIC TOC) study in rural and regional Australia: a parallel-group randomised controlled trial study protocol.","INTRODUCTION: Transition of care from hospital is a period when the risks of medication errors and adverse events are high, with 50% of adults discharged having at least one medication-related problem. Pharmacist-led medication reviews can reduce medication errors and unplanned readmission when completed promptly post-discharge; however, they are underutilised. A Transition of Care Stewardship pharmacist has been proposed to facilitate and coordinate a patient's discharge process and facilitate a timely post-discharge medication review. Access to pharmacist medication review in rural and regional areas can be limited. This protocol describes a randomised controlled trial (RCT) to determine whether a virtual Transition of Care Stewardship pharmacist reduces medication-related harm in rural and regional Australia., METHOD AND ANALYSIS: Multicentre RCT involving patients at high risk of medication-related harm discharged from regional and rural hospitals to a domiciliary residence. Eligible patients must be aged>=18 years, admitted under a medical specialty, be discharged to a domiciliary setting, have a regular general practitioner (GP) or be willing to visit a GP or an Aboriginal Medical Service after discharge for medical follow-up, have a Medicare card and be at high risk of readmission. High risk of readmission is defined as either a previous admission to the hospital or Emergency Department (ED) presentation in the past 6 months AND>=three regular medications OR on at least ONE high-risk medication. A total of 922 participants will be recruited into the study. Enrolled participants will be randomised to the intervention or control (usual care). The intervention will include a virtual Transition Of Care Stewardship pharmacist to ensure that patients receive discharge medication reconciliation, medication counselling, medication list and communicate directly with primary care providers to facilitate a timely post-discharge medication review. Usual care will include informing the patient's clinical inpatient treating team that the patient is at high risk of medication misadventure and may benefit from a post-discharge Home Medicines Review (a GP-referred pharmacist medication review funded by the Australian Government). Data analysis will be performed on a modified intent-to-treat basis. The primary outcome assessed is a composite of a first unplanned medication-related hospitalisation or ED presentation within 30 days of hospital discharge. Comparisons between the intervention and usual care groups for the primary outcome will be made using a mixed-effects logistic regression model, adjusting for site-level clustering as a random effect., ETHICS AND DISSEMINATION: This study is approved to be conducted at the Western New South Wales Local Health District via the Research Ethics and Governance Information System (approval number: 2023/ETH00978). To ensure the needs of Aboriginal and Torres Strait Islander patients are appropriately addressed, ethics for this study were submitted and approved by the Aboriginal Health and Medical Research Council (approval number: 2148/23). Manuscripts resulting from this trial will be submitted to peer-reviewed journals. Results may also be disseminated at scientific conferences and meetings with key stakeholders., TRIAL REGISTRATION NUMBER: ACTRN12623000727640. Copyright © Author(s) (or their employer(s)) 2025. Re-use permitted under CC BY-NC. No commercial re-use. See rights and permissions. Published by BMJ Group.","nk_tiab_exclude,nk_tiab_exclude","nk,nk",NA,NA,NA,NA,"sr3_nk_8157, sr3_nk_8980"
"sr3_nk_8206","Nattabi, Jennifer","2025","BMC women's health","10.1186/s12905-025-03631-4","Crossroads of choice: a qualitative study of the factors influencing decisions to transition from sex work among women engaged in sex work in Southern Uganda.","BACKGROUND: Women engaged in commercial sex work (WESW) are exposed to behavioral, biological, and structural factors that exacerbate their risk of HIV infection and other sexually transmitted infections. While commercial sex work may appear voluntary, WESW are more likely to be constrained to selling sex due to limited viable alternatives. To effectively support this vulnerable group of women, it is critical to understand factors that facilitate and impede their decisions to transition from sex work into other careers or jobs. The current study explored women's decision to transition from sex work into other careers or jobs., METHODS: Face-to-face semi-structured in-depth interviews were conducted with 53 WESW aged 20-47 enrolled within the larger Kyaterekera study, a randomized clinical trial (N = 542) implemented in 19 geographical hotspots in the Southern region of Uganda. Participants were selected based on their level of intervention attendance (high/medium/low attendance) during the 12-month follow-up (Time 2). The interviews were conducted in Luganda the widely spoken language in the study area to explore the factors influencing women's decisions to transition from sex work to other jobs or careers. The main interview question used for this study was, ""What are some of the factors that may influence whether you would transition from sex work to other jobs or vocations?"" All interviews were audio-recorded, transcribed verbatim, and translated into English. Thematic analysis in Dedoose software was used to analyze the data., RESULTS: Participants reported three primary types of decisions, including considering leaving sex work, deciding to leave, and staying in sex work. The emerging themes from the interviews were categorized into individual and structural level facilitators and barriers to transitioning out of sex work. Individual-level factors included issues of stigma, discrimination, and aging as factors that facilitated women's decision to leave sex work. At the interpersonal level, physical and sexual violence was noted as a reason to leave sex work. At the structural level, stigma and discrimination (from community members) were identified as facilitators to leaving sex work. Income-related factors were identified mainly as barriers to leaving sex work., CONCLUSION: Our study highlights the complex decision-making processes among WESW as they navigate transitions to alternative jobs or careers. By advocating for multifaceted interventions and policies tailored to the diverse challenges faced by WESW, our study contributes to a more informed approach to supporting their transition out of sex work. Copyright © 2025. The Author(s).","nk_tiab_exclude,nk_tiab_exclude","nk,nk",NA,NA,NA,NA,"sr3_nk_8206, sr3_nk_8100"
"sr3_nk_8268","Costa, Nathalia","2023","Pain","10.1097/j.pain.0000000000002975","""I felt uncertain about my whole future""-a qualitative investigation of people's experiences of navigating uncertainty when seeking care for their low back pain.","ABSTRACT: Uncertainty pervades low back pain (LBP). This study aimed to explore individuals' experiences of navigating uncertainty when seeking care for their LBP, with a view to better understanding the contexts in which they experience uncertainty and gaining insight into how uncertainty may be better navigated during clinical encounters. We conducted 15 semistructured interviews with people who have experienced LBP. Interviews were audio-recorded, transcribed, and analysed using reflexive thematic analysis. Analysis produced 4 themes. To reflect the unsettled nature of participants' discussions of navigating uncertainty, themes are framed as questions: (1) What will happen over time?; (2) Can clinicians help me? Are they willing to?; (3) What are clinicians talking about?; and (4) Am I being taken seriously? Participants also discussed how clinicians could better navigate these uncertainties. Suggestions included making time to (actively) listen to, and acknowledge, patients' concerns; asking open-ended questions; being honest about uncertainty; creating management plans and returning to them; challenging assumptions; remaining curious about patients' context; and providing guidance on how to manage LBP rather than simply giving certainty that symptoms will worsen, lessen, or continue. These findings indicate that many of the uncertainties individuals with LBP experience are intertwined with relational aspects of their interactions with clinicians. Clinicians therefore may need to consider these broader and relational aspects of care when navigating uncertainty with people who experience LBP, bringing attention to the importance of drawing from knowledge produced outside of the usual hierarchy of evidence (eg, systematic reviews and randomised controlled trials). Copyright © 2023 The Author(s). Published by Wolters Kluwer Health, Inc. on behalf of the International Association for the Study of Pain.","nk_tiab_exclude,nk_tiab_exclude","nk,nk",NA,NA,NA,NA,"sr3_nk_8268, sr3_nk_9379"
"sr3_nk_8323","Guan, Haiyang","2021","American journal of translational research",NA,"The influence of integrated healthcare on the nursing effect, negative emotions, and heart failure indicators in acute heart failure patients.","OBJECTIVE: To investigate the effect of integrated healthcare on the nursing of heart failure patients, as well as its influence on the negative emotions and the factors related to heart failure., METHODS: 150 patients with acute heart failure admitted to our hospital were randomly divided into two groups. The patients in the control group underwent routine care, and the patients in the research group were treated with integrated healthcare. The two groups' general information, symptom improvements, six-minute walking distances, emotional conditions, quality of life (MLHFQ scores), N-terminal brain natriuretic peptide (NT-proBNP) levels, mortality rates, rehospitalization rates, and satisfaction rates were compared., RESULTS: The time required for symptom improvement in the research group was shorter than it was in the control group (P<0.001). The patients' six-minute walking distances in the research group were longer than the distances in the control group (P<0.001). There were no differences in the emotional changes between the two groups before the nursing (P>0.05), but after the nursing, the negative emotion scores in the research group were significantly decreased when compared with the control group (P<0.001). The MLHFQ scores and the NT-proBNP levels in the research group were both lower than they were in the control group (P<0.001). No significant differences were observed between the two groups in their mortality or rehospitalization rates (P>0.05). However, the patient satisfaction rates in the research group was higher than they were in the control group (P<0.05)., CONCLUSION: As a care plan for patients with acute heart failure, the integrated healthcare plan significantly relieved the patients' anxiety and efficiently improved the patients' quality of life, an indication that integrated healthcare is worth promoting and applying clinically. AJTR Copyright © 2021.","nk_ft_exclude,nk_tiab_exclude","nk,nk",NA,NA,NA,NA,"sr3_nk_8323, sr3_nk_894"
"sr3_nk_8324","Zhang, Xin","2021","American journal of translational research",NA,"Effect of all-in-one nursing model on ICU ventilator-associated pneumonia.","OBJECTIVE: To study the effect of an all-in-one nursing model on ICU ventilator-associated pneumonia (VAP)., METHODS: A total of 100 ICU patients needing ventilator assistance who were admitted to our hospital from March 2018 to December 2019 were equally randomized into two groups by a lottery system, with 50 cases in each group. Patients in the control group received routine nursing, and patients in the experimental group received all-in-one nursing. The number of ICU VAP patients, time transferring from ICU to an ordinary ward, hospital stay, mechanical ventilation time, nursing efficiency, and the changes of blood pressure, heart rate and oxygen saturation during nursing was compared between the two groups., RESULTS: Regarding the number of cases of VAP, the length of stay in the ICU, and the length of hospital stay, and the mechanical ventilation time, the experimental group was markedly shorter than that of the control group (P<0.05). With respect to the effective rates of nursing care, the experimental group (96%) was better than the control group (80%) (P<0.05). When considering the changes of hemodynamic indexes during the nursing process, the two groups exhibited no marked difference (P>0.05). After intervention, the control group was inferior in terms of the oxygen partial pressure and carbon dioxide partial pressure compared to the experimental group (P<0.05)., CONCLUSION: All-in-one nursing can reduce the incidence of VAP in ICU patients, significantly shorten the length of ICU stay, hospital stay and mechanical ventilation time, thus improving overall nursing efficiency. AJTR Copyright © 2021.","nk_tiab_exclude,nk_tiab_exclude","nk,nk",NA,NA,NA,NA,"sr3_nk_8324, sr3_nk_9646"
"sr3_nk_833","Chong, Tsung Wei","2013","Annals of the Academy of Medicine, Singapore",NA,"Integrated care pathway for hip fractures in a subacute rehabilitation setting","INTRODUCTION: The effectiveness of integrated care pathways for hip fractures in subacute rehabilitation settings is not known. The study objective was to assess if a hip fracture integrated care pathway at a subacute rehabilitation facility would result in better functional outcomes, shorter length of stay and fewer institutionalisations. MATERIALS AND METHODS: A randomised controlled trial on an integrated care pathway for hip fracture patients in a subacute rehabilitation setting. Modified Barthel Index, ambulatory status, SF‐12, length of stay, discharge destination, hospital readmission and mortality were measured. Followup assessments were up to 1 year post‐hip fracture. RESULTS: There were no significant differences in Montebello Rehabilitation Factor Scores and proportions achieving premorbid ambulatory status at discharge, 6 months and 12 months respectively. There was a significant reduction in the median length of stay between the control group at 48.0 days and the intervention group at 35.0 days (P = 0.009). The proportion of readmissions to acute hospitals was similar in both groups up to 1 year. There were no significant differences for nursing home stay up to 1 year post‐discharge and mortality at 1 year. CONCLUSION: Our study supports the use of integrated care pathways in subacute rehabilitation settings to reduce length of stay whilst achieving the same functional gains.","nk_tiab_exclude,nk_tiab_exclude","nk,nk",NA,NA,NA,NA,"sr3_nk_833, sr3_nk_8618"
"sr3_nk_8347","Ng, T S","2022","The Medical journal of Malaysia",NA,"Hospital healthcare utilisation among older adults admitted to a university hospital in the last months of life: A retrospective observational study.","INTRODUCTION: Health needs increase in older age. This translates into higher healthcare utilisation and expenditure compared to any other age group. Much of this is driven by frailty and multimorbidity. Many older people spend their last days in hospital. The aim of this study was to explore the utilisation of healthcare services among older adults admitted to a university hospital in the last 6 months of life., MATERIALS AND METHODS: Patients aged 70 years and over who died on medical wards of a university hospital in 2019 were included based on a stratified sampling approach using three categories. The categories were which medical ward the patient was admitted under, ICD-10 reported cause of death, and gender. The proportion of patients distributed across all three categories was calculated and 200 patients out of 472 deaths in that year were randomly selected to ensure mirrored proportion distributed across these three categories. Data on demographics and healthcare utilisation were collected. Healthcare utilisation parameters included clinical encounters, radiological investigations, and medical procedures undergone., RESULTS: The median age was 83 years with more women (51%) than men. Septicaemia was the commonest cause of death (24.5%), followed by pulmonary disease (21.0%), and cardiovascular disease (19.5%). In the last 6 months before death, median inpatient stay was 9 days. The median number of Emergency Department and outpatient attendance was one episode, respectively, and number of radiology was four investigations. Over one-third of patients had multiple hospital admission. During the terminal admission, the median inpatient stay was 6 days. 45% had a nasogastric tube in-situ. Antibiotics used during the last 24 hours of life and polypharmacy (>=5 medications) were high at 74.5% and 82.5%, respectively. 7% of patients received cardiopulmonary resuscitation., CONCLUSION: This study has provided descriptive evidence of hospital care delivered in the last months of life. The majority had contact with a healthcare team prior to their terminal admission. Many during their terminal admission had healthcare procedures, investigations, antibiotics, and issues of polypharmacy during this time. With an aging population, how care is organised and delivered is important in promoting good care in their later years.","nk_tiab_exclude,nk_tiab_exclude","nk,nk",NA,NA,NA,NA,"sr3_nk_8347, sr3_nk_9424"
"sr3_nk_8407","Puntis, Stephen","2020","The Cochrane database of systematic reviews","10.1002/14651858.cd013287.pub2","Specialised early intervention teams (extended time) for recent-onset psychosis.","BACKGROUND: Psychosis is an illness characterised by the presence of hallucinations and delusions that can cause distress or a marked change in an individual's behaviour (e.g. social withdrawal, flat or blunted effect). A first episode of psychosis (FEP) is the first time someone experiences these symptoms that can occur at any age, but the condition is most common in late adolescence and early adulthood. This review is concerned with FEP and the early stages of a psychosis, referred to throughout this review as 'recent-onset psychosis.' Specialised early intervention (SEI) teams are community mental health teams that specifically treat people who are experiencing, or have experienced, a recent-onset psychosis. SEI teams provide a range of treatments including medication, psychotherapy, psychoeducation, educational and employment support, augmented by assertive contact with the service user and small caseloads. Treatment is time limited, usually offered for two to three years, after which service users are either discharged to primary care or transferred to a standard adult community mental health team. Evidence suggests that once SEI treatment ends, improvements may not be sustained, bringing uncertainty about the optimal duration of SEI to ensure the best long-term outcomes. Extending SEI has been proposed as a way of providing continued intensive treatment and continuity of care, of usually up to five years, in order to a) sustain the positive initial outcomes of SEI; and b) improve the long-term trajectory of the illness., OBJECTIVES: To compare extended SEI teams with treatment as usual (TAU) for people with recent-onset psychosis. To compare extended SEI teams with standard SEI teams followed by TAU (standard SEI + TAU) for people with recent-onset psychosis., SEARCH METHODS: On 3 October 2018 and 22 October 2019, we searched Cochrane Schizophrenia's study-based register of trials, including registries of clinical trials., SELECTION CRITERIA: We selected all randomised controlled trials (RCTs) comparing extended SEI with TAU for people with recent-onset psychosis and all RCTs comparing extended SEI with standard SEI + TAU for people with recent-onset psychosis. We entered trials meeting these criteria and reporting usable data as included studies., DATA COLLECTION AND ANALYSIS: We independently inspected citations, selected studies, extracted data and appraised study quality. For binary outcomes we calculated the risk ratios (RRs) and their 95% confidence intervals (CIs). For continuous outcomes we calculated the mean difference (MD) and their 95% CIs, or if assessment measures differed for the same construct, we calculated the standardised mean difference (SMD) with 95% CIs. We assessed risk of bias for included studies and created a 'Summary of findings' table using the GRADE approach., MAIN RESULTS: We included three RCTs, with a total 780 participants, aged 16 to 35 years. All participants met the criteria for schizophrenia spectrum disorders or affective psychoses. No trials compared extended SEI with TAU. All three trials randomly allocated people approximately two years into standard SEI to either extended SEI or standard SEI + TAU. The certainty of evidence for outcomes varied from low to very low. Our primary outcomes were recovery and disengagement from mental health services. No trials reported on recovery, and we used remission as a proxy. Three trials reported on remission, with the point estimate suggesting a 13% increase in remission in favour of extended SEI, but this included wide confidence intervals (CIs) and a very uncertain estimate of no benefit (RR 1.13, 95% CI 0.97 to 1.31; 3 trials, 780 participants; very low-certainty evidence). Two trials provided data on disengagement from services with evidence that extended SEI care may result in fewer disengagements from mental health treatment (15%) in comparison to standard SEI + TAU (34%) (RR 0.45, 95% CI 0.27 to 0.75; 2 trials, 380 participants; low-certainty evidence). There may be no evidence of a difference in rates of psychiatric hospital admission (RR 1.55, 95% CI 0.68 to 3.52; 1 trial, 160 participants; low-certainty evidence), or the number of days spent in a psychiatric hospital (MD -2.70, 95% CI -8.30 to 2.90; 1 trial, 400 participants; low-certainty evidence). One trial found uncertain evidence regarding lower global psychotic symptoms in extended SEI in comparison to standard SEI + TAU (MD -1.90, 95% CI -3.28 to -0.52; 1 trial, 156 participants; very low-certainty evidence). It was uncertain whether the use of extended SEI over standard SEI + TAU resulted in fewer deaths due to all-cause mortality, as so few deaths were recorded in trials (RR 0.38, 95% CI 0.09 to 1.64; 3 trials, 780 participants; low-certainty evidence). Very uncertain evidence suggests that using extended SEI instead of standard SEI + TAU may not improve global functioning (SMD 0.23, 95% CI -0.29 to 0.76; 2 trials, 560 participants; very low-certainty evidence). There was low risk of bias in all three trials for random sequence generation, allocation concealment and other biases. All three trials had high risk of bias for blinding of participants and personnel due to the nature of the intervention. For the risk of bias for blinding of outcome assessments and incomplete outcome data there was at least one trial with high or unclear risk of bias., AUTHORS' CONCLUSIONS: There may be preliminary evidence of benefit from extending SEI team care for treating people experiencing psychosis, with fewer people disengaging from mental health services. Evidence regarding other outcomes was uncertain. The certainty of evidence for the measured outcomes was low or very low. Further, suitably powered studies that use a consistent approach to outcome selection are needed, but with only one further ongoing trial, there is unlikely to be any definitive conclusion for the effectiveness of extended SEI for at least the next few years. Copyright © 2020 The Cochrane Collaboration. Published by John Wiley & Sons, Ltd.","nk_tiab_exclude,nk_tiab_exclude","nk,nk",NA,NA,NA,NA,"sr3_nk_8407, sr3_nk_8408"
"sr3_nk_8437","Hodgkin, Dominic","2019","The journal of mental health policy and economics",NA,"Cost Savings from a Navigator Intervention for Repeat Detoxification Clients.","BACKGROUND: Many clients with substance use disorders (SUD) have multiple admissions to a 24-hour level of care for detoxification without ever progressing to SUD treatment. In the US, health insurers have become concerned about the high costs and ineffective results of repeat detox admissions. For other diseases, health systems increasingly target high-risk, high-cost patients with individually tailored interventions delivered by `navigators' who help patients negotiate the complex health care system. Patient incentives are another increasingly common intervention., AIMS OF THE STUDY: (i) To examine how health care spending was affected by an intervention intended to improve entry to SUD treatment among clients who had multiple detox admissions. (ii) To see whether spending effects, overall and by type of service, differed by intervention arm. (iii) To assess whether the intervention resulted in net savings from the payer perspective, after subtracting implementation costs., METHODS: The intervention was implemented in a segment of the Massachusetts Medicaid population, and used Recovery Support Navigators (RSNs) who were trained to effectively engage and connect clients with SUD to follow-up care and community resources. Services were funded using a flat daily rate per client. Additionally, in one of the two intervention arms, clients were offered successive incentive payments for meeting pre-specified milestones to reinforce recovery-oriented behaviors. For this paper, multivariate analyses of claims and administrative data were used to measure the intervention's effect on health care spending, and to estimate net savings to the payer., RESULTS: Health care spending grew 1.6 percentage points more slowly for intervention-enrolled members than for others, implying gross savings of $68 per member per month. After subtracting intervention-related costs, net savings were estimated at $57 per member per month. The intervention was also associated with shifts in the health care service mix from more to less acute settings., DISCUSSION: While the results for total spending did not reach statistical significance, they suggest some potential for insurers to reduce the health care costs associated with repeat detox utilization by using a navigator-based intervention. Analyses reported elsewhere found that this intervention had favorable effects on rates of initiation of SUD treatment. Limitations of the study include the fact that neither subjects nor sites were randomized between study groups; lack of data on crime or productivity outcomes; low participant use of RSN services; and a policy change which altered the participant pool and truncated follow-up for some., IMPLICATIONS FOR HEALTH CARE PROVISION AND USE: These results suggest some potential for payers to reduce the health care costs associated with repeat detox by using a navigator-based intervention. To the extent that this results in shifting resources from repeat detox to actual treatment, the result should provide longer term benefit to the population coping with SUD., IMPLICATIONS FOR HEALTH POLICY: These results may encourage Medicaid and other payers to further experiment with similar interventions using navigators to decrease health care costs and improved the lives of SUD patients., IMPLICATIONS FOR FURTHER RESEARCH: It could be informative to test similar navigator interventions for detox patients in other settings where enrollment periods are longer.","nk_tiab_exclude,nk_tiab_exclude","nk,nk",NA,NA,NA,NA,"sr3_nk_8437, sr3_nk_9798"
"sr3_nk_8489","Kearns, Patrick","2017","Managed care (Langhorne, Pa.)",NA,"Diabetes Care Management Teams Did Not Reduce Utilization When Compared With Traditional Care: A Randomized Cluster Trial.","PURPOSE : Health services research evaluates redesign models for primary care. Care management is one alternative. Evaluation includes resource utilization as a criterion. Compare the impact of care-manager teams on resource utilization. The comparison includes entire panes of patients and the subset of patients with diabetes. DESIGN: Randomized, prospective, cohort study comparing change in utilization rates between groups, pre- and post-intervention. METHODOLOGY: Ten primary care physician panels in a safety-net setting. Ten physicians were randomized to either a care-management approach (Group 1) or a traditional approach (Group 2). Care managers focused on diabetes and the cardiovascular cluster of diseases. Analysis compared rates of hospitalization, 30-day readmission, emergency room visits, and urgent care visits. Analysis compared baseline rates to annual rates after a yearlong run-in for entire panels and the subset of patients with diabetes. RESULTS: Resource utilization showed no statistically significant change between baseline and Year 3 (P=.79). Emergency room visits and hospital readmission increased for both groups (P=.90), while hospital admissions and urgent care visits decreased (P=.73). Similarly, utilization was not significantly different for patients with diabetes (P=.69). CONCLUSIONS: A care-management team approach failed to improve resource utilization rates by entire panels and the subset of diabetic patients compared to traditional care. This reinforces the need for further evidentiary support for the care-management model's hypothesis in the safety net.","nk_ft_exclude,nk_ft_exclude","nk,nk",NA,NA,NA,NA,"sr3_nk_8489, sr3_nk_86"
"sr3_nk_8520","Oyanguren, Juana","2016","Revista espanola de cardiologia (English ed.)","10.1016/j.rec.2016.05.012","Effectiveness and Factors Determining the Success of Management Programs for Patients With Heart Failure: A Systematic Review and Meta-analysis.","INTRODUCTION AND OBJECTIVES: Heart failure management programs reduce hospitalizations. Some studies also show reduced mortality. The determinants of program success are unknown. The aim of the present study was to update our understanding of the reductions in mortality and readmissions produced by these programs, elucidate their components, and identify the factors determining program success., METHODS: Systematic literature review (1990-2014; PubMed, EMBASE, CINAHL, Cochrane Library) and manual search of relevant journals. The studies were selected by 3 independent reviewers. Methodological quality was evaluated in a blinded manner by an external researcher (Jadad scale). These results were pooled using random effects models. Heterogeneity was evaluated with the I2 statistic, and its explanatory factors were determined using metaregression analysis., RESULTS: Of the 3914 studies identified, 66 randomized controlled clinical trials were selected (18 countries, 13 535 patients). We determined the relative risks to be 0.88 for death (95% confidence interval [95%CI], 0.81-0.96; P < .002; I2, 6.1%), 0.92 for all-cause readmissions (95%CI, 0.86-0.98; P < .011; I2, 58.7%), and 0.80 for heart failure readmissions (95%CI, 0.71-0.90; P < .0001; I2, 52.7%). Factors associated with program success were implementation after 2001, program location outside the United States, greater baseline use of angiotensin-converting enzyme inhibitors/angiotensin receptor blockers, a higher number of intervention team members and components, specialized heart failure cardiologists and nurses, protocol-driven education and its assessment, self-monitoring of signs and symptoms, detection of deterioration, flexible diuretic regimen, early care-seeking among patients and prompt health care response, psychosocial intervention, professional coordination, and program duration., CONCLUSIONS: We confirm the reductions in mortality and readmissions with heart failure management programs. Their success is associated with various structural and intervention variables. Copyright © 2016 Sociedad Espanola de Cardiologia. Published by Elsevier Espana, S.L.U. All rights reserved.","nk_tiab_exclude,nk_tiab_exclude","nk,nk",NA,NA,NA,NA,"sr3_nk_8520, sr3_nk_10044"
"sr3_nk_8547","Edgren, Gustaf","2016",">>Aktiv halsostyrning<< kan ge utsatta patienter stod - Ny modell for prevention av oplanerad sjukvard.",NA,"[""Active health management"" can provide support for vulnerable patients. New model for the prevention of unplanned healthcare].","A small group of frequent emergency department visitors account for a disproportionally large fraction of health care consumption, including unplanned hospitalizations and overall healthcare costs. In response, case and disease management programs aimed at reducing health care consumption in this group have been tested, however results vary widely. In this study, we aimed to investigate if a telephone-based, nurse led case management intervention can reduce health care consumption for frequent emergency department visitors in a large-scale set-up. A total of 12,181 frequent emergency department users in three counties in Sweden were randomized either using Zelen's design or a traditional randomized design to receive a nurse led case management intervention or no intervention. Patients were followed for health care consumption for up to 2 years. The results of the study with traditional design showed an overall 12% (95% confidence interval [CI], 4-19%) decreased rate of hospitalization, which was mostly driven by effects among patients included in the last year. Similar results were achieved in the Zelen studies, with significant reduction of hospitalization, again in the last year, but mixed results in the early development of the project. Our study provides evidence that a carefully designed telephone-based intervention with accurate and systematic patient selection and appropriate staff training in a centralized set-up can lead to significant decreases in health care consumption and costs. However, we also demonstrate that the effects are sensitive to the delivery model chosen.","nk_ft_include,nk_ft_include","nk,nk",NA,NA,NA,NA,"sr3_nk_8547, sr3_nk_949"
"sr3_nk_858","Zhang, M","1994","The British journal of psychiatry. Supplement",NA,"Randomised-control trial of family intervention for 78 first-episode male schizophrenic patients. An 18-month study in Suzhou, Jiangsu","At the time of discharge from their first stay in psychiatric hospital, 78 male schizophrenic patients were randomly assigned to a family intervention (experimental) group or a 'standard care' control group and were followed for the next 18 months. The family intervention consisted of both group and individual counselling sessions every 1‐3 months that focused on education about the illness and on methods of dealing with the patient. There was a significantly lower rate of hospital readmission in the family intervention group than in the control group (15.4% versus 53.8%, chi 2 = 12.75, P < 0.01), and the mean hospital‐free period for those who were readmitted was significantly longer in the experimental group than in the control group (245 days versus 130 days, t = 2.91, P < 0.01). Moreover, the clinical status and overall level of functioning in patients who were not readmitted were significantly better in experimental subjects than in control subjects. Stratified analysis showed that family intervention and regular use of medication had independent and additive effects on the outcome. During the 18 months after the index discharge patients who did not take medication regularly and who did not receive family intervention were 7.9 times as likely to be readmitted to hospital as patients who took medication regularly and received family intervention.","nk_tiab_exclude,nk_tiab_exclude","nk,nk",NA,NA,NA,NA,"sr3_nk_858, sr3_nk_8903"
"sr3_nk_8622","Anonymous","2013","Ontario health technology assessment series",NA,"Electronic tools for health information exchange: an evidence-based analysis.","BACKGROUND: As patients experience transitions in care, there is a need to share information between care providers in an accurate and timely manner. With the push towards electronic medical records and other electronic tools (eTools) (and away from paper-based health records) for health information exchange, there remains uncertainty around the impact of eTools as a form of communication., OBJECTIVE: To examine the impact of eTools for health information exchange in the context of care coordination for individuals with chronic disease in the community., DATA SOURCES: A literature search was performed on April 26, 2012, using OVID MEDLINE, OVID MEDLINE In-Process and Other Non-Indexed Citations, OVID EMBASE, EBSCO Cumulative Index to Nursing & Allied Health Literature (CINAHL), the Wiley Cochrane Library, and the Centre for Reviews and Dissemination database, for studies published until April 26, 2012 (no start date limit was applied)., REVIEW METHODS: A systematic literature search was conducted, and meta-analysis conducted where appropriate. Outcomes of interest fell into 4 categories: health services utilization, disease-specific clinical outcomes, process-of-care indicators, and measures of efficiency. The quality of the evidence was assessed individually for each outcome. Expert panels were assembled for stakeholder engagement and contextualization., RESULTS: Eleven articles were identified (4 randomized controlled trials and 7 observational studies). There was moderate quality evidence of a reduction in hospitalizations, hospital length of stay, and emergency department visits following the implementation of an electronically generated laboratory report with recommendations based on clinical guidelines. The evidence showed no difference in disease-specific outcomes; there was no evidence of a positive impact on process-of-care indicators or measures of efficiency., LIMITATIONS: A limited body of research specifically examined eTools for health information exchange in the population and setting of interest. This evidence included a combination of study designs and was further limited by heterogeneity in individual technologies and settings in which they were implemented., CONCLUSIONS: There is evidence that the right eTools in the right environment and context can significantly impact health services utilization. However, the findings from this evidence-based analysis raise doubts about the ability of eTools with care-coordination capabilities to independently improve the quality of outpatient care. While eTools may be able to support and sustain processes, inefficiencies embedded in the health care system may require more than automation alone to resolve., PLAIN LANGUAGE SUMMARY: Patients with chronic diseases often work with many different health care providers. To ensure smooth transitions from one setting to the next, health care providers must share information and coordinate care effectively. Electronic medical records (eTools) are being used more and more to coordinate patient care, but it is not yet known whether they are more effective than paper-based health records. In this analysis, we reviewed the evidence for the use of eTools to exchange information and coordinate care for people with chronic diseases in the community. There was some evidence that eTools reduced the number of hospital and emergency department visits, as well as patients' length of stay in the hospital, but there was no evidence that eTools improved the overall quality of patient care.","nk_tiab_exclude,nk_tiab_exclude","nk,nk",NA,NA,NA,NA,"sr3_nk_8622, sr3_nk_10223"
"sr3_nk_8665","Domingo, Grace Rita R","2012","JBI library of systematic reviews","10.11124/01938924-201210180-00001","Effectiveness of structured discharge process in reducing hospital readmission of adult patients with community acquired pneumonia: A systematic review.","BACKGROUND: Hospital readmission soon after discharge is common and costly. To date, published studies of effectiveness of structured discharge process addressing reduction of hospital readmission have focused on patients with chronic conditions and complex needs, but not in adult patients with community acquired pneumonia., OBJECTIVES: To examine and synthesise the best available evidence related to effectiveness of structured discharge process in reducing hospital readmission of adult patients with community acquired pneumonia., INCLUSION CRITERIA: This review considered studies that included hospitalised adult patients diagnosed with community acquired pneumonia regardless of gender, ethnicity, severity, and co-morbidities.Structured discharge process related to early patient engagement, patient-caregiver dyad intervention, transitional care, coordinated care, and multidisciplinary team approach. The outcome measures included in this review were hospital readmission, emergency room visits, and unscheduled visits to healthcare provider.Randomised controlled trials (RCTs) and quasi-experimental studies were considered for inclusion., SEARCH STRATEGY: The search strategy aimed to find both published and unpublished studies in English language without date limits. A search of PubMed/MEDLINE, CINAHL, CINAHL Plus, EMBASE, Cochrane Central Register of Controlled Trials (CENTRAL), PsycINFO, Academic Search Premier, Health Source Nursing/Academic Edition and seven other databases was conducted., METHODOLOGICAL QUALITY: Studies were critically appraised by two independent reviewers using the Joanna Briggs Institute's standardised critical appraisal tool., DATA EXTRACTION: Data were extracted using the standardised Joanna Briggs Institute's data extraction instruments., DATA SYNTHESIS: Statistical pooling in meta-analysis was not appropriate. Findings are presented in a narrative form., RESULTS: Three articles were included in the review, two RCTs and one pseudo-randomised controlled clinical trial. Structured discharge process did not have a positive impact in reducing hospital readmission at 30, 90, and 180 days and in reducing emergency room visit at 30 days. The outcome measure of unscheduled visit to healthcare provider was not measured in any of the three studies. The incorporation of medication reconciliation with follow-up telephone calls either by an advanced practice nurse, care coordinator, or a clinical pharmacist were effective strategies in reducing hospital readmission in all three studies and in reducing emergency room visits in one of the studies., CONCLUSIONS: Medication reconciliation with the addition of follow-up telephone calls and incorporation of either an advanced practice nurse, care coordinator, or a clinical pharmacist using a multidisciplinary team approach may have implications in existing coordination of care of adult patients with community acquired pneumonia. This review recommends use of medication reconciliation with follow-up telephone calls either by an advanced practice nurse, care coordinator, or a clinical pharmacist as part of the structured discharge process in reducing hospital readmission of adult patients with community acquired pneumonia.Further research is needed in examining the effectiveness of structured discharge process in reducing hospital readmission of adult patients with community acquired pneumonia.","nk_tiab_exclude,nk_tiab_exclude","nk,nk",NA,NA,NA,NA,"sr3_nk_8665, sr3_nk_10232"
"sr3_nk_8671","Anonymous","2009","Ontario health technology assessment series",NA,"Community-based care for chronic wound management: an evidence-based analysis.","UNLABELLED: In August 2008, the Medical Advisory Secretariat (MAS) presented a vignette to the Ontario Health Technology Advisory Committee (OHTAC) on a proposed targeted health care delivery model for chronic care. The proposed model was defined as multidisciplinary, ambulatory, community-based care that bridged the gap between primary and tertiary care, and was intended for individuals with a chronic disease who were at risk of a hospital admission or emergency department visit. The goals of this care model were thought to include: the prevention of emergency department visits, a reduction in hospital admissions and re-admissions, facilitation of earlier hospital discharge, a reduction or delay in long-term care admissions, and an improvement in mortality and other disease-specific patient outcomes.OHTAC approved the development of an evidence-based assessment to determine the effectiveness of specialized community based care for the management of heart failure, Type 2 diabetes and chronic wounds.PLEASE VISIT THE MEDICAL ADVISORY SECRETARIAT WEB SITE AT: www.health.gov.on.ca/ohtas to review the following reports associated with the Specialized Multidisciplinary Community-Based care series.Specialized multidisciplinary community-based care series: a summary of evidence-based analysesCommunity-based care for the specialized management of heart failure: an evidence-based analysisCommunity-based care for chronic wound management: an evidence-based analysisPlease note that the evidence-based analysis of specialized community-based care for the management of diabetes titled: ""Community-based care for the management of type 2 diabetes: an evidence-based analysis"" has been published as part of the Diabetes Strategy Evidence Platform at this URL: http://www.health.gov.on.ca/english/providers/program/mas/tech/ohtas/tech_diabetes_20091020.htmlPLEASE VISIT THE TORONTO HEALTH ECONOMICS AND TECHNOLOGY ASSESSMENT COLLABORATIVE WEB SITE AT: http://theta.utoronto.ca/papers/MAS_CHF_Clinics_Report.pdf to review the following economic project associated with this series:Community-based Care for the specialized management of heart failure: a cost-effectiveness and budget impact analysis., OBJECTIVE: The objective of this evidence-based review is to determine the effectiveness of a multidisciplinary wound care team for the management of chronic wounds., CLINICAL NEED: CONDITION AND TARGET POPULATION Chronic wounds develop from various aetiologies including pressure, diabetes, venous pathology, and surgery. A pressure ulcer is defined as a localized injury to the skin/and or underlying tissue occurring most often over a bony prominence and caused, alone or in combination, by pressure, shear, or friction. Up to three fifths of venous leg ulcers are due to venous aetiology. Approximately 1.5 million Ontarians will sustain a pressure ulcer, 111,000 will develop a diabetic foot ulcer, and between 80,000 and 130,000 will develop a venous leg ulcer. Up to 65% of those afflicted by chronic leg ulcers report experiencing decreased quality of life, restricted mobility, anxiety, depression, and/or severe or continuous pain. MULTIDISCIPLINARY WOUND CARE TEAMS: The term 'multidisciplinary' refers to multiple disciplines on a team and 'interdisciplinary' to such a team functioning in a coordinated and collaborative manner. There is general consensus that a group of multidisciplinary professionals is necessary for optimum specialist management of chronic wounds stemming from all aetiologies. However, there is little evidence to guide the decision of which professionals might be needed form an optimal wound care team., EVIDENCE-BASED ANALYSIS METHODS:, LITERATURE SEARCH: A literature search was performed on July 7, 2009 using OVID MEDLINE, MEDLINE In-Process and Other Non-Indexed Citations, OVID EMBASE, Wiley Cochrane, Centre for Reviews and Dissemination/International Agency for Health Technology Assessment, and on July 13, 2009 using the Cumulative Index to Nursing & Allied Health Literature (CINAHL), and the International Agency for Health Technology Assessment (INAHTA) for studies pertaining to leg and foot ulcers. A similar literature search was conducted on July 29' 2009 for studies pertaining to pressure ulcers. Abstracts were reviewed by a single reviewer and, for those studies meeting the eligibility criteria, full-text articles were obtained. Reference lists were also examined for any additional relevant studies not identified through the search. Articles with an unknown eligibility were reviewed with a second clinical epidemiologist and then a group of epidemiologists until consensus was established., INCLUSION CRITERIA: Randomized controlled trials and Controlled clinical Trials (CCT)Systematic review with meta analysisPopulation includes persons with pressure ulcers (anywhere) and/or leg and foot ulcersThe intervention includes a multidisciplinary (two or more disciplines) wound care team. The control group does not receive care by a wound care teamStudies published in the English language between 2004 and 2009 EXCLUSION CRITERIA: Single centre retrospective observational studies, OUTCOMES OF INTEREST: Proportion of persons and/or wounds completely healedTime to complete healingQuality of LifePain assessment, SUMMARY OF FINDINGS: Two studies met the inclusion and exclusion criteria, one a randomized controlled trial (RCT), the other a CCT using a before and after study design. There was variation in the setting, composition of the wound care team, outcome measures, and follow up periods between the studies. In both studies, however, the wound care team members received training in wound care management and followed a wound care management protocol. In the RCT, Vu et al. reported a non-significant difference between the proportion of wounds healed in 6 months using a univariate analysis (61.7% for treatment vs. 52.5% for control; p=0.074, RR=1.19) There was also a non-significant difference in the mean time to healing in days (82 for treatment vs. 101 for control; p=0.095). More persons in the intervention group had a Brief Pain Inventory (BPI) score equal to zero (better pain control) at 6 months when compared with the control group (38.6% for intervention vs. 24.4% for control; p=0.017, RR=1.58). By multivariate analysis a statistically significant hazard ratio was reported in the intervention group (1.73, 95% CI 1.20-1.50; p=0.003). In the CCT, Harrison et al. reported a statistically significant difference in healing rates between the pre (control) and post (intervention) phases of the study. Of patients in the pre phase, 23% had healed ulcers 3 months after study enrolment, whereas 56% were healed in the post phase (P<0.001, OR=4.17) (Figure 3). Furthermore, 27% of patients were treated daily or more often in the pre phase whereas only 6% were treated at this frequency in the post phase (P<0.001), equal to a 34% relative risk reduction in frequency of daily treatments. The authors did not report the results of pain relief assessment. The body of evidence was assessed using the GRADE methodology for 4 outcomes: proportion of wounds healed, proportion of persons with healed wounds, wound associated pain relief, and proportion of persons needing daily wound treatments. In general, the evidence was found to be low to very low quality., CONCLUSION: The evidence supports that managing chronic wounds with a multidisciplinary wound care team significantly increases wound healing and reduces the severity of wound-associated pain and the required daily wound treatments compared to persons not managed by a wound care team. The quality of evidence supporting these outcomes is low to very low meaning that further research is very likely to have an important impact on our confidence in the estimate of effect and is likely to change the estimate.","nk_tiab_exclude,nk_tiab_exclude","nk,nk",NA,NA,NA,NA,"sr3_nk_8671, sr3_nk_8672"
"sr3_nk_868","Paul, S","2000","American journal of critical care : an official publication, American Association of Critical-Care Nurses",NA,"Impact of a nurse-managed heart failure clinic: a pilot study","BACKGROUND: One approach to optimize clinical and economic management of congestive heart failure is the use of multidisciplinary outpatient clinics in which advanced practice nurses coordinate care. One such clinic was developed in 1995 at a southeastern university hospital to enhance management of patients with chronic congestive heart failure. OBJECTIVES: To evaluate the effects of a multidisciplinary outpatient heart failure clinic on the clinical and economic management of patients with congestive heart failure. METHODS: Data on hospital readmissions, emergency department visits, length of stay, charges, and reimbursement from the 6 months before 15 patients joined a heart failure clinic were compared with data from the 6 months after the patients joined the clinic. RESULTS: The patients had a total of 38 hospital admissions (151 hospital days) in the 6 months before joining the clinic and 19 admissions (72 hospital days) in the 6 months afterward. The mean length of stay decreased from 4.3 days in the 6 months before joining to 3.8 days in the 6 months afterward, and the number of emergency department visits also decreased, although neither decrease was statistically significant. Mean inpatient hospital charges decreased from $10,624 per patient admission to $5893. Reimbursements were $7751 (73% collection rate) and $5138 (87% collection rate), respectively. CONCLUSIONS: Patients seemed to benefit from participation in the heart failure clinic. If a healthcare provider is available to manage early signs and symptoms of worsening heart failure, hospital readmissions may be decreased and patients' outcomes may be improved.","nk_tiab_exclude,nk_tiab_exclude","nk,nk",NA,NA,NA,NA,"sr3_nk_868, sr3_nk_8863"
"sr3_nk_8769","Kolbasovsky, Andrew","2007","Managed care interface",NA,"Predicting psychiatric emergency room recidivism.","To address the need to reduce psychiatric emergency-room (ER) recidivism and to promote continuity of care, this study developed a model using administratively obtainable variables to predict psychiatric ER visits in the six months following an index ER visit for a psychiatric condition. Data on member characteristics, preindex psychiatric ER use, index ER information, and postindex utilization for 1,029 adult HMO members visiting the ER for a psychiatric condition were collected and randomly divided in half. A regression model predicting psychiatric ER visits in the six months following the initial psychiatric ER visit was developed in the first data set and tested in the second. In both models, Medicaid insurance coverage, and preindex inpatient admissions for depression or substance abuse were identified as significant predictors of future psychiatric ER utilization. Administratively identifiable variables can be used to identify members at elevated risk of ER recidivism for psychiatric conditions. Through improved identification of risk, case management interventions can be strategically directed to members with the greatest need of services.","nk_tiab_exclude,nk_tiab_exclude","nk,nk",NA,NA,NA,NA,"sr3_nk_8769, sr3_nk_10375"
"sr3_nk_8803","Cabana, Michael D","2004","The Journal of family practice",NA,"Does continuity of care improve patient outcomes?.","OBJECTIVE: Continuity of care is a cornerstone of primary care that has been promoted by recent trends in medical education and in the way health care delivery is organized. We sought to determine the effect of sustained continuity of care (SCOC) on the quality of patient care., DATA SOURCES: We conducted a systematic review of all articles in Medline (January 1966 to January 2002), Educational Resources Information Center (ERIC), and PSYCH INFO using the terms ""continuity of care"" or ""continuity of patient care."" We identified additional titles of candidate articles by reviewing the bibliographies of articles from our original MEDLINE search, contacting experts in primary care, health care management, and health services research, and by reviewing bibliographies of textbooks of primary care and public health., STUDY SELECTION AND DATA EXTRACTION: Two investigators (MDC, SHJ) independently reviewed the full text to exclude articles that did not fulfill search criteria. Articles excluded were those that focused on physicians-in-training, on SCOC in a non-primary care setting, such as an inpatient ward, or on transitions from inpatient to the outpatient setting. We also excluded articles that did not correlate SCOC to a quality of care measure., DATA SYNTHESIS: From 5070 candidate titles, we examined the full text of 260 articles and found 18 (12 cross-sectional studies, 5 cohort studies and 1 randomized controlled trial) that fulfilled our criteria. Five studies focused on patients with chronic illness (eg, asthma, diabetes)., RESULTS: No studies documented negative effects of increased SCOC on quality of care. SCOC is associated with patient satisfaction (4 studies), decreased hospitalizations and emergency department visits (7 studies), and improved receipt of preventive services (5 studies)., CONCLUSIONS: SCOC improves quality of care, and this association is consistently documented for patients with chronic conditions. Programs to promote SCOC may best maximize impact by focusing on populations with chronic conditions.","nk_tiab_exclude,nk_tiab_exclude","nk,nk",NA,NA,NA,NA,"sr3_nk_8803, sr3_nk_10436"
"sr3_nk_8826","Huang, Jin-An","2003","Journal of the Formosan Medical Association = Taiwan yi zhi",NA,"Factors associated with frequent use of emergency services in a medical center.","BACKGROUND AND PURPOSE: Overuse of emergency department (ED) services can result in overcrowding and a substantial increase of health care cost. The purpose of this study was to characterize frequent ED users and to identify the factors associated with frequent ED use in a hospital in Taiwan., METHODS: This retrospective study used Andersen's Behavioral Model of Health Service Use as a framework. Frequent ED users (>/= 4 visits/year) and infrequent ED users (< 4 visits/ year) were selected randomly from patients visiting the adult ED of a medical center in central Taiwan from October 1, 2000 to September 30, 2001. Telephone interviews were completed for 200 frequent users and 600 infrequent users. Logistic regression analysis was performed to identify factors associated with frequent ED use., RESULTS: Frequent ED users comprised 3.5% of total ED patients, accounting for 14.3% of the ED visits. Significant factors associated with frequent ED use were: a regular source of care [odds ratio (OR), 2.79; 95% confidence interval (CI), 1.63 to 4.79], alcoholism (OR, 19.4; 95% CI, 3.84 to 98.0), high outpatient clinic use (OR, 2.66; 95% CI, 1.72 to 4.11), previous hospitalization (OR, 3.06; 95% CI, 1.94 to 4.82), chronic disease (OR, 3.07; 95% CI, 1.78 to 5.29), cancer (OR, 4.16; 95% CI, 1.29 to 13.4), gastrointestinal disease (OR, 6.28; 95% CI, 1.95 to 20.2), cardiovascular disease (OR, 8.41; 95% CI, 2.51 to 28.1), pulmonary disease (OR, 4.21; 95% CI, 1.04 to 17.1), low level of emergency (OR, 5.43; 95% CI, 3.40 to 8.68), and dissatisfaction with treatment outcome (OR, 2.62; 95% CI, 1.32 to 5.20)., CONCLUSIONS: Frequent ED users were responsible for a disproportionate number of the total ED visits. Andersen's ""need factors"" were strongly associated with frequent ED use, while the investigated predisposing factors were not significant. Most patients who visited the ED had a low level of emergency. These findings suggest that implementation of an integrated delivery system may decrease ED use.","nk_tiab_exclude,nk_tiab_exclude","nk,nk",NA,NA,NA,NA,"sr3_nk_8826, sr3_nk_10448"
"sr3_nk_8827","Smith, Robert C","2003","Journal of general internal medicine","10.1046/j.1525-1497.2003.20815.x","Treating patients with medically unexplained symptoms in primary care.","BACKGROUND: There are no proven, comprehensive treatments in primary care for patients with medically unexplained symptoms (MUS) even though these patients have high levels of psychosocial distress, medical disability, costs, and utilization. Despite extensive care, these common patients often become worse., OBJECTIVE: We sought to identify an effective, research-based treatment that can be conducted by primary care personnel., DESIGN: We used our own experiences and files, consulted with experts, and conducted an extensive review of the literature to identify two things: 1). effective treatments from randomized controlled trials for MUS patients in primary care and in specialty settings; and 2). any type of treatment study in a related area that might inform primary care treatment, for example, depression, provider-patient relationship., MAIN RESULTS: We developed a multidimensional treatment plan by integrating several areas of the literature: collaborative/stepped care, cognitive-behavioral treatment, and the provider-patient relationship. The treatment is designed for primary care personnel (physicians, physician assistants, nurse practitioners) and deployed intensively at the outset; visit intervals are progressively increased as stability and improvement occur., CONCLUSION: Providing a comprehensive treatment plan for chronic, high-utilizing MUS patients removes one barrier to treating this common problem effectively in primary care by primary care personnel.","nk_tiab_exclude,nk_tiab_exclude","nk,nk",NA,NA,NA,NA,"sr3_nk_8827, sr3_nk_998"
"sr3_nk_8831","Mitchell, Geoffrey","2002","The British journal of general practice : the journal of the Royal College of General Practitioners",NA,"Does primary medical practitioner involvement with a specialist team improve patient outcomes? A systematic review.","Patients with chronic or complex medical or psychiatric conditions are treated by many practioners, including general practitioners (GPs). Formal liaison between primary and specialist is often assumed to offer benefits to patients. The aim of this study was to assess the efficacy of formal liaison of GPs with specialist service providers on patient health outcomes, by conducting a systematic review of the published literature in MEDLINE, EMBASE, PsychINFO, CINAHL and Cochrane Library databases using the following search terms: 'family physician': synonyms of 'patient care planning', 'patient discharge' and 'patient care team'; and synonyms of 'randomised controlled trials'. Seven studies were identified, involving 963 subjects and 899 controls. Most health outcomes were unchanged, although some physical and functional health outcomes were improved by formal liaison between GPs and specialist services, particularly among chronic mental illness patients. Some health outcomes worsened during the intervention. Patient retention rates within treatment programmes improved with GP involvement, as did patient satisfaction. Doctor (GP and specialist) behaviour changed with reports of more rational use of resources and diagnostic tests, improved clinical skills, more frequent use of appropriate treatment strategies, and more frequent clinical behaviours designed to detect disease complications. Cost effectiveness could not be determined. In conclusion, formal liaison between GPs and specialist services leaves most physical health outcomes unchanged, but improves functional outcomes in chronically mentally ill patients. It may confer modest long-term health benefits through improvements in patient concordance with treatment programmes and more effective clinical practice.","nk_tiab_exclude,nk_tiab_exclude","nk,nk",NA,NA,NA,NA,"sr3_nk_8831, sr3_nk_10468"
"sr3_nk_8842","Toh, S T","2002","Singapore medical journal",NA,"Prevalence of hearing disorders in Singapore military conscripts: a role for routine audiometry screening?.","AIM: To determine the prevalence of hearing disorders in Singapore military conscripts and describe the profile of hearing loss and associated risk factors., METHODS: Population-based descriptive analysis of randomised cohort of 818 Singapore military conscripts presenting for medical examination, using self-administered questionnaire and pure tone audiometry performed for both ears. Main outcome measures are prevalence rate of hearing loss and relative risk of hearing loss by demographic factors and surrogates for noise exposure., RESULTS: Prevalence of hearing loss was 36.7 per 1,000 (95% CI 24.8, 51.9). Of 30 subjects with hearing loss, 19 (63.3%) had loss at high frequency, 7 (23.3%) at low frequency, and 4 (13.4%) in both ranges. Hearing loss was unilateral in 17 (56.7%) subjects and bilateral in 13 (43.3%). Relative risk of hearing loss did not differ by age group, education level, race or frequency of personal stereo use. Relative risk of hearing loss is higher in subjects with frequent discotheque visits compared to those who never do so (RR = 2.72, 95%CI 1.09, 6.76)., CONCLUSION: The high prevalence of hearing loss in Singapore military conscripts points to the need for routine audiometry screening prior to enlistment. This will be useful in assigning military vocations, in clinical case management, and for assessing cases of noise-induced hearing loss attributable to military service.","nk_tiab_exclude,nk_tiab_exclude","nk,nk",NA,NA,NA,NA,"sr3_nk_8842, sr3_nk_10469"
"sr3_nk_8858","Poole, P J","2001","Respirology (Carlton, Vic.)","10.1046/j.1440-1843.2001.00294.x","Case management may reduce length of hospital stay in patients with recurrent admissions for chronic obstructive pulmonary disease.","OBJECTIVES: The aim of the study was to determine whether the case management of patients with recurrent hospital admissions for chronic obstructive pulmonary disease (COPD) can reduce hospital days without reducing quality of life., METHODOLOGY: Sixteen subjects (mean forced expiratory volume in 1 second; FEV1 0.64 L) with at least four admissions for COPD in the previous 2 years were case managed by a clinical nurse specialist. Admissions and hospital bed days were recorded before and after the introduction of case management, and compared with data for 16 controls at another hospital who received usual care. Quality of life was measured serially in the case-managed group., RESULTS: In the first year of case management, the number of hospital bed days fell to eight per patient from 22 per patient in the previous year. This was mainly due to a reduction in the length of stay from 5.6 to 3.5 days. In the control group length of stay did not change. Admissions in both groups declined. Case-managed patients had a significant improvement in their quality-of-life scores., CONCLUSIONS: In a group of patients with severe COPD and recurrent admissions, case management reduced the number of days in hospital while improving the quality of life. These findings need to be confirmed in a randomized, controlled trial.","nk_tiab_exclude,original_exclude","nk,original","37-42","6","1",NA,"sr3_nk_8858, sr3_original_137"
"sr3_nk_8868","Stoppe, G","1999","Gerontopsychiatrische Behandlung im Vergleich zwischen integrierter Versorgung an einer Universitat und separierter Versorgung an einem Landeskrankenhaus. Teil 2: Diagnosen und Behandlung.",NA,"[Gerontopsychiatric treatment in comparison between integrated management at a university and separated management at a district hospital. 2: Diagnoses and treatment].","OBJECTIVE: We wanted to study differences between geriatric psychiatric patients and their management in an integrated (with other adult age groups) care in the University Psychiatric Hospital (PUK) compared to those in a separated (only according to age) care in the Psychiatric State Hospital (LKH), which together treat all psychiatric inpatients in Goettingen, Germany., METHOD: We performed standardized chart reviews of randomly selected groups of patients, who had been treated in the PUK (n = 151) and the LKH (n = 145) in the years 1991 and 1992., RESULTS: Most patients of the LKH suffered from organic brain diseases/dementia (63.4%; PUK: 29.1%). In the PUK, depression was the most frequent diagnosis (57.6%; LKH: 21.1%). A part of about 25% of the patients showed neurological deficits. Specialised diagnostics were performed mostly in the PUK. Both institutions treated the wide majority of patients with CNS drugs. Antidementia drugs were given significantly more often in the LKH. About one third of the patients were released into changed living environments., CONCLUSIONS: Patients with further progressed dementias were treated mainly in the LKH. This has consequences for diagnostics, treatment duration and side effect rate.","nk_tiab_exclude,nk_tiab_exclude","nk,nk",NA,NA,NA,NA,"sr3_nk_8868, sr3_nk_8869"
"sr3_nk_8872","Liebergall, M","1999","Clinical performance and quality health care",NA,"Preadmission screening of patients scheduled for hip and knee replacement: impact on length of stay.","OBJECTIVE: An evaluation of the impact of a social work preadmission program on length of stay (LOS) of orthopedic patients undergoing elective total hip or total knee replacement surgeries (under diagnosis-related groups [DRGs]) at the Hadassah Ein-Kerem Hospital in Jerusalem is Israel., INTERVENTION: The social work interventions included preadmission psychosocial evaluation and preliminary discharge planning, coordination of nursing and physiotherapy evaluations, ensuring completion of all medical tests prior to admission, and additional psychosocial follow-up during hospitalization to carry out the original discharge plan or prepare alternatives., PATIENTS: The intervention patients were divided into two groups in order to see changes over time: May through December 1994 (n = 48), and January through December 1995 (n = 81). The comparison groups included patients operated on at the same hospital during 1993 (n = 51) and during January through April 1994 (n = 21) and at the Hadassah Mount Scopus Hospital during the same time periods. Patients in the comparison groups received usual social work intervention, as necessary, only after hospitalization., RESULTS: Mean LOS was reduced significantly in the intervention patient groups, as compared to the preintervention patient groups in the same hospital, from 14.2 days (standard deviation [SD], 4.7) in 1993 and 14.7 (SD, 5.1) in January through April 1994 to 10.9 (SD, 3.0) in May through December 1994 and to 9.1 (SD, 2.8) in 1995 (P < .01). Length of stay also was reduced in the comparison hospital, but by 1995 was longer than in the intervention patients. No differences in LOS by gender, age, or marital status were found. Length of stay was significantly longer for those undergoing total hip replacement as compared to those undergoing total knee replacement in all the groups., CONCLUSIONS: Preadmission screening and case management by a social worker can contribute to the efforts to decrease LOS of orthopedic patients by early multidisciplinary evaluations, discharge planning, and coordination of services.","nk_tiab_exclude,nk_tiab_exclude","nk,nk",NA,NA,NA,NA,"sr3_nk_8872, sr3_nk_996"
"sr3_nk_8887","Corney, R H","1996","The British journal of general practice : the journal of the Royal College of General Practitioners",NA,"Links between mental health care professionals and general practices in England and Wales: the impact of GP fundholding.","BACKGROUND: Fundholding general practitioners are able to determine the type of contracts they place with providers of mental health care, and are able to employ some categories of mental health care professionals directly. The impact of this on the care of the mental health of patients in non-fundholding practices is not yet fully known., AIM: A survey was undertaken of 100 fundholding general practices and 100 similarly sized non-fundholding practices in order to investigate the changes in mental health provision made by general practitioners., METHODS: A sample of 100 fundholding general practices in England and Wales was randomly chosen from the list supplied by the Association of Fundholders and matched to a similarly randomly chosen sample of non-fundholding practices. Postal questionnaires were sent to the senior partner and to the practice manager in each practice., RESULTS: The number of mental health care professionals who are either employed by or attached to general practices, or who visit the general practice on a regular basis appears to have increased substantially since 1991. This increase was particularly marked in fundholding practices. The results suggest that general practitioners with specific links to particular mental health care providers were more satisfied with the service provided by the mental health care team, and more likely to increase referrals to that service in the last 2 years, than general practitioners without such links. There was little evidence to suggest that increasing the number of mental health care professionals in primary care had brought about a major reduction in referrals to psychiatrists., CONCLUSION: General practitioners, particularly fundholders, are increasing their links with mental health professionals, and community psychiatric nurses, psychiatrists, psychologists and counsellors are spending more time either based in general practice or visiting regularly. While the shift of resources to primary care, particularly to fundholders, may increase the treatment options available to patients with less severe illnesses, this may have the effect of reducing the services available for the long-term and severely mentally ill.","nk_tiab_exclude,nk_tiab_exclude","nk,nk",NA,NA,NA,NA,"sr3_nk_8887, sr3_nk_10537"
"sr3_original_117","Li CY,Lee CY,Chang Lee SN,Liao WC,Chen YJ","2013","Macau Journal of Nursing",NA,"The effectiveness of case management for patients with heart filure",NA,"original_exclude,original_exclude","original,original","35-41","12","1",NA,"sr3_original_117, sr3_original_118"
"sr3_original_71","Yu DS-F,Lee DT,Stewart S,Thompson DR,Choi KC,Yu CM","2014","European Journal of Heart Failure","10.1002/ejhf.93_4","The effects of a nurse-led empowerment-based disease management program on clinical outcomes, self-care and health-related quality of life among Chinese patients with heart failure",NA,"original_exclude,original_exclude","original,original","60","16",NA,NA,"sr3_original_71, sr3_original_173"
