"duplicate_id","author","year","journal","doi","title","label","source","pages","volume","number","abstract","isbn","record_ids"
"sr3_elicit_1","L. di Pollina, I. Guessous, Véronique Petoud, C. Combescure, B. Buchs, P. Schaller, M. Kossovsky, J. Gaspoz","2017","BMC Geriatrics","10.1186/s12877-017-0449-9","Integrated care at home reduces unnecessary hospitalizations of community-dwelling frail older adults: a prospective controlled trial","elicit_ft_include, original_exclude","elicit, original","53","17","1",NA,NA,"sr3_elicit_1, sr3_original_68"
"sr3_elicit_10","Anthony Azer, Margo Barr, George Azer, B. Harris-Roxas","2025","Australian Journal of Primary Health","10.1071/PY24018","Exploring the associative relationship between general practice engagement and hospitalisation in older carers to potentially reduce hospital burden.","elicit_tiab_exclude","elicit",NA,NA,NA,NA,NA,"sr3_elicit_10"
"sr3_elicit_100","K. McBrien, V. Nguyen, Dailys Garcia-Jorda, K. Rondeau, A. Polachek, H. Kamran, E. Lang, W. Ghali, C. Barnabe, T. Braun, P. McLane, Katrina Milaney, P. Ronksley, G. Salvalaggio, E. Spackman, K. Tang, T. Williamson, G. Fabreau","2021","Frontiers in Public Health","10.3389/fpubh.2021.605695","Connect 2 Care, a Novel Community Outreach Program for Vulnerably Housed Patients With High Acute Care Use: A Mixed-Methods Study Protocol","elicit_tiab_exclude","elicit",NA,NA,NA,NA,NA,"sr3_elicit_100"
"sr3_elicit_101","S. LaBedz, V. Prieto-Centurion, Amelia Mutso, Sanjib Basu, Nina E Bracken, Elizabeth Calhoun, R. Didomenico, Min Joo, A. Pickard, Barry Pittendrigh, Mark V. Williams, S. Illendula, J. A. Krishnan","2022","Journal of general internal medicine","10.1007/s11606-022-07461-0","Pragmatic Clinical Trial to Improve Patient Experience Among Adults During Transitions from Hospital to Home: the PArTNER study","elicit_ft_include, original_exclude","elicit, original","4103-4111","37","16",NA,NA,"sr3_elicit_101, sr3_original_111"
"sr3_elicit_102","Lyndsay Howitt, Greeshma Jacob, Giulia Zucal, Judy Smith, Rhonda Crocker Ellacott, Shirlee Sharkey","2024","Healthcare","10.3390/healthcare12181814","Navigation Support during Transitions in Care for Persons with Complex Care Needs: A Systematic Review","elicit_tiab_exclude","elicit",NA,NA,NA,NA,NA,"sr3_elicit_102"
"sr3_elicit_103","J. Pescheny, G. Randhawa, Y. Pappas","2019","European Journal of Public Health","10.1093/eurpub/ckz078","The impact of social prescribing services on service users: a systematic review of the evidence.","elicit_tiab_exclude","elicit",NA,NA,NA,NA,NA,"sr3_elicit_103"
"sr3_elicit_104","J. Tehan, A. Panayiotou, H. Baxter, P. Yates, Joanne Tropea, F. Batchelor","2018","Systematic Reviews","10.1186/s13643-018-0875-6","Is increased carer knowledge of the health care system associated with decreased preventable hospitalizations for people in the community diagnosed with dementia? A systematic review protocol","elicit_tiab_exclude","elicit",NA,NA,NA,NA,NA,"sr3_elicit_104"
"sr3_elicit_105","D. Trivedi","2016","Primary Health Care Research &amp; Development","10.1017/S1463423616000426","Cochrane Review Summary: Interventions for improving outcomes in patients with multimorbidity in primary care and community settings","elicit_tiab_exclude","elicit",NA,NA,NA,NA,NA,"sr3_elicit_105"
"sr3_elicit_106","M. Egan, S. Anderson, Janet McTaggart","2010","Topics in Stroke Rehabilitation","10.1310/tsr1703-183","Community Navigation for Stroke Survivors and Their Care Partners: Description and Evaluation","elicit_tiab_exclude","elicit",NA,NA,NA,NA,NA,"sr3_elicit_106"
"sr3_elicit_107","J. Stokes, M. Panagioti, Rahul Alam, K. Checkland, S. Cheraghi-Sohi, P. Bower","2015","PLoS ONE","10.1371/journal.pone.0132340","Effectiveness of Case Management for 'At Risk' Patients in Primary Care: A Systematic Review and Meta-Analysis","elicit_tiab_exclude","elicit",NA,NA,NA,NA,NA,"sr3_elicit_107"
"sr3_elicit_108","Helen M Corbett, W. Lim, S. Davis, Ann M Elkins","2005","Australian Health Review","10.1071/AH050043","Care coordination in the Emergency Department: improving outcomes for older patients.","elicit_tiab_exclude","elicit",NA,NA,NA,NA,NA,"sr3_elicit_108"
"sr3_elicit_109","I. Dhalla, T. O’Brien, Dante Morra, K. Thorpe, B. Wong, R. Mehta, David W Frost, H. Abrams, F. Ko, Patrick Van Rooyen, C. Bell, A. Gruneir, G. Lewis, Stacey Daub, Geoff M. Anderson, G. Hawker, P. Rochon, A. Laupacis","2014","Journal of the American Medical Association (JAMA)","10.1001/jama.2014.11492","Effect of a postdischarge virtual ward on readmission or death for high-risk patients: a randomized clinical trial.","elicit_ft_exclude","elicit",NA,NA,NA,NA,NA,"sr3_elicit_109"
"sr3_elicit_11","C. Toye, R. Moorin, S. Slatyer, S. Aoun, R. Parsons, D. Hegney, S. Maher, K. Hill","2015","BMC Geriatrics","10.1186/s12877-015-0065-5","Protocol for a randomised controlled trial of an outreach support program for family carers of older people discharged from hospital","elicit_tiab_exclude","elicit",NA,NA,NA,NA,NA,"sr3_elicit_11"
"sr3_elicit_110","J. Exley, G. Abel, José-Luis Fernández, E. Pitchforth, S. Mendonça, Miaoqing Yang, M. Roland, A. Mcguire","2019","BMJ Open","10.1136/bmjopen-2018-024220","Impact of the Southwark and Lambeth Integrated Care Older People’s Programme on hospital utilisation and costs: controlled time series and cost-consequence analysis","elicit_tiab_exclude","elicit",NA,NA,NA,NA,NA,"sr3_elicit_110"
"sr3_elicit_111","A. Huntley, R. Thomas, M. Mann, D. Huws, G. Elwyn, S. Paranjothy, S. Purdy","2013","Family Practice","10.1093/fampra/cms081","Is case management effective in reducing the risk of unplanned hospital admissions for older people? A systematic review and meta-analysis.","elicit_tiab_exclude","elicit",NA,NA,NA,NA,NA,"sr3_elicit_111"
"sr3_elicit_112","Madison Huggins","2021","Alzheimer's & Dementia","10.1002/alz.050349","Interventions for caregivers of older adults with dementia living in the community: A rapid review","elicit_tiab_exclude","elicit",NA,NA,NA,NA,NA,"sr3_elicit_112"
"sr3_elicit_113","Peter Congdon","2016","International Journal of Environmental Research and Public Health","10.3390/ijerph13090870","Assessing Impacts on Unplanned Hospitalisations of Care Quality and Access Using a Structural Equation Method: With a Case Study of Diabetes","elicit_tiab_exclude","elicit",NA,NA,NA,NA,NA,"sr3_elicit_113"
"sr3_elicit_114","Alissa Bernstein, Krista L. Harrison, Sarah Dulaney, J. Merrilees, Angela D Bowhay, Julia C Heunis, Jeff Choi, Julie E Feuer, Amy M. Clark, W. Chiong, Kirby P. Lee, Tamara L. Braley, S. Bonasera, C. Ritchie, D. Dohan, B. Miller, K. Possin","2019","Journal of Alzheimer's Disease","10.3233/JAD-180957","The Role of Care Navigators Working with People with Dementia and Their Caregivers","elicit_tiab_exclude","elicit",NA,NA,NA,NA,NA,"sr3_elicit_114"
"sr3_elicit_115","Jenni Murray, K. Baird, S. Brealey, Laura Mandefield, Gerry Richardson, Jane O’Hara, Robbie Foy, Laura Sheard, A. Cracknell, A. Palacios, Simon Walker, Edmund Breckin, L. Mirza, Ruth Baxter, Catherine Hewitt, Rebecca Lawton","2025","Age and Ageing","10.1093/ageing/afaf142","Improving the safety and experience of transitions from hospital to home: a cluster randomised controlled trial of an intervention to involve older people in their care (Your Care Needs You)","elicit_tiab_exclude","elicit",NA,NA,NA,NA,NA,"sr3_elicit_115"
"sr3_elicit_116","M. Thygesen, S. Wehberg, J. Søndergaard, K. Dieperink, Sharaf, Karim Perdawood, N. Qvist","2021",NA,NA,"Targeted Psychosocial Care throughout Full Disease Trajectories for Better Self Efficacy in Cancer Patients: Study Protocol for a Randomized Controlled Trial","elicit_ft_exclude","elicit",NA,NA,NA,NA,NA,"sr3_elicit_116"
"sr3_elicit_117","P. Scuffham, G. Mihala, Lauren Ward, A. McMurray, M. Connor","2017","BMJ Open","10.1136/bmjopen-2017-016776","Evaluation of the Gold Coast Integrated Care for patients with chronic disease or high risk of hospitalisation through a non-randomised controlled clinical trial: a pilot study protocol","elicit_tiab_exclude","elicit",NA,NA,NA,NA,NA,"sr3_elicit_117"
"sr3_elicit_118","M. Stausholm, P. H. Secher, O. Hejlesen","2020","Medical Informatics Europe","10.3233/SHTI200441","Predictors of Hospital Admissions Based on Routinely Collected Everyday Observations in a Community Care Setting","elicit_tiab_exclude","elicit",NA,NA,NA,NA,NA,"sr3_elicit_118"
"sr3_elicit_119","H. Snooks, A. Porter, M. Kingston, A. Watkins, H. Hutchings, Shirley Whitman, J. Davies, B. Evans, Kerry Bailey-Jones, Deborah Burge-Jones, J. Dale, D. Fitzsimmons, M. Heaven, Helen Howson, G. John, L. Lewis, Ceri J Philips, B. Sewell, V. Williams, I. Russell","2017","International Journal of Technology Assessment in Health Care","10.1017/S026646231700407X","VP172 Clinical Effectiveness Of A Predictive Risk Model In Primary Care","elicit_tiab_exclude","elicit",NA,NA,NA,NA,NA,"sr3_elicit_119"
"sr3_elicit_12","A. Kable, C. Hullick, K. Palazzi, C. Oldmeadow, A. Searles, R. Ling, D. Pond, Anne Fullerton, Samantha Fraser, Remia Bruce, Wendy Murdoch, J. Attia","2020","Australasian Journal on Ageing","10.1111/ajag.12877","Evaluation of a safe medication strategy intervention for people with dementia with an unplanned admission: Results from the Safe Medication Strategy Dementia Study","elicit_tiab_exclude","elicit",NA,NA,NA,NA,NA,"sr3_elicit_12"
"sr3_elicit_120","E. Terracciano, S. Gentili, O. Madaro, E. Curti, M. C. Inzerilli, L. Albanese, N. Accarino, A. Tardi, S. Orlando, F. Riccardi, L. Palombi, M. Marazzi, G. Liotta","2020","Annali di igiene : medicina preventiva e di comunita","10.7416/ai.2020.2398","The effect of community nurse on mortality and hospitalization in a group of over-75 older adults: a nested case-control study.","elicit_tiab_exclude","elicit",NA,NA,NA,NA,NA,"sr3_elicit_120"
"sr3_elicit_121","T. Bodenheimer","2015","Journal of general internal medicine","10.1007/s11606-015-3274-x","Unlicensed Health Care Personnel and Patient Outcomes","elicit_tiab_exclude","elicit",NA,NA,NA,NA,NA,"sr3_elicit_121"
"sr3_elicit_122","G. Arendts, Pamela Deans, Keith O'Brien, C. Etherton-Beer, K. Howard, G. Lewin, Moira Sim","2018","Archives of gerontology and geriatrics (Print)","10.1016/j.archger.2018.05.001","A clinical trial of nurse practitioner care in residential aged care facilities.","elicit_ft_exclude","elicit",NA,NA,NA,NA,NA,"sr3_elicit_122"
"sr3_elicit_123","G. Lewis, M. Bardsley, R. Vaithianathan, A. Steventon, T. Georghiou, J. Billings","2013",NA,NA,"Do ‘virtual wards’ reduce rates of unplanned hospital admissions, and at what cost? A research protocol using propensity matched controls","elicit_tiab_exclude","elicit",NA,NA,NA,NA,NA,"sr3_elicit_123"
"sr3_elicit_124","Annette Peart","2020",NA,"10.26180/5EA6187F47AE9","The experience of care coordination for people living with multimorbidity, and health care professionals: An interpretative phenomenological analysis","elicit_tiab_exclude","elicit",NA,NA,NA,NA,NA,"sr3_elicit_124"
"sr3_elicit_125","Igor Adelsjö, Elin C. Lehnbom, Amanda Hellström, Lina Nilsson, Maria Flink, Mirjam Ekstedt","2024","BMC Geriatrics","10.1186/s12877-024-05172-1","The impact of discharge letter content on unplanned hospital readmissions within 30 and 90 days in older adults with chronic illness – a mixed methods study","elicit_tiab_exclude","elicit",NA,NA,NA,NA,NA,"sr3_elicit_125"
"sr3_elicit_126","T. Robbins, S. L. C. Choi Keung, Sailesh Sankaranarayanan, H. Randeva, Theodoros N. Arvanitis","2019","International Journal of Integrated Care","10.5334/IJIC.S3003","Evaluating data across care boundaries: integrated care in the context of\\n multi-morbidity","elicit_tiab_exclude","elicit",NA,NA,NA,NA,NA,"sr3_elicit_126"
"sr3_elicit_127","Sobia F Ali-Faisal, T. Colella, Naomi Medina-Jaudes, Lisa Benz Scott","2017","Patient Education and Counseling","10.1016/j.pec.2016.10.014","The effectiveness of patient navigation to improve healthcare utilization outcomes: A meta-analysis of randomized controlled trials.","elicit_tiab_exclude, original_exclude","elicit, original","436-448","100","3",NA,NA,"sr3_elicit_127, sr3_original_26"
"sr3_elicit_128","J. Stokes, S. Kristensen, K. Checkland, P. Bower","2016",NA,"10.5334/ijic.2631","Effectiveness of multidisciplinary team case management: Direct and spill-over effects","elicit_tiab_exclude","elicit",NA,NA,NA,NA,NA,"sr3_elicit_128"
"sr3_elicit_129",NA,"2017",NA,NA,"Navigating the care system : feasibility and acceptability of the use of ICT to support older people with multimorbidity","elicit_tiab_exclude","elicit",NA,NA,NA,NA,NA,"sr3_elicit_129"
"sr3_elicit_13","C. Eriksen, H. Birke, Sofie A L Helding, J. Andersen, A. Frølich","2021",NA,"10.5334/IJIC.S4060","Organization of care for people with multimorbidity: a systematic review\\n of randomized controlled trials","elicit_tiab_exclude","elicit",NA,NA,NA,NA,NA,"sr3_elicit_13"
"sr3_elicit_130","K. Griswold, G. Homish, Patricia A. Pastore, K. Leonard","2010","Community mental health journal","10.1007/s10597-010-9300-x","A Randomized Trial: Are Care Navigators Effective in Connecting Patients to Primary Care after Psychiatric Crisis?","elicit_tiab_exclude, original_exclude","elicit, original","398-402","46","4",NA,NA,"sr3_elicit_130, sr3_original_102"
"sr3_elicit_131","S. Garbers, P. Peretz, E. Greca, P. Steel, J. Foster, A. Nieto, M. Arkipoff","2016",NA,"10.4172/2161-0711.1000440","Urban Patient Navigator Program Associated with Decreased Emergency Department Use, and Increased Primary Care Use, among Vulnerable Patients","elicit_tiab_exclude","elicit",NA,NA,NA,NA,NA,"sr3_elicit_131"
"sr3_elicit_132","V. Bliokas, Alex R. Hains, Jonathan A. Allan, Luise Lago, Rebecca W Sng","2019","BMC Public Health","10.1186/s12889-019-7751-8","Community-based aftercare following an emergency department presentation for attempted suicide or high risk for suicide: study protocol for a non-randomised controlled trial","elicit_tiab_exclude","elicit",NA,NA,NA,NA,NA,"sr3_elicit_132"
"sr3_elicit_133","Lillian MacNeill, S. Doucet, Pam Jarrett, S. Gionet, K. Faig, Carol Marsh, David Black, Marion Rigby, Catherine Freeze, A. Luke","2025","International Journal of Integrated Care","10.5334/ijic.icic24258","Navigating Dementia Care: An Integrated Program for People with Dementia, Care Partners, and the Care Team","elicit_tiab_exclude","elicit",NA,NA,NA,NA,NA,"sr3_elicit_133"
"sr3_elicit_134","Isabel Geiger, K. Reber, H. Darius, Alfred Holzgreve, Sebastian Karmann, S. Liersch, Anica Stürtz, Petra Riesner, L. Sundmacher","2021","Contemporary Clinical Trials","10.1016/j.cct.2021.106297","Improving care coordination for patients with cardiac disease: Study protocol of the randomised controlled new healthcare programme (Cardiolotse).","elicit_ft_exclude","elicit",NA,NA,NA,NA,NA,"sr3_elicit_134"
"sr3_elicit_135","M. Thompson, Pradeep S B Podila, C. Clay, Joy E. Sharp, Sandra Bailey-DeLeeuw, Armika J Berkley, Bobby Baker, T. Waters","2018","American Journal of Managed Care",NA,"Community navigators reduce hospital utilization in super-utilizers.","elicit_tiab_exclude","elicit",NA,NA,NA,NA,NA,"sr3_elicit_135"
"sr3_elicit_136","L. Lindpaintner, J. Gasser, Monique Sailer Schramm, Barbara Cina-Tschumi, B. Müller, J. Beer","2013","European journal of internal medicine","10.1016/j.ejim.2013.08.703","Discharge intervention pilot improves satisfaction for patients and professionals.","elicit_tiab_exclude","elicit",NA,NA,NA,NA,NA,"sr3_elicit_136"
"sr3_elicit_137","Renée O’Donnell, Melissa Savaglio, Debra Fast, A. Vincent, D. Vicary, H. Skouteris","2020","BMJ Open","10.1136/bmjopen-2020-040610","MyCare study: protocol for a controlled trial evaluating the effect of a community-based intervention on psychosocial, clinical outcomes and hospital admission rates for adults with severe mental illness","elicit_tiab_exclude","elicit",NA,NA,NA,NA,NA,"sr3_elicit_137"
"sr3_elicit_138","Cathy O’Callaghan, Elizabeth Harris, Sabuj Kanti Mistry, Mark F Harris","2025","Australian Journal of Primary Health","10.1071/PY25019","Community health navigators in Australian general practice: an implementation study.","elicit_tiab_exclude","elicit",NA,NA,NA,NA,NA,"sr3_elicit_138"
"sr3_elicit_139","M. Pantell, D. Hessler, D. Long, Maoya Alqassari, Christine Schudel, Ellen Laves, Denisse Velazquez, A. Amaya, Patricia Sweeney, Abigail Burns, Francis L Harrison, N. Adler, L. Gottlieb","2020","JAMA Network Open","10.1001/jamanetworkopen.2020.6445","Effects of In-Person Navigation to Address Family Social Needs on Child Health Care Utilization","elicit_ft_exclude, original_exclude","elicit, original","e206445","3","6",NA,NA,"sr3_elicit_139, sr3_original_131"
"sr3_elicit_14","Amy McQueen, David Von Nordheim, C. Caburnay, Linda Li, Cynthia Herrick, Lauren Grimes, Darrell J. Broussard, Rachel E. Smith, Dana Lawson, Yan Yan, Matthew W Kreuter","2024","International Journal of Environmental Research and Public Health","10.3390/ijerph21070936","A Randomized Controlled Trial Testing the Effects of a Social Needs Navigation Intervention on Health Outcomes and Healthcare Utilization among Medicaid Members with Type 2 Diabetes","elicit_ft_include, original_include","elicit, original","936","21","7",NA,NA,"sr3_elicit_14, sr3_original_15"
"sr3_elicit_140","A. Porter, Sian Morrison-Rees","2015","Emergency Medicine Journal","10.1136/EMERMED-2015-204980.13","CAN WE REDUCE EMERGENCY HOSPITAL ADMISSIONS THROUGH EFFECTIVE SOCIAL CARE FOR OLDER PEOPLE?","elicit_tiab_exclude","elicit",NA,NA,NA,NA,NA,"sr3_elicit_140"
"sr3_elicit_141","M. Naick","2018",NA,"10.1108/QAOA-12-2017-0051","Providing telecare for older adults: understanding the care navigators’ experience","elicit_tiab_exclude","elicit",NA,NA,NA,NA,NA,"sr3_elicit_141"
"sr3_elicit_142","J. McDonald, E. Comino, E. Harris, T. Bruce, N. Hansen, Deborah Donnelly, J. Page, M. Harris","2017",NA,"10.5334/IJIC.3190","Integrated care for participants attending general practice: a record linkage study based on the 45 and Up population cohort study","elicit_tiab_exclude","elicit",NA,NA,NA,NA,NA,"sr3_elicit_142"
"sr3_elicit_143","Robin Urquhart, C. Kendell, Kathryn Pfaff, Kelli Stajduhar, Linda Patrick, Carren Dujela, Sarah Scruton, Faith Fauteux, Grace Warner","2023","BMC Palliative Care","10.1186/s12904-023-01304-3","How do navigation programs address the needs of those living in the community with advanced, life-limiting Illness? A realist evaluation of programs in Canada","elicit_tiab_exclude","elicit",NA,NA,NA,NA,NA,"sr3_elicit_143"
"sr3_elicit_144","S. Dahrouge, Alain P Gauthier, François Durand, M. Lemonde, Kiran Saluja, C. Kendall, Kamila Premji, J. Presseau, Marie-Hélène Chomienne, Darene Toal-Sullivan, P. Timony, Andrea Perna, D. Prud'homme","2022","International Journal of Integrated Care","10.5334/ijic.6500","The Feasibility of a Primary Care Based Navigation Service to Support Access to Health and Social Resources: The Access to Resources in the Community (ARC) Model","elicit_tiab_exclude","elicit",NA,NA,NA,NA,NA,"sr3_elicit_144"
"sr3_elicit_145","M. Scott, M. Odeh, S. Toner, C. Scullin, J. C. Elnay","2017",NA,"10.5334/IJIC.3458","Continuity of care post-hospitalisation of patients at risk of medicnes management problems","elicit_tiab_exclude","elicit",NA,NA,NA,NA,NA,"sr3_elicit_145"
"sr3_elicit_146","Kathleen Withers, Karen Pardy, Lynne Topham, Rachel Lee, Amir Ghanghro, Hazel Cryer, Huw Williams","2024","BMC Primary Care","10.1186/s12875-024-02557-4","A long way from Frome: improving connections between patients, local services and communities to reduce emergency admissions","elicit_tiab_exclude","elicit",NA,NA,NA,NA,NA,"sr3_elicit_146"
"sr3_elicit_147","Wei D. Duan-Porter, Kristen E Ullman, Brittany Majeski, Isomi M. Miake-Lye, S. Diem, T. Wilt","2021","Journal of general internal medicine","10.1007/s11606-021-07158-w","Care Coordination Models and Tools—Systematic Review and Key Informant Interviews","elicit_tiab_exclude","elicit",NA,NA,NA,NA,NA,"sr3_elicit_147"
"sr3_elicit_148","Lara Sonola, V. Thiel, N. Goodwin","2013",NA,"10.5334/IJIC.1253","Care co-ordination and continuity of care for patients with complex needs: emerging lessons from five models in the UK","elicit_tiab_exclude","elicit",NA,NA,NA,NA,NA,"sr3_elicit_148"
"sr3_elicit_149","A. Krist, Kristen O’Loughlin, S. Woolf, Roy T. Sabo, J. Hinesley, A. Kuzel, B. Rybarczyk, Paulette Kashiri, E. M. Brooks, R. Glasgow, Amy G. Huebschmann, Winston R. Liaw","2020","Trials","10.1186/s13063-020-04463-3","Enhanced care planning and clinical-community linkages versus usual care to address basic needs of patients with multiple chronic conditions: a clinician-level randomized controlled trial","elicit_ft_include","elicit",NA,NA,NA,NA,NA,"sr3_elicit_149"
"sr3_elicit_15","William Midgley, A. Mizen, J. Hollinghurst, R. Hollinghurst, R. Lyons, Richard Fry","2023","International Journal of Population Data Science","10.23889/ijpds.v8i2.2333","How does the environment in and around the home impact social care and health outcomes for older people?","elicit_tiab_exclude","elicit",NA,NA,NA,NA,NA,"sr3_elicit_15"
"sr3_elicit_150","H. Cooper, A. McMurray, Jennifer Sands","2017",NA,"10.5334/IJIC.3598","The Nurse Navigator: An Innovative Role to Optimise Patient Transitions Across Primary and Secondary Care Settings","elicit_tiab_exclude","elicit",NA,NA,NA,NA,NA,"sr3_elicit_150"
"sr3_elicit_151","R. Abrams, Johanna Spiers, Jill Maben, Wendy Grosvenor, Morro Touray, Heather Gage","2024","The British journal of general practice : the journal of the Royal College of General Practitioners","10.3399/bjgp24X737553","Dementia care coordinators in primary care: a realist evaluation.","elicit_tiab_exclude","elicit, elicit",NA,NA,NA,NA,NA,"sr3_elicit_151, sr3_elicit_422"
"sr3_elicit_152","Lilian Robinson, Leeann Trevors Babici, Alissa Tedesco, D. Spaner, Trevor Morey, N. Dosani","2022","Palliative Medicine","10.1177/02692163221146812","Assessing the impact of a health navigator on improving access to care and addressing the social needs of palliative care patients experiencing homelessness: A service evaluation","elicit_tiab_exclude","elicit",NA,NA,NA,NA,NA,"sr3_elicit_152"
"sr3_elicit_153","K. Davis, M. Eckert, S. Shakib, J. Harmon, A. Hutchinson, G. Sharplin, G. Caughey","2019","JMIR Research Protocols","10.2196/15006","Development and Implementation of a Nurse-Led Model of Care Coordination to Provide Health-Sector Continuity of Care for People With Multimorbidity: Protocol for a Mixed Methods Study","elicit_tiab_exclude","elicit",NA,NA,NA,NA,NA,"sr3_elicit_153"
"sr3_elicit_154","A. M. Hill, R. Moorin, S. Slatyer, C. Bryant, K. Hill, N. Waldron, S. Aoun, Ami Kamdar, L. Grealish, C. Reberger, Cindy Jones, M. Bronson, M. Bulsara, S. Maher, Tracey Claverie, W. Moyle","2021","BMJ Open","10.1136/bmjopen-2020-046600","Evaluating the provision of Further Enabling Care at Home (FECH+) for informal caregivers of older adults discharged home from hospital: protocol for a multicentre randomised controlled trial","elicit_ft_exclude","elicit",NA,NA,NA,NA,NA,"sr3_elicit_154"
"sr3_elicit_155","Z. Tyack, Steven M McPhail, Gregory A. Aarons, Kelly McGrath, A. Barron, Hannah E. Carter, Sarah Larkins, A. Barnett, Eloise Hummell, Ruth Tulleners, Olivia J Fisher, Gillian Harvey, Lee Jones, Kate Murray, Bridget Abell","2024","Implementation science : IS","10.1186/s13012-024-01391-7","Evaluating the tailored implementation of a multisite care navigation service for mental health in rural and remote Australia (The Bridging Study): protocol for a community-engaged hybrid effectiveness-implementation study","elicit_tiab_exclude","elicit",NA,NA,NA,NA,NA,"sr3_elicit_155"
"sr3_elicit_156","M. Wilcock, A. Sibley, R. Blackwell, Bettina Kluettgens, S. Robens, L. Bastian","2020","International Journal of Pharmacy Practice","10.1111/ijpp.12603","Involving community pharmacists in transfer of care from hospital: Indications of reduced 30‐day hospital readmission rates for patients in Cornwall","elicit_tiab_exclude","elicit",NA,NA,NA,NA,NA,"sr3_elicit_156"
"sr3_elicit_157","S. Dawson, Tafadzwa Patience Kunonga, F. Beyer, G. Spiers, M. Booker, R. McDonald, A. Cameron, D. Craig, B. Hanratty, C. Salisbury, A. Huntley","2020","F1000Research","10.12688/f1000research.25277.1","Does health and social care provision for the community dwelling older population help to reduce unplanned secondary care, support timely discharge and improve patient well-being? A mixed method meta-review of systematic reviews","elicit_tiab_exclude","elicit",NA,NA,NA,NA,NA,"sr3_elicit_157"
"sr3_elicit_158","M. Markle-Reid, C. McAiney, K. Fisher, R. Ganann, Alain P Gauthier, Gail Heald-Taylor, J. Mcelhaney, Fran McMillan, P. Petrie, J. Ploeg, D. Urajnik, C. Whitmore","2021","PLoS ONE","10.1371/journal.pone.0254573","Effectiveness of a nurse-led hospital-to-home transitional care intervention for older adults with multimorbidity and depressive symptoms: A pragmatic randomized controlled trial","elicit_tiab_exclude","elicit",NA,NA,NA,NA,NA,"sr3_elicit_158"
"sr3_elicit_159","Susan M. Smith, E. Wallace, T. O'dowd, M. Fortin","2021","Cochrane Database of Systematic Reviews","10.1002/14651858.CD006560.pub4","Interventions for improving outcomes in patients with multimorbidity in primary care and community settings.","elicit_tiab_exclude","elicit, elicit",NA,NA,NA,NA,NA,"sr3_elicit_159, sr3_elicit_43"
"sr3_elicit_16","L. Corral Gudino, M. Borao Cengotita-Bengoa, R. J. Jorge Sánchez, J. García Aparicio","2017","Anales del Sistema Sanitario de Navarra","10.23938/ASSN.0119","[The patient and the crossing between Primary and Hospital care. Systematic review of trials for the implementation of tools for integration in Spain].","elicit_tiab_exclude","elicit",NA,NA,NA,NA,NA,"sr3_elicit_16"
"sr3_elicit_160","Grace Liu, K. Kokorelias, Amanda Knoepfli, Tracey Dasgupta, Naomi Ziegler, Emma Elliot, Sara J. T. Guilcher, Sander L. Hitzig","2024","Healthcare Management Forum","10.1177/08404704241288458","A new patient navigation model of care to support older adults in transitions of care: Key considerations for implementation for policy-makers and health leaders","elicit_tiab_exclude","elicit",NA,NA,NA,NA,NA,"sr3_elicit_160"
"sr3_elicit_161","Tessa C C Quanjel, M. Spreeuwenberg, J. Struijs, C. Baan, D. Ruwaard","2017",NA,"10.5334/IJIC.3429","Evaluating a cardiology Primary Care Plus intervention: a practice-based, mixed-methods research","elicit_tiab_exclude","elicit",NA,NA,NA,NA,NA,"sr3_elicit_161"
"sr3_elicit_162","J. Stokes, S. Kristensen, K. Checkland, P. Bower","2016","BMJ Open","10.1136/bmjopen-2015-010468","Effectiveness of multidisciplinary team case management: difference-in-differences analysis","elicit_tiab_exclude","elicit",NA,NA,NA,NA,NA,"sr3_elicit_162"
"sr3_elicit_163","H. Tucker, Mark Burgis","2012","International Journal of Integrated Care","10.5334/ijic.1029","Integrating Care in Norfolk (ICN)—A case study on a two-year programme to improve integrated working between primary care, community health services and social care in six localities","elicit_tiab_exclude","elicit",NA,NA,NA,NA,NA,"sr3_elicit_163"
"sr3_elicit_164","Geraldine Gormley, Theresa Drury, Therese Quinn, Hazel Cooney","2024","Age and Ageing","10.1093/ageing/afae178.054","Consolidating Integrated Care: A Joint Falls Prevention Initiative between Community and Hospital Based Physiotherapy Services","elicit_tiab_exclude","elicit",NA,NA,NA,NA,NA,"sr3_elicit_164"
"sr3_elicit_165","D. Cochrane, D. Thomé","2015",NA,"10.5334/ijic.2046","Care Coordination in North Kirklees: an evidence-based model of case management for the modern NHS","elicit_tiab_exclude","elicit",NA,NA,NA,NA,NA,"sr3_elicit_165"
"sr3_elicit_166","Helen Lyndon, J. Latour, J. Marsden, S. Campbell, K. Stevens, B. Kent","2019","Journal of Advanced Nursing","10.1111/jan.14106","The Holistic Assessment and care Planning in Partnership Intervention Study [HAPPI]: A Protocol for a feasibility, cluster randomised controlled trial.","elicit_ft_exclude","elicit",NA,NA,NA,NA,NA,"sr3_elicit_166"
"sr3_elicit_167","Mathieu Bisson, René Benoit, Émilie Angrignon-Girouard, Catherine Hudon, Maria-Lourdes del Barrio Rodriguez, Marie-Dominique Poirier","2023","Healthcare services, delivery, and financing","10.1370/afm.22.s1.5029","Better care for people with complex care needs: a partnership between primary care clinics and the community network","elicit_tiab_exclude","elicit",NA,NA,NA,NA,NA,"sr3_elicit_167"
"sr3_elicit_168","K. Kokorelias, H. Singh, Stephanie Posa, Sander L. Hitzig","2023",NA,NA,"Practical Programs to Improve Health and Well-Being","elicit_tiab_exclude","elicit",NA,NA,NA,NA,NA,"sr3_elicit_168"
"sr3_elicit_169","Anthony W. Russell, Anthony W. Russell, K. Baxter, Deborah A. Askew, J. Tsai, Robert S. Ware, Claire Jackson","2013","Diabetic Medicine","10.1111/dme.12251","Model of care for the management of complex Type 2 diabetes managed in the community by primary care physicians with specialist support: an open controlled trial","elicit_tiab_exclude","elicit",NA,NA,NA,NA,NA,"sr3_elicit_169"
"sr3_elicit_17","L. Soars, T. Chapman, Deborah V. Kelly, M. Napoli, Wei-Li Hume","2014",NA,"10.5334/ijic.1958","Serving citizens, patients and communities in South Eastern Sydney – making the system balance","elicit_tiab_exclude","elicit",NA,NA,NA,NA,NA,"sr3_elicit_17"
"sr3_elicit_170","J. Rhee, Anne E Meller, K. Krysińska, P. Gonski, V. Naganathan, N. Zwar, A. Hayen, J. Cullen, Julie-Ann O’Keefe, J. McDonald, Ben Harris-Roxas, G. Caplan","2019","BMJ Open","10.1136/bmjopen-2018-023107","Advance care planning for patients with advanced illnesses attending hospital outpatient clinics study: a study protocol for a randomised controlled trial","elicit_tiab_exclude","elicit",NA,NA,NA,NA,NA,"sr3_elicit_170"
"sr3_elicit_171","I. Kinchin, S. Jacups, J. Mann, R. Quigley, Desley Harvey, C. Doran, E. Strivens","2018","Trials","10.1186/s13063-018-3038-0","Efficacy and cost-effectiveness of a community-based model of care for older patients with complex needs: a study protocol for a multicentre randomised controlled trial using a stepped wedge cluster design","elicit_ft_include","elicit",NA,NA,NA,NA,NA,"sr3_elicit_171"
"sr3_elicit_172","Andrew P. Costa, C. Schumacher, A. Jones, Darly Dash, Graham Campbell, Mats Junek, G. Agarwal, C. Bell, V. Boscart, S. Bronskill, D. Feeny, P. Hebert, G. Heckman, J. Hirdes, Linda Lee, R. McKelvie, Lori A. Mitchell, S. Sinha, Joy Davis, Tammy Priddle, Joanne Rose, R. Gillan, Deborah Mills, D. Haughton","2019","BMJ Open","10.1136/bmjopen-2019-030301","DIVERT-Collaboration Action Research and Evaluation (CARE) Trial Protocol: a multiprovincial pragmatic cluster randomised trial of cardiorespiratory management in home care","elicit_ft_include","elicit",NA,NA,NA,NA,NA,"sr3_elicit_172"
"sr3_elicit_173","Kylie Teggart, S. Neil-Sztramko, Abbira Nadarajah, Amy Wang, C. Moore, Nancy Carter, Janet Adams, Kamal Jain, P. Petrie, Aref Alshaikhahmed, Shreya Yugendranag, R. Ganann","2023","BMC Health Services Research","10.1186/s12913-023-09424-5","Effectiveness of system navigation programs linking primary care with community-based health and social services: a systematic review","elicit_tiab_exclude","elicit",NA,NA,NA,NA,NA,"sr3_elicit_173"
"sr3_elicit_174","K. Lee, L. Low, J. Allen, S. Barbier, Lee Beng Ng, M. Ng, W. Tay, S. Tan","2015","International Journal of Integrated Care","10.5334/IJIC.2003","Transitional care for the highest risk patients: findings of a randomised control study","elicit_ft_include","elicit",NA,NA,NA,NA,NA,"sr3_elicit_174"
"sr3_elicit_175","M. Markle-Reid, Kathryn Fisher, Kimberly M. Walker, Marla K. Beauchamp, Jill I. Cameron, David Dayler, Rebecca Fleck, Amiram Gafni, R. Ganann, Ken Hajas, Barbara Koetsier, Robert Mahony, Chris Pollard, Jim Prescott, T. Rooke, C. Whitmore","2023","BMC Geriatrics","10.1186/s12877-023-04403-1","The stroke transitional care intervention for older adults with stroke and multimorbidity: a multisite pragmatic randomized controlled trial","elicit_ft_include","elicit",NA,NA,NA,NA,NA,"sr3_elicit_175"
"sr3_elicit_176","D. Cochrane, M. Pierce","2017",NA,"10.5334/IJIC.3483","Proactive, Integrated Care within Sustainable and Transformation Planning","elicit_tiab_exclude","elicit",NA,NA,NA,NA,NA,"sr3_elicit_176"
"sr3_elicit_177","A. Nikelski, Armin Keller, Fanny Schumacher-Schönert, Terese Dehl, Jessica Laufer, U. Sauerbrey, Diana Wucherer, A. Dreier-Wolfgramm, B. Michalowsky, Ina Zwingmann, H. Vollmar, W. Hoffmann, S. Kreisel, J. Thyrian","2019","Trials","10.1186/s13063-019-3636-5","Supporting elderly people with cognitive impairment during and after hospital stays with intersectoral care management: study protocol for a randomized controlled trial","elicit_ft_include","elicit",NA,NA,NA,NA,NA,"sr3_elicit_177"
"sr3_elicit_178","K. Kokorelias, H. Singh, Amanda Knoepfli, Tracey Das Gupta, Naomi Ziegler, Sander L. Hitzig","2023","International Journal of Care Coordination","10.1177/20534345231169883","Older adults with complex care needs’ experiences within a hospital-to-home transition patient navigator program: A qualitative descriptive study","elicit_tiab_exclude","elicit",NA,NA,NA,NA,NA,"sr3_elicit_178"
"sr3_elicit_179","Wiebke Schüttig, Harald Darius, K. C. Reber, Marie Coors, Amelie Flothow, Alfred Holzgreve, Sebastian Karmann, Anica Stürtz, Rebecca Zöller, S. Kropp, Petra Riesner, L. Sundmacher","2024","BMC Medicine","10.1186/s12916-024-03691-7","Reducing rehospitalization in cardiac patients: a randomized, controlled trial of a cardiac care management program (“Cardiolotse”) in Germany","elicit_ft_include, original_include","elicit, original","480","22","1",NA,NA,"sr3_elicit_179, sr3_original_19"
"sr3_elicit_18","Christopher R. Freeman, I. Scott, K. Hemming, L. Connelly, C. Kirkpatrick, I. Coombes, J. Whitty, James T Martin, N. Cottrell, N. Sturman, G. Russell, I. Williams, C. Nicholson, S. Kirsa, H. Foot","2021","Medical Journal of Australia","10.5694/mja2.50942","Reducing Medical Admissions and Presentations Into Hospital through Optimising Medicines (REMAIN HOME): a stepped wedge, cluster randomised controlled trial","elicit_ft_include","elicit",NA,NA,NA,NA,NA,"sr3_elicit_18"
"sr3_elicit_180","E. Shroeder, J. Epp, Mona Aghdaee, H. Cutler, Rachel B. Sheather-Reid, P. Lewis, A. Searles, Taryn Gazzard, Anthony Critchley, Michael Bishop","2021","International Journal of Integrated Care","10.5334/IJIC.S4146","Evaluating Outcomes Based Care for Vulnerable Older People: Challenges\\n and lessons learned from a complex program evaluation","elicit_tiab_exclude","elicit",NA,NA,NA,NA,NA,"sr3_elicit_180"
"sr3_elicit_181","T. Freund, F. Peters-Klimm, J. Rochon, C. Mahler, J. Gensichen, A. Erler, M. Beyer, Annika Baldauf, F. Gerlach, J. Szecsenyi","2011","Trials","10.1186/1745-6215-12-163","Primary care practice-based care management for chronically ill patients (PraCMan): study protocol for a cluster randomized controlled trial [ISRCTN56104508]","elicit_ft_include","elicit",NA,NA,NA,NA,NA,"sr3_elicit_181"
"sr3_elicit_182","J. Francis-Coad, Anne-Marie Hill PhD, Leon Flicker PhD, AO Mbbs, Christopher Etherton-Beer, Elissa Burton MBBS PhD, PhD Philippa Wharton, Jo Mbl, Wilkinson, Richard BClinPsych, Norman, Daniel Xu PhD, Sharmila Vaz PhD, Vanessa Jessup PhD","2024","medRxiv","10.1101/2024.07.14.24310124","Training community home care workers to deliver a tailored falls prevention Education and Exercise program to home care clients - TrEdEx an effectiveness-implementation study protocol","elicit_tiab_exclude","elicit",NA,NA,NA,NA,NA,"sr3_elicit_182"
"sr3_elicit_183","D. Challis, R. Darton, K. Stewart","2018","Community Care, Secondary Health Care and Care Management","10.4324/9780429452536-10","Linking Community Care and Health Care: A New Role for Secondary Health Care Services","elicit_tiab_exclude","elicit",NA,NA,NA,NA,NA,"sr3_elicit_183"
"sr3_elicit_184","Clare Lewis, M. McDermott, Alan Martin, D. Patton, L. Nugent","2017",NA,"10.5334/IJIC.3580","A Community Virtual Ward Supporting Integrated Care for Older Persons with Complex Health and Social Care Needs.","elicit_tiab_exclude","elicit",NA,NA,NA,NA,NA,"sr3_elicit_184"
"sr3_elicit_185","W. Wojcik, A. Cosgrove, Joyce Follan, E. Halloran, James Marple, Catherine Moar, Werner Pretorius, Robert P. Steel","2016",NA,"10.5334/IJIC.2929","PACT: hospital care planning for the top 0.25% population at risk of attending hospital in Edinburgh, Scotland","elicit_tiab_exclude","elicit",NA,NA,NA,NA,NA,"sr3_elicit_185"
"sr3_elicit_186","Pınar Uzunkaya Öztoprak, Gülten Koç, S. Erkaya","2023","Public Health Nursing","10.1111/phn.13226","Evaluation of the effect of a nurse navigation program developed for postpartum mothers on maternal health: A randomized controlled study.","elicit_ft_exclude","elicit",NA,NA,NA,NA,NA,"sr3_elicit_186"
"sr3_elicit_187","Eloise Phillips","2018",NA,NA,"Understanding Patterns of Emergency Services Use and Hospital Admissions for Patients of the NHS Case Management Programme","elicit_tiab_exclude","elicit",NA,NA,NA,NA,NA,"sr3_elicit_187"
"sr3_elicit_188","Aoife Watson, D. McConnell, V. Coates","2021","Journal of Diabetes and Metabolic Disorders","10.1007/s40200-021-00817-z","Reducing unscheduled hospital care for adults with diabetes following a hypoglycaemic event: which community-based interventions are most effective? A systematic review","elicit_tiab_exclude","elicit",NA,NA,NA,NA,NA,"sr3_elicit_188"
"sr3_elicit_189","Clare Macrae, Stewart W. Mercer, E. Abubakar, Andrew Lawson, N. Lone, Anna Rawlings, Jane Lyons, R. Lyons, A. Mizen, Rich Fry, Gergő Baranyi, J. Pearce, C. Dibben, Karin Modig, Rhiannon K Owen, Bruce Guthrie","2025","Nature Communications","10.1038/s41467-025-56990-9","Impact of household size and co-resident multimorbidity on unplanned hospitalisation and transition to care home","elicit_tiab_exclude","elicit",NA,NA,NA,NA,NA,"sr3_elicit_189"
"sr3_elicit_19","Bora Kim, C. Boustany, Louise Acret, Jodi McLeod, Natalie Cook, Heather McKenzie, Lillian Hayes, Judith Fethney, Judy M. Simpson, Simon Willcock, Kate White","2024","European Journal of Cancer Care","10.1155/2024/2206346","Perspectives and Experiences of Healthcare Professionals Involved in a Community Nurse-Delivered Shared Care Model Intervention Designed to Support Outpatients Receiving Chemotherapy: A Qualitative Study Using Interviews","elicit_tiab_exclude","elicit",NA,NA,NA,NA,NA,"sr3_elicit_19"
"sr3_elicit_190","K. Davis, M. Eckert, S. Shakib, J. Harmon, A. Hutchinson, G. Sharplin, G. Caughey","2019",NA,"10.2196/preprints.15006","Development and Implementation of a Nurse-Led Model of Care Coordination to Provide Health-Sector Continuity of Care for People With Multimorbidity: Protocol for a Mixed Methods Study (Preprint)","elicit_tiab_exclude","elicit",NA,NA,NA,NA,NA,"sr3_elicit_190"
"sr3_elicit_191","G. Lowe, Jayne Dohrmann, Juliette Chapman, Lee Stamford, A. Driscoll","2022","Collegian","10.1016/j.colegn.2022.06.013","Older Persons Complex Care Nurse Practitioner model to reduce hospital readmissions: A pilot study","elicit_tiab_exclude","elicit",NA,NA,NA,NA,NA,"sr3_elicit_191"
"sr3_elicit_192","Kerry Kuluski, Danielle Jacobson, Somayeh Ghazalbash, Junhee Baek, Laura Rosella, Elizabeth Mansfield, Abhimanyu Sud, Terence Tang, Sara J. T. Guilcher, Manaf Zargoush","2024","PLoS ONE","10.1371/journal.pone.0315918","Setting the balance of care for older adults at risk of hospitalization and delayed discharge: A mixed-methods research protocol","elicit_tiab_exclude","elicit",NA,NA,NA,NA,NA,"sr3_elicit_192"
"sr3_elicit_193","W. Parry, A. Wolters, Richard Brine, A. Steventon","2019","BMJ Open","10.1136/bmjopen-2018-026470","Effect of an integrated care pathway on use of primary and secondary healthcare by patients at high risk of emergency inpatient admission: a matched control cohort study in Tower Hamlets","elicit_tiab_exclude","elicit",NA,NA,NA,NA,NA,"sr3_elicit_193"
"sr3_elicit_194","A. Baker, P. Leak, L. Ritchie, Amanda J Lee, S. Fielding","2015",NA,"10.5334/IJIC.2038","Anticipatory Care Planning and Integration","elicit_tiab_exclude","elicit",NA,NA,NA,NA,NA,"sr3_elicit_194"
"sr3_elicit_195","K. Fletcher, J. Mant","2009","Journal of Evaluation In Clinical Practice","10.1111/j.1365-2753.2008.00977.x","A before and after study of the impact of Specialist Workers for Older People.","elicit_tiab_exclude","elicit, elicit",NA,NA,NA,NA,NA,"sr3_elicit_195, sr3_elicit_324"
"sr3_elicit_196","Rohie Marshall","2024","Asia Pacific Journal of Health Management","10.24083/apjhm.v19i3.4151","Key Dissemination Learnings from an Innovative, Value-Based Emergency Department Prevention Program","elicit_tiab_exclude","elicit",NA,NA,NA,NA,NA,"sr3_elicit_196"
"sr3_elicit_197","G. Hughes, Sarah Rybczynska-Bunt, Sara Shasha'h, Sarah Greene, S. Shaw, T. Greenhalgh","2023","NIHR Open Research","10.3310/nihropenres.13385.1","Protocol: How can people with social care needs be supported through processes of digital care navigation to access remote primary care? A multi-site case study in UK general practice of remote care as the ‘new normal’.","elicit_tiab_exclude","elicit",NA,NA,NA,NA,NA,"sr3_elicit_197"
"sr3_elicit_198","S. Ng, Y. Kwan, L. Low","2019","Future healthcare journal","10.7861/FUTUREHEALTH.6-2-S40","Transitional care intervention effects on mortality and healthcare utilisation: a systematic review of pragmatic trials","elicit_tiab_exclude","elicit",NA,NA,NA,NA,NA,"sr3_elicit_198"
"sr3_elicit_199","J. Suijker, M. van Rijn, B. Buurman, G. ter Riet, E. Moll van Charante, Sophia E. de Rooij","2016","PLoS ONE","10.1371/journal.pone.0158714","Effects of Nurse-Led Multifactorial Care to Prevent Disability in Community-Living Older People: Cluster Randomized Trial","elicit_ft_include, original_exclude","elicit, original","e0158714","11","7",NA,NA,"sr3_elicit_199, sr3_original_159"
"sr3_elicit_2","Judith Fethney, Bora Kim, C. Boustany, Heather McKenzie, Lillian Hayes, Keith Cox, Judy M. Simpson, Lisa G Horvath, Janette L. Vardy, Jodi McLeod, Simon Willcock, Natalie Cook, Louise Acret, Kate White","2024","Supportive Care in Cancer","10.1007/s00520-023-08261-w","Evaluating a shared care pathway intervention for people receiving chemotherapy to reduce post-treatment unplanned hospital presentations: a randomised controlled trial","elicit_tiab_exclude","elicit",NA,NA,NA,NA,NA,"sr3_elicit_2"
"sr3_elicit_20","M. Burns, A. Galbraith, D. Ross-Degnan, Richard B. Balaban","2014","International Journal for Quality in Health Care","10.1093/intqhc/mzu046","Feasibility and evaluation of a pilot community health worker intervention to reduce hospital readmissions.","elicit_ft_include","elicit",NA,NA,NA,NA,NA,"sr3_elicit_20"
"sr3_elicit_200","Noreen Curtin, Susi Clarke, Brian Murphy, David Hanlon","2017",NA,"10.5334/IJIC.3926","Community Intervention Team (CIT) Integrated, patient centred care.","elicit_tiab_exclude","elicit",NA,NA,NA,NA,NA,"sr3_elicit_200"
"sr3_elicit_201","Richard B. Balaban, Alison Galbraith, Marguerite Burns, Catherine E. Vialle-Valentin, Elisa Friedman, Dennis Ross-degnan","2013","Clinical Medicine Research","10.3121/cmr.2013.1176.c2-1","C2-1: A Randomized Controlled Trial of a Patient Navigator Intervention to Reduce Hospital Readmissions in a Safety Net Health Care System","elicit_ft_include","elicit",NA,NA,NA,NA,NA,"sr3_elicit_201"
"sr3_elicit_202","J. Mann, R. Quigley, Desley Harvey, M. Tait, G. Williams, E. Strivens","2020","Australian Journal of Primary Health","10.1071/py19184","OPEN ARCH: integrated care at the primary-secondary interface for the community-dwelling older person with complex needs.","elicit_ft_exclude","elicit",NA,NA,NA,NA,NA,"sr3_elicit_202"
"sr3_elicit_203","L. Gordon, A. Spooner, N. Booth, Tai-Rae Downer, Adrienne Hudson, P. Yates, Alanna Geary, Christopher J. O'Donnell, R. Chan","2019","Journal of health organization and management","10.1108/JHOM-02-2018-0063","Do nurse navigators bring about fewer patient hospitalisations?","elicit_tiab_exclude","elicit",NA,NA,NA,NA,NA,"sr3_elicit_203"
"sr3_elicit_204","S. Kirby, K. Edwards, Serena Yu, Kees van Gool, G. Powell-Davies, Ben Harris-Roxas, Ellie Gresham, M. Harris, Jane Hall","2020","Health Promotion Journal of Australia","10.1002/hpja.348","Improving outcomes for marginalised rural families through an care navigator program.","elicit_tiab_exclude","elicit",NA,NA,NA,NA,NA,"sr3_elicit_204"
"sr3_elicit_205","Anita Hartati, Madison Jarrett, B. McDougall, Megan Kent, Maja Ljubojevic, Kylie Stolzenhein","2024","International Journal of Integrated Care","10.5334/ijic.7739","Care Navigation and Coordination Program on Reducing Hospital Use for Adults with Complex Health and Psychosocial Needs in South West Sydney, Australia","elicit_tiab_exclude","elicit",NA,NA,NA,NA,NA,"sr3_elicit_205"
"sr3_elicit_206","Jonas Kindstedt, Sofia Svahn, M. Sjölander, E. Glader, H. Lövheim, M. Gustafsson","2020","BMJ Open","10.1136/bmjopen-2019-036650","Investigating the effect of clinical pharmacist intervention in transitions of care on drug-related hospital readmissions among the elderly: study protocol for a randomised controlled trial","elicit_tiab_exclude","elicit",NA,NA,NA,NA,NA,"sr3_elicit_206"
"sr3_elicit_207","P. Montgomery, Darren Jermyn, P. Bailey, P. Nangia, M. Egan, Sharolyn Mossey","2015","Journal of Advanced Nursing","10.1111/jan.12471","Community reintegration of stroke survivors: the effect of a community navigation intervention.","elicit_tiab_exclude","elicit",NA,NA,NA,NA,NA,"sr3_elicit_207"
"sr3_elicit_208","I. Scott","2010","Australian Health Review","10.1071/AH09777","Preventing the rebound: improving care transition in hospital discharge processes.","elicit_tiab_exclude","elicit",NA,NA,NA,NA,NA,"sr3_elicit_208"
"sr3_elicit_209","M. de Stampa, I. Vedel, J. Buyck, L. Lapointe, H. Bergman, F. Béland, J. Ankri","2014","Archives of gerontology and geriatrics (Print)","10.1016/j.archger.2014.01.005","Impact on hospital admissions of an integrated primary care model for very frail elderly patients.","elicit_tiab_exclude","elicit",NA,NA,NA,NA,NA,"sr3_elicit_209"
"sr3_elicit_21","Jacqueline A Tavabie","2015",NA,NA,"The Patient Liaison Officer in UK General Practice Co-ordinating Care for Housebound Patients","elicit_tiab_exclude","elicit",NA,NA,NA,NA,NA,"sr3_elicit_21"
"sr3_elicit_210","Troels Kjærskov Hansen, L. H. Pedersen, S. Shahla, E. Damsgaard, J. Bruun, M. Gregersen","2021","Archives of gerontology and geriatrics (Print)","10.1016/j.archger.2021.104511","Effects of a new early municipality-based versus a geriatric team-based transitional care intervention on readmission and mortality among frail older patients - a randomised controlled trial.","elicit_tiab_exclude, original_exclude","elicit, original","104511","97",NA,NA,NA,"sr3_elicit_210, sr3_original_104"
"sr3_elicit_211","S. Fitzpatrick","2023","Evidence Based Journals","10.1136/ebnurs-2023-103765","Social prescribing integrated in primary care enhances access to type 2 diabetes preventative approaches among high-risk patient population","elicit_tiab_exclude","elicit",NA,NA,NA,NA,NA,"sr3_elicit_211"
"sr3_elicit_212","Shuanglan Lin, L. Xiao, D. Chamberlain, S. Ullah, Yanjiang Wang, Yi-e Shen, Zhenfang Chen, M. Wu","2021","Patient Education and Counseling","10.1016/j.pec.2021.07.020","Nurse-led health coaching programme to improve hospital-to-home transitional care for stroke survivors: A randomised controlled trial.","elicit_ft_exclude","elicit",NA,NA,NA,NA,NA,"sr3_elicit_212"
"sr3_elicit_213","T. F. van de Mortel, K. Marr, Elizabeth A. Burmeister, H. Koppe, C. Ahern, R. Walsh, Susan Tyler‐Freer, D. Ewald","2017","The Australian journal of rural health","10.1111/ajr.12309","Reducing avoidable admissions in rural community palliative care: a pilot study of care coordination by General Practice registrars","elicit_tiab_exclude","elicit",NA,NA,NA,NA,NA,"sr3_elicit_213"
"sr3_elicit_214","M. Gumbie, E. Olin, Yuanyuan Gu, Liz Schroeder, H. Cutler","2017",NA,"10.5334/IJIC.3472","Protocol for the Evaluation of an Outcomes Based Care for Vulnerable Older People","elicit_tiab_exclude","elicit",NA,NA,NA,NA,NA,"sr3_elicit_214"
"sr3_elicit_215","P. Price, R. Vincent, M. Tacey, J. Gilchrist, D. Liew, L. Grigg, L. Naccarella","2018","Heart, Lung and Circulation","10.1016/j.hlc.2017.03.154","Evaluation of the Effectiveness of a Phone Based Care Coordination Pilot on Hospital Utilisation and Costs for Patients With Chest Pain.","elicit_tiab_exclude","elicit",NA,NA,NA,NA,NA,"sr3_elicit_215"
"sr3_elicit_216","Jianzhen Zhang, M. Donald, K. Baxter, Robert S. Ware, L. Burridge, Anthony W. Russell, Anthony W. Russell, Claire Jackson","2015","Diabetic Medicine","10.1111/dme.12705","Impact of an integrated model of care on potentially preventable hospitalizations for people with Type 2 diabetes mellitus","elicit_ft_exclude, original_exclude","elicit, original","872-880","32","7",NA,NA,"sr3_elicit_216, sr3_original_179"
"sr3_elicit_217","Mollie Flynn, Beckie J Kronebusch, Laura A. Sikkink, K. Swanson, Kelly J. Niccum, S. Crane, Bernard Aoun, P. Takahashi","2022","Professional Case Management","10.1097/NCM.0000000000000538","Impact of the Registered Nurse Clinical Liaison Role in Ambulatory Care on Transitions of Care","elicit_tiab_exclude","elicit",NA,NA,NA,NA,NA,"sr3_elicit_217"
"sr3_elicit_218","Mireille Lambert, S. Doucet, A. Luke, Donna Rubenstein, J. Porter, Catherine Hudon, V. Ramsden, Mathieu Bisson, Dana Howse, M. Chouinard","2023","Healthcare services, delivery, and financing","10.1370/afm.22.s1.5100","Case management in primary care for people with complex care needs: a realist evaluation","elicit_tiab_exclude","elicit",NA,NA,NA,NA,NA,"sr3_elicit_218"
"sr3_elicit_219","A. While","2014","British Journal of Community Nursing","10.12968/bjcn.2014.19.7.362","Achieving greatest impact.","elicit_tiab_exclude","elicit",NA,NA,NA,NA,NA,"sr3_elicit_219"
"sr3_elicit_22","T. Robinson, M. Boyd, D. North, Jean Wignall, Martin Dawe, J. McQueen, R. Frey, Deborah L Raphael, N. Kerse","2021","Journal of The American Geriatrics Society","10.1111/jgs.17064","Proactive primary care model for frail older people in New Zealand delays aged‐residential care: A quasi‐experiment","elicit_tiab_exclude","elicit",NA,NA,NA,NA,NA,"sr3_elicit_22"
"sr3_elicit_220","Anna Liza Rodriguez, Lauren Cappelletti, Sherry M Kurian, Christina Passio, Susan Rux","2024","Seminars in Oncology Nursing","10.1016/j.soncn.2024.151580","Transitional Care Navigation.","elicit_tiab_exclude","elicit",NA,NA,NA,NA,NA,"sr3_elicit_220"
"sr3_elicit_221","J. Collins","2021",NA,"10.5334/IJIC.S4002","Implementation of an Integrated Care Service in the Community","elicit_tiab_exclude","elicit",NA,NA,NA,NA,NA,"sr3_elicit_221"
"sr3_elicit_222","S. Davies","2008",NA,"10.7748/phc.18.7.31.s20","Telehomecare for patients with multiple chronic illnesses","elicit_tiab_exclude","elicit",NA,NA,NA,NA,NA,"sr3_elicit_222"
"sr3_elicit_223","C. Berkel, Maurice Smith, D. Horsfield, Helen McManus","2016",NA,"10.5334/IJIC.2595","Evidence for Supported Self-Care at Scale","elicit_tiab_exclude","elicit",NA,NA,NA,NA,NA,"sr3_elicit_223"
"sr3_elicit_224","Tsai-Ling Liu, Traci D. Yates, Yhenneko J. Taylor, W. Rossman, Deanna A Mangieri, S. Black, Casey Stephens, C. D. Connor, B. Skudlarska","2019","Journal of Applied Gerontology","10.1177/0733464819888838","Patient and Caregiver Outcomes and Experiences With Team-Based Memory Care: A Mixed Methods Study","elicit_tiab_exclude","elicit",NA,NA,NA,NA,NA,"sr3_elicit_224"
"sr3_elicit_225","Zhenqiang Wu, Min Soo Kim, J. Broad, Xian Zhang, K. Bloomfield, M. Connolly","2019","Geriatrics & Gerontology International","10.1111/ggi.13766","Association between post‐discharge secondary care and risk of repeated hospital presentation, entry into long‐term care and mortality in older people after acute hospitalization","elicit_tiab_exclude","elicit",NA,NA,NA,NA,NA,"sr3_elicit_225"
"sr3_elicit_226","M. Cornes, R. Aldridge, R. Byng, M. Clark, G. Foster, J. Fuller, A. Hayward, N. Hewett, A. Kilmister, J. Manthorpe, J. Neale, M. Tinelli, M. Whiteford","2018","International Journal of Integrated Care","10.5334/IJIC.S2018","Improving Hospital Discharge Arrangements for People who are Homeless: The Role of Specialist Integrated Care","elicit_tiab_exclude","elicit",NA,NA,NA,NA,NA,"sr3_elicit_226"
"sr3_elicit_227","Ryan D. McHenry, Christine A. Goodall","2024","European journal of emergency medicine","10.1097/MEJ.0000000000001206","Changes in emergency healthcare use following intervention by Navigator, an emergency department social support programme: a multi-centre retrospective before-and-after study","elicit_tiab_exclude","elicit",NA,NA,NA,NA,NA,"sr3_elicit_227"
"sr3_elicit_228","Roberta Piroddi, J. Downing, Helen Duckworth, B. Barr","2022","Health Policy","10.1016/j.healthpol.2022.03.009","The impact of an integrated care intervention on mortality and unplanned hospital admissions in a disadvantaged community in England: A difference-in-differences study.","elicit_tiab_exclude","elicit",NA,NA,NA,NA,NA,"sr3_elicit_228"
"sr3_elicit_229","Kathleen Parry, Christopher Picard, R. Devkota, Kaitlyn Tate","2025","International Journal of Older People Nursing","10.1111/opn.70026","Emergency Department Navigator Interventions and Outcome Measures: A Scoping Review","elicit_tiab_exclude","elicit",NA,NA,NA,NA,NA,"sr3_elicit_229"
"sr3_elicit_23","C. N. Lyhne, M. Bjerrum, M. J. Jørgensen","2022","BMC Health Services Research","10.1186/s12913-022-08198-6","Person-centred care to prevent hospitalisations – a focus group study addressing the views of healthcare providers","elicit_tiab_exclude","elicit",NA,NA,NA,NA,NA,"sr3_elicit_23"
"sr3_elicit_230","A. Russell, A. Russell, M. Donald, S. J. Borg, Jianzhen Zhang, L. Burridge, R. Ware, N. Begum, H. Mcintyre, C. Jackson","2018","Diabetologia","10.1007/s00125-018-4740-x","Clinical outcomes of an integrated primary–secondary model of care for individuals with complex type 2 diabetes: a non-inferiority randomised controlled trial","elicit_tiab_exclude","elicit",NA,NA,NA,NA,NA,"sr3_elicit_230"
"sr3_elicit_231","Helen Arputhanathan, J. Hyde, Temidayo Atilola, Douglas Queen, James A. Elliott, R. Sibbald","2022","Nursing management","10.1097/01.NUMA.0000855956.26020.1f","A patient navigation model to improve complex wound care outcomes","elicit_tiab_exclude","elicit",NA,NA,NA,NA,NA,"sr3_elicit_231"
"sr3_elicit_232","Karen O. Moss, R. Endacott","2015","The JBI Database of Systematic Reviews and Implementation Reports","10.11124/jbisrir-%Y-2014","The role of unregistered healthcare workers in preventing readmission to hospital: a systematic review protocol","elicit_tiab_exclude","elicit",NA,NA,NA,NA,NA,"sr3_elicit_232"
"sr3_elicit_233","J. Walsh, B. Harris, A. Roberts","2015","Primary Care Diabetes","10.1016/j.pcd.2014.10.003","Evaluation of a community diabetes initiative: Integrating diabetes care.","elicit_tiab_exclude","elicit",NA,NA,NA,NA,NA,"sr3_elicit_233"
"sr3_elicit_234","B. Pesut, W. Duggleby, G. Warner, Sunita Ghosh, Paxton Bruce, Rowena Dunlop, G. Puurveen","2022","Palliative Care and Social Practice","10.1177/26323524221095102","Scaling out a palliative compassionate community innovation: Nav-CARE","elicit_tiab_exclude","elicit",NA,NA,NA,NA,NA,"sr3_elicit_234"
"sr3_elicit_235","M. Courtney, H. Edwards, A. Chang, A. Parker, K. Finlayson, K. Hamilton","2011","BMC Health Services Research","10.1186/1472-6963-11-202","A randomised controlled trial to prevent hospital readmissions and loss of functional ability in high risk older adults: a study protocol","elicit_ft_include","elicit",NA,NA,NA,NA,NA,"sr3_elicit_235"
"sr3_elicit_236","C. Hudon, M. Chouinard, Olivier Dumont-Samson, Annie-Pier Gobeil-Lavoie, J. Morneau, Mélanie Paradis, Y. Couturier, Marie-Ève Poitras, T. Poder, Véronique Sabourin, Mireille Lambert","2023","Health Policy","10.1016/j.healthpol.2023.104804","Integrated case management between primary care clinics and hospitals for people with complex needs who frequently use healthcare services: A multiple-case embedded study.","elicit_tiab_exclude","elicit",NA,NA,NA,NA,NA,"sr3_elicit_236"
"sr3_elicit_237","Magnus Nord, J. Lyth, J. Alwin, J. Marcusson","2021","BMC Geriatrics","10.1186/s12877-021-02166-1","Costs and effects of comprehensive geriatric assessment in primary care for older adults with high risk for hospitalisation","elicit_tiab_exclude","elicit",NA,NA,NA,NA,NA,"sr3_elicit_237"
"sr3_elicit_238","T. Kwok, Jenny Lee, J. Woo, Diana T. F. Lee, S. Griffith","2007","Journal of Clinical Nursing","10.1111/J.1365-2702.2007.01978.X","A randomized controlled trial of a community nurse-supported hospital discharge programme in older patients with chronic heart failure.","elicit_tiab_exclude","elicit",NA,NA,NA,NA,NA,"sr3_elicit_238"
"sr3_elicit_239","Kwan Ching Arkers Wong, Frances Kam Yuet Wong, W F Yeung, K. Chang","2018","Age and Ageing","10.1093/ageing/afx151","The effect of complex interventions on supporting self-care among community-dwelling older adults: a systematic review and meta-analysis","elicit_tiab_exclude","elicit",NA,NA,NA,NA,NA,"sr3_elicit_239"
"sr3_elicit_24","Jennifer Boak",NA,NA,NA,"Improving quality of care through detection for care complexity amongst community-dwelling older people receiving community nursing support: The ImPaCt study Randomised Controlled Trial","elicit_ft_exclude","elicit",NA,NA,NA,NA,NA,"sr3_elicit_24"
"sr3_elicit_240","Rebecca K. Pang, C. Weller, V. Srikanth, B. Shannon, N. Andrew","2021","Cochrane Database of Systematic Reviews","10.1002/14651858.cd014713","Community care navigation intervention for people who are at-risk of unplanned hospital presentations","elicit_tiab_exclude","elicit",NA,NA,NA,NA,NA,"sr3_elicit_240"
"sr3_elicit_241","D. Lee, L. Tirlea, T. Haines","2020","Health and Social Care in the community","10.1111/hsc.12984","Non-pharmacological interventions to prevent hospital or nursing home admissions among community-dwelling older people with dementia: A systematic review and meta-analysis.","elicit_tiab_exclude","elicit",NA,NA,NA,NA,NA,"sr3_elicit_241"
"sr3_elicit_242","Rebecca Lawton, Jenni Murray, Ruth Baxter, Gerry Richardson, S. Cockayne, K. Baird, Laura Mandefield, S. Brealey, Jane O’Hara, Robbie Foy, L. Sheard, A. Cracknell, Edmund Breckin, Catherine Hewitt","2023","Trials","10.1186/s13063-023-07716-z","Evaluating an intervention to improve the safety and experience of transitions from hospital to home for older people (Your Care Needs You): a protocol for a cluster randomised controlled trial and process evaluation","elicit_tiab_exclude","elicit",NA,NA,NA,NA,NA,"sr3_elicit_242"
"sr3_elicit_243","Thea Dunn, J. Bliss, I. Ryrie","2021","International Journal of Older People Nursing","10.1111/opn.12361","The impact of community nurse-led interventions on the need for hospital use among older adults: An integrative review.","elicit_tiab_exclude","elicit",NA,NA,NA,NA,NA,"sr3_elicit_243"
"sr3_elicit_244","T. Smets, L. Pivodic, Rose Miranda, F. Van Campe, C. Vinckier, Barb Pesut, Wendy Duggleby, Andrew N Davies, A. Lavan, P. May, Barbara Gomes, Maja Furlan de Brito, V. Rodrigues, K. Szczerbińska, V. Kijowska, I. Barańska, Stefanie De Buyser, Davide Ferraris, S. Alfieri, B. Scacciati, H. Du Cheyne, K. Chambaere, J. Gilissen, A. V. D. van der Plas, R. Pasman, B. Onwuteaka-Philipsen, L. Van den Block","2024","Trials","10.1186/s13063-024-08633-5","Implementation and evaluation of a navigation program for people with cancer in old age and their family caregivers: study protocol for the EU NAVIGATE International Pragmatic Randomized Controlled Trial","elicit_ft_include","elicit",NA,NA,NA,NA,NA,"sr3_elicit_244"
"sr3_elicit_245","Robin Miller, Sarah McLaughlin, Paul Gosling","2025","International Journal of Integrated Care","10.5334/ijic.icic24537","Building on assets: community-led approaches to integration within primary care","elicit_tiab_exclude","elicit",NA,NA,NA,NA,NA,"sr3_elicit_245"
"sr3_elicit_246","Aoife Dunne, Laura Quinn, Eimear Digan, Claire Campbell, Amy Reilly, Shalini John, Carole Murphy, Tara Everdeen, R. Martin","2024","Age and Ageing","10.1093/ageing/afae178.076","The Effectiveness of a Community Specialist Team for Older Persons in Preventing Emergency Department Attendances 30 and 90 Days Post-Intervention","elicit_tiab_exclude","elicit",NA,NA,NA,NA,NA,"sr3_elicit_246"
"sr3_elicit_247","Jacqueline Allen, Alison M. Hutchinson, Rhonda Brown, P. Livingston","2014","BMC Health Services Research","10.1186/1472-6963-14-346","Quality care outcomes following transitional care interventions for older people from hospital to home: a systematic review","elicit_tiab_exclude","elicit",NA,NA,NA,NA,NA,"sr3_elicit_247"
"sr3_elicit_248","T. Stefanidou, Gareth Ambler, Gergely Bartl, Nick Barber, Jo Billings, T. Bogatsu, Richard Carroll, B. Chipp, M. Conneely, Anne-Marie Downey, Gamze Evlat, Rachael Hunter, Marie Le Novere, Glyn Lewis, Tanya Mackay, Steven Marwaha, Zubair Matin, Georgia Naughton, C. Nekitsing, Millie O’Sullivan, Vanessa Pinfold, Shengning Pan, Angela Sobers, K. J. Thompson, J. Vasikaran, Martin Webber, Sonia Johnson, B. Lloyd-Evans","2023","Trials","10.1186/s13063-023-07684-4","Randomised controlled trial of the Community Navigator programme to reduce loneliness and depression for adults with treatment-resistant depression in secondary community mental health services: trial protocol","elicit_tiab_exclude","elicit",NA,NA,NA,NA,NA,"sr3_elicit_248"
"sr3_elicit_249","E. Rosario, Laura Espinoza, Ann T Vasile, S. Kaplan, Bonnie Scudder","2016",NA,"10.1016/j.apmr.2016.08.112","Promoting Discharge Success with a Navigation Team in Spinal Cord Injury","elicit_ft_exclude","elicit",NA,NA,NA,NA,NA,"sr3_elicit_249"
"sr3_elicit_25","M. Verhoeff, Janke F de Groot, Erik van Kan, Hanneke Peters-Siskens, Y. Vermeeren, B. V. van Munster","2023","International Journal of Integrated Care","10.5334/ijic.icic23313","A hospital care coordination team intervention for patients with multimorbidity","elicit_tiab_exclude","elicit",NA,NA,NA,NA,NA,"sr3_elicit_25"
"sr3_elicit_250","J. Suen, Elaina Parrillo, Ahmed Hassoon, Kimberly S Peairs, Olivia Stanford, J. Wenzel, J. Zabora, A. Dobs","2022","BMJ Open","10.1136/bmjopen-2022-067270","Improving cancer care for underserved populations in an academic and community practice setting: protocol for a community health worker pilot navigation programme","elicit_tiab_exclude","elicit",NA,NA,NA,NA,NA,"sr3_elicit_250"
"sr3_elicit_251","Rosalind M. Elliott, Joy Mei, Nicola Wormleaton, M. Fry","2021","Australasian Emergency Care","10.1016/j.auec.2021.01.001","Interventions for the discharge of older people to their home from the emergency department: a systematic review.","elicit_tiab_exclude","elicit",NA,NA,NA,NA,NA,"sr3_elicit_251"
"sr3_elicit_252","J. Lintz, Tina Beruchashvili, M. Nonikashvili, M. Kereselidze, Cecilie Nørby, Nørby Lyhne, M. Bjerrum, Johansson Jørgensen, G. Belamaric, D. Matijevic, D. Vukovic, Z. Bukumiric, Mladenovic Jankovic, G. Markovic, G. Tamburkovski, K. Vojvodic, M. Jakovljevic, L. Green, A. Instone, A. Stielke, J. Allen, A. Cotter-Roberts, B. Bainham, L. Couzens, C. Beynon, M. Dyakova","2022","European Journal of Public Health","10.1093/eurpub/ckac131.003","Person-centred care to prevent hospitalisation - a focus group study with primary care providers","elicit_tiab_exclude","elicit",NA,NA,NA,NA,NA,"sr3_elicit_252"
"sr3_elicit_253","Christina Hayes","2024","Age and Ageing","10.1093/ageing/afae178.047","Effectiveness of Community-Based Multidisciplinary Integrated Care for Older Adults with General Practitioner Involvement: A Systematic Review and Meta-Analysis","elicit_tiab_exclude","elicit",NA,NA,NA,NA,NA,"sr3_elicit_253"
"sr3_elicit_254","John B. Young, John S. Green, A. Forster, N. Small, K. Lowson, Susan Bogle, J. George, D. Heseltine, T. Jayasuriya, J. Rowe","2007","Journal of The American Geriatrics Society","10.1111/j.1532-5415.2007.01456.x","Postacute Care for Older People in Community Hospitals: A Multicenter Randomized, Controlled Trial","elicit_tiab_exclude","elicit",NA,NA,NA,NA,NA,"sr3_elicit_254"
"sr3_elicit_255","Alissa Bernstein, J. Merrilees, Sarah Dulaney, Krista L. Harrison, W. Chiong, Paulina Ong, Julia C Heunis, Jeff Choi, Reilly Walker, Julie E Feuer, Kirby P. Lee, D. Dohan, S. Bonasera, B. Miller, K. Possin","2020","Alzheimer's & Dementia","10.1002/trc2.12010","Using care navigation to address caregiver burden in dementia: A qualitative case study analysis","elicit_tiab_exclude","elicit",NA,NA,NA,NA,NA,"sr3_elicit_255"
"sr3_elicit_256","Elisa Valía-Cotanda, A. Gil-Salmerón, Tamara Alhambra-Borrás, Jorge Garcés-Ferrer","2018","International Journal of Integrated Care","10.5334/ijic.s2367","Integrated care for elderly receiving hospital-at-home care: Designing an innovative home-based programme","elicit_tiab_exclude","elicit",NA,NA,NA,NA,NA,"sr3_elicit_256"
"sr3_elicit_257","D. Meltzer, G. Ruhnke","2014",NA,NA,"Care Physician Model Redesigning Care For Patients At Increased Hospitalization Risk : The Comprehensive","elicit_tiab_exclude","elicit",NA,NA,NA,NA,NA,"sr3_elicit_257"
"sr3_elicit_258","Taylor J Horyna, R. Jimenez, Linda Mcmurry, D. Buscemi, B. Cherry, C. Seifert","2020","Journal of healthcare management / American College of Healthcare Executives","10.1097/JHM-D-19-00123","An Evaluation of Interprofessional Patient Navigation Services in High Utilizers at a County Tertiary Teaching Health System.","elicit_tiab_exclude","elicit",NA,NA,NA,NA,NA,"sr3_elicit_258"
"sr3_elicit_259","Debra G. Morgan, Melanie Bayly, Julie G Kosteniuk","2024","Innovation in aging","10.1093/geroni/igae098.2525","THE CARE NAVIGATOR ROLE IN RURAL PRIMARY CARE MEMORY CLINICS","elicit_tiab_exclude","elicit",NA,NA,NA,NA,NA,"sr3_elicit_259"
"sr3_elicit_26","R. M. A. van Erp, A. van Doorn, G. T. van den Brink, J. Peters, M. Laurant, A. V. van Vught","2021","International Journal of Integrated Care","10.5334/ijic.5485","Physician Assistants and Nurse Practitioners in Primary Care Plus: A Systematic Review","elicit_tiab_exclude","elicit",NA,NA,NA,NA,NA,"sr3_elicit_26"
"sr3_elicit_260","C. Harvey, Janine Palmer, D. Hegney, E. Willis, A. Baldwin, C. Rees, B. Heritage, S. Thompson, R. Forrest, Christopher J. O'Donnell, Robert N. Marshall, Sandy Mclellan, Jonathon Sibley, J. Judd, Bridget Ferguson, Anita Bamford-Wade, D. Brain","2019","Journal of Advanced Nursing","10.1111/jan.14041","The evaluation of nurse navigators in chronic and complex care.","elicit_tiab_exclude","elicit",NA,NA,NA,NA,NA,"sr3_elicit_260"
"sr3_elicit_261","S. Goodwin","2022",NA,"10.3310/nihropenres.1115183.1","IMPROVE-Stroke: IMproving the PRevention Of Vascular Events after Stroke or TIA – a randomised controlled pilot trial of nurse independent prescriber-led care pathway-based risk factor management","elicit_tiab_exclude","elicit",NA,NA,NA,NA,NA,"sr3_elicit_261"
"sr3_elicit_262","Richard L. Reed, L. Roeger, B. Kaambwa","2024","BMC Health Services Research","10.1186/s12913-024-10799-2","Two-year follow-up of a clustered randomised controlled trial of a multicomponent general practice intervention for people at risk of poor health outcomes","elicit_ft_include","elicit",NA,NA,NA,NA,NA,"sr3_elicit_262"
"sr3_elicit_263","S. Hollingworth, M. Donald, Jianzhen Zhang, B. Vaikuntam, A. Russell, C. Jackson","2017","Primary Care Diabetes","10.1016/j.pcd.2017.03.009","Impact of a general practitioner-led integrated model of care on the cost of potentially preventable diabetes-related hospitalisations.","elicit_tiab_exclude","elicit",NA,NA,NA,NA,NA,"sr3_elicit_263"
"sr3_elicit_264","A. Bourmaud, Y. Benoist, F. Tinquaut, C. Allary, J. Ramone-Louis, M. Oriol, J. Kalecinski, V. Dutertre, N. Léchopier, M. Pommier, S. Rousseau, A. Dumas, P. Amiel, V. Regnier, V. Buthion, F. Chauvin","2023","BMC Cancer","10.1186/s12885-022-10169-3","Patient navigation for colorectal cancer screening in deprived areas: the COLONAV cluster randomized controlled trial","elicit_tiab_exclude","elicit",NA,NA,NA,NA,NA,"sr3_elicit_264"
"sr3_elicit_265","Isaac Barker, A. Steventon, S. Deeny","2017","Clinical medicine (London)","10.7861/clinmedicine.17-3-s16","Continuity of care in general practice is associated with fewer ambulatory care sensitive hospital admissions: a cross-sectional study of routinely collected, person-level data.","elicit_tiab_exclude","elicit",NA,NA,NA,NA,NA,"sr3_elicit_265"
"sr3_elicit_266","Virginia Iglesias-Sierra, N. Sánchez-Aguadero, J. Recio-Rodríguez, B. Sanchez-salgado, Luis Garcia-Ortiz, R. Alonso-Domínguez","2025","Nursing Reports","10.3390/nursrep15060191","Effectiveness of the Community Nurse Case Manager in Primary Care for Complex, Pluripathological, Chronic, Dependent Patients: A Study Protocol","elicit_tiab_exclude","elicit",NA,NA,NA,NA,NA,"sr3_elicit_266"
"sr3_elicit_267","J. E. Anderson, S. Larke","2009","Mental Health in Family Medicine",NA,"Navigating the mental health and addictions maze: a community-based pilot project of a new role in primary mental health care.","elicit_tiab_exclude","elicit",NA,NA,NA,NA,NA,"sr3_elicit_267"
"sr3_elicit_268","K. Harper, Nicholas P Gibson, Annette D Barton, A. Petta, S. Pearson, A. Celenza","2013","Emergency Medicine Australasia","10.1111/1742-6723.12098","Effects of emergency department Care Coordination Team referrals in older people presenting with a fall","elicit_tiab_exclude","elicit",NA,NA,NA,NA,NA,"sr3_elicit_268"
"sr3_elicit_269","Odete Araújo, Isabel Lage, J. Cabrita, L. Teixeira","2015","Journal of Advanced Nursing","10.1111/jan.12697","Intervention in informal caregivers who take care of older people after a stroke (InCARE): study protocol for a randomised trial.","elicit_ft_exclude","elicit",NA,NA,NA,NA,NA,"sr3_elicit_269"
"sr3_elicit_27","Clare Hannan-Jones, Charlotte E. Young, G. Mitchell, Allyson Mutch","2019","Australian Journal of Primary Health","10.1071/PY19042","Exploring nurse navigators.","elicit_tiab_exclude","elicit",NA,NA,NA,NA,NA,"sr3_elicit_27"
"sr3_elicit_270","Thomasb, Mannc, Huwsb, Elwynb, Paranjothyb, Purdya","2013",NA,NA,"Is case management effective in reducing the risk of unplanned hospital admissions for older people ?","elicit_tiab_exclude","elicit",NA,NA,NA,NA,NA,"sr3_elicit_270"
"sr3_elicit_271","M. Leyenaar, B. McLeod, A. Jones, A. Brousseau, É. Mercier, R. Strum, M. Nolan, S. Sinha, G. Agarwal, W. Tavares, Andrew P. Costa","2021","Canadian Journal of Emergency Medicine","10.1007/s43678-021-00153-4","Paramedics assessing patients with complex comorbidities in community settings: results from the CARPE study","elicit_tiab_exclude","elicit, elicit",NA,NA,NA,NA,NA,"sr3_elicit_271, sr3_elicit_342"
"sr3_elicit_272","Srabani Banerjee, C. Argáez","2021",NA,"10.51731/CJHT.2021.38","Patient Navigation Programs for People With Dementia","elicit_tiab_exclude","elicit",NA,NA,NA,NA,NA,"sr3_elicit_272"
"sr3_elicit_273","G. Duncan, Cathy Ngo, L. Fanning, David A. Taylor, K. McNamara, S. Caliph, Bill Suen, Stefanie Johnston, P. Darzins","2020","Research in Social and Administrative Pharmacy","10.1016/j.sapharm.2020.03.024","Protocol for a randomised controlled trial evaluating the impact of a community pharmacy discharge medication reconciliation service on unplanned hospital readmissions - The DCMedsRec trial.","elicit_tiab_exclude","elicit",NA,NA,NA,NA,NA,"sr3_elicit_273"
"sr3_elicit_274","Julian Abel, Helen Kingston, A. Scally, Jenny Hartnoll, Gareth Hannam, Alexandra Thomson-Moore, A. Kellehear","2018","The British journal of general practice : the journal of the Royal College of General Practitioners","10.3399/bjgp18X699437","Reducing emergency hospital admissions: a population health complex intervention of an enhanced model of primary care and compassionate communities.","elicit_tiab_exclude","elicit",NA,NA,NA,NA,NA,"sr3_elicit_274"
"sr3_elicit_275","D. Henderson, I. Atherton, C. McCowan, S. Mercer, N. Bailey","2020","International Journal of Population Data Science","10.23889/ijpds.v5i5.1519","Factors Associated with Unplanned Admission to Hospital: A National Time-To-Event Analysis of Over 65s In Scotland","elicit_tiab_exclude","elicit",NA,NA,NA,NA,NA,"sr3_elicit_275"
"sr3_elicit_276","Lesley E Williamson, K. Sleeman, C. Evans","2023","International Journal of Geriatric Psychiatry","10.1002/gps.5966","Exploring access to community care and emergency department use among people with dementia: A qualitative interview study with people with dementia, and current and bereaved caregivers","elicit_tiab_exclude","elicit",NA,NA,NA,NA,NA,"sr3_elicit_276"
"sr3_elicit_277","Richard L. Reed, L. Roeger, Yuen H Kwok, B. Kaambwa, S. Allison, R. Osborne","2022","Medical Journal of Australia","10.5694/mja2.51484","A general practice intervention for people at risk of poor health outcomes: the Flinders QUEST cluster randomised controlled trial and economic evaluation","elicit_ft_exclude","elicit",NA,NA,NA,NA,NA,"sr3_elicit_277"
"sr3_elicit_278","A. Berezowska, E. Passchier, E. Bleiker","2020","Supportive Care in Cancer","10.1007/s00520-020-05721-5","Professional patient navigation in a hospital setting: a randomized controlled trial","elicit_tiab_exclude","elicit",NA,NA,NA,NA,NA,"sr3_elicit_278"
"sr3_elicit_279","Annette Peart, V. Lewis, T. Brown, G. Russell","2018","BMJ Open","10.1136/bmjopen-2017-019252","Patient navigators facilitating access to primary care: a scoping review","elicit_tiab_exclude","elicit",NA,NA,NA,NA,NA,"sr3_elicit_279"
"sr3_elicit_28","Chloé Gervès-Pinquié, Fatima Daumas-Yatim, B. Lalloué, A. Girault, M. Ferrua, A. Fourcade, F. Lemare, M. Dipalma, E. Minvielle","2017","BMC Health Services Research","10.1186/s12913-017-2066-x","Impacts of a navigation program based on health information technology for patients receiving oral anticancer therapy: the CAPRI randomized controlled trial","elicit_ft_exclude","elicit",NA,NA,NA,NA,NA,"sr3_elicit_28"
"sr3_elicit_280","Mieke Deschodt, Gwen Laurent, Lonne Cornelissen, Olivia Yip, F. Zúñiga, K. Denhaerynck, M. Briel, Azra Karabegovic, S. D. De Geest","2020","International Journal of Nursing Studies","10.1016/j.ijnurstu.2020.103552","Core components and impact of nurse-led integrated care models for home-dwelling older people: A systematic review and meta-analysis.","elicit_tiab_exclude","elicit",NA,NA,NA,NA,NA,"sr3_elicit_280"
"sr3_elicit_281","T. Wasan, B. Hayhoe, Meryem Cicek, Elena Lammila-Escalera, D. Nicholls, A. Majeed, G. Greenfield","2023","Journal of the Royal Society of Medicine","10.1177/01410768231186224","The effects of community interventions on unplanned healthcare use in patients with multimorbidity: a systematic review","elicit_tiab_exclude","elicit",NA,NA,NA,NA,NA,"sr3_elicit_281"
"sr3_elicit_282","A. Jairoun, S. S. Al-Hemyari, Maimona Jairoun, F. El‑Dahiyat, Mina Rabea Al Ani, Mustafa Habeb","2021","Research in Social and Administrative Pharmacy","10.1016/j.sapharm.2021.11.005","Hidden factors in community pharmacy related to medication safety risks: Pushing patient safety to breaking point.","elicit_tiab_exclude","elicit",NA,NA,NA,NA,NA,"sr3_elicit_282"
"sr3_elicit_283","S. Tierney, G. Wong, K. Mahtani","2019",NA,NA,"How is ‘care navigation’ understood and implemented currently across England? A cross-sectional study of NHS clinical commissioning groups","elicit_tiab_exclude","elicit",NA,NA,NA,NA,NA,"sr3_elicit_283"
"sr3_elicit_284","Michael Liu, K. Pridham, Jesse Jenkinson, R. Nisenbaum, L. Richard, Cheryl Pedersen, Rebecca Brown, Sareeha Virani, Fred Ellerington, Alyssa Ranieri, Oluwagbenga O. Dada, Matthew J To, Gabriel Fabreau, K. McBrien, V. Stergiopoulos, A. Palepu, Stephen W. Hwang","2022","BMJ Open","10.1136/bmjopen-2022-065688","Navigator programme for hospitalised adults experiencing homelessness: protocol for a pragmatic randomised controlled trial","elicit_ft_include","elicit",NA,NA,NA,NA,NA,"sr3_elicit_284"
"sr3_elicit_285","Tammy Ling, D. Basic, E. Tcharkhedian, Josephine Campisi, Bernadette Pringle, Angela Khoo","2024","Australasian Journal on Ageing","10.1111/ajag.13356","Care in the Community: A COVID‐19 initiative to reduce hospital re‐presentations among community‐dwelling people","elicit_tiab_exclude","elicit",NA,NA,NA,NA,NA,"sr3_elicit_285"
"sr3_elicit_286","Alison Watson, L. Charlesworth, Ruth Jacob, D. Kendrick, P. Logan, Fiona Marshall, A. Montgomery, T. Sach, W. Tan, Maria Walker, J. Waring, D. Whitham, O. Sahota","2015","Trials","10.1186/s13063-015-0551-2","The Community In-Reach and Care Transition (CIRACT) clinical and cost-effectiveness study: study protocol for a randomised controlled trial","elicit_ft_include","elicit",NA,NA,NA,NA,NA,"sr3_elicit_286"
"sr3_elicit_287","E. Soto-Pérez-de-Celis, Y. Chávarri-Guerra, W. Ramos-López, Jacqueline Alcalde-Castro, A. Covarrubias-Gómez, Á. Navarro-Lara, Paulina Quiroz-Friedman, Sofía Sánchez-Román, N. Alcocer-Castillejos, J. Aguilar-Velazco, A. Bukowski, Juan Alberto Chávarri-Maldonado, Sergio Contreras-Garduño, L. Krush, Itoro E Inoyo, Andrea Medina-Campos, María Luisa Moreno-García, V. Pérez-Montessoro, M. Bourlon, Roberto de la Peña-Lopez, Héctor de la Mora-Molina, E. León-Rodríguez, A. Mohar, P. Goss","2020","The Oncologist","10.1002/onco.13599","Patient Navigation to Improve Early Access to Supportive Care for Patients with Advanced Cancer in Resource-limited Settings: a Randomized Controlled Trial.","elicit_tiab_exclude","elicit",NA,NA,NA,NA,NA,"sr3_elicit_287"
"sr3_elicit_288","A. Fournaise, J. Lauridsen, S. K. Nissen, C. Gudex, M. Bech, A. Mejldal, U. Wiil, Jesper B. Rasmussen, K. Kidholm, L. Matzen, Kurt Espersen, K. Andersen-Ranberg","2023","The Lancet Healthy Longevity","10.1016/s2666-7568(23)00023-5","Structured decision support to prevent hospitalisations of community-dwelling older adults in Denmark (PATINA): an open-label, stepped-wedge, cluster-randomised controlled trial.","elicit_tiab_exclude","elicit",NA,NA,NA,NA,NA,"sr3_elicit_288"
"sr3_elicit_289","R. Chung, Stewart W. Mercer, Benjamin H. K. Yip, Stephanie W. C. Chan, Francisco T. T. Lai, H. H. Wang, M. C. Wong, Carmen K. M. Wong, R. Sit, E. Yeoh, S. Y. Wong","2016","Scientific Reports","10.1038/srep29758","The association between types of regular primary care and hospitalization among people with and without multimorbidity: A household survey on 25,780 Chinese","elicit_tiab_exclude","elicit",NA,NA,NA,NA,NA,"sr3_elicit_289"
"sr3_elicit_29","S. Dahrouge, Alain P Gauthier, François Chiocchio, J. Presseau, C. Kendall, M. Lemonde, Marie-Hélène Chomienne, Andrea Perna, Darene Toal-Sullivan, Rose A Devlin, P. Timony, D. Prud'homme","2019","JMIR Research Protocols","10.2196/11022","Access to Resources in the Community Through Navigation: Protocol for a Mixed-Methods Feasibility Study","elicit_tiab_exclude","elicit",NA,NA,NA,NA,NA,"sr3_elicit_29"
"sr3_elicit_290","Ikhwan Marion, Derek Cribbin","2024","Age and Ageing","10.1093/ageing/afae178.041","Redesigning Community Dwelling Geriatric Integrated Care Program for Better Care Co-Ordination and Health Outcomes","elicit_tiab_exclude","elicit",NA,NA,NA,NA,NA,"sr3_elicit_290"
"sr3_elicit_291","Jianzhen Zhang, L. Burridge, K. Baxter, M. Donald, M. Foster, S. Hollingworth, R. Ware, A. Russell, C. Jackson","2013","Trials","10.1186/1745-6215-14-382","A new model of integrated primary-secondary care for complex diabetes in the community: study protocol for a randomised controlled trial","elicit_tiab_exclude","elicit",NA,NA,NA,NA,NA,"sr3_elicit_291"
"sr3_elicit_292","J. Redfern, Nashid Hafiz, K. Hyun, A. Knight, C. Hespe, C. Chow, T. Briffa, R. Gallagher, C. Reid, D. Hare, N. Zwar, M. Woodward, S. Jan, E. Atkins, T. Laba, E. Halcomb, L. Billot, T. Johnson, T. Usherwood","2020","BMC Family Practice","10.1186/s12875-020-01105-0","QUality improvement in primary care to prevent hospitalisations and improve Effectiveness and efficiency of care for people Living with coronary heart disease (QUEL): protocol for a 24-month cluster randomised controlled trial in primary care","elicit_tiab_exclude","elicit",NA,NA,NA,NA,NA,"sr3_elicit_292"
"sr3_elicit_293","Bishnu Bahadur Thapa, Xinqi Li, O. Galárraga","2022","American Journal of Managed Care","10.37765/ajmc.2022.88862","Impacts of community-based care program on health care utilization and cost.","elicit_tiab_exclude","elicit",NA,NA,NA,NA,NA,"sr3_elicit_293"
"sr3_elicit_294","M. Bruce, M. Lohman, Rebecca L. Greenberg, Y. Bao, P. Raue","2016","Journal of The American Geriatrics Society","10.1111/jgs.14440","Integrating Depression Care Management into Medicare Home Health Reduces Risk of 30‐ and 60‐Day Hospitalization: The Depression Care for Patients at Home Cluster‐Randomized Trial","elicit_ft_include, original_exclude","elicit, original","2196-2203","64","11",NA,NA,"sr3_elicit_294, sr3_original_44"
"sr3_elicit_295","N. Hanson, L. Skerry, K. O’Keefe, T. Freeze, C. Nguyen, R. Somal, K. Faig, P. Jarrett","2025","Age and Ageing","10.1093/ageing/afae277.091","2789 Patient navigator coordination of transitions for older adults with fractures: family caregiver experiences","elicit_tiab_exclude","elicit",NA,NA,NA,NA,NA,"sr3_elicit_295"
"sr3_elicit_296","Trechelle Herington","2025","International Journal of Integrated Care","10.5334/ijic.icic24201","Pathways++ a stepped model of integrated care","elicit_tiab_exclude","elicit",NA,NA,NA,NA,NA,"sr3_elicit_296"
"sr3_elicit_297","Jessica Gaber, D. Oliver, R. Valaitis, Laura Cleghorn, L. Lamarche, Ernie Avilla, F. Parascandalo, D. Price, L. Dolovich","2020","BMC Family Practice","10.1186/s12875-020-01165-2","Experiences of integrating community volunteers as extensions of the primary care team to help support older adults at home: a qualitative study","elicit_tiab_exclude","elicit",NA,NA,NA,NA,NA,"sr3_elicit_297"
"sr3_elicit_298","V. Provencher, L. Clemson, Kylie Wales, I. Cameron, L. Gitlin, Ariane Grenier, N. Lannin","2020","BMC Geriatrics","10.1186/s12877-020-1494-3","Supporting at-risk older adults transitioning from hospital to home: who benefits from an evidence-based patient-centered discharge planning intervention? Post-hoc analysis from a randomized trial","elicit_tiab_exclude","elicit",NA,NA,NA,NA,NA,"sr3_elicit_298"
"sr3_elicit_299","Duncan Chambers, A. Cantrell, L. Preston, C. Marincowitz, Lynne Wright, Simon Conroy, Adam Lee Gordon","2023","Health and Social Care Delivery Research","10.3310/KLPW6338","Reducing unplanned hospital admissions from care homes: a systematic review.","elicit_tiab_exclude","elicit",NA,NA,NA,NA,NA,"sr3_elicit_299"
"sr3_elicit_3","G. Lewis, M. Bardsley, R. Vaithianathan, A. Steventon, T. Georghiou, J. Billings, J. Dixon","2011","International Journal of Integrated Care","10.5334/IJIC.654","Do ‘virtual wards’ reduce rates of unplanned hospital admissions, and at what cost? A research protocol using propensity matched controls","elicit_tiab_exclude","elicit",NA,NA,NA,NA,NA,"sr3_elicit_3"
"sr3_elicit_30","H. Sinclair, A. Furey","2016",NA,"10.5750/IJPCM.V6I2.561","Reducing unplanned hospital admissions in Older people with high needs: a review of local practice in a small sample of primary care patients in an inner London borough.","elicit_tiab_exclude","elicit",NA,NA,NA,NA,NA,"sr3_elicit_30"
"sr3_elicit_300","Lisa Fønss Rasmussen","2021","International Journal of Integrated Care","10.5334/ijic.icic2082","Effects of transitional interventions between hospital and home on readmissions in older patients discharged from a medical ward or emergency department: a systematic review","elicit_tiab_exclude","elicit",NA,NA,NA,NA,NA,"sr3_elicit_300"
"sr3_elicit_301","K. Neadley, C. Shoubridge, A. Smith, S. Martin, M. Boyd, C. Hocking","2024","medRxiv","10.1101/2024.04.02.24305238","Addressing unmet social needs using a health navigator for patients at a major metropolitan hospital in Australia: a mixed-methods feasibility study","elicit_tiab_exclude","elicit",NA,NA,NA,NA,NA,"sr3_elicit_301"
"sr3_elicit_302","Grace Liu, Amanda Knoepfli, Tracey Dasgupta, Naomi Ziegler, Emma Elliot, Mahala English, Sander L. Hitzig, Sara J. T. Guilcher","2025","Canadian Geriatrics Journal","10.5770/cgj.03.852","Depiction of a Novel Patient Navigator Program to Support Delayed Discharges Among Older Adults Admitted to Acute Care","elicit_tiab_exclude","elicit",NA,NA,NA,NA,NA,"sr3_elicit_302"
"sr3_elicit_303","Aditi Vasan, Molly Knowles, Shaun Flerchinger, Thomas K Tandy, David Mosen, Jessica Soltesz, Olivia Paradis, Nicole Friedman, Judith A Long, B. Ertz-Berger, S. Kangovi","2025","Journal of general internal medicine","10.1007/s11606-025-09495-6","Effects of a Standardized Community Health Worker Intervention on Health Care Utilization Within an Integrated Delivery System.","elicit_ft_include","elicit",NA,NA,NA,NA,NA,"sr3_elicit_303"
"sr3_elicit_304","Mark F Harris, An Tran, Mamta Porwal, Parisa Aslani, John Cullen, Anthony Brown, Elizabeth Harris, B. Harris-Roxas, Fiona Doolan-Noble, Sara Javanparast, Michael C Wright, Richard H Osborne, Regina Osten","2024","Australian Journal of Primary Health","10.1071/PY24042","Codesigning a Community Health Navigator program to assist patients to transition from hospital to community.","elicit_tiab_exclude","elicit",NA,NA,NA,NA,NA,"sr3_elicit_304"
"sr3_elicit_305","Therese Lloyd, S. Conti, Filipe Santos, A. Steventon","2019","BMJ Quality & Safety","10.1136/bmjqs-2018-009130","Effect on secondary care of providing enhanced support to residential and nursing home residents: a subgroup analysis of a retrospective matched cohort study","elicit_tiab_exclude","elicit",NA,NA,NA,NA,NA,"sr3_elicit_305"
"sr3_elicit_306","Louise Thomas, S. Parker, H. Song, Nilakshi Gunatillaka, Grant Russell, Mark Harris, Grant Jeannie Jean-Frederic Mark Simone Virginia Cathie  Russell Haggerty Levesque Harris Dahrouge Lewis Sc, Grant Russell, J. Haggerty, J. Levesque, Mark Harris, S. Dahrouge, V. Lewis, C. Scott, N. Stocks","2019","BMC Health Services Research","10.1186/s12913-019-4088-z","Health service brokerage to improve primary care access for populations experiencing vulnerability or disadvantage: a systematic review and realist synthesis","elicit_tiab_exclude","elicit",NA,NA,NA,NA,NA,"sr3_elicit_306"
"sr3_elicit_307","A. King, Rachel Johnson, H. Cramer, S. Purdy, A. Huntley","2018","Journal of Advanced Nursing","10.1111/jan.13559","Community case management and unplanned hospital admissions in patients with heart failure: A systematic review and qualitative evidence synthesis","elicit_tiab_exclude","elicit",NA,NA,NA,NA,NA,"sr3_elicit_307"
"sr3_elicit_308","E. Comino, D. Tran, J. Taggart, S. Liaw, W. Ruscoe, J. Snow, M. Harris","2013","Australian Health Review","10.1071/AH12175","A preliminary study of the relationship between general practice care and hospitalisation using a diabetes register, CARDIAB.","elicit_tiab_exclude","elicit",NA,NA,NA,NA,NA,"sr3_elicit_308"
"sr3_elicit_309","T. Lee, I. Ko, Insook Lee, Eun-Hyeon Kim, M. Shin, S. Roh, Dongsup Yoon, Seunghoe Choi, Hangseok Chang","2011","Cancer Nursing","10.1097/NCC.0b013e3182025007","Effects of Nurse Navigators on Health Outcomes of Cancer Patients","elicit_tiab_exclude","elicit",NA,NA,NA,NA,NA,"sr3_elicit_309"
"sr3_elicit_31","J. Hollinghurst, A. Akbari, R. Fry, A. Watkins, D. Berridge, A. Clegg, S. Hillcoat-Nallétamby, Neil Williams, R. Lyons, A. Mizen, Angharad Walters, Rhodri D Johnson, S. Rodgers","2018","BMJ Open","10.1136/bmjopen-2018-026290","Study protocol for investigating the impact of community home modification services on hospital utilisation for fall injuries: a controlled longitudinal study using data linkage","elicit_tiab_exclude","elicit",NA,NA,NA,NA,NA,"sr3_elicit_31"
"sr3_elicit_310","Shubham Gupta, A. Srinivasan, Dhanusha Dharmarajah","2020",NA,"10.1136/leader-2020-fmlm.98","98 Care navigation in primary care: a student-led clinical audit & quality improvement project","elicit_tiab_exclude","elicit",NA,NA,NA,NA,NA,"sr3_elicit_310"
"sr3_elicit_311","S. Edwards, K. Peterson, Brian Chan, Johanna Anderson, M. Helfand","2017","Journal of general internal medicine","10.1007/s11606-017-4174-z","Effectiveness of Intensive Primary Care Interventions: A Systematic Review","elicit_tiab_exclude","elicit",NA,NA,NA,NA,NA,"sr3_elicit_311"
"sr3_elicit_312","S. Tierney, G. Wong, K. Mahtani","2019","The British journal of general practice : the journal of the Royal College of General Practitioners","10.3399/bjgp19X705569","Current understanding and implementation of 'care navigation' across England: a cross-sectional study of NHS clinical commissioning groups.","elicit_tiab_exclude","elicit",NA,NA,NA,NA,NA,"sr3_elicit_312"
"sr3_elicit_313","Natalie Plant, K. Mallitt, P. Kelly, T. Usherwood, James A. Gillespie, S. Boyages, S. Jan, Justin W McNab, B. Essue, Kathy Gradidge, Nereus Maranan, David Ralphs, C. Aspin, S. Leeder","2013","BMC Health Services Research","10.1186/1472-6963-13-164","Implementation and effectiveness of 'care navigation', coordinated management for people with complex chronic illness: rationale and methods of a randomised controlled","elicit_tiab_exclude","elicit",NA,NA,NA,NA,NA,"sr3_elicit_313"
"sr3_elicit_314","Salina Bakshi, L. Carlson, Joy Gulla, Priscilla Wang, Kristy Helscel, Brian J. Yun, C. Vogeli, Amy O Flaster","2022","American Journal of Managed Care","10.37765/ajmc.2022.89140","Improving care coordination and reducing ED utilization through patient navigation.","elicit_tiab_exclude","elicit",NA,NA,NA,NA,NA,"sr3_elicit_314"
"sr3_elicit_315","Jocelyn Carter, Anne Walton, K. Donelan, A. Thorndike","2018","Contemporary Clinical Trials","10.1016/j.cct.2018.09.013","Implementing community health worker-patient pairings at the time of hospital discharge: A randomized control trial.","elicit_ft_exclude, original_exclude","elicit, original","32-37","74",NA,NA,NA,"sr3_elicit_315, sr3_original_49"
"sr3_elicit_316","B. Brown, A. Kilgallen, Ciarán Mullan","2019","International Journal of Integrated Care","10.5334/IJIC.S3137","Development and testing of a primary health and social care integrated\\n team model in the comunity","elicit_tiab_exclude","elicit",NA,NA,NA,NA,NA,"sr3_elicit_316"
"sr3_elicit_317","A. Heskett, J. Mummaneni, W. Hicks","2025","Age and Ageing","10.1093/ageing/afae277.039","2780 Avoiding acute admissions by working in a multi-disciplinary team alongside paramedics in the West Kent clinical navigation hub","elicit_tiab_exclude","elicit",NA,NA,NA,NA,NA,"sr3_elicit_317"
"sr3_elicit_318","Natasha Tyler, A. Hodkinson, C. Planner, Ioannis Angelakis, C. Keyworth, Alex Hall, P. P. Jones, O. Wright, R. Keers, Tom Blakeman, M. Panagioti","2023","JAMA Network Open","10.1001/jamanetworkopen.2023.44825","Transitional Care Interventions From Hospital to Community to Reduce Health Care Use and Improve Patient Outcomes","elicit_tiab_exclude","elicit",NA,NA,NA,NA,NA,"sr3_elicit_318"
"sr3_elicit_319","Stacy Landau, Tracey Dasgupta, Naomi Ziegler, Marina Motsenok, Kristina Kokorelias, Sander L. Hitzig","2025","International Journal of Integrated Care","10.5334/ijic.nacic24238","Navigating Across Hospital and Community Settings to Create a Patient Navigation Program for Older Adults","elicit_tiab_exclude","elicit",NA,NA,NA,NA,NA,"sr3_elicit_319"
"sr3_elicit_32","R. Dennehy, P. Barry, K. O’Connor, F. Cronin, S. Turvey, E. Moriarty, Éilis J. O’Reilly, J. Browne, S. McHugh","2019","Age and Ageing","10.1093/ageing/afz102.48","217 Investigating the Delivery of Falls Prevention Interventions to Older People Following Multi-Factorial Risk Assessment: A Cross-sectional Study","elicit_tiab_exclude","elicit",NA,NA,NA,NA,NA,"sr3_elicit_32"
"sr3_elicit_320","L. Ho, S. Malden, Kris McGill, M. Shimonovich, H. Frost, N. Aujla, I. Ho, S. Shenkin, Barbara Hanratty, S. Mercer, B. Guthrie","2023","Age and Ageing","10.1093/ageing/afad132","Complex interventions for improving independent living and quality of life amongst community-dwelling older adults: a systematic review and meta-analysis","elicit_tiab_exclude","elicit",NA,NA,NA,NA,NA,"sr3_elicit_320"
"sr3_elicit_321","Richard B. Balaban, A. Galbraith, M. Burns, Catherine E. Vialle-Valentin, Marc R. Larochelle, D. Ross-Degnan","2015","Journal of general internal medicine","10.1007/s11606-015-3185-x","A Patient Navigator Intervention to Reduce Hospital Readmissions among High-Risk Safety-Net Patients: A Randomized Controlled Trial","elicit_ft_include, original_include","elicit, original","907-915","30","7",NA,NA,"sr3_elicit_321, sr3_original_1"
"sr3_elicit_322","Lisa Parcsi","2021","International Journal of Integrated Care","10.5334/ijic.icic20142","Impact of a local health and hospital service placing a Community Link Worker in a high need social housing area of inner Sydney, Australia","elicit_tiab_exclude","elicit",NA,NA,NA,NA,NA,"sr3_elicit_322"
"sr3_elicit_323","M. Sawhney, Larissa J Teng, L. Jussaume, S. Costa, V. Thompson","2020","International Journal of Orthopaedic and Trauma Nursing","10.1016/j.ijotn.2020.100799","The impact of patient navigation on length of hospital stay and satisfaction in patients undergoing primary hip or knee arthroplasty.","elicit_tiab_exclude","elicit",NA,NA,NA,NA,NA,"sr3_elicit_323"
"sr3_elicit_325","S. Doucet, A. Luke, Lillian MacNeill","2025","International Journal of Integrated Care","10.5334/ijic.nacic24065","Enhancing Care Integration and Accessibility through Patient Navigation","elicit_tiab_exclude","elicit",NA,NA,NA,NA,NA,"sr3_elicit_325"
"sr3_elicit_326","K. Enard, Deborah M Ganelin","2013","Journal of healthcare management / American College of Healthcare Executives","10.1097/00115514-201311000-00007","Reducing Preventable Emergency Department Utilization and Costs by Using Community Health Workers as Patient Navigators","elicit_tiab_exclude","elicit",NA,NA,NA,NA,NA,"sr3_elicit_326"
"sr3_elicit_327","Susan Enguídanos, Nancy E. Gibbs, Paula M. Jamison","2012","Journal of Gerontological Nursing","10.3928/00989134-20120116-01","From hospital to home: a brief nurse practitioner intervention for vulnerable older adults.","elicit_ft_exclude","elicit",NA,NA,NA,NA,NA,"sr3_elicit_327"
"sr3_elicit_328",NA,NA,NA,NA,"Effect of Telehealth on Use of Secondary Care and Mortality: Findings from the Whole System Demonstrator Cluster Randomised Trial Adam Steventon Senior Research Analyst , for the Whole System Demonstrator Evaluation Team","elicit_tiab_exclude","elicit",NA,NA,NA,NA,NA,"sr3_elicit_328"
"sr3_elicit_329","R. Packer, Yoav Ben Shlomo, P. Whiting","2019","PLoS ONE","10.1371/journal.pone.0223717","Can non-pharmacological interventions reduce hospital admissions in people with dementia? A systematic review","elicit_tiab_exclude","elicit",NA,NA,NA,NA,NA,"sr3_elicit_329"
"sr3_elicit_33","S. Kangovi, N. Mitra, L. Norton, Rory Harte, Xinyi Zhao, Tamala Carter, D. Grande, Judith A. Long","2018","JAMA Internal Medicine","10.1001/jamainternmed.2018.4630","Effect of Community Health Worker Support on Clinical Outcomes of Low-Income Patients Across Primary Care Facilities: A Randomized Clinical Trial","elicit_ft_include","elicit",NA,NA,NA,NA,NA,"sr3_elicit_33"
"sr3_elicit_330","H. Budde, Gemma A. Williams, J. Winkelmann, L. Pfirter, C. Maier","2021","BMC Health Services Research","10.1186/s12913-021-07140-6","The role of patient navigators in ambulatory care: overview of systematic reviews","elicit_tiab_exclude","elicit",NA,NA,NA,NA,NA,"sr3_elicit_330"
"sr3_elicit_331","Shubham Gupta, A. Srinivasan, Dhanusha Dharmarajah","2020",NA,"10.1136/leader-2020-fmlm.84","84 Care navigation in primary care: a student-led clinical audit & quality improvement project","elicit_tiab_exclude","elicit",NA,NA,NA,NA,NA,"sr3_elicit_331"
"sr3_elicit_332","S. Doucet, A. Luke, Grailing Anthonisen, Richelle L. Witherspoon, A. MacNeill, Lillian MacNeill, K. Kelly, Taylor Fearon","2022","BMJ Open","10.1136/bmjopen-2021-055750","Hospital-based patient navigation programmes for patients who experience injury-related trauma and their caregivers: a scoping review protocol","elicit_tiab_exclude","elicit",NA,NA,NA,NA,NA,"sr3_elicit_332"
"sr3_elicit_333","Billie Lynn Allard, Carol Conroy","2022","Nursing Administration Quarterly","10.1097/NAQ.0000000000000536","Our Nursing Profession at a Crossroads: Time to Chart a Course for the Future.","elicit_tiab_exclude","elicit",NA,NA,NA,NA,NA,"sr3_elicit_333"
"sr3_elicit_334","C. Wan, J. Mitchell, A. Maier","2020","Journal of the American Medical Directors Association","10.1016/j.jamda.2020.09.034","A Multidisciplinary, Community-Based Program to Reduce Unplanned Hospital Admissions.","elicit_tiab_exclude","elicit",NA,NA,NA,NA,NA,"sr3_elicit_334"
"sr3_elicit_335","Laura A. Hatfield, D. Caudry, D. Grabowski","2021","Journal of The American Geriatrics Society","10.1111/jgs.17324","Change in condition alerts for home care recipients: A stepped wedge cluster randomized trial","elicit_tiab_exclude","elicit",NA,NA,NA,NA,NA,"sr3_elicit_335"
"sr3_elicit_336","P. Skorga, C. Young","2013",NA,"10.1111/1744-1609.12032","Primary care professionals providing non‐urgent care in hospital emergency departments","elicit_tiab_exclude","elicit",NA,NA,NA,NA,NA,"sr3_elicit_336"
"sr3_elicit_337","I. Binswanger, E. Whitley, P. Haffey, Shane R Mueller, Sung‐joon Min","2015","Substance Abuse","10.1080/08897077.2014.932320","A Patient Navigation Intervention for Drug-Involved Former Prison Inmates","elicit_ft_include, original_exclude","elicit, original",NA,NA,NA,NA,NA,"sr3_elicit_337, sr3_original_36"
"sr3_elicit_338","Karen Okrainec, Michelle Grinman, Tom MacMillan, Shiran Isaacksz, Angela Cheung, Tsoleen Ayanian, Melissa Chang, Ceara Cunningham, Carolyn Gosse, Christopher Chan, Phyllis Berck, Jennifer Hyc, Lauren Lapointe-Shaw, Brian Chan, Shoshana Hahn-Goldberg, Liisa Jaakkimainen, Rahim Moineddin, Jeff Round, V. Rac","2025","International Journal of Integrated Care","10.5334/ijic.9468","Innovating for Complexity and Frailty: Moving the Arrow for Targeted Impact in Integrated Care","elicit_tiab_exclude","elicit",NA,NA,NA,NA,NA,"sr3_elicit_338"
"sr3_elicit_339","E. Kvale, M. Pisu, Courtney P. Williams, K. Kenzik, A. Azuero, Pradeep Sharma, Karina I Halilova, R. Rocconi, G. Cantuaria, E. Partridge, G. Rocque","2017",NA,"10.1200/JCO.2017.35.31_SUPPL.174","Optimizing dosing in navigation interventions across the cancer continuum: A planned secondary data analysis from the Patient Care Connect implementation.","elicit_tiab_exclude","elicit",NA,NA,NA,NA,NA,"sr3_elicit_339"
"sr3_elicit_34","R. Smithson, C. Wicker","2021",NA,"10.5334/IJIC.S4001","Understanding complex interventions: Evaluating the impact of integrated\\n care","elicit_tiab_exclude","elicit",NA,NA,NA,NA,NA,"sr3_elicit_34"
"sr3_elicit_340","Stephen R. Bird, W. Kurowski, Gillian K Dickman, I. Kronborg","2007","Australian Health Review","10.1071/AH070451","Integrated care facilitation for older patients with complex health care needs reduces hospital demand.","elicit_tiab_exclude","elicit",NA,NA,NA,NA,NA,"sr3_elicit_340"
"sr3_elicit_341","Grace Liu, K. Kokorelias, Amanda Knoepfli, Tracey Dasgupta, Naomi Ziegler, Sara J. T. Guilcher, Sander L. Hitzig","2024","Canadian Journal on Aging/La Revue canadienne du vieillissement","10.1017/S0714980824000321","Characteristics and Trajectory of Older Adults Supported by a Patient Navigator Program in a Hospital Setting: A Cohort Observational Study","elicit_tiab_exclude","elicit",NA,NA,NA,NA,NA,"sr3_elicit_341"
"sr3_elicit_343","N. Loskutova, A. Tsai, E. Fisher, Debby M LaCruz, Andrea L. Cherrington, T. Harrington, T. Turner, W. Pace","2016","Journal of the American Board of Family Medicine","10.3122/jabfm.2016.01.150048","Patient Navigators Connecting Patients to Community Resources to Improve Diabetes Outcomes","elicit_tiab_exclude","elicit",NA,NA,NA,NA,NA,"sr3_elicit_343"
"sr3_elicit_344","E. Kalo, Asma Baig, Emily Gregg, Jacob George, S. Read, Wai-See Ma, G. Ahlenstiel","2023","BMC Gastroenterology","10.1186/s12876-023-02986-y","A novel, nurse-led ‘one stop’ clinic for patients with liver cirrhosis results in fewer liver-related unplanned readmissions and improved survival","elicit_tiab_exclude","elicit",NA,NA,NA,NA,NA,"sr3_elicit_344"
"sr3_elicit_345","Ben R Davies, Helen Baxter, James Rooney, Phillip Simons, Ann Sephton, Sarah Purdy, Alyson L Huntley","2018","BJGP open","10.3399/bjgpopen18X101325","Frailty assessment in primary health care and its association with unplanned secondary care use: a rapid review","elicit_tiab_exclude","elicit",NA,NA,NA,NA,NA,"sr3_elicit_345"
"sr3_elicit_346","A. Fournaise, J. Lauridsen, M. Bech, U. Wiil, Jesper B. Rasmussen, K. Kidholm, K. Espersen, K. Andersen-Ranberg","2021","BMC Geriatrics","10.1186/s12877-021-02092-2","Prevention of AcuTe admIssioN algorithm (PATINA): study protocol of a stepped wedge randomized controlled trial","elicit_tiab_exclude","elicit",NA,NA,NA,NA,NA,"sr3_elicit_346"
"sr3_elicit_347","M. Roland, Richard Q Lewis, A. Steventon, G. Abel, J. Adams, M. Bardsley, L. Brereton, X. Chitnis, A. Conklin, L. Staetsky, Sarah Tunkel, T. Ling","2012","International Journal of Integrated Care","10.5334/IJIC.850","Case management for at-risk elderly patients in the English integrated care pilots: observational study of staff and patient experience and secondary care utilisation","elicit_tiab_exclude","elicit",NA,NA,NA,NA,NA,"sr3_elicit_347"
"sr3_elicit_348","U. Menon, L. Szalacha, J. Kue, P. Herman, Julie Bucho-Gonzalez, P. Lance, L. Larkey","2019","Annals of Behavioral Medicine","10.1093/abm/kaz049","Effects of a Community-to-Clinic Navigation Intervention on Colorectal Cancer Screening Among Underserved People.","elicit_tiab_exclude","elicit",NA,NA,NA,NA,NA,"sr3_elicit_348"
"sr3_elicit_349","M. Markle-Reid, Kathryn Fisher, R. Ganann, Chris Pollard, C. Whitmore","2023","Innovation in aging","10.1093/geroni/igad104.2091","AN INTEGRATED TRANSITIONAL CARE INTERVENTION IMPROVES PATIENT-REPORTED OUTCOMES IN OLDER ADULTS WITH STROKE","elicit_ft_include","elicit",NA,NA,NA,NA,NA,"sr3_elicit_349"
"sr3_elicit_35","Ben Searle, R. Barker, D. Stow, G. Spiers, F. Pearson, B. Hanratty","2023","Systematic review, meta-analysis, or scoping review","10.1370/afm.21.s1.4227","Which Interventions are Effective at Decreasing or Increasing Hospital Attendances or Hospital Admissions from Care Homes?","elicit_tiab_exclude","elicit",NA,NA,NA,NA,NA,"sr3_elicit_35"
"sr3_elicit_350","Isabelle Meulenbroeks, Liz Schroeder, J. Epp","2021","International Journal of Integrated Care","10.5334/ijic.5577","Bridging the Gap: A Mixed Methods Study Investigating Caregiver Integration for People with Geriatric Syndrome","elicit_tiab_exclude","elicit",NA,NA,NA,NA,NA,"sr3_elicit_350"
"sr3_elicit_351","K. Kokorelias, Jessica E. Shiers-Hanley, Zoe Li, Sander L. Hitzig","2022","The gerontologist","10.1093/geront/gnac054","A Systematic Review on Navigation Programs for Persons Living with Dementia and their Caregivers.","elicit_tiab_exclude","elicit",NA,NA,NA,NA,NA,"sr3_elicit_351"
"sr3_elicit_352","Maria Raisa Jessica Aquino, Grace Turner, E. Kreit, E. Blatchford, J. Grant, V. Johnson, Ricky Mullis, Jonathan Mant","2025","Trials","10.1186/s13063-025-08957-w","Implementing a new model of primary care for stroke survivors living in the community: a mixed-methods process evaluation","elicit_tiab_exclude","elicit",NA,NA,NA,NA,NA,"sr3_elicit_352"
"sr3_elicit_353","Sally-Anne Bauer","2025","International Journal of Integrated Care","10.5334/ijic.icic24424","The IMPACT Hub","elicit_tiab_exclude","elicit",NA,NA,NA,NA,NA,"sr3_elicit_353"
"sr3_elicit_354","Q. Tu, L. Xiao, S. Ullah, J. Fuller, H. Du","2020","Journal of Advanced Nursing","10.1111/jan.14466","A transitional care intervention for hypertension control for older people with diabetes: A cluster randomized controlled trial.","elicit_ft_exclude, original_exclude","elicit, original","2696-2708","76","10",NA,NA,"sr3_elicit_354, sr3_original_164"
"sr3_elicit_355","Jenni Murray, Ruth Baxter, Jane K O'Hara, Laura Sheard, C. Hewitt, N. Hardicre, Charles Vincent, E. Oikonomou, Gerry Richardson, Rosie Shannon, K. Baird, S. Brealey, R. Foy, Laura Mandefield, Sarah Hampton, Edmund Breckin, L. Mirza, A. Palacios, Sally Moore, J. Marran, Jacqui Elliot, Jane Schofield, A. Cracknell, Bethan Woods, S. Cockayne, T. Mills, Yvonne Birks, Olivia Joseph, Rebecca Lawton","2025","Programme Grants for Applied Research","10.3310/kmng5684","Improving older people’s experiences and safety at transitions of care: the PACT mixed-methods study including RCT","elicit_tiab_exclude","elicit",NA,NA,NA,NA,NA,"sr3_elicit_355"
"sr3_elicit_356","L. Gottlieb, N. Adler, Holly Wing, Denisse Velazquez, Victoria F. Keeton, Abigail Romero, Maricarmen Hernandez, A. Munoz Vera, Elizabeth Urrutia Caceres, Catherine Arevalo, Philip Herrera, Mara Bernal Suarez, D. Hessler","2020","JAMA Network Open","10.1001/jamanetworkopen.2020.0701","Effects of In-Person Assistance vs Personalized Written Resources About Social Services on Household Social Risks and Child and Caregiver Health","elicit_ft_exclude","elicit",NA,NA,NA,NA,NA,"sr3_elicit_356"
"sr3_elicit_357","Dana Howse, S. Doucet, Charlotte Schwarz, Donna Rubenstein, Catherine Hudon, Jennifer Taylor, V. Ramsden, A. Delahunty-Pike, Mathieu Bisson, A. Luke, Linda Wilhelm, M. Chouinard","2023","Healthcare services, delivery, and financing","10.1370/afm.22.s1.5105","Positive outcomes and limitations of a case management intervention in primary care for patients with complex care needs","elicit_tiab_exclude","elicit",NA,NA,NA,NA,NA,"sr3_elicit_357"
"sr3_elicit_358","S. Mistry, E. Harris, M. Harris","2021","Journal of general internal medicine","10.1007/s11606-021-06667-y","Community Health Workers as Healthcare Navigators in Primary Care Chronic Disease Management: a Systematic Review","elicit_tiab_exclude","elicit",NA,NA,NA,NA,NA,"sr3_elicit_358"
"sr3_elicit_359","D. Bryant-Lukosius, Nancy Carter, K. Reid, F. Donald, R. Martin-Misener, Kelley Kilpatrick, P. Harbman, S. Kaasalainen, D. Marshall, R. Charbonneau-Smith, A. DiCenso","2015","Journal of Evaluation In Clinical Practice","10.1111/jep.12401","The clinical effectiveness and cost-effectiveness of clinical nurse specialist-led hospital to home transitional care: a systematic review.","elicit_tiab_exclude","elicit",NA,NA,NA,NA,NA,"sr3_elicit_359"
"sr3_elicit_36","N. Roberts, Anna Carrigan, R. Clay-Williams, P. Hibbert, Zeyad Mahmoud, Chiara Pomare, Diana Fajardo Pulido, Isabelle Meulenbroeks, G. Knaggs, E. Austin, K. Churruca, L. Ellis, Janet C. Long, K. Hutchinson, S. Best, Bróna Nic Giolla Easpaig, Mitchell N. Sarkies, Emilie Francis Auton, Sarah Hatem, Genevieve Dammery, Mai-Tran Nguyen, Hoa Mi Nguyen, G. Arnolda, F. Rapport, Y. Zurynski, Katherine Maka, J. Braithwaite","2023","BMJ Open","10.1136/bmjopen-2022-066270","Innovative models of healthcare delivery: an umbrella review of reviews","elicit_tiab_exclude","elicit",NA,NA,NA,NA,NA,"sr3_elicit_36"
"sr3_elicit_360","B. Pesut, W. Duggleby, G. Warner, Paxton Bruce, Sunita Ghosh, J. Holroyd-Leduc, C. Nekolaichuk, Jasneet Parmar","2020","BMC Palliative Care","10.1186/s12904-020-00666-2","A mixed-method evaluation of a volunteer navigation intervention for older persons living with chronic illness (Nav-CARE): findings from a knowledge translation study","elicit_tiab_exclude","elicit",NA,NA,NA,NA,NA,"sr3_elicit_360"
"sr3_elicit_361","Kathleen M. McElwaine, M. Freund, Elizabeth Campbell, Jenny Knight, Carolyn Slattery, E. Doherty, P. McElduff, L. Wolfenden, J. Bowman, P. Wye, K. Gillham, J. Wiggers","2011","BMC Health Services Research","10.1186/1472-6963-11-354","The effectiveness of an intervention in increasing community health clinician provision of preventive care: a study protocol of a non-randomised, multiple-baseline trial","elicit_tiab_exclude","elicit",NA,NA,NA,NA,NA,"sr3_elicit_361"
"sr3_elicit_362","Nancy Carter, R. Valaitis, Annie Lam, J. Feather, J. Nicholl, Laura Cleghorn","2018","BMC Health Services Research","10.1186/s12913-018-2889-0","Navigation delivery models and roles of navigators in primary care: a scoping literature review","elicit_tiab_exclude","elicit",NA,NA,NA,NA,NA,"sr3_elicit_362"
"sr3_elicit_363","M. Senek, S. Robertson, B. Taylor, Emily Wood, R. King, T. Ryan","2022","International Journal of Nursing Studies Advances","10.1016/j.ijnsa.2022.100075","Consequences of understaffing on type of missed community care- a cross-sectional study","elicit_tiab_exclude","elicit",NA,NA,NA,NA,NA,"sr3_elicit_363"
"sr3_elicit_364","N. Armstrong, D. Baines, R. Baker, R. Crossman, M. Davies, A. Hardy, K. Khunti, Sudhesh Kumar, J. O’Hare, N. Raymond, P. Saravanan, N. Stallard, A. Szczepura, A. Wilson","2012","Trials","10.1186/1745-6215-13-164","A cluster randomized controlled trial of the effectiveness and cost-effectiveness of Intermediate Care Clinics for Diabetes (ICCD): study protocol for a randomized controlled trial","elicit_tiab_exclude","elicit",NA,NA,NA,NA,NA,"sr3_elicit_364"
"sr3_elicit_365","C. Hernández, A. Alonso, J. Garcia-Aymerich, Ignasi Serra, D. Martí, R. Rodríguez-Roisín, G. Narsavage, María Carmen Gomez, J. Roca","2015","npj Primary Care Respiratory Medicine","10.1038/npjpcrm.2015.22","Effectiveness of community-based integrated care in frail COPD patients: a randomised controlled trial","elicit_ft_include, original_exclude","elicit, original","15022","25",NA,NA,NA,"sr3_elicit_365, sr3_original_107"
"sr3_elicit_366","Jennifer Boak, T. Rasekaba, I. Blackberry","2025","Nursing Open","10.1002/nop2.70245","Improving Quality of Care Through Detection of Complexity Among Community‐Dwelling Older People Receiving District‐Nurse Support: ImPaCt Study Randomised Controlled Trial","elicit_tiab_exclude","elicit",NA,NA,NA,NA,NA,"sr3_elicit_366"
"sr3_elicit_367","T. Masud, C. Coupland, A. Drummond, J. Gladman, D. Kendrick, T. Sach, R. Harwood, Pradeep Kumar, R. Morris, Rachael W. Taylor, J. Youde, S. Conroy","2006","Trials","10.1186/1745-6215-7-5","Multifactorial day hospital intervention to reduce falls in high risk older people in primary care: a multi-centre randomised controlled trial [ISRCTN46584556]","elicit_tiab_exclude","elicit",NA,NA,NA,NA,NA,"sr3_elicit_367"
"sr3_elicit_368","R. Ganann, Aref Alshaikhahmed, C. Moore, Kylie Teggart, Abbira Nadarajah","2023","Healthcare services, delivery, and financing","10.1370/afm.21.s1.3924","Impacts of Primary-Care Based System Navigation Programs on Patient and Healthcare System Outcomes: A Systematic Review","elicit_tiab_exclude","elicit",NA,NA,NA,NA,NA,"sr3_elicit_368"
"sr3_elicit_369","S. Purdy, S. Paranjothy, A. Huntley, R. Thomas, M. Mann, D. Huws, P. Brindle, G. Elwyn","2012",NA,NA,"Interventions to reduce unplanned hospital admission: a series of systematic reviews","elicit_tiab_exclude","elicit",NA,NA,NA,NA,NA,"sr3_elicit_369"
"sr3_elicit_37","Kristina Kokorelias, Sarah Gould, Naomi Ziegler, S. Landau, Tracey Das Gupta, Amanda Knoepfli, D. Cass, Sander L. Hitzig","2022","International Journal of Integrated Care","10.5334/ijic.icic21171","Key informants' perspectives on Implementing Patient Navigator Programs\\n within Hospital Settings","elicit_tiab_exclude","elicit",NA,NA,NA,NA,NA,"sr3_elicit_37"
"sr3_elicit_370","M. Rickenbach, Abigail Barkham","2019","Future healthcare journal","10.7861/FUTUREHOSP.6-1-S43","Frailty care in a community based clinic – maximising the potential of integrated care","elicit_tiab_exclude","elicit",NA,NA,NA,NA,NA,"sr3_elicit_370"
"sr3_elicit_371","Adelaide Belo, C. Vicente, Isabel Taveira, Sofia Sobral, Teresa Silva, Hugo Mendonça, Vitor Gomes, Susana Matos, Carlos Soares","2019","International Journal of Integrated Care","10.5334/IJIC.S3198","Case management and coordination between primary and hospital\\n care","elicit_tiab_exclude","elicit",NA,NA,NA,NA,NA,"sr3_elicit_371"
"sr3_elicit_372","Caillie Pritchard, Sarah MacDonald, Natalie C. Ludlow, Gabriel Fabreau, K. McBrien","2020","Alberta Academic Review","10.29173/aar112","Enhancing community health through patient navigation, advocacy, and social support: A community health navigator pilot study","elicit_tiab_exclude","elicit",NA,NA,NA,NA,NA,"sr3_elicit_372"
"sr3_elicit_373","Amy-Louise Byrne, D. Hegney, C. Harvey, A. Baldwin, E. Willis, D. Heard, J. Judd, Janine Palmer, J. Brown, B. Heritage, S. Thompson, Bridget Ferguson","2020","Journal of Nursing Management","10.1111/jonm.12997","Exploring the nurse navigator role: A thematic analysis.","elicit_tiab_exclude","elicit",NA,NA,NA,NA,NA,"sr3_elicit_373"
"sr3_elicit_374","Mike Reid, G. Kephart, P. Andreou, Alysia Robinson","2021","BMJ Open Quality","10.1136/bmjoq-2020-001230","Potential of community-based risk estimates for improving hospital performance measures and discharge planning","elicit_tiab_exclude","elicit",NA,NA,NA,NA,NA,"sr3_elicit_374"
"sr3_elicit_375","Eva-Maria Wild, Vera Winter, V. Ress, Veronika Golubinski","2022","BMJ Open","10.1136/bmjopen-2022-061964","What is the impact of introducing a non-clinical community health advice and navigation service on the demand for primary care in socially deprived areas? Evidence from an observational panel study with difference-in-differences design","elicit_tiab_exclude","elicit",NA,NA,NA,NA,NA,"sr3_elicit_375"
"sr3_elicit_376","M. Ribbink, J. MacNeil-Vroomen, R. van Seben, I. Oudejans, B. Buurman","2020","BMJ Open","10.1136/bmjopen-2019-033802","Investigating the effectiveness of care delivery at an acute geriatric community hospital for older adults in the Netherlands: a protocol for a prospective controlled observational study","elicit_tiab_exclude","elicit",NA,NA,NA,NA,NA,"sr3_elicit_376"
"sr3_elicit_377","J. Codde, G. Arendts, J. Frankel, Mary E. Ivey, T. Reibel, S. Bowen, P. Babich","2010","Australasian Journal on Ageing","10.1111/j.1741-6612.2010.00418.x","Transfers from residential aged care facilities to the emergency department are reduced through improved primary care services: An intervention study","elicit_tiab_exclude","elicit",NA,NA,NA,NA,NA,"sr3_elicit_377"
"sr3_elicit_378","T. Remers, F. Kruse, S. V. van Dulmen, Dorien L Oostra, Martijn FM Maessen, Patrick P T Jeurissen, M. Rikkert","2023","International Journal of Health Policy and Management","10.34172/ijhpm.2023.7700","Effects of DementiaNet’s Community Care Network Approach on Admission Rates and Healthcare Costs: A Longitudinal Cohort Analysis","elicit_tiab_exclude","elicit",NA,NA,NA,NA,NA,"sr3_elicit_378"
"sr3_elicit_379","M. Horný, W. Glover, G. Gupte, Aruna Saraswat, Varsha G. Vimalananda, J. Rosenzweig","2017","BMC Health Services Research","10.1186/s12913-017-2700-7","Patient navigation to improve diabetes outpatient care at a safety-net hospital: a retrospective cohort study","elicit_tiab_exclude","elicit",NA,NA,NA,NA,NA,"sr3_elicit_379"
"sr3_elicit_38","Madeline R Sterling, Cisco G Espinosa, Daniel Spertus, Michelle Shum, Margaret V McDonald, M. Ryvicker, Yolanda Barrón, Jonathan N Tobin, Lisa M Kern, Monika M. Safford, Samprit Banerjee, P. Goyal, J. Ringel, Mangala Rajan, Alicia I. Arbaje, Christine D. Jones, John A. Dodson, Crystal W Cené, Kathryn H. Bowles","2024","BMC Health Services Research","10.1186/s12913-024-11584-x","Improving TRansitions ANd outcomeS for heart FailurE patients in home health CaRe (I-TRANSFER-HF): a type 1 hybrid effectiveness-implementation trial: study protocol","elicit_tiab_exclude","elicit",NA,NA,NA,NA,NA,"sr3_elicit_38"
"sr3_elicit_380","Michelle Leong, D. Campbell, Paul E. Ronksley, Dailys Garcia-Jorda, Natalie C. Ludlow, K. McBrien","2023","Healthcare services, delivery, and financing","10.1370/afm.21.s1.4372","The Role of Community Health Navigators in the Creation of Plans to Support Patients with Chronic Conditions","elicit_tiab_exclude","elicit",NA,NA,NA,NA,NA,"sr3_elicit_380"
"sr3_elicit_381","H. Foot, Christopher R. Freeman, K. Hemming, I. Scott, I. Coombes, I. Williams, L. Connelly, J. Whitty, N. Sturman, S. Kirsa, C. Nicholson, G. Russell, C. Kirkpatrick, N. Cottrell","2017","BMJ Open","10.1136/bmjopen-2016-015301","Reducing Medical Admissions into Hospital through Optimising Medicines (REMAIN HOME) Study: protocol for a stepped-wedge, cluster-randomised trial","elicit_ft_include","elicit",NA,NA,NA,NA,NA,"sr3_elicit_381"
"sr3_elicit_382","Shane Collett, Andy Wong, Karen Taurima, Georgia Livesay, Anja Dehn, A. Johnston","2022","Australasian Emergency Care","10.1016/j.auec.2022.04.004","Utilising a nurse navigator model of care to improve prisoner health care and reduce prisoner presentations to a tertiary emergency department.","elicit_tiab_exclude","elicit",NA,NA,NA,NA,NA,"sr3_elicit_382"
"sr3_elicit_383","L. M. Bull, B. Arendarczyk, A. Nguyen, J. Werr, T. Lovegrove-Bacon, M. Stone, C. Sherlaw-Johnson","2022","medRxiv","10.1101/2022.10.14.22281029","Impact on all-cause mortality of a case prediction and prevention intervention designed to reduce secondary care utilisation: findings from a randomised controlled trial","elicit_tiab_exclude","elicit",NA,NA,NA,NA,NA,"sr3_elicit_383"
"sr3_elicit_384","Joanne Cummings, Emma Kilhooley","2025","The British journal of general practice : the journal of the Royal College of General Practitioners","10.3399/bjgp25X742113","From cradle to grave? Redesigning and rebranding general practice in England.","elicit_tiab_exclude","elicit",NA,NA,NA,NA,NA,"sr3_elicit_384"
"sr3_elicit_385","G. Elwyn, Meryl J. Williams, Catherine Roberts, R. Newcombe, J. Vincent","2008","Quality in Primary Care",NA,"Case management by nurses in primary care: analysis of 73 'success stories'.","elicit_tiab_exclude","elicit",NA,NA,NA,NA,NA,"sr3_elicit_385"
"sr3_elicit_386","A. Booth, L. Preston, S. Baxter, Ruth Wong, D. Chambers, J. Turner","2019","Health Services and Delivery Research","10.3310/hsdr07330","Interventions to manage use of the emergency and urgent care system by people from vulnerable groups: a mapping review","elicit_tiab_exclude","elicit",NA,NA,NA,NA,NA,"sr3_elicit_386"
"sr3_elicit_387","Debra G. Morgan, Julie G Kosteniuk, Melanie Bayly","2024","BMC Health Services Research","10.1186/s12913-024-11066-0","Perceptions and outcomes of an embedded Alzheimer Society First Link Coordinator in rural primary health care memory clinics","elicit_tiab_exclude","elicit",NA,NA,NA,NA,NA,"sr3_elicit_387"
"sr3_elicit_388","D. Cochrane","2016",NA,"10.5334/IJIC.2728","The North Kirklees Clinical Commissioning Group (CCG) and Curo Health GP Federation Clinical Care Coordination Project","elicit_tiab_exclude","elicit",NA,NA,NA,NA,NA,"sr3_elicit_388"
"sr3_elicit_389","L. Smit, N. D. de Wit, Meggie L. Nieuwenhuizen, M. Schuurmans, N. Bleijenberg","2021","BMC Geriatrics","10.1186/s12877-021-02539-6","Impact of organizational context on patient outcomes in a proactive primary care program:a longitudinal observational study","elicit_tiab_exclude","elicit",NA,NA,NA,NA,NA,"sr3_elicit_389"
"sr3_elicit_39","Paige Coyne, Laura Susick, Lonni Schultz, Sara Santarossa, Philesha Gough, Shetoya Rice, Nubia Brewster, Rob Behrendt, Veronica Bilicki","2024","Journal of Patient Experience","10.1177/23743735241272152","Using Care Navigation to Improve Patient-Reported Outcomes Among Older Adult Patients: Preliminary Results From a Pilot Study","elicit_tiab_exclude","elicit",NA,NA,NA,NA,NA,"sr3_elicit_39"
"sr3_elicit_390","C. Wong, W. C. W. Wong, Y. F. Wan, A. K. C. Chan, F. Chan, C. L. Lam","2016","Diabetic Medicine","10.1111/dme.12969","Effect of a structured diabetes education programme in primary care on hospitalizations and emergency department visits among people with Type 2 diabetes mellitus: results from the Patient Empowerment Programme","elicit_tiab_exclude","elicit",NA,NA,NA,NA,NA,"sr3_elicit_390"
"sr3_elicit_391","Natalie Plant, P. Kelly, S. Leeder, M. D'Souza, K. Mallitt, T. Usherwood, S. Jan, S. Boyages, B. Essue, Justin W McNab, James A. Gillespie","2015","Medical Journal of Australia","10.5694/mja14.01049","Coordinated care versus standard care in hospital admissions of people with chronic illness: a randomised controlled trial","elicit_tiab_exclude, original_exclude","elicit, original","33-38","203","1",NA,NA,"sr3_elicit_391, sr3_original_136"
"sr3_elicit_392","J. Piette, D. Striplin, N. Marinec, Jenny Chen, Lynn A Gregory, Denise L Sumerlin, Angela Desantis, Carolyn Gibson, I. Crause, Marylena Rouse, J. Aikens","2015","Journal of Clinical Trials","10.4172/2167-0870.1000240","Improving Post-Hospitalization Transition Outcomes through Accessible Health Information Technology and Caregiver Support: Protocol for a Randomized Controlled Trial","elicit_tiab_exclude","elicit",NA,NA,NA,NA,NA,"sr3_elicit_392"
"sr3_elicit_393","Lisa Brunton, Abigail Tazzyman, Jane Ferguson, Damian Hodgson, P. Nelson","2021","BMC Primary Care","10.1186/s12875-022-01669-z","The challenges of integrating signposting into general practice: qualitative stakeholder perspectives on care navigation and social prescribing in primary care","elicit_tiab_exclude","elicit",NA,NA,NA,NA,NA,"sr3_elicit_393"
"sr3_elicit_394","M. Jennifer, F. Thompson, R. Mcdermott, A. Esterman, E. Strivens","2021",NA,"10.21203/RS.3.RS-265117/V1","Impact of an Integrated Community-based Model of Care for Older People with Complex Conditions on Hospital Emergency Presentations and Separations: A Step-wedged Randomized Trial","elicit_ft_exclude","elicit",NA,NA,NA,NA,NA,"sr3_elicit_394"
"sr3_elicit_395","Leah Palapar, J. Blom, L. Wilkinson-Meyers, Thomas Lumley, N. Kerse","2023","The British journal of general practice : the journal of the Royal College of General Practitioners","10.3399/BJGP.2023.0180","Preventive interventions to improve older people’s health outcomes: systematic review and meta-analysis","elicit_tiab_exclude","elicit",NA,NA,NA,NA,NA,"sr3_elicit_395"
"sr3_elicit_396","Ruth Baxter, Rosemary Shannon, Jenni Murray, J. O'Hara, L. Sheard, A. Cracknell, R. Lawton","2020","BMC Health Services Research","10.1186/s12913-020-05641-4","Delivering exceptionally safe transitions of care to older people: a qualitative study of multidisciplinary staff perspectives","elicit_tiab_exclude","elicit",NA,NA,NA,NA,NA,"sr3_elicit_396"
"sr3_elicit_397","Manali I. Patel, K. Kapphahn, E. Wood, Tumaini R. Coker, Deb Salava, Angela C. Riley, Ivana Krajcinovic","2023","Journal of Clinical Oncology","10.1200/JCO.23.00309","Effect of a Community Health Worker–Led Intervention Among Low-Income and Minoritized Patients With Cancer: A Randomized Clinical Trial","elicit_tiab_exclude","elicit",NA,NA,NA,NA,NA,"sr3_elicit_397"
"sr3_elicit_398","J. Hinesley, Paulette Kashiri, Jacqueline B. Britz, A. Krist, Kristen O’Loughlin, Benjamin Webel, Alicia Richards, Roy T. Sabo","2023","Annals of Family Medicine","10.1370/afm.21.s1.3660","Evaluating the Feasibility of Enhanced Care Planning and Clinical-Community Linkages for Primary Care Teams to Better Address.","elicit_tiab_exclude","elicit",NA,NA,NA,NA,NA,"sr3_elicit_398"
"sr3_elicit_399","E. Coleman, C. Parry, Sandra A Chalmers, Sung‐joon Min","2006","Archives of Internal Medicine","10.1001/ARCHINTE.166.17.1822","The care transitions intervention: results of a randomized controlled trial.","elicit_ft_exclude","elicit",NA,NA,NA,NA,NA,"sr3_elicit_399"
"sr3_elicit_4","K. Lasser, P. B. de la Vega, Erin M. Ashe, Z. Xuan, Sonia Alva, Leandra Battisti, Stephanie Losi, Christina Sieber, Carla J. Richards, P. Sullivan, Leah Triscari, Lauren Brody, Mary T. Roth, Alison LeBlanc, Michael Silverstein","2020","Contemporary Clinical Trials","10.1016/j.cct.2020.106046","A pharmacy liaison-patient navigation intervention to reduce inpatient and emergency department utilization among primary care patients in a Medicaid accountable care organization: A pragmatic trial protocol.","elicit_tiab_exclude","elicit",NA,NA,NA,NA,NA,"sr3_elicit_4"
"sr3_elicit_40","T. Hanan, L. Mullen, M. Laffoy, E. O’Toole, J. Richmond, M. Wynne","2014","British Journal of Community Nursing","10.12968/bjcn.2014.19.8.382","Delivering care to oncology patients in the community: an innovative integrated approach.","elicit_tiab_exclude","elicit",NA,NA,NA,NA,NA,"sr3_elicit_40"
"sr3_elicit_400","B. Woo, W. Tam, Taiju Rangpa, Wei Fong Liau, Jennifer Nathania, T. Lim","2022","International Journal of Environmental Research and Public Health","10.3390/ijerph19084467","A Nurse-Led Integrated Chronic Care E-Enhanced Atrial Fibrillation (NICE-AF) Clinic in the Community: A Preliminary Evaluation","elicit_tiab_exclude","elicit",NA,NA,NA,NA,NA,"sr3_elicit_400"
"sr3_elicit_401","C. Giebel, S. Reilly, M. Gabbay, Julie Dickinson, H. Tetlow, H. Hogan, A. Griffiths, C. Cooper","2023","International Journal of Geriatric Psychiatry","10.1002/gps.5977","Dementia care navigation: A systematic review on different service types and their prevalence","elicit_tiab_exclude","elicit",NA,NA,NA,NA,NA,"sr3_elicit_401"
"sr3_elicit_402","R. Webster, T. Usherwood, R. Joshi, B. Saini, C. Armour, Sue Critchley, G. D. Di Tanna, Shane Galgey, C. Hespe, S. Jan, A. Karia, B. Kaur, I. Krass, T. Laba, Qiang Li, Serigne Lo, D. Peiris, C. Reid, A. Rodgers, L. Shiel, J. Strathdee, Nuria Zamora, Anushka Patel","2021","Medical Journal of Australia","10.5694/mja2.51030","An electronic decision support‐based complex intervention to improve management of cardiovascular risk in primary health care: a cluster randomised trial (INTEGRATE)","elicit_tiab_exclude","elicit",NA,NA,NA,NA,NA,"sr3_elicit_402"
"sr3_elicit_403","S. Luchenski, Joanna Dawes, R. Aldridge, F. Stevenson, S. Tariq, N. Hewett, A. Hayward","2022","EClinicalMedicine","10.1016/j.eclinm.2022.101657","Hospital-based preventative interventions for people experiencing homelessness in high-income countries: A systematic review","elicit_tiab_exclude","elicit",NA,NA,NA,NA,NA,"sr3_elicit_403"
"sr3_elicit_404","J. Cox, R. Parkash, S. Abidi, L. Thabane, F. Xie, J. MacKillop, S. Abidi, A. Ciaccia, S. Choudhri, A. Abusharekh, J. Nemis-White","2018","American Heart Journal","10.1016/j.ahj.2018.04.008","Optimizing primary care management of atrial fibrillation: The rationale and methods of the Integrated Management Program Advancing Community Treatment of Atrial Fibrillation (IMPACT-AF) study.","elicit_tiab_exclude","elicit",NA,NA,NA,NA,NA,"sr3_elicit_404"
"sr3_elicit_405","L. MacNeil, S. Doucet, A. Luke, K. Faig, P. Jarrett","2025","Age and Ageing","10.1093/ageing/afae277.099","2672 Exploring stakeholders’ experiences implementing a navigation program for people living with dementia and their carers","elicit_tiab_exclude","elicit",NA,NA,NA,NA,NA,"sr3_elicit_405"
"sr3_elicit_406","Tam Vuong, J. Marriott, D. Kong, J. Siderov","2008",NA,"10.1211/ijpp.16.3.0002","Implementation of a community liaison pharmacy service: a randomised controlled trial","elicit_ft_exclude","elicit",NA,NA,NA,NA,NA,"sr3_elicit_406"
"sr3_elicit_407","Suzanne G. Leveille, E. Wagner, C. Davis, L. Grothaus, J. Wallace, M. LoGerfo, D. Kent","1998","Journal of The American Geriatrics Society","10.1111/j.1532-5415.1998.tb04533.x","Preventing Disability and Managing Chronic Illness in Frail Older Adults: A Randomized Trial of a Community‐Based Partnership with Primary Care","elicit_ft_exclude","elicit",NA,NA,NA,NA,NA,"sr3_elicit_407"
"sr3_elicit_408","K. Neadley, Annabel Smith, S. Martin, M. Boyd, C. Hocking, C. Shoubridge","2024","BMJ Open","10.1136/bmjopen-2023-080403","Health Navigator intervention to address the unmet social needs of populations living with cancer attending outpatient treatment at a major metropolitan hospital in Australia: protocol for a mixed-methods feasibility trial","elicit_tiab_exclude","elicit",NA,NA,NA,NA,NA,"sr3_elicit_408"
"sr3_elicit_409","K. Eljiz, Joanne Medlin, Ben Harris-Roxas, Jasmin Ellis, Alison Derrett, Graeme Loy, David Greenfield","2025","International Journal of Integrated Care","10.5334/ijic.8638","The inTouch Integrated Care Framework – Reimagining Integrated Health Service Delivery","elicit_tiab_exclude","elicit",NA,NA,NA,NA,NA,"sr3_elicit_409"
"sr3_elicit_41","R. McGrath, Justin C Dryden, Neroli Newlyn, Elline Pamplona, J. O'Dea, S. Hocking, S. Glastras, G. Fulcher","2018","Internal medicine journal (Print)","10.1111/imj.13824","Utility of the Hospital Admission Risk Programme diabetes risk calculator in identifying patients with type 2 diabetes at risk of unplanned hospital presentations","elicit_tiab_exclude","elicit",NA,NA,NA,NA,NA,"sr3_elicit_41"
"sr3_elicit_410","Clare Lewis, Zena E H Moore, Frank Doyle, Alan Martin, D. Patton, L. Nugent","2017","Clinical Interventions in Aging","10.2147/CIA.S130876","A community virtual ward model to support older persons with complex health care and social care needs","elicit_tiab_exclude","elicit",NA,NA,NA,NA,NA,"sr3_elicit_410"
"sr3_elicit_411","Annette Peart, C. Barton, V. Lewis, G. Russell","2020","Psychology and Health","10.1080/08870446.2020.1743293","The experience of care coordination for people living with multimorbidity at risk of hospitalisation: an interpretative phenomenological analysis","elicit_tiab_exclude","elicit",NA,NA,NA,NA,NA,"sr3_elicit_411"
"sr3_elicit_412","G. Dean, M. Haywood","2018","International Journal of Integrated Care","10.5334/ijic.s2198","Navigation & Case Management Supporting General Practices in the Eastern Bay of Plenty, New Zealand","elicit_tiab_exclude","elicit",NA,NA,NA,NA,NA,"sr3_elicit_412"
"sr3_elicit_413","Pepita Bowling, Gideon de Jong","2025","International Emergency Nursing","10.1016/j.ienj.2025.101635","Patients' experiences of community care after ambulance assessment: A scoping review'.","elicit_tiab_exclude","elicit",NA,NA,NA,NA,NA,"sr3_elicit_413"
"sr3_elicit_414","Isabelle Savard, Mira Jabbour, E. Tchouaket, Nathalie Gauthier, Kelley Kilpatrick","2024","Journal of Evaluation In Clinical Practice","10.1111/jep.13960","Evaluating the influence of primary healthcare nurse practitioners' interventions in home care on hospitalizations and emergency department transfers.","elicit_tiab_exclude","elicit",NA,NA,NA,NA,NA,"sr3_elicit_414"
"sr3_elicit_415","J. Ridgeway, E. W. Gerdes, Andrew B Dodge, Chad P. Liedl, Michael B. Juntunen, Wendy J Sundt, A. Glasgow, Michelle A. Lampman, Angela L Fink, Sara Severson, G. Lin, Richard R. Sampson, Robert P. Peterson, Brian M. Murley, A. Klassen, Anuradha Luke, P. Friedman, Tamara E. Buechler, J. Newman, R. McCoy","2023","Trials","10.1186/s13063-022-07034-w","Community paramedic hospital reduction and mitigation program: study protocol for a randomized pragmatic clinical trial","elicit_ft_include","elicit",NA,NA,NA,NA,NA,"sr3_elicit_415"
"sr3_elicit_416","Carolyn Steele Gray, Terence Tang, Alana Armas, Mira Backo-Shannon, S. Harvey, K. Kuluski, Mayura Loganathan, J. Nie, J. Petrie, T. Ramsay, Robert J. Reid, K. Thavorn, Ross Upshur, W. Wodchis, M. Nelson","2020","JMIR Research Protocols","10.2196/20220","Building a Digital Bridge to Support Patient-Centered Care Transitions From Hospital to Home for Older Adults With Complex Care Needs: Protocol for a Co-Design, Implementation, and Evaluation Study","elicit_tiab_exclude","elicit",NA,NA,NA,NA,NA,"sr3_elicit_416"
"sr3_elicit_417","J. Zhang, M. Donald, K. Baxter, R. Ware, L. Burridge, A. Russell, C. Jackson","2015",NA,NA,"Research: Care Delivery Impact of an integrated model of care on potentially preventable hospitalizations for people with Type 2 diabetes mellitus","elicit_tiab_exclude","elicit",NA,NA,NA,NA,NA,"sr3_elicit_417"
"sr3_elicit_418","Eric A. Coleman, Jodi D. Smith, Janet C. Frank, Sung‐Joon Min, Carla Parry, Andrew M. Kramer","2004","Journal of The American Geriatrics Society","10.1111/j.1532-5415.2004.52504.x","Preparing Patients and Caregivers to Participate in Care Delivered Across Settings: The Care Transitions Intervention","elicit_tiab_exclude","elicit",NA,NA,NA,NA,NA,"sr3_elicit_418"
"sr3_elicit_419","A. Galbraith, David J. Meyers, D. Ross-Degnan, M. Burns, Catherine E. Vialle-Valentin, Marc R. Larochelle, Sharon Touw, Fang Zhang, M. Rosenthal, Richard B. Balaban","2017","Health Services Research","10.1111/1475-6773.12790","Long‐Term Impact of a Postdischarge Community Health Worker Intervention on Health Care Costs in a Safety‐Net System","elicit_ft_include","elicit",NA,NA,NA,NA,NA,"sr3_elicit_419"
"sr3_elicit_42","Sarah Northfield, Elise Button, D. Wyld, Nicole C. Gavin, Gillian Nasato, P. Yates","2019","European Journal of Oncology Nursing","10.1016/J.EJON.2019.02.005","Taking care of our own: A narrative review of cancer care services-led models of care providing emergent care to patients with cancer.","elicit_tiab_exclude","elicit",NA,NA,NA,NA,NA,"sr3_elicit_42"
"sr3_elicit_420","B. Kiely, B. Clyne, F. Boland, P. O’Donnell, D. Connolly, E. O'Shea, Susan M. Smith","2021","BMJ Open","10.1136/bmjopen-2020-041809","Link workers providing social prescribing and health and social care coordination for people with multimorbidity in socially deprived areas (the LinkMM trial): protocol for a pragmatic randomised controlled trial","elicit_tiab_exclude","elicit",NA,NA,NA,NA,NA,"sr3_elicit_420"
"sr3_elicit_421","Senior Strategic Development Manager Thomas Lovegrove-Bacon, PhD Senior Fellow Chris Sherlaw-Johnson, N. Trust, UK London","2022",NA,NA,"Impact on all-cause mortality of a case prediction and prevention 1 intervention designed to reduce secondary care utilisation: findings 2 from a randomised controlled trial","elicit_ft_exclude","elicit",NA,NA,NA,NA,NA,"sr3_elicit_421"
"sr3_elicit_423","Véronique Orcel, Leon Banh, Sylvie Bastuji-Garin, Vincent Renard, Emmanuelle Boutin, Amel Gouja, P. Caillet, Elena Paillaud, Etienne Audureau, Emilie Ferrat","2024","BMC Medicine","10.1186/s12916-024-03613-7","Effectiveness of comprehensive geriatric assessment adapted to primary care when provided by a nurse or a general practitioner: the CEpiA cluster-randomised trial","elicit_ft_include","elicit",NA,NA,NA,NA,NA,"sr3_elicit_423"
"sr3_elicit_424","R. Watts, J. Mooney, G. Barton, A. Macgregor, L. Shepstone, L. Irvine, D. Scott","2015",NA,"10.1093/RHEUMATOLOGY/KEV079.002","O02. The Outcome and Cost Effectiveness of Nurse Led Care in the Community in People with Rheumatoid Arthritis: A Pragmatic Study","elicit_tiab_exclude","elicit",NA,NA,NA,NA,NA,"sr3_elicit_424"
"sr3_elicit_425","J. Butler, L. Shalev Greene","2023","Age and Ageing","10.1093/ageing/afac322.095","1192 FALLS PREVENTION: COMMUNITY EXERCISE PROGRAMME; REDUCING RISK OF FALLS, DECONDITIONING AND LONELINESS IN FRAIL ELDERLY PATIENTS","elicit_tiab_exclude","elicit",NA,NA,NA,NA,NA,"sr3_elicit_425"
"sr3_elicit_426","Marissa Cummings, Lorraine Dilworth, Gemma Teal, C. Chute, Matthew Curl","2025","International Journal of Integrated Care","10.5334/ijic.icic24096","Navigating frailty: how can digital tools support holistic assessments and integrate care across sectors?","elicit_tiab_exclude","elicit",NA,NA,NA,NA,NA,"sr3_elicit_426"
"sr3_elicit_427","A. Huntley, M. Chalder, A. Shaw, W. Hollingworth, C. Metcalfe, J. Benger, S. Purdy","2017","BMJ Open","10.1136/bmjopen-2017-016236","A systematic review to identify and assess the effectiveness of alternatives for people over the age of 65 who are at risk of potentially avoidable hospital admission","elicit_tiab_exclude","elicit",NA,NA,NA,NA,NA,"sr3_elicit_427"
"sr3_elicit_428","Susan M. Smith, E. Wallace, B. Clyne, F. Boland, M. Fortin","2021","Systematic Reviews","10.1186/s13643-021-01817-z","Interventions for improving outcomes in patients with multimorbidity in primary care and community setting: a systematic review","elicit_tiab_exclude","elicit",NA,NA,NA,NA,NA,"sr3_elicit_428"
"sr3_elicit_429","G. Hayward, C. Vincent, D. Lasserson","2017","The British journal of general practice : the journal of the Royal College of General Practitioners","10.3399/bjgp16X687961","Predicting clinical deterioration after initial assessment in out-of-hours primary care: a retrospective service evaluation.","elicit_tiab_exclude","elicit",NA,NA,NA,NA,NA,"sr3_elicit_429"
"sr3_elicit_430","O. K. Duru, Jessica M. Harwood, Tannaz Moin, N. Jackson, S. Ettner, Arseniy Vasilyev, D. Mosley, Donna O'shea, Sam Ho, C. Mangione","2020","Medical Care","10.1097/MLR.0000000000001315","Evaluation of a National Care Coordination Program to Reduce Utilization Among High-cost, High-need Medicaid Beneficiaries With Diabetes.","elicit_tiab_exclude","elicit",NA,NA,NA,NA,NA,"sr3_elicit_430"
"sr3_elicit_431","Rebecca K Pang, Nadine E. Andrew, V. Srikanth, Carolina D. Weller, David A Snowdon","2023","Healthcare","10.3390/healthcare11233011","Perceptions of Barriers and Facilitators to a Pilot Implementation of an Algorithm-Supported Care Navigation Model of Care: A Qualitative Study","elicit_tiab_exclude","elicit",NA,NA,NA,NA,NA,"sr3_elicit_431"
"sr3_elicit_432","Caitlin Fehily, K. Bartlem, J. Wiggers, P. Wye, R. Clancy, D. Castle, Andrew Wilson, C. Rissel, S. Wutzke, R. Hodder, K. Colyvas, F. Murphy, J. Bowman","2020","Australian and New Zealand journal of psychiatry (Print)","10.1177/0004867420914741","Effectiveness of embedding a specialist preventive care clinician in a community mental health service in increasing preventive care provision: A randomised controlled trial","elicit_tiab_exclude","elicit",NA,NA,NA,NA,NA,"sr3_elicit_432"
"sr3_elicit_433","Tatyana Ginzburg, R. Hoffman, J. Azuri","2017","Australian Journal of Advanced Nursing","10.37464/2018.352.1481","Improving diabetes control in the community: a nurse managed intervention model in a multidisciplinary clinic","elicit_tiab_exclude","elicit",NA,NA,NA,NA,NA,"sr3_elicit_433"
"sr3_elicit_434","Nerissa Poupard, Clarice Y Tang, N. Shields","2020","Australian Health Review","10.1071/AH18135","Community-based case management does not reduce hospital admissions for older people: a systematic review and meta-analysis.","elicit_tiab_exclude","elicit",NA,NA,NA,NA,NA,"sr3_elicit_434"
"sr3_elicit_435","P. Huckfeldt, B. Reyes, G. Engstrom, Qingnan Yang, Sanya Diaz, S. Fahmy, J. Ouslander","2019","Journal of The American Geriatrics Society","10.1111/jgs.16189","Evaluation of a Multicomponent Care Transitions Program for High‐Risk Hospitalized Older Adults","elicit_ft_exclude","elicit",NA,NA,NA,NA,NA,"sr3_elicit_435"
"sr3_elicit_436","Lyn Linton, Julia Swedak, C. Macdonald, D. Gusovsky","2020","Healthcare Quarterly","10.12927/hcq.2020.26085","A Regional System of High-Quality Care: Rural Hastings Health Link - A Collaborative Initiative.","elicit_tiab_exclude","elicit",NA,NA,NA,NA,NA,"sr3_elicit_436"
"sr3_elicit_437","J. Lait, J. Richer, Jana Ambrogiano","2020","Healthcare Quarterly","10.12927/hcq.2020.26088","Improving Continuity of Care: An Innovative Primary Care Role in an Acute Care Hospital.","elicit_tiab_exclude","elicit",NA,NA,NA,NA,NA,"sr3_elicit_437"
"sr3_elicit_438","F. Doolan-Noble, Danielle Smith, R. Gauld, D. Waters, A. Cooke, Helen Reriti","2013","Australian Health Review","10.1071/AH12038","Evolution of a health navigator model of care within a primary care setting: a case study.","elicit_tiab_exclude","elicit",NA,NA,NA,NA,NA,"sr3_elicit_438"
"sr3_elicit_439","R. Ferrer, Carolina Gonzalez Schlenker, I. Cruz, P. Noël, R. Palmer, R. Poursani, C. Jaén","2022","Annals of Family Medicine","10.1370/afm.2848","Community Health Workers as Trust Builders and Healers: A Cohort Study in Primary Care","elicit_tiab_exclude","elicit",NA,NA,NA,NA,NA,"sr3_elicit_439"
"sr3_elicit_44","C. Giebel, S. Reilly, M. Gabbay, Julie Dickinson, H. Tetlow, Hayley Hogan, A. W. Griffiths, Claudia Cooper","2023","Alzheimer's &amp; Dementia","10.1002/alz.071273","Dementia care navigation: A systematic review on different models and their prevalence","elicit_tiab_exclude","elicit",NA,NA,NA,NA,NA,"sr3_elicit_44"
"sr3_elicit_440","Emily J Ward, Matt Hawrilenko, Geetu Ambwani, Millard Brown, J. Krystal, Philip R. Corlett, Adam Chekroud","2025","PLoS ONE","10.1371/journal.pone.0331454","A remote care navigation solution associated with improved utilization and outcomes of mental healthcare: A nationwide cohort study in the USA","elicit_tiab_exclude","elicit",NA,NA,NA,NA,NA,"sr3_elicit_440"
"sr3_elicit_441","Richard B. Balaban, Fang Zhang, Catherine E. Vialle-Valentin, A. Galbraith, M. Burns, Marc R. Larochelle, D. Ross-Degnan","2017","Journal of general internal medicine","10.1007/s11606-017-4074-2","Impact of a Patient Navigator Program on Hospital-Based and Outpatient Utilization Over 180 Days in a Safety-Net Health System","elicit_ft_include, original_include","elicit, original","981-989","32","9",NA,NA,"sr3_elicit_441, sr3_original_2"
"sr3_elicit_442","Sebastian Lindblom, Maria Flink, L. von Koch, A. Laska, C. Ytterberg","2024","Health Expectations","10.1111/hex.70057","Feasibility, Fidelity and Acceptability of a Person‐Centred Care Transition Support Intervention for Stroke Survivors: A Non‐Randomised Controlled Study","elicit_tiab_exclude","elicit",NA,NA,NA,NA,NA,"sr3_elicit_442"
"sr3_elicit_443","J. Mann, F. Thompson, R. Mcdermott, A. Esterman, E. Strivens","2021","BMC Health Services Research","10.1186/s12913-021-06668-x","Impact of an integrated community-based model of care for older people with complex conditions on hospital emergency presentations and admissions: a step-wedged cluster randomized trial","elicit_ft_include, original_exclude","elicit, original","701","21","1",NA,NA,"sr3_elicit_443, sr3_original_120"
"sr3_elicit_444","R. Thomas, A. Huntley, M. Mann, D. Huws, G. Elwyn, S. Paranjothy, S. Purdy","2014","Age and Ageing","10.1093/ageing/aft169","Pharmacist-led interventions to reduce unplanned admissions for older people: a systematic review and meta-analysis of randomised controlled trials.","elicit_tiab_exclude","elicit",NA,NA,NA,NA,NA,"sr3_elicit_444"
"sr3_elicit_445","M. Malakellis, A. Wong Shee, Sarah Wood, Laura Alston, H. Beks, Margaret Murray, Vincent L. Versace, Kevin Mc Namara","2025","Journal of Clinical Nursing","10.1111/jocn.70102","Implementation Outcomes and Their Determinants for Hospital-Led Care Coordination Interventions Targeting Patients With Complex Care Needs: A Qualitative Systematic Review.","elicit_tiab_exclude","elicit",NA,NA,NA,NA,NA,"sr3_elicit_445"
"sr3_elicit_446","M. Courtney, H. Edwards, A. Chang, A. Parker, K. Finlayson, K. Hamilton","2009","Journal of The American Geriatrics Society","10.1111/j.1532-5415.2009.02138.x","Fewer Emergency Readmissions and Better Quality of Life for Older Adults at Risk of Hospital Readmission: A Randomized Controlled Trial to Determine the Effectiveness of a 24‐Week Exercise and Telephone Follow‐Up Program","elicit_ft_exclude, original_exclude","elicit, original","395-402","57","3",NA,NA,"sr3_elicit_446, sr3_original_57"
"sr3_elicit_447","Rebecca K. Pang, V. Srikanth, G. Braun, Fergus McGee, B. Berry, Iain Edwards, R. Azzopardi, N. Andrew","2020",NA,"10.23889/ijpds.v5i5.1528","Using Linked Health Service Data in The Evaluation of Innovative Models of Healthcare","elicit_tiab_exclude","elicit",NA,NA,NA,NA,NA,"sr3_elicit_447"
"sr3_elicit_448","Julia Lukewich, S. Asghari, E. Marshall, M. Mathews, M. Swab, J. Tranmer, D. Bryant-Lukosius, R. Martin-Misener, A. Norful, D. Ryan, Marie-Ève Poitras","2022","BMC Health Services Research","10.1186/s12913-022-07662-7","Effectiveness of registered nurses on system outcomes in primary care: a systematic review","elicit_tiab_exclude","elicit",NA,NA,NA,NA,NA,"sr3_elicit_448"
"sr3_elicit_449","C. Vanderboom, D. Holland","2016",NA,NA,"Implementing a Nurse-Led Community Care Team in Primary Care","elicit_tiab_exclude","elicit",NA,NA,NA,NA,NA,"sr3_elicit_449"
"sr3_elicit_45","Stine Rosenstrøm, S. Risom, Camilla Ejlertsen, J. D. Hove, A. Brødsgaard","2021","PLoS ONE","10.1111/dme.14894","Dancing with atrial fibrillation – How arrhythmia affects everyday life of family members: A qualitative study","elicit_tiab_exclude","elicit",NA,NA,NA,NA,NA,"sr3_elicit_45"
"sr3_elicit_450","V. Prieto-Centurion, S. Basu, Nina E Bracken, E. Calhoun, Carolyn Dickens, R. Didomenico, R. Gallardo, Victor Gordeuk, Melissa Gutierrez-Kapheim, L. Hsu, S. Illendula, M. Joo, Uzma Kazmi, Amelia Mutso, A. Pickard, B. Pittendrigh, J. Sullivan, Mark V. Williams, J. A. Krishnan","2019","Contemporary Clinical Trials Communications","10.1016/j.conctc.2019.100420","Design of the patient navigator to Reduce Readmissions (PArTNER) study: A pragmatic clinical effectiveness trial","elicit_tiab_exclude","elicit",NA,NA,NA,NA,NA,"sr3_elicit_450"
"sr3_elicit_451","A. Coffey, Helen Mulcahy, E. Savage, S. FitzGerald, C. Bradley, L. Benefield, P. Leahy-Warren","2017","Public Health Nursing","10.1111/phn.12324","Transitional care interventions: Relevance for nursing in the community","elicit_tiab_exclude","elicit",NA,NA,NA,NA,NA,"sr3_elicit_451"
"sr3_elicit_452","Shelley Doucet, Lillian MacNeill, Pam Jarrett, K. Faig, A. Luke","2024","BMJ Open","10.1136/bmjopen-2023-080906","Piloting a patient navigation programme for individuals living with dementia, their care partners and members of the care team: protocol for a mixed-methods evaluation","elicit_tiab_exclude","elicit",NA,NA,NA,NA,NA,"sr3_elicit_452"
"sr3_elicit_453","G. Mitchell, L. Burridge, Jianzhen Zhang, M. Donald, I. Scott, J. Dart, C. Jackson","2015","Australian Journal of Primary Health","10.1071/PY14172","Systematic review of integrated models of health care delivered at the primary-secondary interface: how effective is it and what determines effectiveness?","elicit_tiab_exclude","elicit",NA,NA,NA,NA,NA,"sr3_elicit_453"
"sr3_elicit_454","K. Windle","2015",NA,NA,"Implementing the Care Act 2014: The role of prevention and early intervention in supporting carers","elicit_tiab_exclude","elicit",NA,NA,NA,NA,NA,"sr3_elicit_454"
"sr3_elicit_455","Helen Lyndon, J. Latour, Jonathan Marsden, B. Kent","2023","Journal of Advanced Nursing","10.1111/jan.15652","A nurse-led comprehensive geriatric assessment intervention in primary care: A feasibility cluster randomized controlled trial.","elicit_ft_include","elicit",NA,NA,NA,NA,NA,"sr3_elicit_455"
"sr3_elicit_456","Hae K. Park, Laurence G. Branch, Tatjana Bulat, Bavna Vyas, Cynthia P. Roever","2013","Journal of The American Geriatrics Society","10.1111/jgs.12051","Influence of a Transitional Care Clinic on Subsequent 30‐Day Hospitalizations and Emergency Department Visits in Individuals Discharged from a Skilled Nursing Facility","elicit_ft_exclude","elicit",NA,NA,NA,NA,NA,"sr3_elicit_456"
"sr3_elicit_457","Megan Hockly, Siân Williams, M. Allen","2018","International Journal of Pharmacy Practice","10.1111/ijpp.12364","Transfer of care – a randomised control trial investigating the effect of sending the details of patients' discharge medication to their community pharmacist on discharge from hospital","elicit_tiab_exclude","elicit",NA,NA,NA,NA,NA,"sr3_elicit_457"
"sr3_elicit_458","J. Feather, Nancy Carter, R. Valaitis, H. Kirkpatrick","2017","Journal of Advanced Nursing","10.1111/jan.13355","A narrative evaluation of a community‐based nurse navigation role in an urban at‐risk community","elicit_tiab_exclude","elicit",NA,NA,NA,NA,NA,"sr3_elicit_458"
"sr3_elicit_459","Dagmar A. S. Corry, J. Doherty, Adrienne Mccann, F. Doyle, C. Cardwell, G. Carter, M. Clarke, T. Fahey, P. Gillespie, K. McGlade, Peter O’Halloran, E. Wallace, K. Brazil","2020","The British journal of general practice : the journal of the Royal College of General Practitioners","10.3399/bjgp20X711197","Anticipatory care planning for older adults: a trans-jurisdictional feasibility study.","elicit_ft_exclude","elicit",NA,NA,NA,NA,NA,"sr3_elicit_459"
"sr3_elicit_46","Jacqueline A Tavabie, P. White","2020","Education for Primary Care","10.1080/14739879.2020.1727779","Competency-based training for the non-clinical workforce – A feasibility study, using a unique competency framework and career pathway","elicit_tiab_exclude","elicit",NA,NA,NA,NA,NA,"sr3_elicit_46"
"sr3_elicit_460","Sarah Scruton, Grace Warner, C. Kendell, Kathryn Pfaff, Kelli Stajduhar, Linda Patrick, Carren Dujela, Faith Fauteux, Robin Urquhart","2024","BMC Health Services Research","10.1186/s12913-024-10541-y","Navigation programs to support community-dwelling individuals with life-limiting illness: determinants of implementation","elicit_tiab_exclude","elicit",NA,NA,NA,NA,NA,"sr3_elicit_460"
"sr3_elicit_461","Adiba Mahbub","2024","Population health and epidemiology","10.1370/afm.22.s1.7131","Comparing impact of a holistic patient centered navigation model to an online navigation service on health care utilization","elicit_tiab_exclude","elicit",NA,NA,NA,NA,NA,"sr3_elicit_461"
"sr3_elicit_462","A. Campain, J. Mulley, B. Angell, D. Ewald, Bernadette Carter, Vicki Rose, Kerry Wilcox, Monika Wheeler, D. Peiris","2023","International Journal of Integrated Care","10.5334/ijic.6549","The Winter Strategy – a Multifaceted Integrated Care Intervention to Support People with Chronic and Complex Care Needs during the Australian Winter Period","elicit_tiab_exclude","elicit",NA,NA,NA,NA,NA,"sr3_elicit_462"
"sr3_elicit_463","P. Eaton-Williams, Alice Scholfield, Silas Vince, Craig Mortimer","2025","International Journal for Advancing Practice","10.12968/ijap.2024.0067","Integrated unscheduled care navigation hub models in ambulance services: a narrative review","elicit_tiab_exclude","elicit",NA,NA,NA,NA,NA,"sr3_elicit_463"
"sr3_elicit_464","Sonali Saluja, Michael Hochman, Rachel Dokko, Janina Lord Morrison, C. Valdez, Steven Baldwin, Megha D. Tandel, Michael R Cousineau","2022","Journal of the American Board of Family Medicine","10.3122/jabfm.2022.01.210253","Community-Based Health Care Navigation’s Impact on Access to Primary Care for Low-Income Latinos","elicit_tiab_exclude","elicit, elicit",NA,NA,NA,NA,NA,"sr3_elicit_464, sr3_elicit_496"
"sr3_elicit_465","G. Harvey, C. Pham, M. Inacio, K. Laver, Elizabeth A. Lynch, R. Jorissen, J. Karnon, Alice Bourke, J. Forward, J. Maddison, C. Whitehead, J. Rupa, Carmel Mcnamara, M. Crotty","2020",NA,"10.21203/rs.3.rs-93290/v1","An Integrated Knowledge Translation Study to Address Avoidable Rehospitalisations and Unplanned Admissions for Older People: Study Protocol","elicit_tiab_exclude","elicit",NA,NA,NA,NA,NA,"sr3_elicit_465"
"sr3_elicit_466","M. Mezey, T. Fulmer, A. Gagnon, C. Schein, L. McVey, H. Bergman","1999","Journal of The American Geriatrics Society","10.1111/j.1532-5415.1999.tb05238.x","ADVANCING GERIATRIC NURSING PRACTICE: Randomized Controlled Trial of Nurse Case Management of Frail Older People","elicit_ft_exclude","elicit",NA,NA,NA,NA,NA,"sr3_elicit_466"
"sr3_elicit_467","S. Shepperd, Andrea Cradduck-Bamford, Chris Butler, G. Ellis, M. Godfrey, A. Gray, A. Hemsley, P. Khanna, P. Langhorne, P. Mccaffrey, L. Mirza, M. Pushpangadan, Scott Ramsay, R. Schiff, D. Stott, John B. Young, Ly-Mee Yu","2017","Trials","10.1186/s13063-017-2214-y","A multi-centre randomised trial to compare the effectiveness of geriatrician-led admission avoidance hospital at home versus inpatient admission","elicit_tiab_exclude","elicit",NA,NA,NA,NA,NA,"sr3_elicit_467"
"sr3_elicit_468","PhD NatashaTyler, PhD AlexanderHodkinson, PhD ClairePlanner, PhDChristopherKeyworth IoannisAngelakis, PhDAlexHall, PhD, PaulPascallJones, Mcbhb, OliverGeorgeWright, MCBHBRichardKeers, PhDMPharm, PhD TomBlakeman, PhD MariaPanagioti, HodkinsonPlannerAngelakisBlakemanPanagioti Tyler, HodkinsonPlannerAngelakisKeyworthHallPascallJones Tyler, Wright, Panagioti Keers, JAMANetworkOpen, HealthPolicy, Hodkinson, PascallJones Angelakis, PlannerKeyworthPascallJones Tyler, Keers, Tyler, Panagiotis Angelakis",NA,NA,NA,"Transitional Care Interventions From Hospital to Community to Reduce Health Care Use and Improve Patient Outcomes A Systematic Review and Network Meta-Analysis","elicit_tiab_exclude","elicit",NA,NA,NA,NA,NA,"sr3_elicit_468"
"sr3_elicit_469","A. Baker, P. Leak, L. Ritchie, Amanda J Lee, S. Fielding","2012","The British journal of general practice : the journal of the Royal College of General Practitioners","10.3399/bjgp12X625175","Anticipatory care planning and integration: a primary care pilot study aimed at reducing unplanned hospitalisation.","elicit_tiab_exclude","elicit",NA,NA,NA,NA,NA,"sr3_elicit_469"
"sr3_elicit_47","D. Gonçalves-Bradley, J. Khangura, G. Flodgren, R. Perera, B. Rowe, S. Shepperd","2012","Cochrane Database of Systematic Reviews","10.1002/14651858.CD002097.pub4","Primary care professionals providing non-urgent care in hospital emergency departments.","elicit_tiab_exclude","elicit",NA,NA,NA,NA,NA,"sr3_elicit_47"
"sr3_elicit_470","Sharon M Parker, Parisa Aslani, B. Harris-Roxas, Michael C Wright, Margo Barr, F. Doolan-Noble, Sara Javanparast, Anurag Sharma, Richard H Osborne, John Cullen, Elizabeth Harris, F. Haigh, Mark F Harris, Twitter Ben","2024","BMJ Open","10.1136/bmjopen-2023-077877","Community health navigator-assisted transition of care from hospital to community: protocol for a randomised controlled trial","elicit_ft_include","elicit",NA,NA,NA,NA,NA,"sr3_elicit_470"
"sr3_elicit_471","A. Girgis, I. Durcinoska, Martha Gerges, N. Kaadan, A. Arnold, J. Descallar, G. Delaney, Sandra Martin Stephen Kenneth Andrew Weng Tiffany Thomas  Avery Carolan Della-Fiorentina Masters Miller Ng S, S. Avery, Martin G Carolan, S. Della-Fiorentina, Kenneth Masters, Andre Miller, Weng Ng, T. Sandell, Thomas T Tran, Janelle V Levesque","2018","BMC Cancer","10.1186/s12885-018-4729-3","Study protocol for a controlled trial of an eHealth system utilising patient reported outcome measures for personalised treatment and care: PROMPT-Care 2.0","elicit_tiab_exclude","elicit",NA,NA,NA,NA,NA,"sr3_elicit_471"
"sr3_elicit_472","M. Cornes, R. Aldridge, E. Biswell, R. Byng, Mike Clark, G. Foster, J. Fuller, A. Hayward, N. Hewett, A. Kilmister, J. Manthorpe, J. Neale, M. Tinelli, M. Whiteford","2021","Health Services and Delivery Research","10.3310/hsdr09170","Improving care transfers for homeless patients after hospital discharge: a realist evaluation","elicit_tiab_exclude","elicit",NA,NA,NA,NA,NA,"sr3_elicit_472"
"sr3_elicit_473","Kelly Doran, A. Colucci, R. Hessler, C. Ngai, N. Williams, A. Wallach, Michael Tanner, M. Allen, L. Goldfrank, S. Wall","2013","Annals of Emergency Medicine","10.1016/j.annemergmed.2012.10.021","An intervention connecting low-acuity emergency department patients with primary care: effect on future primary care linkage.","elicit_tiab_exclude","elicit",NA,NA,NA,NA,NA,"sr3_elicit_473"
"sr3_elicit_474","E. Rosario, Laura Espinoza, S. Kaplan, Sepehr Khonsari, Earl Thurndyke, M. Bustos, K. Vickers, Brittney Navarro, Bonnie Scudder","2017","Brain Injury","10.1080/02699052.2017.1325937","Patient navigation for traumatic brain injury promotes community re-integration and reduces re-hospitalizations","elicit_tiab_exclude","elicit",NA,NA,NA,NA,NA,"sr3_elicit_474"
"sr3_elicit_475","Anna I I King, M. Boyd, Deborah L Raphael, A. Jull","2018","BMC Geriatrics","10.1186/s12877-018-0717-3","The effect of a gerontology nurse specialist for high needs older people in the community on healthcare utilisation: a controlled before-after study","elicit_tiab_exclude","elicit",NA,NA,NA,NA,NA,"sr3_elicit_475"
"sr3_elicit_476","H. E. Jones, I. Morrison, S. Hurding, S. Wild, A. Anand, S. Shenkin","2022","Age and Ageing","10.1093/ageing/afac035.709","709 IMPACT ON HEALTHCARE UTILISATION OF A GENERAL PRACTITIONER-LED MODEL OF CARE FOR PATIENTS WITH FRAILTY","elicit_tiab_exclude","elicit",NA,NA,NA,NA,NA,"sr3_elicit_476"
"sr3_elicit_477","Mark Swift","2017",NA,"10.1108/JICA-12-2016-0050","People powered primary care: learning from Halton","elicit_tiab_exclude","elicit",NA,NA,NA,NA,NA,"sr3_elicit_477"
"sr3_elicit_478","B. Buurman, J. Parlevliet, Bob A J van Deelen, R. J. de Haan, Sophia E. de Rooij","2010","BMC Health Services Research","10.1186/1472-6963-10-296","A randomised clinical trial on a comprehensive geriatric assessment and intensive home follow-up after hospital discharge: the Transitional Care Bridge","elicit_ft_include","elicit",NA,NA,NA,NA,NA,"sr3_elicit_478"
"sr3_elicit_479","Brenda N. Shannon, T. Collyer, K. Bowles, Cylie Williams, T. Ravipati, Elise Deighton, Nadine E Andrew","2025","Journal of Advanced Nursing","10.1111/jan.16808","Assessing the Impact of an Integrated Community Care Program on Unplanned Hospital and Emergency Department Representations: Interrupted Time Series Analysis.","elicit_tiab_exclude","elicit",NA,NA,NA,NA,NA,"sr3_elicit_479"
"sr3_elicit_48","D. Liss, R. Ackermann, Andrew J. Cooper, Emily A. Finch, Courtney Hurt, Nicola Lancki, A. Rogers, A. Sheth, C. Teter, C. Schaeffer","2019","Journal of general internal medicine","10.1007/s11606-019-05078-4","Effects of a Transitional Care Practice for a Vulnerable Population: a Pragmatic, Randomized Comparative Effectiveness Trial","elicit_ft_include","elicit",NA,NA,NA,NA,NA,"sr3_elicit_48"
"sr3_elicit_480","Jessica Schaub, Yana Ilin Shpilkerman, Heather Roland, Kacey Keyko, Katrina Parisé","2022","Healthcare Management Forum","10.1177/08404704221084151","Transitions of care for hospital discharges in a primary care network","elicit_tiab_exclude","elicit",NA,NA,NA,NA,NA,"sr3_elicit_480"
"sr3_elicit_481","Duong T Tran, M. Falster, Jim Pearse, D. Mazevska, P. McElduff, Sallie Pearson, Kees van Gool, Jane Hall, Louisa R Jorm","2024","Medical Journal of Australia","10.5694/mja2.52266","The Australian Health Care Homes trial: quality of care and patient outcomes. A propensity score‐matched cohort study","elicit_tiab_exclude","elicit",NA,NA,NA,NA,NA,"sr3_elicit_481"
"sr3_elicit_482","S. Hewner, S. Casucci, S. Sullivan, Francine Mistretta, Yuqing Xue, B. Johnson, R. Pratt, Li Lin, C. Fox","2017","eGEMs","10.13063/2327-9214.1282","Integrating Social Determinants of Health into Primary Care Clinical and Informational Workflow during Care Transitions","elicit_tiab_exclude","elicit",NA,NA,NA,NA,NA,"sr3_elicit_482"
"sr3_elicit_483","J. Eastwood","2019","International Journal of Integrated Care","10.5334/IJIC.S3084","Big Data Evaluation of an Integrated Care Initiative for Vulnerable\\n Families","elicit_tiab_exclude, original_exclude","elicit, original","1-2","19","S1",NA,NA,"sr3_elicit_483, sr3_original_76"
"sr3_elicit_484","Sara Javanparast, L. Roeger, Richard L. Reed","2024","BMC Primary Care","10.1186/s12875-023-02256-6","General practice staff and patient experiences of a multicomponent intervention for people at high risk of poor health outcomes: a qualitative study","elicit_tiab_exclude","elicit",NA,NA,NA,NA,NA,"sr3_elicit_484"
"sr3_elicit_485","Kirsten J Parker, J. Mcdonagh, Caleb Ferguson, Louise D. Hickman","2024","Journal of Clinical Nursing","10.1111/jocn.17345","Clinical outcomes of nurse-coordinated interventions for frail older adults discharged from hospital: A systematic review and meta-analysis.","elicit_tiab_exclude","elicit",NA,NA,NA,NA,NA,"sr3_elicit_485"
"sr3_elicit_486","Susan M. Smith, H. Soubhi, M. Fortin, C. Hudon, T. O'dowd","2012","Cochrane Database of Systematic Reviews","10.1002/14651858.CD006560.pub2","Interventions for improving outcomes in patients with multimorbidity in primary care and community settings.","elicit_tiab_exclude","elicit",NA,NA,NA,NA,NA,"sr3_elicit_486"
"sr3_elicit_487","K. Davis, M. Eckert, A. Hutchinson, J. Harmon, G. Sharplin, S. Shakib, G. Caughey","2021","International Journal of Nursing Studies","10.1016/j.ijnurstu.2021.103986","Effectiveness of nurse-led services for people with chronic disease in achieving an outcome of continuity of care at the primary-secondary healthcare interface: A quantitative systematic review.","elicit_tiab_exclude","elicit",NA,NA,NA,NA,NA,"sr3_elicit_487"
"sr3_elicit_488","J. Haggerty, M. Fortin, M. Beaulieu, C. Hudon, C. Loignon, M. Préville, D. Roberge","2010","BMC Health Services Research","10.1186/1472-6963-10-258","At the interface of community and healthcare systems: a longitudinal cohort study on evolving health and the impact of primary healthcare from the patient's perspectiv","elicit_tiab_exclude","elicit",NA,NA,NA,NA,NA,"sr3_elicit_488"
"sr3_elicit_489","C. Spice, Wendy Morotti, S. George, T. Dent, J. Rose, Scott Harris, Christopher J Gordon","2008","Age and Ageing","10.1093/ageing/afn192","The Winchester falls project: a randomised controlled trial of secondary prevention of falls in older people.","elicit_tiab_exclude","elicit",NA,NA,NA,NA,NA,"sr3_elicit_489"
"sr3_elicit_49","S. Norris, A. Kumar, K. Carney, A. Jones, O. Sweeting, J. Kitson","2021",NA,"10.1093/AGEING/AFAB030.99","138 We Tried This At Home – Safety Analysis and Outcome of Community Resource Services","elicit_tiab_exclude","elicit",NA,NA,NA,NA,NA,"sr3_elicit_49"
"sr3_elicit_490","S. Samuel, G. Dimitropoulos, Kyleigh Schraeder, S. Klarenbach, A. Nettel-Aguirre, G. Guilcher, D. Pacaud, J. Pinzon, E. Lang, Gail Andrew, L. Zwaigenbaum, Shannon Scott, K. McBrien, L. Hamiwka, A. Mackie","2019","BMJ Open","10.1136/bmjopen-2019-034309","Pragmatic trial evaluating the effectiveness of a patient navigator to decrease emergency room utilisation in transition age youth with chronic conditions: the Transition Navigator Trial protocol","elicit_ft_include","elicit",NA,NA,NA,NA,NA,"sr3_elicit_490"
"sr3_elicit_491","A. Leckcivilize, Paul McNamee, C. Cooper, Robby Steel","2021","BMJ Health & Care Informatics","10.1136/bmjhci-2020-100305","Impact of an anticipatory care planning intervention on unscheduled acute hospital care using difference-in-difference analysis","elicit_tiab_exclude","elicit",NA,NA,NA,NA,NA,"sr3_elicit_491"
"sr3_elicit_492","Shubham Gupta, A. Srinivasan","2020",NA,"10.1136/leader-2020-fmlm.18","18 Care navigation in primary care: a student-led clinical audit & quality improvement project","elicit_tiab_exclude","elicit",NA,NA,NA,NA,NA,"sr3_elicit_492"
"sr3_elicit_493","Melanie Boekholt, Angela Nikelski, Fanny Schumacher-Schoenert, Friederike Kracht, Horst Christian Vollmar, Wolfgang Hoffmann, Stefan H. Kreisel, Jochen René Thyrian","2025","Age and Ageing","10.1093/ageing/afaf011","Supporting older people with cognitive impairment during and after hospital stays with intersectoral care management (intersec-CM)—results of a randomised clinical trial","elicit_tiab_exclude","elicit",NA,NA,NA,NA,NA,"sr3_elicit_493"
"sr3_elicit_494","R. Beck, Regina Osten","2018","International Journal of Integrated Care","10.5334/IJIC.S2094","Navigating the healthcare neighbourhood: Evaluation of a bottom-up, inter-agency integration program","elicit_tiab_exclude","elicit",NA,NA,NA,NA,NA,"sr3_elicit_494"
"sr3_elicit_495","R. Valaitis, Nancy Carter, Annie Lam, J. Nicholl, J. Feather, Laura Cleghorn","2017","BMC Health Services Research","10.1186/s12913-017-2046-1","Implementation and maintenance of patient navigation programs linking primary care with community-based health and social services: a scoping literature review","elicit_tiab_exclude","elicit",NA,NA,NA,NA,NA,"sr3_elicit_495"
"sr3_elicit_497","K. Dasgupta, G. Pacheco","2019","B.E. Journal of Economic Analysis and Policy","10.1515/bejeap-2019-0054","Health Care Home: Early Evidence from Linked Administrative Data in New Zealand","elicit_tiab_exclude","elicit",NA,NA,NA,NA,NA,"sr3_elicit_497"
"sr3_elicit_498","E. Rosario","2018","Archives of Physical Medicine and Rehabilitation","10.1016/j.apmr.2018.07.030","Promoting Discharge Success with a High Risk Transitional Navigation System","elicit_tiab_exclude","elicit",NA,NA,NA,NA,NA,"sr3_elicit_498"
"sr3_elicit_499","A. Melin, D. Wieland, J. Harker, L. O. Bygren","1995","Journal of The American Geriatrics Society","10.1111/j.1532-5415.1995.tb07343.x","Health Outcomes of Post‐Hospital In‐Home Team Care: Secondary Analysis of a Swedish Trial","elicit_ft_exclude","elicit",NA,NA,NA,NA,NA,"sr3_elicit_499"
"sr3_elicit_5","S. Dixon, S. Nancarrow, P. Enderby, Anna Moran, S. Parker","2015","Health Expectations","10.1111/hex.12096","Assessing patient preferences for the delivery of different community‐based models of care using a discrete choice experiment","elicit_tiab_exclude","elicit",NA,NA,NA,NA,NA,"sr3_elicit_5"
"sr3_elicit_50","M. Lui, Katherine McKellar, Shari Cooper, J. Eng, M. Bird","2022","BMC Health Services Research","10.1186/s12913-021-07436-7","Evaluating the impact of a training program to support transitioning from the hospital to the community for people after stroke: a community case study","elicit_tiab_exclude","elicit",NA,NA,NA,NA,NA,"sr3_elicit_50"
"sr3_elicit_500","B. Lloyd-Evans, J. Bone, V. Pinfold, G. Lewis, J. Billings, J. Frerichs, Kate Fullarton, Rebecca Jones, Sonia Johnson","2017","Trials","10.1186/s13063-017-2226-7","The Community Navigator Study: a feasibility randomised controlled trial of an intervention to increase community connections and reduce loneliness for people with complex anxiety or depression","elicit_tiab_exclude","elicit",NA,NA,NA,NA,NA,"sr3_elicit_500"
"sr3_elicit_51","A. Steinsbekk","2018","International Journal of Integrated Care","10.5334/IJIC.S2361","Risk stratification using register data from specialist, primary and social care","elicit_tiab_exclude","elicit",NA,NA,NA,NA,NA,"sr3_elicit_51"
"sr3_elicit_52","C. Hudon, M. Chouinard, Olivier Dumont-Samson, Annie-Pier Gobeil-Lavoie, J. Morneau, Mélanie Paradis, Y. Couturier, Marie-Ève Poitras, T. Poder, Véronique Sabourin, Mireille Lambert","2022","International Journal of Integrated Care","10.5334/ijic.icic21041","Integrated case management between hospitals and primary care clinics for\\n frequent users of healthcare services","elicit_ft_exclude","elicit",NA,NA,NA,NA,NA,"sr3_elicit_52"
"sr3_elicit_53","Laetitia Hattingh, Melissa T. Baysari, Holly Foot, T. F. Sim, G. Keijzers, Mark Morgan, Ian Scott, R. Norman, Faith R. Yong, Barbara Mullan, Claire Jackson, Leslie E. Oldfield, Elizabeth Manias","2024","Trials","10.1186/s13063-024-08496-w","OPTimising MEDicine information handover after Discharge (OPTMED-D): protocol for development of a multifaceted intervention and stepped wedge cluster randomised controlled trial","elicit_ft_include","elicit",NA,NA,NA,NA,NA,"sr3_elicit_53"
"sr3_elicit_54","Bridget Kiely, A. Hobbins, Fiona Boland, B. Clyne, Emer Galvin, Vivienne Byers, Sonali Loomba, Patrick O'Donnell, Deirdre Connolly, E. Shea, Susan M. Smith","2024","BMC Primary Care","10.1186/s12875-024-02482-6","An exploratory randomised trial investigating feasibility, potential impact and cost effectiveness of link workers for people living with multimorbidity attending general practices in deprived urban communities","elicit_tiab_exclude","elicit",NA,NA,NA,NA,NA,"sr3_elicit_54"
"sr3_elicit_55","A. Bierman, Jing Wang, P. O'malley, Dina Moss","2021","Health Services Research","10.1111/1475-6773.13863","Transforming Care for People with Multiple Chronic Conditions: AHRQ's Research Agenda.","elicit_tiab_exclude","elicit",NA,NA,NA,NA,NA,"sr3_elicit_55"
"sr3_elicit_56","A. Ferguson","2020",NA,NA,"Better Care Locally","elicit_tiab_exclude","elicit",NA,NA,NA,NA,NA,"sr3_elicit_56"
"sr3_elicit_57","J. Hikaka, Alana Cavadino, Louise Ihimaera, Lynne M. Taylor, Kirsty Maxwell-Crawford, Parehuia Merito, Hariata Vercoe, Miaotian Li, B. Kool, John Parsons, Brooke Aramoana-Arlidge, N. Kerse","2025","Journal of the Royal Society of New Zealand","10.1080/03036758.2025.2525222","Acceptability and exploratory efficacy of a Māori-led injury prevention and care model for older Māori in primary care in Aotearoa New Zealand: pilot study","elicit_tiab_exclude","elicit",NA,NA,NA,NA,NA,"sr3_elicit_57"
"sr3_elicit_58","N. Schoenberg, Gabriele Ciciurkaite, Mary Kate Greenwood","2016","Preventive medicine reports","10.1016/j.pmedr.2016.11.015","Community to clinic navigation to improve diabetes outcomes","elicit_tiab_exclude","elicit",NA,NA,NA,NA,NA,"sr3_elicit_58"
"sr3_elicit_59","J. Vos, Conor Linehan, K. Gerling, K. Windle, N. Siriwardena","2016",NA,NA,"Care Navigation in Older People with Multimorbidity - Feasibility and Acceptability of using ICT","elicit_tiab_exclude","elicit",NA,NA,NA,NA,NA,"sr3_elicit_59"
"sr3_elicit_6","C. Schraeder, C. Fraser, I. Clark, B. Long, P. Shelton, Valerie Waldschmidt, Christine L Kucera, William K Lanker","2008","Journal of Clinical Nursing","10.1111/j.1365-2702.2008.02578.x","Evaluation of a primary care nurse case management intervention for chronically ill community dwelling older people.","elicit_tiab_exclude","elicit",NA,NA,NA,NA,NA,"sr3_elicit_6"
"sr3_elicit_60","R. Ganann","2021","International Journal of Integrated Care","10.5334/ijic.icic2063","An integrated hospital-to-home transitional care intervention for older adults with multimorbidity and depressive symptoms: A pragmatic effectiveness-implementation trial","elicit_ft_include","elicit",NA,NA,NA,NA,NA,"sr3_elicit_60"
"sr3_elicit_61","B. Lloyd-Evans, J. Frerichs, T. Stefanidou, J. Bone, V. Pinfold, G. Lewis, J. Billings, N. Barber, A. Chhapia, B. Chipp, Rob Henderson, P. Shah, A. Shorten, Maria Giorgalli, J. Terhune, Rebecca Jones, Sonia Johnson","2020","PLoS ONE","10.1371/journal.pone.0233535","The Community Navigator Study: Results from a feasibility randomised controlled trial of a programme to reduce loneliness for people with complex anxiety or depression","elicit_tiab_exclude","elicit",NA,NA,NA,NA,NA,"sr3_elicit_61"
"sr3_elicit_62","Jessica Gaber, Stephanie Di Pelino, J. Datta, Samina Talat, Tracy Browne, Sarah Marentette-Brown, Sivan Bomze, Pamela Forsyth, D. Oliver, Tracey Carr, D. Mangin","2022","International Journal of Integrated Care","10.5334/ijic.5978","Community Volunteers and Primary Care Providers Supporting Older Adults in System Navigation: A Mixed Methods Study","elicit_tiab_exclude","elicit",NA,NA,NA,NA,NA,"sr3_elicit_62"
"sr3_elicit_63","J. Schnipper, L. Samal, Nyryan Nolido, Catherine S. Yoon, Anuj K. Dalal, Cherlie Magny-Normilus, A. Bitton, R. Thompson, Stephanie A. Labonville, G. Crevensten","2020","Journal of Hospital Medicine","10.12788/jhm.3513","The Effects of a Multifaceted Intervention to Improve Care Transitions Within an Accountable Care Organization: Results of a Stepped-Wedge Cluster-Randomized Trial.","elicit_ft_exclude, original_exclude","elicit, original","15-22","16","1",NA,NA,"sr3_elicit_63, sr3_original_150"
"sr3_elicit_64","Mark Tompkins","2023","International Journal of Integrated Care","10.5334/ijic.icic23312","Older People and Carers’ experiences of ‘Hospital-at-Home’","elicit_tiab_exclude","elicit",NA,NA,NA,NA,NA,"sr3_elicit_64"
"sr3_elicit_65","Rebecca K Pang, V. Srikanth, D. Snowdon, C. Weller, B. Berry, G. Braun, Iain Edwards, Fergus McGee, R. Azzopardi, N. Andrew","2021","Internal medicine journal (Print)","10.1111/imj.15634","Targeted care navigation to reduce hospital readmissions in ‘at‐risk’ patients","elicit_tiab_exclude","elicit",NA,NA,NA,NA,NA,"sr3_elicit_65"
"sr3_elicit_66","M. Markle-Reid, C. McAiney, R. Ganann, K. Fisher, A. Gafni, Alain P Gauthier, Gail Heald-Taylor, J. Mcelhaney, J. Ploeg, D. Urajnik, R. Valaitis, C. Whitmore","2020","BMC Geriatrics","10.1186/s12877-020-01638-0","Study protocol for a hospital-to-home transitional care intervention for older adults with multiple chronic conditions and depressive symptoms: a pragmatic effectiveness-implementation trial","elicit_ft_exclude","elicit",NA,NA,NA,NA,NA,"sr3_elicit_66"
"sr3_elicit_67","S. Doucet, A. Luke, Grailing Anthonisen","2022","BMJ Open","10.1136/bmjopen-2022-066260","Hospital-based patient navigation programs for patients who experience injury-related trauma and their caregivers: a scoping review","elicit_tiab_exclude","elicit",NA,NA,NA,NA,NA,"sr3_elicit_67"
"sr3_elicit_68","Melanie Boekholt, A. Nikelski, Fanny Schumacher-Schönert, Friederike Kracht, Nino Chikhradze, H. Vollmar, Wolfgang Hoffmann, Stefan H. Kreisel, Jochen René Thyrian","2023","Alzheimer's &amp; Dementia","10.1002/alz.076258","Supporting elderly people with cognitive impairment during and after hospital stays with Intersectoral Care Management – results of a randomized controlled trial","elicit_ft_exclude","elicit",NA,NA,NA,NA,NA,"sr3_elicit_68"
"sr3_elicit_69","R. Jessup, M. Tacey, Maree Glynn, Michael Kirk, Liz McKeown","2020","BMJ Open","10.1136/bmjopen-2019-034121","Evaluation of the effectiveness of a comprehensive care plan to reduce hospital acquired complications in an Australian hospital: protocol for a mixed-method preimplementation and postimplementation study","elicit_tiab_exclude","elicit",NA,NA,NA,NA,NA,"sr3_elicit_69"
"sr3_elicit_7","J. Morales-Asencio, E. Gonzalo-Jiménez, F. Martín-Santos, J. Morilla-Herrera, M. Celdráan-Mañas, A. M. Carrasco, JJ García-Arrabal, I. Toral-López","2008","BMC Health Services Research","10.1186/1472-6963-8-193","Effectiveness of a nurse-led case management home care model in Primary Health Care. A quasi-experimental, controlled, multi-centre study","elicit_tiab_exclude","elicit",NA,NA,NA,NA,NA,"sr3_elicit_7"
"sr3_elicit_70","K. Mallitt, Justin W McNab, Rod Hughes, Joanne Fernyhough, J. Paterson, D. O'Halloran","2017","Australian Journal of Primary Health","10.1071/PY16012","Reducing emergency department presentations among chronically ill patients in Western Sydney: a key role for coordinated primary care.","elicit_tiab_exclude","elicit",NA,NA,NA,NA,NA,"sr3_elicit_70"
"sr3_elicit_71","Jiyoun Song, Sena Chae, K. Bowles, M. Mcdonald, Y. Barrón, K. Cato, S. Rossetti, Mollie Hobensack, Sridevi Sridharan, Lauren Evans, A. Davoudi, M. Topaz","2022","Journal of Advanced Nursing","10.1111/jan.15498","The identification of clusters of risk factors and their association with hospitalizations or emergency department visits in home health care.","elicit_tiab_exclude","elicit",NA,NA,NA,NA,NA,"sr3_elicit_71"
"sr3_elicit_72","Caitlin Fehily, K. Bartlem, J. Wiggers, P. Wye, R. Clancy, D. Castle, S. Wutzke, C. Rissel, Andrew Wilson, P. McCombie, F. Murphy, J. Bowman","2017","Trials","10.1186/s13063-017-2017-1","Evaluating the effectiveness of a healthy lifestyle clinician in addressing the chronic disease risk behaviours of community mental health clients: study protocol for a randomised controlled trial","elicit_tiab_exclude","elicit",NA,NA,NA,NA,NA,"sr3_elicit_72"
"sr3_elicit_73","K. Finlayson, A. Chang, M. Courtney, H. Edwards, A. Parker, K. Hamilton, Thu Dinh Xuan Pham, Jane A O'Brien","2018","BMC Health Services Research","10.1186/s12913-018-3771-9","Transitional care interventions reduce unplanned hospital readmissions in high-risk older adults","elicit_ft_include, original_exclude","elicit, original","956","18","1",NA,NA,"sr3_elicit_73, sr3_original_89"
"sr3_elicit_74","Stausholm, Mads Nibe, Pernille Heyckendorff, Hejlesen, Ole Kristian","2020",NA,NA,"Predictors of Hospital Admissions Based on in a Community Care Setting","elicit_tiab_exclude","elicit",NA,NA,NA,NA,NA,"sr3_elicit_74"
"sr3_elicit_75","S. Metzelthin, R. Daniëls, E. van Rossum, Karen Cox, H. Habets, L. D. de Witte, G. Kempen","2013","International Journal of Nursing Studies","10.1016/j.ijnurstu.2012.12.016","A nurse-led interdisciplinary primary care approach to prevent disability among community-dwelling frail older people: a large-scale process evaluation.","elicit_tiab_exclude","elicit",NA,NA,NA,NA,NA,"sr3_elicit_75"
"sr3_elicit_76","J. Downing, Tanith C. Rose, P. Saini, B. Matata, Zoe McIntosh, Terence Comerford, K. Wilson, Allan Pemberton, Lesley M. Harper, M. Shaw, K. Daras, B. Barr","2019","Heart","10.1136/heartjnl-2019-315047","Impact of a community-based cardiovascular disease service intervention in a highly deprived area","elicit_tiab_exclude","elicit",NA,NA,NA,NA,NA,"sr3_elicit_76"
"sr3_elicit_77","Asri Maharani, David R Sinclair, A. Clegg, B. Hanratty, James Nazroo, G. Tampubolon, Chris Todd, Raphael Wittenberg, T. W. O'Neill, Fiona E. Matthews","2024","PLoS ONE","10.1371/journal.pone.0306858","The association between frailty, care receipt and unmet need for care with the risk of hospital admissions","elicit_tiab_exclude","elicit",NA,NA,NA,NA,NA,"sr3_elicit_77"
"sr3_elicit_78","G. Hughes","2018",NA,NA,"Integrated care in practice : a case study of health and social care for adults considered to be at high risk of hospital admission","elicit_tiab_exclude","elicit",NA,NA,NA,NA,NA,"sr3_elicit_78"
"sr3_elicit_79","A. Steventon, M. Bardsley, J. Billings, J. Dixon, H. Doll, M. Beynon, S. Hirani, M. Cartwright, L. Rixon, M. Knapp, Catherine Henderson, A. Rogers, J. Hendy, R. Fitzpatrick, S. Newman","2013","Age and Ageing","10.1093/ageing/aft008","Effect of telecare on use of health and social care services: findings from the Whole Systems Demonstrator cluster randomised trial","elicit_tiab_exclude","elicit",NA,NA,NA,NA,NA,"sr3_elicit_79"
"sr3_elicit_8","M. Winget, Laura Holdsworth, Suwei Wang, D. Veruttipong, Dani L. Zionts, E. Rosenthal, S. Asch","2019","Journal of Oncology Practice","10.1200/JOP.19.00337","Effectiveness of a Lay Navigation Program in an Academic Cancer Center.","elicit_tiab_exclude","elicit",NA,NA,NA,NA,NA,"sr3_elicit_8"
"sr3_elicit_80","A. Steventon, Judith A Smith","2013",NA,NA,"Evaluating integrated and community-based care","elicit_tiab_exclude","elicit",NA,NA,NA,NA,NA,"sr3_elicit_80"
"sr3_elicit_81","Erin K Lilley","2017",NA,"10.5334/IJIC.3197","Identifying and Selecting Patients for Integrated Care Interventions in NSW: Unpacking Risk Stratification","elicit_tiab_exclude","elicit",NA,NA,NA,NA,NA,"sr3_elicit_81"
"sr3_elicit_82","R. Saunders, Kate Crookes, Karla L. Seaman, S. G. M. Ang, C. Bulsara, M. Bulsara, B. Ewens, Olivia Gallagher, Renée M Graham, Karen Gullick, Sue Haydon, J. Hughes, Mustafa Atee, K. Nguyen, B. O'Connell, Debra Scaini, C. Etherton-Beer","2022","BMJ Open","10.1136/bmjopen-2021-059388","Effectiveness of nurse-led volunteer support and technology-driven pain assessment in improving the outcomes of hospitalised older adults: protocol for a cluster randomised controlled trial","elicit_tiab_exclude","elicit",NA,NA,NA,NA,NA,"sr3_elicit_82"
"sr3_elicit_83","K. Davis, Imogen Ramsey, G. Sharplin, Marion Eckert, Sepehr Shakib","2024","Australian Journal of Advanced Nursing","10.37464/2024.414.1843","A nurse-led, telehealth transitional care intervention for people with multimorbidity: a feasibility study","elicit_tiab_exclude","elicit",NA,NA,NA,NA,NA,"sr3_elicit_83"
"sr3_elicit_84","K. Brazil, Christopher Cardwell, G. Carter, Mike Clarke, D. Corry, T. Fahey, Patrick Gillespie, A. Hobbins, K. McGlade, Peter O’Halloran, N. O’Neill, E. Wallace, F. Doyle","2022","BMC Geriatrics","10.1186/s12877-022-03128-x","Anticipatory care planning for community-dwelling older adults at risk of functional decline: a feasibility cluster randomized controlled trial","elicit_ft_include","elicit",NA,NA,NA,NA,NA,"sr3_elicit_84"
"sr3_elicit_85","A. White, J. South, A. Bagnall, Mark J. Forshaw, C. Spoor, P. Marchant, K. Witty","2012","Primary Health Care Research &amp; Development","10.1017/S146342361200014X","The self-care for people initiative: the outcome evaluation","elicit_tiab_exclude","elicit",NA,NA,NA,NA,NA,"sr3_elicit_85"
"sr3_elicit_86","Jocelyn Carter, Susan Hassan, Anne Walton, Liyang Yu, K. Donelan, A. Thorndike","2021","JAMA Network Open","10.1001/jamanetworkopen.2021.10936","Effect of Community Health Workers on 30-Day Hospital Readmissions in an Accountable Care Organization Population","elicit_tiab_exclude, original_exclude","elicit, original","e2110936","4","5",NA,NA,"sr3_elicit_86, sr3_original_50"
"sr3_elicit_87","Mariko Carey, Michelle Kelly, Dimity Pond, Balakrishnan R Nair, J. Attia, Yun-Hee Jeon, S. Deeming, Joel J. Rhee, Kylie Wales, Kay Khaing, Anna Williams, Jennifer White, Mandy Harden, Claudine Ford, John Ward, Stephanie Lithgow, C. Oldmeadow, Jaishree Jalewa, Emma Smart, Kate Wood, Amelia Bartczak, Kristy Fakes","2025","BMJ Open","10.1136/bmjopen-2024-095473","Randomised controlled trial of a nurse coordination intervention for people living with dementia and their carers: study protocol","elicit_tiab_exclude","elicit",NA,NA,NA,NA,NA,"sr3_elicit_87"
"sr3_elicit_88","K. Neadley, M. Downes, L. Chan, B. Poirier, J. Lynch, M. Boyd, C. Shoubridge","2025","medRxiv","10.1101/2025.03.24.25324580","A Health Navigator intervention to address the unmet social needs of parents/caregivers of hospitalised children in South Australia: protocol for a mixed-methods pilot study","elicit_tiab_exclude","elicit",NA,NA,NA,NA,NA,"sr3_elicit_88"
"sr3_elicit_89","Clare Lewis, O. Rónán, Caoimh, D. Patton, O. Tom, Connor, Zena Moore, Linda E Nugent","2020",NA,NA,"CIA_A_236895 915..926","elicit_tiab_exclude","elicit",NA,NA,NA,NA,NA,"sr3_elicit_89"
"sr3_elicit_9","Y. Molina, A. E. Glassgow, Sage J. Kim, Nerida M. Berrios, Heather A. Pauls, Karriem S. Watson, J. Darnell, E. Calhoun","2017","Contemporary Clinical Trials","10.1016/j.cct.2016.12.001","Patient Navigation in Medically Underserved Areas study design: A trial with implications for efficacy, effect modification, and full continuum assessment.","elicit_tiab_exclude","elicit",NA,NA,NA,NA,NA,"sr3_elicit_9"
"sr3_elicit_90","James Marple","2016",NA,"10.5334/ijic.2777","Reducing unplanned hospital admissions using an electronic system for sharing anticipatory care plans between primary and secondary care","elicit_tiab_exclude","elicit",NA,NA,NA,NA,NA,"sr3_elicit_90"
"sr3_elicit_91","K. Kokorelias, Stephanie Posa, T. DasGupta, Naomi Ziegler, Sander L. Hitzig","2021","International Journal of Care Coordination","10.1177/20534345211063482","“I think like if Albert Einstein and Superman had a baby, that's what it would take”: The experiences and perceptions of community and hospital healthcare professionals in a seniors’ patient navigator program","elicit_tiab_exclude","elicit",NA,NA,NA,NA,NA,"sr3_elicit_91"
"sr3_elicit_92","Helen Lyndon, Frazer Underwood, J. Latour, J. Marsden, Anne Brown, B. Kent","2019","The JBI Database of Systematic Reviews and Implementation Reports","10.11124/jbisrir-d-19-00082","Effectiveness of nurse-coordinated, person-centered comprehensive assessment on improving quality of life of community-dwelling frail older people: a systematic review protocol.","elicit_tiab_exclude","elicit",NA,NA,NA,NA,NA,"sr3_elicit_92"
"sr3_elicit_93","P. Clarkson, C. Brand, J. Hughes, D. Challis","2011","Age and Ageing","10.1093/ageing/afr015","Integrating assessments of older people: examining evidence and impact from a randomised controlled trial.","elicit_ft_exclude","elicit",NA,NA,NA,NA,NA,"sr3_elicit_93"
"sr3_elicit_94","E. Kaehr, K. Unroe","2022","Journal of The American Geriatrics Society","10.1111/jgs.17749","Complex problems need comprehensive solutions: The INTERCARE model provides evidence for nurse‐led nursing home care models","elicit_tiab_exclude","elicit",NA,NA,NA,NA,NA,"sr3_elicit_94"
"sr3_elicit_95","M. Copur, M. Mcdonald, Yuzhen Zhou, Vicki Hurley, Adriene Tasa, Christine Johnson, Rhonda Evans, C. Fuller, R. Hadenfeldt, M. Schriner, Jami Kezeor, A. Woodward, Darla Cleveland, R. Ramaekers, David Crockett, Dron Gauchan, Douglas P. Clark, M. Mickey, M. Norvell","2017",NA,"10.1200/JCO.2017.35.15_SUPPL.E18040","Patient navigation core metrics before and after implementation of a nurse navigation program at CHI St. Francis Cancer Treatment Center: A community based cancer program.","elicit_tiab_exclude","elicit",NA,NA,NA,NA,NA,"sr3_elicit_95"
"sr3_elicit_96","Brenda N. Shannon, K. Bowles, Cylie M. Williams, T. Ravipati, Elise Deighton, Nadine E. Andrew","2023","BMJ Open","10.1136/bmjopen-2023-077195","Does a Community Care programme reach a high health need population and high users of acute care hospital services in Melbourne, Australia? An observational cohort study","elicit_tiab_exclude","elicit",NA,NA,NA,NA,NA,"sr3_elicit_96"
"sr3_elicit_97","Yan-ying Chen, Yi Jin Tan, Ya Sun, C. Chua, J. Yoo, S. Wong, Helen J Chen, John Chee Meng Wong, Phillip Phan","2020","Journal of Patient Safety and Risk Management","10.1177/2516043520914196","A pragmatic randomized controlled trial of a cardiac hospital-to-home transitional care program in a Singapore academic medical center","elicit_ft_exclude","elicit",NA,NA,NA,NA,NA,"sr3_elicit_97"
"sr3_elicit_98","Kristina M. Kokorelias, Christine L Sheppard, Sander L. Hitzig","2023","International Journal of Care Coordination","10.1177/20534345231151209","The role of patient navigation in supporting low-income older adults in their housing needs during hospital to home transitions: A qualitative descriptive study from Ontario, Canada","elicit_tiab_exclude","elicit",NA,NA,NA,NA,NA,"sr3_elicit_98"
"sr3_elicit_99","C. Toye, R. Parsons, S. Slatyer, S. Aoun, R. Moorin, R. Osseiran-Moisson, K. Hill","2016","International Journal of Nursing Studies","10.1016/j.ijnurstu.2016.09.012","Outcomes for family carers of a nurse-delivered hospital discharge intervention for older people (the Further Enabling Care at Home Program): Single blind randomised controlled trial.","elicit_tiab_exclude","elicit",NA,NA,NA,NA,NA,"sr3_elicit_99"
"sr3_original_10","Fitzgerald JF,Smith DM,Martin DK,Freedman JA,Katz BP","1994","Archives of Internal Medicine",NA,"A case manager intervention to reduce readmissions","original_include","original","1721-1729","154","15",NA,NA,"sr3_original_10"
"sr3_original_100","Goldman LE,Sarkar U,Kessell E,Guzman D,Schneidermann M,Pierluissi E","2014","Annals of Internal Medicine","10.7326/M14-0094","Support from hospital to home for elders: a randomized trial","original_exclude","original","472-481","161","7",NA,NA,"sr3_original_100"
"sr3_original_101","Greineder DK,Loane KC,Parks P","1999","Journal of Allergy and Clinical Immunology",NA,"A randomized controlled trial of a pediatric asthma outreach program","original_exclude","original","436-440","103","3 Pt 1",NA,NA,"sr3_original_101"
"sr3_original_103","Hanrahan NP,Solomon P,Hurford MO","2014","Journal of the American Psychiatric Nurses Association","10.1177/1078390314552190","A pilot randomized control trial: testing a transitional care model for acute psychiatric conditions","original_exclude","original","315-327","20","5",NA,NA,"sr3_original_103"
"sr3_original_105","Hastings SN,Stechuchak KM,Coffman CJ,Mahanna EP,Weinberger M,Van Houtven CH","2020","Journal of General Internal Medicine","10.1007/s11606-019-05319-6","Discharge information and support for patients discharged from the Emergency Department: results from a randomized controlled trial","original_exclude","original","79-86","35","1",NA,NA,"sr3_original_105"
"sr3_original_106","Hengartner MP,Passalacqua S,Heim G,Andreae A,Rossler W,von Wyl A","2016","Frontiers in Psychiatry","10.3389/fpsyt.2016.00027","The post-discharge network coordination programme: a randomized controlled trial to evaluate the efficacy of an intervention aimed at reducing rehospitalizations and improving mental health","original_exclude","original","27","7",NA,NA,NA,"sr3_original_106"
"sr3_original_108","Hughes SL,Weaver FM,Giobbie-Hurder A,Manheim L,Henderson W,Kubal JD","2000","JAMA",NA,"Effectiveness of team-managed home-based primary care: a randomized multicenter trial","original_exclude","original","2877-2885","284","22",NA,NA,"sr3_original_108"
"sr3_original_109","Ko FW,Cheung NK,Rainer TH,Lum C,Wong I,Hui DS","2017","Thorax","10.1136/thoraxjnl-2016-208396","Comprehensive care programme for patients with chronic obstructive pulmonary disease: a randomised controlled trial","original_exclude","original","122-128","72","2",NA,NA,"sr3_original_109"
"sr3_original_11","Fors A,Blanck E,Ali L,Ekberg-Jansson A,Fu M,Lindstrom Kjellberg I","2018","PLoS One","10.1371/journal.pone.0203031","Effects of a person-centred telephone-support in patients with chronic obstructive pulmonary disease and/or chronic heart failure: A randomized controlled trial","original_include","original","e0203031","13","8",NA,NA,"sr3_original_11"
"sr3_original_110","Koehler BE,Richter KM,Youngblood L,Cohen BA,Prengler ID,Cheng D","2009","Journal of Hospital Medicine","10.1002/jhm.427","Reduction of 30-day postdischarge hospital readmission or emergency department (ED) visit rates in high-risk elderly medical patients through delivery of a targeted care bundle","original_exclude","original","211-218","4","4",NA,NA,"sr3_original_110"
"sr3_original_112","Laramee AS,Levinsky SK,Sargent J,Ross R,Callas P","2003","Archives of Internal Medicine",NA,"Case management in a heterogeneous congestive heart failure population: a randomized controlled trial","original_exclude","original","809-817","163","7",NA,NA,"sr3_original_112"
"sr3_original_113","Lashley C,Taylor SP,Brown R,Burke L,Chou SH,Cunningham K","2019","Trials","10.1186/s13063-019-3792-7","Structured, proactive care coordination versus usual care for Improving Morbidity during Post-Acute Care Transitions for Sepsis (IMPACTS): a pragmatic, randomized controlled trial","original_exclude","original","660","20","1",NA,NA,"sr3_original_113"
"sr3_original_114","Lasser KE,Kenst KS,Quintiliani LM,Wiener RS,Murillo J,Pbert L","2013","Journal of Ethnicity in Substance Abuse","10.1080/15332640.2013.819311","Patient navigation to promote smoking cessation among low-income primary care patients: a pilot randomized controlled trial","original_exclude","original","374-390","12","4",NA,NA,"sr3_original_114"
"sr3_original_115","Leavitt MA","2017",NA,NA,"The Effect of the Heart Failure Nurse Navigator on 30-Day Hospital Readmissions of Older Adults [Dissertation]","original_exclude","original",NA,NA,NA,NA,NA,"sr3_original_115"
"sr3_original_116","Leung AC,Yau DC,Liu CP,Yeoh CS,Chui TY,Chi I","2004","Australian Health Review",NA,"Reducing utilisation of hospital services by case management: a randomised controlled trial","original_exclude","original","79-86","28","1",NA,NA,"sr3_original_116"
"sr3_original_117","Li CY,Lee CY,Chang Lee SN,Liao WC,Chen YJ","2013","Macau Journal of Nursing",NA,"The effectiveness of case management for patients with heart filure","original_exclude","original, original","35-41","12","1",NA,NA,"sr3_original_117, sr3_original_118"
"sr3_original_119","Liang HY,Hann LL,Yu CC,Mei WF,Yu S","2021","Journal of Nursing Scholarship","10.1111/jnu.12622","Effectiveness of a nurse‐led tele‐homecare program for patients with multiple chronic illnesses and a high risk for readmission: a randomized controlled trial","original_exclude","original","161-170","53","2",NA,NA,"sr3_original_119"
"sr3_original_12","Gryczynski J,Nordeck CD,Welsh C,Mitchell SG,O'Grady KE,Schwartz RP","2021","Annals of Internal Medicine","10.7326/M20-5475","Preventing hospital readmission for patients with comorbid substance use disorder: a randomized trial","original_include","original","899-909","174","7",NA,NA,"sr3_original_12"
"sr3_original_121","Meisinger C,Stollenwerk B,Kirchberger I,Seidl H,Wende R,Kuch B","2013","BMC Geriatrics","10.1186/1471-2318-13-115","Effects of a nurse-based case management compared to usual care among aged patients with myocardial infarction: results from the randomized controlled KORINNA study","original_exclude","original","115","13",NA,NA,NA,"sr3_original_121"
"sr3_original_122","Metsch LR,Feaster DJ,Gooden L,Matheson T,Stitzer M,Das M","2016","JAMA","10.1001/jama.2016.8914","Effect of patient navigation with or without financial incentives on viral suppression among hospitalized patients with HIV infection and substance use: a randomized clinical trial","original_exclude","original","156-170","316","2",NA,NA,"sr3_original_122"
"sr3_original_123","Mizukawa M,Moriyama M,Yamamoto H,Rahman MM,Naka M,Kitagawa T","2019","International Heart Journal","10.1536/ihj.19-313","Nurse-led collaborative management using telemonitoring improves quality of life and prevention of rehospitalization in patients with heart failure","original_exclude","original","1293-1302","60","6",NA,NA,"sr3_original_123"
"sr3_original_124","Moschetti K,Iglesias K,Baggio S,Velonaki V-S,Ruggeri O,Hugli O","2015","Journal of General Internal Medicine",NA,"Potential health-care service utilization substitution effects induced by case management for emergency department frequent users","original_exclude","original","S230","30",NA,NA,NA,"sr3_original_124"
"sr3_original_125","Navaneethan SD,Jolly SE,Schold JD,Arrigain S,Nakhoul G,Konig V","2017","Clinical Journal of the American Society of Nephrology","10.2215/CJN.02100217","Pragmatic randomized, controlled trial of patient navigators and enhanced personal health records in CKD","original_exclude","original","1418-1427","12","9",NA,NA,"sr3_original_125"
"sr3_original_126","Naylor,McCauley KM","1999","Journal of Cardiovascular Nursing","10.1097/00005082-199910000-00006","The effects of a discharge planning and home follow-up intervention on elders hospitalized with common medical and surgical cardiac conditions","original_exclude","original","44‐54","14","1",NA,NA,"sr3_original_126"
"sr3_original_127","Naylor,Hirschman KB,McCauley K,Shaid EC,Hanlon AL,Whitehouse CR","2022","Contemporary Clinical Trials","10.1016/j.cct.2021.106620","Mirror-TCM: multisite replication of a randomized controlled trial – transitional care model","original_exclude","original","106620","112",NA,NA,NA,"sr3_original_127"
"sr3_original_128","Occelli P,Touzet S,Rabilloud M,Ganne C,Poupon Bourdy S","2016","BMC Geriatrics","10.1186/s12877-016-0233-2","Impact of a transition nurse program on the prevention of thirty-day hospital readmissions of elderly patients discharged from short-stay units: study protocol of the PROUST stepped-wedge cluster randomised trial","original_exclude","original","57","16",NA,NA,NA,"sr3_original_128"
"sr3_original_129","Okin RL,Boccellari A,Azocar F,Shumway M,O'Brien K,Gelb A","2000","American Journal of Emergency Medicine",NA,"The effects of clinical case management of hospital service use among ED frequent users","original_exclude","original","603‐8","18","5",NA,NA,"sr3_original_129"
"sr3_original_13","Henschen BL,Theodorou M,Chapman M,Cameron KA,O'leary K","2020","Journal of General Internal Medicine","10.1007/s11606-020-05890-3","An intensive high utilizer intervention does not reduce hospital readmissions: the CHAMP randomized controlled trial","original_include","original","S15","35","Suppl 1",NA,NA,"sr3_original_13"
"sr3_original_130","Oliva NL","2008",NA,NA,"The Impact of RN Case Management on Inpatient and ED Utilization in a Chronically Ill, Older Adult, Community-Dwelling Population [Dissertation]","original_exclude","original",NA,NA,NA,NA,NA,"sr3_original_130"
"sr3_original_132","Parsons M,Parsons J,Rouse P,Pillai A,Mathieson S,Parsons R","2018","Age and Ageing","10.1093/ageing/afx169","Supported discharge teams for older people in hospital acute care: a randomised controlled trial","original_exclude","original","288-294","47","2",NA,NA,"sr3_original_132"
"sr3_original_133","Patricia J,Verweij L,Buurman B,Terbraak M,Daliri S,Latour C","2020","European Geriatric Medicine","10.1007/s41999-020-00428-6","Effect of nurse-coordinated transitional care in high risk older cardiac patients: the cardiac care bridge randomized clinical trial","original_exclude","original","S115","11","SUPPL 1",NA,NA,"sr3_original_133"
"sr3_original_134","Peikes D,Chen A,Schore J,Brown R","2009","JAMA","10.1001/jama.2009.126","Effects of care coordination on hospitalization, quality of care, and health care expenditures among Medicare beneficiaries: 15 randomized trials","original_exclude","original","603-618","301","6",NA,NA,"sr3_original_134"
"sr3_original_135","Pevnick JM,Keller MS,Kennelty KA,Nuckols TK,Ko EM,Amer K","2021","Contemporary Clinical Trials","10.1016/j.cct.2021.106419","The Pharmacist Discharge Care (PHARM-DC) study: a multicenter RCT of pharmacist-directed transitional care to reduce post-hospitalization utilization","original_exclude","original","106419","106",NA,NA,NA,"sr3_original_135"
"sr3_original_137","Poole PJ,Chase B,Frankel A,Black PN","2001","Respirology",NA,"Case management may reduce length of hospital stay in patients with recurrent admissions for chronic obstructive pulmonary disease","original_exclude","original","37-42","6","1",NA,NA,"sr3_original_137"
"sr3_original_138","Pusateri A,Litzenberg K,Griffiths C,Hayes C,Gnyawali B,Manious M","2023","World Journal of Hepatology","10.4254/wjh.v15.i6.826","Randomized intervention and outpatient follow-up lowers 30-d readmissions for patients with hepatic encephalopathy, decompensated cirrhosis","original_exclude","original","826‐40","15","6",NA,NA,"sr3_original_138"
"sr3_original_139","Raftery JP,Addington-Hall JM,MacDonald LD,Anderson HR,Bland JM,Chamberlain J","1996","Palliative Medicine",NA,"A randomized controlled trial of the cost-effectiveness of a district co-ordinating service for terminally ill cancer patients","original_exclude","original","151-161","10","2",NA,NA,"sr3_original_139"
"sr3_original_14","Kelley L,Capp R,Carmona JF,D'Onofrio G,Mei H,Cobbs-Lomax D","2020","Journal of Emergency Medicine","10.1016/j.jemermed.2019.12.001","Patient navigation to reduce Emergency Department (ED) utilization among medicaid insured, frequent ED users: a randomized controlled trial","original_include","original","967-977","58","6",NA,NA,"sr3_original_14"
"sr3_original_140","Rea H,McAuley S,Stewart A,Lamont C,Roseman P,Didsbury P","2004","Internal Medicine Journal",NA,"A chronic disease management programme can reduce days in hospital for patients with chronic obstructive pulmonary disease","original_exclude","original","608-614","34","11",NA,NA,"sr3_original_140"
"sr3_original_141","Rea HH,Kenealy TW,Rolland T-M,Naumann C,Hou T,Sheridan N","2016","International Journal of Integrated Care","10.5334/ijic.2674","Enabling integrated health and care","original_exclude","original","1-3","16","6",NA,NA,"sr3_original_141"
"sr3_original_142","Reuland DS,Brenner AT,Hoffman R,McWilliams A,Rhyne RL,Getrich C","2017","JAMA Internal Medicine","10.1001/jamainternmed.2017.1294","Effect of combined patient decision aid and patient navigation vs usual care for colorectal cancer screening in a vulnerable patient population: a randomized clinical trial","original_exclude","original","967-974","177","7",NA,NA,"sr3_original_142"
"sr3_original_143","Rice KL,Dewan N,Bloomfield HE,Grill J,Schult TM,Nelson DB","2010","American Journal of Respiratory and Critical Care Medicine","10.1164/rccm.200910-1579OC","Disease management program for chronic obstructive pulmonary disease: a randomized controlled trial","original_exclude","original","890-896","182","7",NA,NA,"sr3_original_143"
"sr3_original_144","Rich MW,Vinson JM,Sperry JC,Shah AS,Spinner LR,Chung MK","1993","Journal of General Internal Medicine",NA,"Prevention of readmission in elderly patients with congestive heart failure: results of a prospective, randomized pilot study","original_exclude","original","585-590","8","11",NA,NA,"sr3_original_144"
"sr3_original_145","Riegel B,Carlson B,Kopp Z,LePetri B,Glaser D,Unger A","2002","Archives of Internal Medicine",NA,"Effect of a standardized nurse case-management telephone intervention on resource use in patients with chronic heart failure","original_exclude","original","705-712","162","6",NA,NA,"sr3_original_145"
"sr3_original_146","Riegel B,Carlson B,Glaser D,Romero T","2006","Journal of Cardiac Failure","10.1016/j.cardfail.2006.01.005","Randomized controlled trial of telephone case management in Hispanics of Mexican origin with heart failure","original_exclude","original","211-219","12","3",NA,NA,"sr3_original_146"
"sr3_original_147","Rose L,Istanboulian L,Carriere L,Price A,Lee L,Rezaie S","2018","American Journal of Respiratory and Critical Care Medicine","10.1183/13993003.01567-2017","Program of integrated care for patients with chronic obstructive pulmonary disease and multiple comorbidities (PIC COPD+): a randomized controlled trial","original_exclude","original","1701567","51","1",NA,NA,"sr3_original_147"
"sr3_original_148","Rubin DJ,Watts S,Deak A,Vaz CL,Tanner S,Recco D","2020","Diabetes","10.2337/db20-151-LB","A pilot randomized controlled trial to reduce hospital readmission risk of patients with diabetes: 90-day outcomes","original_exclude","original","151-LB","69","Supplement_1",NA,NA,"sr3_original_148"
"sr3_original_149","Saltbaek L,Bidstrup PE,Karlsen RV,Hoeg BL,Horsboel TA,Belmonte F","2024","Journal of Clinical Oncology","10.1200/JCO.23.01447","Nurse-led individualized follow-up versus regular physician-led visits after early breast cancer (MyHealth): a phase III randomized, controlled trial","original_exclude","original","2038-2049","42","17",NA,NA,"sr3_original_149"
"sr3_original_151","Shah S,Reed V,Arzu I","2015","Breast Diseases","10.1016/j.breastdis.2015.01.007","Nurse navigators in early cancer care: a randomized, controlled trial","original_exclude","original","31-32","26","1",NA,NA,"sr3_original_151"
"sr3_original_152","Shumway M,Boccellari A,O'Brien K,Okin RL","2008","American Journal of Emergency Medicine","10.1016/j.ajem.2007.04.021","Cost-effectiveness of clinical case management for ED frequent users: results of a randomized trial","original_exclude","original","155-164","26","2",NA,NA,"sr3_original_152"
"sr3_original_153","Snethen G,McCormick BP,Nagata S,Salzer MS","2024","Psychiatric Rehabilitation Journal","10.1037/prj0000593","Independence through community access and navigation: a supported leisure intervention for individuals with negative symptoms","original_exclude","original","106-116","47","2",NA,NA,"sr3_original_153"
"sr3_original_154","Somsiri V,Asdornwised U,O'Connor M,Suwanugsorn S,Chansatitporn N","2021","Home Health Care Management & Practice","10.1177/1084822320969400","Effects of a transitional telehealth program on functional status, rehospitalization, and satisfaction with care in Thai patients with heart failure","original_exclude","original","72-80","33","2",NA,NA,"sr3_original_154"
"sr3_original_155","Stergiopoulos V,Gozdzik A,Cohen A,Guimond T,Hwang SW,Kurdyak P","2017","PLOS One","10.1371/journal.pone.0182157","The effect of brief case management on emergency department use of frequent users in mental health: findings of a randomized controlled trial","original_exclude","original","e0182157","12","8",NA,NA,"sr3_original_155"
"sr3_original_156","Stewart S,Wiley JF,Ball J,Chan YK,Ahamed Y,Thompson DR","2016","Circulation","10.1161/CIRCULATIONAHA.116.020730","Impact of nurse-led, multidisciplinary home-based intervention on event-free survival across the spectrum of chronic heart disease","original_exclude","original","1867-1877","133","19",NA,NA,"sr3_original_156"
"sr3_original_157","Stitzer M,Matheson T,Cunningham C,Sorensen JL,Feaster DJ,Gooden L","2017","Addiction Science & Clinical Practice","10.1186/s13722-017-0081-1","Enhancing patient navigation to improve intervention session attendance and viral load suppression of persons with HIV and substance use: a secondary post hoc analysis of the Project HOPE study","original_exclude","original","16","12","1",NA,NA,"sr3_original_157"
"sr3_original_158","Straus SE,Dolovich L","2018","Annals of Internal Medicine","10.7326/ACPJC-2018-168-10-059","In hospitalized adults with polypharmacy, a multifaceted pharmacist intervention reduced readmissions at 180 days","original_exclude","original","JC59","168","10",NA,NA,"sr3_original_158"
"sr3_original_16","McWilliams A,Roberge J,Anderson WE,Moore CG,Rossman W,Murphy S","2018","Journal of General Internal Medicine","10.1007/s11606-018-4617-1","Aiming to improve readmissions through integrated hospital transitions (AIRTIGHT): a pragmatic randomized controlled Trial","original_include","original","58-64","34","1",NA,NA,"sr3_original_16"
"sr3_original_160","Sussman J,Bainbridge D,Whelan TJ,Brazil K,Parpia S,Wiernikowski J","2018","Supportive Care in Cancer","10.1007/s00520-017-3981-4","Evaluation of a specialized oncology nursing supportive care intervention in newly diagnosed breast and colorectal cancer patients following surgery: a cluster randomized trial","original_exclude","original","1533-1541","26","5",NA,NA,"sr3_original_160"
"sr3_original_161","Svikis DS,Kelpin SS,Keyser-Marcus L,Bishop DL,Parlier-Ahmad AB,Jones H","2021","Journal of Racial and Ethnic Health Disparities","10.1007/s40615-021-00995-9","Increasing prenatal care compliance in at-risk black women: findings from a RCT of patient navigation and behavioral incentives","original_exclude","original","630-640","9","2",NA,NA,"sr3_original_161"
"sr3_original_162","Svoren BM,Butler D,Levine BS,Anderson BJ,Laffel LM","2003","Pediatrics",NA,"Reducing acute adverse outcomes in youths with type 1 diabetes: a randomized, controlled trial","original_exclude","original","914-922","112","4",NA,NA,"sr3_original_162"
"sr3_original_163","Thygesen LC,Fokdal S,Gjorup T,Taylor RS,Zwisler AD,Prevention of Early Readmission Research Group","2015","Scandinavian Journal of Primary Health Care","10.3109/02813432.2015.1041831","Can municipality-based post-discharge follow-up visits including a general practitioner reduce early readmission among the fragile elderly (65+ years old)? A randomized controlled trial","original_exclude","original","65-73","33","2",NA,NA,"sr3_original_163"
"sr3_original_165","Venkatesan T,Porcelli AJ,Matapurkar A,Hahn B,Szabo A,Yin Z","2018","Gastroenterology","10.1016/S0016-5085(18)30536-5","An integrative, patient-centered model of care using meditation and care coordination improves quality of life and coping strategies in cyclic vomiting syndrome: a prospective randomized controlled trial","original_exclude","original","S‐16","154","6",NA,NA,"sr3_original_165"
"sr3_original_166","Wagner EH,Ludman EJ,Aiello Bowles EJ,Penfold R,Reid RJ,Rutter CM","2014","Journal of Clinical Oncology","10.1200/JCO.2013.51.7359","Nurse navigators in early cancer care: a randomized, controlled trial","original_exclude","original","12-18","32","1",NA,NA,"sr3_original_166"
"sr3_original_167","Wakefield BJ,Ward MM,Holman JE,Ray A,Scherubel M,Burns TL","2008","Telemedicine and e-Health","10.1089/tmj.2007.0131","Evaluation of home telehealth following hospitalization for heart failure: a randomized trial","original_exclude","original","753-761","14","8",NA,NA,"sr3_original_167"
"sr3_original_168","Wells KJ,Arevalo M,Calcano ER,Lee J-H,Fulp WJ,Meade CD","2011","Cancer Epidemiology Biomarkers and Prevention","10.1158/1055-9965.DISP-11-B100","Does patient navigation improve outcomes following a breast or colorectal screening abnormality? Outcomes of the Moffitt Cancer Center Patient Navigation Research Program","original_exclude","original","10","20",NA,NA,NA,"sr3_original_168"
"sr3_original_169","Werr J,Öhlén G","2016","International Journal of Integrated Care","10.5334/ijic.2730","World's largest case management RCT","original_exclude","original","1-2","16","6",NA,NA,"sr3_original_169"
"sr3_original_17","Reinius P,Johansson M,Fjellner A,Werr J,Ohlen G,Edgren G","2013","European Journal of Emergency Medicine","10.1097/MEJ.0b013e328358bf5a","A telephone-based case-management intervention reduces healthcare utilization for frequent emergency department visitors","original_include","original","327-334","20","5",NA,NA,"sr3_original_17"
"sr3_original_170","Wong FK,Ho MM,Yeung S,Tam SK,Chow SK","2011","Social Science & Medicine","10.1016/j.socscimed.2011.06.036","Effects of a health-social partnership transitional program on hospital readmission: a randomized controlled trial","original_exclude","original","960-969","73","7",NA,NA,"sr3_original_170"
"sr3_original_171","Yeung SM","2012",NA,NA,"The Effects of a Transitional Care Programme Using Holistic Care Interventions for Chinese Stroke Survivors and Their Care Providers: a Randomized Controlled Trial [Dissertation]","original_exclude","original",NA,NA,NA,NA,NA,"sr3_original_171"
"sr3_original_172","Young W,Rewa G,Goodman SG,Jaglal SB,Cash L,Lefkowitz C","2003","Canadian Medical Association Journal",NA,"Evaluation of a community-based inner-city disease management program for postmyocardial infarction patients: a randomized controlled trial","original_exclude","original","905-910","169","9",NA,NA,"sr3_original_172"
"sr3_original_174","Yu DS,Lee DT,Stewart S,Thompson DR,Choi KC,Yu CM","2015","Journal of the American Geriatrics Society","10.1111/jgs.13533","Effect of nurse-implemented transitional care for Chinese individuals with chronic heart failure in Hong Kong: a randomized controlled trial","original_exclude","original","1583-1593","63","8",NA,NA,"sr3_original_174"
"sr3_original_175","Yu WZ,Wang HF,Lin YK,Liu YL,Yen Y,Whang-Peng J","2024","Current Oncology","10.3390/curroncol31070306","The effect of oncology nurse navigation on mental health in patients with cancer in Taiwan: a randomized controlled clinical trial","original_exclude","original","4105-4122","31","7",NA,NA,"sr3_original_175"
"sr3_original_176","Yuan LX,Leong ST,Amanulla M,Lee CN,Najumudin N,Chew PC","2011","Proceedings of Singapore Healthcare","10.1177/20101058110200S101","A nurse-managed telephone follow-up and home visit programme for patients with high risk of unscheduled readmissions-preliminary results of a randomised controlled trial","original_exclude","original","197","20",NA,NA,NA,"sr3_original_176"
"sr3_original_177","Yuroong A,Asdornwised U,Pinyopasakul W,Wongkornrat W,Chansatitporn N","2021","Journal of Nursing Scholarship","10.1111/jnu.12673","The effectiveness of the transitional care program among people awaiting coronary artery bypass graft surgery: a randomized control trial","original_exclude","original","585-594","53","5",NA,NA,"sr3_original_177"
"sr3_original_178","Zatzick D,Russo J,Thomas P,Darnell D,Teter H,Ingraham L","2018","Psychiatry","10.1080/00332747.2017.1354621","Patient-centered care transitions after injury hospitalization: a comparative effectiveness trial","original_exclude","original","141-157","81","2",NA,NA,"sr3_original_178"
"sr3_original_18","Edgren G,Anderson J,Dolk A,Torgerson J,Nyberg S,Skau T","2016","European Journal of Emergency Medicine","10.1097/MEJ.0000000000000280","A case management intervention targeted to reduce healthcare consumption for frequent Emergency Department visitors: results from an adaptive randomized trial","original_include","original","344-350","23","5",NA,NA,"sr3_original_18"
"sr3_original_180","Zimmer JG,Groth-Juncker A,McCusker J","1985","American Journal of Public Health",NA,"A randomized controlled study of a home health care team","original_exclude","original","134-141","75","2",NA,NA,"sr3_original_180"
"sr3_original_181","Zubeltzu B,Mitxelena A,Alberdi A,Elola M,Errasti U,Berroeta A","2018","International Journal of Integrated Care","10.5334/ijic.s2014","Multipronged management strategy for patients with complex needs using an integrated organizational model","original_exclude","original","1-2","18",NA,NA,NA,"sr3_original_181"
"sr3_original_20","Seaberg D,Elseroad S,Dumas M,Mendiratta S,Whittle J,Hyatte C","2017","Archives of Academic Emergency Medicine","10.1111/acem.13280","Patient navigation for patients frequently visiting the Emergency Department: a randomized, controlled trial","original_include","original","1327-1333","24","11",NA,NA,"sr3_original_20"
"sr3_original_21","Young JM,Butow PN,Walsh J,Durcinoska I,Dobbins TA,Rodwell L","2013","Journal of Clinical Oncology","10.1200/JCO.2012.48.1036","Multicenter randomized trial of centralized nurse-led telephone-based care coordination to improve outcomes after surgical resection for colorectal cancer: the CONNECT intervention","original_include","original","3585-3591","31","28",NA,NA,"sr3_original_21"
"sr3_original_22","ACTRN12614000284662",NA,"https://anzctr.org.au/Trial/Registration/TrialReview.aspx?ACTRN=ACTRN12614000284662",NA,"The Central Australian Heart Protection Study: a randomised trial of nurse-led, family based secondary prevention of acute coronary syndromes","original_exclude","original",NA,NA,NA,NA,NA,"sr3_original_22"
"sr3_original_23","ACTRN12621000226808",NA,"https://www.anzctr.org.au/Trial/Registration/TrialReview.aspx?id=377378",NA,"Can an integrated care service (ED PainPATH) improve the value of care for people with chronic pain frequently attending NSW Emergency Departments?","original_exclude","original",NA,NA,NA,NA,NA,"sr3_original_23"
"sr3_original_24","Aboumatar H,Naqibuddin M,Chung S,Chaudhry H,Kim SW,Saunders J","2018","JAMA","10.1001/jama.2018.17933","Effect of a program combining transitional care and long-term self-management support on outcomes of hospitalized patients with chronic obstructive pulmonary disease: a randomized clinical trial","original_exclude","original","Retraction of: Aboumatar et al. Effect of a program combining transitional care and long-term self-management support on outcomes of hospitalized patients with chronic obstructive pulmonary disease: a randomized clinical trial. JAMA 2018;320(22):2335-43. JAMA 2019;322(14):1417-8","320","22",NA,NA,"sr3_original_24"
"sr3_original_25","Aboumatar H,Naqibuddin M,Chung S,Chaudhry H,Kim SW,Saunders J","2019","JAMA","10.1001/jama.2019.11982","Effect of a hospital-initiated program combining transitional care and long-term self-management support on outcomes of patients hospitalized with chronic obstructive pulmonary disease: a randomized clinical trial","original_exclude","original","1371-1380","322","14",NA,NA,"sr3_original_25"
"sr3_original_27","Apter AJ,Localio AR,Morales KH,Han X,Perez L,Mullen AN","2019","Journal of Allergy and Clinical Immunology","10.1016/j.jaci.2019.05.030","Home visits for uncontrolled asthma among low-income adults with patient portal access","original_exclude","original","846-53.e11","144","3",NA,NA,"sr3_original_27"
"sr3_original_28","Atwood CE,Bhutani M,Ospina MB,Rowe BH,Leigh R,Deuchar L","2022","Chest","10.1016/j.chest.2022.03.047","Optimizing COPD acute care patient outcomes using a standardized transition bundle and care coordinator: a randomized clinical trial","original_exclude","original","321-330","162","2",NA,NA,"sr3_original_28"
"sr3_original_29","Bekelman DB,Plomondon ME,Carey EP,Sullivan,Nelson KM,Hattler B","2015","JAMA Internal Medicine","10.1001/jamainternmed.2015.0315","Primary results of the Patient-Centered Disease Management (PCDM) for heart failure study: a randomized clinical trial","original_exclude","original","725-732","175","5",NA,NA,"sr3_original_29"
"sr3_original_3","Bernabei R,Landi F,Gambassi G,Sgadari A,Zuccala G,Mor V","1998","BMJ",NA,"Randomised trial of impact of model of integrated care and case management for older people living in the community","original_include","original","1348-1351","316","7141",NA,NA,"sr3_original_3"
"sr3_original_30","Bekelman DB,Allen LA,McBryde CF,Hattler B,Fairclough DL,Havranek EP","2018","JAMA Internal Medicine","10.1001/jamainternmed.2017.8667","Effect of a collaborative care intervention vs usual care on health status of patients with chronic heart failure: the CASA randomized clinical trial","original_exclude","original","511-519","178","4",NA,NA,"sr3_original_30"
"sr3_original_31","Beland F,Bergman H,Lebel P,Clarfield AM,Tousignant P,Contandriopoulos AP","2006","Journals of Gerontology - Series A Biological Sciences and Medical Sciences","10.1093/gerona/61.4.367","A system of integrated care for older persons with disabilities in Canada: results from a randomized controlled trial","original_exclude","original","367-373","61","4",NA,NA,"sr3_original_31"
"sr3_original_32","Bell JF,Krupski A,Joesch JM,West II,Atkins DC,Court B","2015","Health Services Research","10.1111/1475-6773.12258","A randomized controlled trial of intensive care management for disabled Medicaid beneficiaries with high health care costs","original_exclude","original","663-689","50","3",NA,NA,"sr3_original_32"
"sr3_original_33","Berinstein J,Greenberg G,Cohen-Mekelburg S,Higgins PD","2021","Gastroenterology","10.1016/S0016-5085(21)01124-0","Clinical coordination and intense proactive monitoring to improve utilisation of resources and reduce expenditures in high-rigk IBD patients (CAPTURE IBD): a randomized, controlled quality improvement trial","original_exclude","original","S‐156","160","6",NA,NA,"sr3_original_33"
"sr3_original_34","Biese KJ,Busby-Whitehead J,Cai J,Stearns SC,Roberts E,Mihas P","2018","Journal of the American Geriatrics Society","10.1111/jgs.15142","Telephone follow-up for older adults discharged to home from the emergency department: a pragmatic randomized controlled trial","original_exclude","original","452-458","66","3",NA,NA,"sr3_original_34"
"sr3_original_35","Binswanger IA,Whitley E,Haffey P-R,Mueller S,Min S-J","2012","Journal of General Internal Medicine",NA,"Patient navigation for former prison inmates: a pilot randomized controlled trial","original_exclude","original","S265","27",NA,NA,NA,"sr3_original_35"
"sr3_original_36","Binswanger IA,Whitley E,Haffey PR,Mueller SR,Min SJ","2015","Journal of Substance Abuse Treatment","10.1080/08897077.2014.932320","A patient navigation intervention for drug-involved former prison inmates","original_exclude","original","34-41","36","1",NA,NA,"sr3_original_36"
"sr3_original_37","Bodenmann P,Velonaki V-S,Baggio S,Iglesias K,Moschetti K,Ruggeri O","2015","Praxis International Journal of Social Science and Literature","10.1024/1661-8157/a001994","Case management for emergency department frequent users: a randomized controlled trial","original_exclude","original","17‐8","104",NA,NA,NA,"sr3_original_37"
"sr3_original_38","Bodenmann P,Velonaki V-S,Baggio S,Iglesias K,Moschetti K,Ruggeri O","2015","Journal of General Internal Medicine",NA,"Frequent users of the emergency department in a universal health coverage system: a randomized controlled trial of a case-management intervention","original_exclude","original","S167","30",NA,NA,NA,"sr3_original_38"
"sr3_original_39","Bodenmann P,Velonaki VS,Griffin JL,Baggio S,Iglesias K,Moschetti K","2017","Journal of General Internal Medicine","10.1007/s11606-016-3789-9","Case management may reduce emergency department frequent use in a universal health coverage system: a randomized controlled trial","original_exclude","original","508-515","32","5",NA,NA,"sr3_original_39"
"sr3_original_4","Blumer V,Gayowsky A,Xie F,Greene SJ,Graham MM,Ezekowitz JA","2021","European Journal of Heart Failure","10.1002/ejhf.2312","Effect of patient-centered transitional care services on patient-reported outcomes in heart failure: sex-specific analysis of the PACT-HF randomized controlled trial","original_include","original","1488-1498","23","9",NA,NA,"sr3_original_4"
"sr3_original_40","Boer L,Schermer T,Koopman A,Peters J,Heijdra Y,Vercoulen J","2011","European Respiratory Journal",NA,"Effects of case management on hospitalisation and exacerbation rate in severe, complex COPD: a randomized controlled trial","original_exclude","original","1248","38",NA,NA,NA,"sr3_original_40"
"sr3_original_41","Bond GR,Miller LD,Krumwied RD,Ward RS","1988","Hospital & Community Psychiatry",NA,"Assertive case management in three CMHCs: a controlled study","original_exclude","original","411-418","39","4",NA,NA,"sr3_original_41"
"sr3_original_42","Boult C,Reider L,Leff B,Frick KD,Boyd CM,Wolff JL","2011","Archives of Internal Medicine","10.1001/archinternmed.2010.540","The effect of guided care teams on the use of health services: results from a cluster-randomized controlled trial","original_exclude","original","460-466","171","5",NA,NA,"sr3_original_42"
"sr3_original_43","Brown AF,Behforouz H,Shah A,Lewis J,Ettner S,Porter C","2020","Journal of General Internal Medicine","10.1007/s11606-020-05890-3","The care connections program: a randomized trial of community health workers to improve care for medically and socially complex patients","original_exclude","original","S288","35","SUPPL 1",NA,NA,"sr3_original_43"
"sr3_original_45","CTRI/2015/09/006192",NA,"https://ctri.nic.in/Clinicaltrials/pmaindet2.php?EncHid=MTE1MjI=&Enc=&userName=",NA,"Effectiveness of a nursing intervention programme (nurse navigator programme) in breast cancer patients","original_exclude","original",NA,NA,NA,NA,NA,"sr3_original_45"
"sr3_original_46","CTRI/2020/02/023511",NA,"https://ctri.nic.in/Clinicaltrials/pmaindet2.php?EncHid=NDA0MjQ=&Enc=&userName=",NA,"A study to assess the Patient navigation and symptom reporting with patient reported outcome in lung cancer patient","original_exclude","original",NA,NA,NA,NA,NA,"sr3_original_46"
"sr3_original_47","Cao G,Xie M,Xu Y,Huang J,Liang J,Tao B","2022","Reviews in Cardiovascular Medicine","10.31083/J.RCM2307234","A quasi-randomized controlled trial of an integrated healthcare model for patients with coronary heart disease","original_exclude","original","234","23","7",NA,NA,"sr3_original_47"
"sr3_original_48","Capp R,Kelley L,Ellis P,Carmona J,Lofton A,Cobbs-Lomax D","2014","Academic Emergency Medicine","10.1111/acem.12365","A feasibility and acceptability study: enrollment of medicaid frequent ed users in a navigation program to decrease barriers to outpatient care","original_exclude","original","S143-4","21","5",NA,NA,"sr3_original_48"
"sr3_original_5","Bronstein LR,Gould P,Berkowitz SA,James GD,Marks K","2015","Journal of Social Work",NA,"Impact of a social work care coordination intervention on hospital readmission: a randomized controlled trial","original_include","original","248-255","60","3",NA,NA,"sr3_original_5"
"sr3_original_51","Chan B,Edwards ST,Mitchell M,Nicolaidis C,Kansagara D,Korthuis PT","2019","Journal of General Internal Medicine","10.1007/11606.1525-1497","Can an intensive ambulatory care intervention improve the experience of high-utilizing patients?: 6-month outcomes of the summit randomized controlled trial","original_exclude","original","S151","34","2",NA,NA,"sr3_original_51"
"sr3_original_52","Chow SK,Wong FK","2014","Journal of Advanced Nursing","10.1111/jan.12375","A randomized controlled trial of a nurse-led case management programme for hospital-discharged older adults with co-morbidities","original_exclude","original","2257-2271","70","10",NA,NA,"sr3_original_52"
"sr3_original_53","Connolly MJ,Broad JB,Boyd M,Zhang TX,Kerse N,Foster S","2016","Age and Ageing","10.1093/ageing/afw037","The 'Big Five'. Hypothesis generation: a multidisciplinary intervention package reduces disease-specific hospitalisations from long-term care: a post hoc analysis of the ARCHUS cluster-randomised controlled trial","original_exclude","original","415-420","45","3",NA,NA,"sr3_original_53"
"sr3_original_54","Coskun S,Duygulu S","2022","European Journal of Cardiovascular Nursing","10.1093/eurjcn/zvab005","The effects of nurse led transitional care model on elderly patients undergoing open heart surgery: a randomized controlled trial","original_exclude","original","46-55","21","1",NA,NA,"sr3_original_54"
"sr3_original_55","Cossette S,Vadeboncoeur A,Frasure-Smith N,McCusker J,Perreault D,Guertin MC","2015","Canadian Journal of Emergency Medicine","10.2310/8000.2013.131291","Randomized controlled trial of a nursing intervention to reduce emergency department revisits","original_exclude","original","13-20","17","1",NA,NA,"sr3_original_55"
"sr3_original_56","Counsell SR,Callahan CM,Clark DO,Tu W,Buttar AB,Stump TE","2007","JAMA",NA,"Geriatric care management for low-income seniors: a randomized controlled trial","original_exclude","original","2623-2633","298","22",NA,NA,"sr3_original_56"
"sr3_original_58","Craig TK,Garety P,Power P,Rahaman N,Colbert S,Fornells-Ambrojo M","2004","BMJ",NA,"The Lambeth Early Onset (LEO) Team: randomised controlled trial of the effectiveness of specialised care for early psychosis","original_exclude","original","1067","329","7474",NA,NA,"sr3_original_58"
"sr3_original_59","Craig TK,Johnson S,McCrone P,Afuwape S,Hughes E,Gournay K","2008","Psychiatric Services","10.1176/ps.2008.59.3.276","Integrated care for co-occurring disorders: psychiatric symptoms, social functioning, and service costs at 18 months","original_exclude","original","276-282","59","3",NA,NA,"sr3_original_59"
"sr3_original_6","Brown DM,Hernandez EA,Levin S,De Vaan M,Kim M-O,Lynch C","2022","Annals of Internal Medicine","10.7326/M22-0074","Effect of social needs case management on hospital use among adult medicaid beneficiaries: a randomized study","original_include","original","1109-1117","175","8",NA,NA,"sr3_original_6"
"sr3_original_60","Cramer JS,Sibley RF,Bartlett DP,Kahn LS,Loffredo L","2007","Diabetes Education",NA,"An adaptation of the diabetes prevention program for use with high-risk, minority patients with type 2 diabetes","original_exclude","original","503-508","33","3",NA,NA,"sr3_original_60"
"sr3_original_61","Creed F,Burns T,Butler T,Byford S,Murray R,Thompson S","1999","British Journal of Psychiatry","10.1192/bjp.174.1.74","Comparison of intensive and standard case management for patients with psychosis: rationale of the trial","original_exclude","original","74-78","174",NA,NA,NA,"sr3_original_61"
"sr3_original_62","Crotty M,Rowett D,Spurling L,Giles LC,Phillips PA","2004","American Journal of Geriatric Pharmacotherapy",NA,"Does the addition of a pharmacist transition coordinator improve evidence-based medication management and health outcomes in older adults moving from the hospital to a long-term care facility? Results of a randomized, controlled trial","original_exclude","original","257-264","2","4",NA,NA,"sr3_original_62"
"sr3_original_63","DRKS00009233",NA,"https://drks.de/search/en/trial/DRKS00009233",NA,"Telemedical supported aftercare in the first post-operative year for transplanted patients after living-donor kidney donation, postmortal kidney donation and combined pancreas-/kidney donation","original_exclude","original",NA,NA,NA,NA,NA,"sr3_original_63"
"sr3_original_64","DRKS00013199",NA,NA,NA,NA,"original_exclude","original",NA,NA,NA,NA,NA,"sr3_original_64"
"sr3_original_65","Daly BJ,Douglas SL,Kelley CG,O'Toole E,Montenegro H","2005","Chest",NA,"Trial of a disease management program to reduce hospital readmissions of the chronically critically ill","original_exclude","original","507-517","128","2",NA,NA,"sr3_original_65"
"sr3_original_66","DeBusk RF,Miller NH,Parker KM,Bandura A,Kraemer HC,Cher DJ","2004","Annals of Internal Medicine",NA,"Care management for low-risk patients with heart failure: a randomized, controlled trial","original_exclude","original","606-613","141","8",NA,NA,"sr3_original_66"
"sr3_original_67","DeSalvo JM,Young GS,Krok-Schoen JL,Paskett ED","2018","Journal of Aging and Health","10.1177/0898264317715184","Characterizing time to diagnostic resolution after an abnormal cancer screening exam in older adult participants in the Ohio patient navigation research program","original_exclude","original","1284-1304","30","8",NA,NA,"sr3_original_67"
"sr3_original_69","Diplock G,Ward J,Stewart S,Scuffham P,Stewart P,Reeve C","2017","BMC Health Services Research","10.1186/s12913-017-2077-7","The Alice Springs Hospital Readmission Prevention Project (ASHRAPP): a randomised control trial","original_exclude","original","153","17","1",NA,NA,"sr3_original_69"
"sr3_original_7","Casas A,Troosters T,Garcia-Aymerich J,Roca J,Hernandez C,Alonso A","2006","European Respiratory Journal",NA,"Integrated care prevents hospitalisations for exacerbations in COPD patients","original_include","original","123-130","28","1",NA,NA,"sr3_original_7"
"sr3_original_70","Domingues FB,Clausell N,Aliti GB,Dominguez DR,Rabelo ER","2011","Arquivos Brasileiros de Cardiologia Imagem Cardiovascular",NA,"Education and telephone monitoring by nurses of patients with heart failure: randomized clinical trial","original_exclude","original","233-239","96","3",NA,NA,"sr3_original_70"
"sr3_original_71","Yu DS-F,Lee DT,Stewart S,Thompson DR,Choi KC,Yu CM","2014","European Journal of Heart Failure","10.1002/ejhf.93_4","The effects of a nurse-led empowerment-based disease management program on clinical outcomes, self-care and health-related quality of life among Chinese patients with heart failure","original_exclude","original, original","60","16",NA,NA,NA,"sr3_original_71, sr3_original_173"
"sr3_original_72","Dorr DA,Wilcox AB,Brunker CP,Burdon RE,Donnelly SM","2008","Journal of the American Geriatrics Society","10.1111/j.1532-5415.2008.02005.x","The effect of technology-supported, multidisease care management on the mortality and hospitalization of seniors","original_exclude","original","2195-2202","56","12",NA,NA,"sr3_original_72"
"sr3_original_73","Ducharme A,Doyon O,White M,Rouleau JL,Brophy JM","2005","Canadian Medical Association Journal",NA,"Impact of care at a multidisciplinary congestive heart failure clinic: a randomized trial","original_exclude","original","40-45","173","1",NA,NA,"sr3_original_73"
"sr3_original_74","Duflos C,Labarre JP,Ologeanu R,Robin M,Cayla G,Galinier M","2021","ESC Heart Failure","10.1002/ehf2.13086","PRADOC: a trial on the efficiency of a transition care management plan for hospitalized patients with heart failure in France","original_exclude","original","1649-1655","8","2",NA,NA,"sr3_original_74"
"sr3_original_75","Dunagan WC,Littenberg B,Ewald GA,Jones CA,Emery VB,Waterman BM","2005","Journal of Cardiac Failure",NA,"Randomized trial of a nurse-administered, telephone-based disease management program for patients with heart failure","original_exclude","original","358-365","11","5",NA,NA,"sr3_original_75"
"sr3_original_77","Edgren G,Anderson J,Dolk A,Torgerson J,Nyberg S,Skau T","2016","Lakartidningen",NA,"""Active health management"" can provide support for vulnerable patients. New model for the prevention of unplanned healthcare","original_exclude","original","DUEX","113",NA,NA,NA,"sr3_original_77"
"sr3_original_78","Ekdahl AW,Wirehn AB,Alwin J,Jaarsma T,Unosson M,Husberg M","2015","Journal of the American Medical Directors Association","10.1016/j.jamda.2015.01.074","Costs and effects of an ambulatory geriatric unit (the AGe-FIT Study): a randomized controlled trial","original_exclude","original","497-503","16","6",NA,NA,"sr3_original_78"
"sr3_original_79","Ell K,Vourlekis B,Lee PJ,Xie B","2007","Preventive Medicine",NA,"Patient navigation and case management following an abnormal mammogram: a randomized clinical trial","original_exclude","original","26-33","44","1",NA,NA,"sr3_original_79"
"sr3_original_8","Compton MT,Kelley ME,Anderson S,Ellis S,Graves J,Broussard B","2023","Journal of Clinical Psychiatry","10.4088/JCP.22m14498","Opening doors to recovery: a randomized controlled trial of a recovery-oriented community navigation service for individuals with serious mental illnesses and repeated hospitalizations","original_include","original","22m14498","84","2",NA,NA,"sr3_original_8"
"sr3_original_80","Ellen F,Martina R,Klaus W","2018","European Geriatric Medicine","10.1007/s41999-018-0097-4","Trans-sectional intervention program to improve geriatric care in Regensburg [TIGER]: the transitional care model applied in Germany","original_exclude","original","S140","9",NA,NA,NA,"sr3_original_80"
"sr3_original_81","Elseroad S,Seaberg D,Dumas M,Mendiratta S,Whittle J,Holcombe J","2016","Academic Emergency Medicine","10.1111/acem.12974","Patient navigation for patients frequently visiting the emergency department","original_exclude","original","S220","23",NA,NA,NA,"sr3_original_81"
"sr3_original_82","Enard KR,Nevarez L,Hernandez M,Hovick SR,Moguel MR,Hajek RA","2015","Cancer Causes Control","10.1007/s10552-015-0620-6","Patient navigation to increase colorectal cancer screening among Latino Medicare enrollees: a randomized controlled trial","original_exclude","original","1351-1359","26","9",NA,NA,"sr3_original_82"
"sr3_original_83","Englander H,Michaels L,Chan B,Kansagara D","2014","Journal of General Internal Medicine","10.1007/s11606-014-2903-0","The care transitions innovation (C-TraIn) for socioeconomically disadvantaged adults: results of a cluster randomized controlled trial","original_exclude","original, original","1460-1467","29","11",NA,NA,"sr3_original_83, sr3_original_84"
"sr3_original_85","Entesari-Tatafi D,Stevens J,Hayles R,Bell J,Steinfort C","2017","Respirology","10.1111/resp.13010","Telemedicine to deliver personalised health care in chronic obstructive pulmonary disease may reduce hospital admissions","original_exclude","original","128","22",NA,NA,NA,"sr3_original_85"
"sr3_original_86","Fan VS,Gaziano JM,Lew R,Bourbeau J,Adams SG,Leatherman S","2012","Annals of Internal Medicine","10.7326/0003-4819-156-10-201205150-00003","A comprehensive care management program to prevent chronic obstructive pulmonary disease hospitalizations: a randomized, controlled trial","original_exclude","original","673-683","156","10",NA,NA,"sr3_original_86"
"sr3_original_87","Feldman CH,Wohlfahrt A,Campos A,Gagne JJ,Iversen,Massarotti E","2018","Arthritis Care & Research","10.1002/acr.23302","Can patient navigators improve adherence to disease-modifying antirheumatic drugs? Quantitative findings from a six-month single-arm pilot intervention","original_exclude","original","1400-1405","70","9",NA,NA,"sr3_original_87"
"sr3_original_88","Finkelstein A,Zhou A,Taubman S,Doyle J","2020","New Englan Journal of Medicine","10.1056/NEJMsa1906848","Health care hotspotting - A randomized, controlled trial","original_exclude","original","152-162","382","2",NA,NA,"sr3_original_88"
"sr3_original_9","Egan E,Clavarino A,Burridge L,Teuwen M,White E","2002","Lippincotts Case Management",NA,"A randomized control trial of nursing-based case management for patients with chronic obstructive pulmonary disease","original_include","original","170-179","7","5",NA,NA,"sr3_original_9"
"sr3_original_90","Fishbane S,Agoritsas S,Bellucci A,Halinski C,Shah HH,Sakhiya V","2017","American Journal of Kidney Diseases","10.1053/j.ajkd.2017.02.366","Augmented nurse care management in CKD Stages 4 to 5: a randomized trial","original_exclude","original","498-505","70","4",NA,NA,"sr3_original_90"
"sr3_original_91","Foster SJ,Boyd M,Broad JB,Whitehead N,Kerse N,Lumley T","2012","BMC Geriatrics","10.1186/1471-2318-12-54","Aged Residential Care Health Utilisation Study (ARCHUS): a randomised controlled trial to reduce acute hospitalisations from residential aged care","original_exclude","original","54","12",NA,NA,NA,"sr3_original_91"
"sr3_original_92","Freund T,Peters-Klimm F,Boyd CM,Mahler C,Gensichen J,Erler A","2016","Annals of Internal Medicine","10.7326/M14-2403","Medical assistant-based care management for high-risk patients in small primary care practices: a cluster randomized clinical trial","original_exclude","original","323-330","164","5",NA,NA,"sr3_original_92"
"sr3_original_93","Gagnon AJ,Schein C,McVey L,Bergman H","1999","Journal of the American Geriatrics Society",NA,"Randomized controlled trial of nurse case management of frail older people","original_exclude","original","1118-1124","47","9",NA,NA,"sr3_original_93"
"sr3_original_94","Gallo LC,Fortmann AL,Clark TL,Roesch SC,Bravin JI,Spierling Bagsic SR","2023","Journal of General Internal Medicine","10.1007/s11606-022-08006-1","Mi Puente (My Bridge) care transitions program for Hispanic/Latino adults with multimorbidity: results of a randomized controlled trial","original_exclude","original","2098‐106","38","9",NA,NA,"sr3_original_94"
"sr3_original_95","Gary TL,Batts-Turner M,Bone LR,Yeh HC,Wang NY,Hill-Briggs F","2004","Controlled Clinical Trials",NA,"A randomized controlled trial of the effects of nurse case manager and community health worker team interventions in urban African-Americans with type 2 diabetes","original_exclude","original","53-66","25","1",NA,NA,"sr3_original_95"
"sr3_original_96","Gary TL,Batts-Turner M,Yeh HC,Hill-Briggs F,Bone LR,Wang NY","2009","Archives of Internal Medicine","10.1001/archinternmed.2009.338","The effects of a nurse case manager and a community health worker team on diabetic control, emergency department visits, and hospitalizations among urban African Americans with type 2 diabetes mellitus: a randomized controlled trial","original_exclude","original","1788-1794","169","19",NA,NA,"sr3_original_96"
"sr3_original_97","Gellis ZD,Kenaley BL,Have TT","2014","Journal of the American Geriatrics Society","10.1111/jgs.12776","Integrated telehealth care for chronic illness and depression in geriatric home care patients: the Integrated Telehealth Education and Activation of Mood (I-TEAM) study","original_exclude","original","889-895","62","5",NA,NA,"sr3_original_97"
"sr3_original_98","Gilbert T,Occelli P,Rabilloud M,Poupon-Bourdy S,Riche B,Touzet S","2021","Journal of the American Medical Directors Association","10.1016/j.jamda.2020.09.015","A nurse-led bridging program to reduce 30-Day readmissions of older patients discharged from acute care units","original_exclude","original","1292-99.e5","22","6",NA,NA,"sr3_original_98"
"sr3_original_99","Godwin M,Gadag V,Pike A,Pitcher H,Parsons K,McCrate F","2016","Family Practice","10.1093/fampra/cmv089","A randomized controlled trial of the effect of an intensive 1-year care management program on measures of health status in independent, community-living old elderly: the Eldercare project","original_exclude","original","37-41","33","1",NA,NA,"sr3_original_99"
