Title,Author,Journal,Abstract,Year,DOI,Publication Type
The discovery of potent and selective dopamine D4 receptor antagonists.,"Faraci, W S",Curr Opin Chem Biol,"The identification of a novel dopamine receptor subtype, referred to as the D4 receptor, which binds the atypical antipsychotic drug clozapine with high potency, has led to the initiation of a drug discovery program that aims to find novel inhibitors of this receptor subtype. A selective screening strategy was utilized, in which 4500 compounds chosen on the basis of structural similarities to known biogenic amine receptor antagonists were tested against both the D4 and D2 dopamine receptor subtypes. A potent D4-selective compound was discovered.",1998,10.1016/s1367-5931(98)80131-2,Journal Article; Review
"Amphetamine, 3,4-methylenedioxymethamphetamine, lysergic acid diethylamide, and metabolites of the catecholamine neurotransmitters are agonists of a rat trace amine receptor.","Bunzow, J R",Mol Pharmacol,"The trace amine para-tyramine is structurally and functionally related to the amphetamines and the biogenic amine neurotransmitters. It is currently thought that the biological activities elicited by trace amines such as p-tyramine and the psychostimulant amphetamines are manifestations of their ability to inhibit the clearance of extracellular transmitter and/or stimulate the efflux of transmitter from intracellular stores. Here we report the discovery and pharmacological characterization of a rat G protein-coupled receptor that stimulates the production of cAMP when exposed to the trace amines p-tyramine, beta-phenethylamine, tryptamine, and octopamine. An extensive pharmacological survey revealed that psychostimulant and hallucinogenic amphetamines, numerous ergoline derivatives, adrenergic ligands, and 3-methylated metabolites of the catecholamine neurotransmitters are also good agonists at the rat trace amine receptor 1 (rTAR1). These results suggest that the trace amines and catecholamine metabolites may serve as the endogenous ligands of a novel intercellular signaling system found widely throughout the vertebrate brain and periphery. Furthermore, the discovery that amphetamines, including 3,4-methylenedioxymethamphetamine (MDMA; ""ecstasy""), are potent rTAR1 agonists suggests that the effects of these widely used drugs may be mediated in part by this receptor as well as their previously characterized targets, the neurotransmitter transporter proteins.",2001,10.1124/mol.60.6.1181,"Journal Article; Research Support, Non-U.S. Gov't; Research Support, U.S. Gov't, P.H.S."
Inhibitory effects of trace amines on rat midbrain dopaminergic neurons.,"Geracitano, Raffaella",Neuropharmacology,"Trace amines are biological compounds that are still awaiting identification of their role in neuronal function. Using intracellular electrophysiological recordings, we investigated the depressant action of two trace amines (beta-phenylethylamine and tyramine) on the firing activity of dopaminergic neurons of the substantia nigra pars compacta and ventral tegmental area. This inhibition was due to a membrane hyperpolarisation that was blocked by the D2 dopamine receptor antagonist sulpiride and was not potentiated by the dopamine-uptake blocker, cocaine. Inhibition of the dopamine transporter did not mediate the effects of trace amines, because unlike cocaine, trace amines did not potentiate the inhibitory responses to exogenously applied dopamine. The inhibitory actions of beta-phenylethylamine and tyramine were present in reserpine-treated animals but were abolished when the dopamine-synthesis inhibitor carbidopa was applied. Our data suggest that trace amines cause an indirect activation of dopamine autoreceptors, by an increased efflux of newly synthesised dopamine. The inhibition of dopaminergic activity by trace amines may relate to their involvement in neuronal processes linked to drug addiction, schizophrenia, attention deficit hyperactive disorders and Parkinson's disease.",2004,10.1016/j.neuropharm.2003.11.031,"Comparative Study; Journal Article; Research Support, Non-U.S. Gov't"
"Trace amine receptors as targets for novel therapeutics: legend, myth and fact.","Branchek, Theresa A",Curr Opin Pharmacol,"Trace amines are attracting attention as neurotransmitters because they are believed to play a role in human disorders such as schizophrenia, depression, attention deficit disorder and Parkinson's disease. Research to date is promising and confirms the need for continuing work to forge the way for new drug discovery.",2003,10.1016/s1471-4892(02)00028-0,Journal Article; Review
The mysterious trace amines: protean neuromodulators of synaptic transmission in mammalian brain.,"Burchett, Scott A",Prog Neurobiol,"The trace amines are a structurally related group of amines and their isomers synthesized in mammalian brain and peripheral nervous tissues. They are closely associated metabolically with the dopamine, noradrenaline and serotonin neurotransmitter systems in mammalian brain. Like dopamine, noradrenaline and serotonin the trace amines have been implicated in a vast array of human disorders of affect and cognition. The trace amines are unique as they are present in trace concentrations, exhibit high rates of metabolism and are distributed heterogeneously in mammalian brain. While some are synthesized in their parent amine neurotransmitter systems, there is also evidence to suggest other trace amines may comprise their own independent neurotransmitter systems. A substantial body of evidence suggests that the trace amines may play very significant roles in the coordination of biogenic amine-based synaptic physiology. At high concentrations, they have well-characterized presynaptic ""amphetamine-like"" effects on catecholamine and indolamine release, reuptake and biosynthesis; at lower concentrations, they possess postsynaptic modulatory effects that potentiate the activity of other neurotransmitters, particularly dopamine and serotonin. The trace amines also possess electrophysiological effects that are in opposition to these neurotransmitters, indicating to some researchers the existence of receptors specific for the trace amines. While binding sites or receptors for a few of the trace amines have been advanced, the absence of cloned receptor protein has impeded significant development of their detailed mechanistic roles in the coordination of catecholamine and indolamine synaptic physiology. The recent discovery and characterization of a family of mammalian G protein-coupled receptors responsive to trace amines such as beta-phenylethylamine, tyramine, and octopamine, including socially ingested psychotropic drugs such as amphetamine, 3,4-methylenedioxymethamphetamine, N,N-dimethyltryptamine, and lysergic acid diethylamide, have revitalized the field of scientific studies investigating trace amine synaptic physiology, and its association with major human disorders of affect and cognition.",2006,10.1016/j.pneurobio.2006.07.003,"Journal Article; Research Support, N.I.H., Extramural; Review"
Receptors of mammalian trace amines.,"Lewin, Anita H",AAPS J,"The discovery of a family of G-protein coupled receptors, some of which bind and are activated by biogenic trace amines, has prompted speculation as to the physiological role of these receptors. Observations associated with the distribution of these trace amine associated receptors (TAARs) suggest that they may be involved in depression, attention-deficit hyperactivity disorder, eating disorders, migraine headaches, and Parkinson's disease. Preliminary in vitro data, obtained using cloned receptors, also suggest a role for TAARs in the function of hallucinogens.",2006,10.1208/aapsj080116,Journal Article; Review
A renaissance in trace amines inspired by a novel GPCR family.,"Lindemann, Lothar",Trends Pharmacol Sci,"Trace amines (TAs) are endogenous compounds that are related to biogenic amine neurotransmitters and are present in the mammalian nervous system in trace amounts. Although their pronounced pharmacological effects and tight link to major human disorders such as depression and schizophrenia have been studied for decades, the understanding of their molecular mode of action remained incomplete because of the apparent absence of specialized receptors. However, the recent discovery of a novel family of G-protein-coupled receptors (GPCRs) that includes individual members that are highly specific for TAs indicates a potential role for TAs as vertebrate neurotransmitters or neuromodulators, although the majority of these GPCRs so far have not been demonstrated to be activated by TAs. The unique pharmacology and expression pattern of these receptors make them prime candidates for targets in drug development in the context of several neurological diseases. Current research focuses on dissecting their molecular pharmacology and on the identification of endogenous ligands for the apparently TA-insensitive members of this receptor family.",2005,10.1016/j.tips.2005.03.007,"Journal Article; Research Support, Non-U.S. Gov't; Review"
Beta-phenylethylamine inhibits K+ currents in neocortical neurons of the rat: a possible mechanism of beta-phenylethylamine-induced seizures.,"Kitamura, Taro",Tohoku J Exp Med,"beta-Phenylethylamine (beta-PEA), an endogenous amine synthesized in the brain, serves as a neuromodulator and is involved in the pathophysiology of various neurological disorders such as depression, schizophrenia, and attention-deficit hyperactivity disorder. beta-PEA fully exerts the physiological effects within the nanomolar concentration range via the trace amine receptors, but beta-PEA also causes convulsions at much higher concentrations via an as yet unknown mechanism. To investigate the electrophysiological mechanism by which beta-PEA induces convulsions, we examined the effect of beta-PEA on ionic currents passing through the cell membrane of dissociated rat cerebral cortical neurons, using a patch-clamp technique. The external application of beta-PEA suppressed ionic currents which continuously flowed when the membrane potential was held at -25 mV. The suppression was in a concentration-dependent manner and a half-maximal effective concentration was 540 muM. These currents suppressed by beta-PEA consisted of two K(+) currents: a time- and voltage-dependent K(+) current (M-current) and a leakage K(+) current. The suppression of the M-current reduces the efficacy of the current in limiting excessive neuronal firing, and the suppression of the leakage K(+) current can cause membrane depolarization and thus promote neuronal excitation. Reducing both of these currents in concert may produce neuronal seizing activity, which could conceivably underlie the convulsions induced by high-dose beta-PEA.",2008,10.1620/tjem.215.333,Journal Article
"Cloning, expression, and functional analysis of rhesus monkey trace amine-associated receptor 6: evidence for lack of monoaminergic association.","Xie, Zhihua",J Neurosci Res,"Several recent studies report an association between trace amine-associated receptor 6 (TAAR6) and susceptibility to schizophrenia and bipolar affective disorder in humans. However, endogenous TAAR6 agonists and the receptor signaling profile and brain distribution remain unclear. Here, we clone TAAR6 from the rhesus monkey and use transfected cells to investigate whether this receptor interacts with brain monoamines and a psychostimulant drug to trigger cAMP signaling or extracellular signal-regulated kinase (ERK) phosphorylation, while investigating its expression profile in the rhesus monkey brain. Unlike TAAR1, rhesus monkey TAAR6 did not alter cAMP levels in response to 10 microM of monoamines (dopamine, norepinephrine, serotonin, beta-phenylethylamine (beta-PEA), octopamine, tryptamine, and tyramine) or methamphetamine in stably transfected cells in vitro. Real-time cell electronic sensing analysis indicated that the receptor did not alter cell impedance or change the effect of forskolin on cell impedance at exposure to 20 microM of each monoamine, suggesting a lack of either Gs or Gi-linked signaling. Whereas kappa opioid receptor activation led to ERK phosphorylation at exposure to 1 microM U69593, rhesus monkey TAAR6 had no such effect at exposure to 10 microM of monoamines or methamphetamine. Membrane and cell surface localization of TAAR6 was confirmed by immunocytochemistry, biotinylation, and Western blot testing with a TAAR6 antibody in the transfected cells. Real-time reverse transcriptase-polymerase chain reaction amplification showed that TAAR6 mRNA was undetectable in selected rhesus monkey brain regions. Together, the data reveal that TAAR6 is unresponsive to brain monoamines and is not expressed in rhesus monkey brain monoaminergic nuclei, suggesting TAAR6 lacks direct association with brain monoaminergic neuronal function.",2008,10.1002/jnr.21783,"Journal Article; Research Support, N.I.H., Extramural"
Expression of neuronal trace amine-associated receptor (Taar) mRNAs in leukocytes.,"Nelson, Daniel A",J Neuroimmunol,"Trace amines such as tyramine, octopamine and beta-phenylethylamine bind with high affinity to the mammalian trace amine-associated receptor 1 (Taar1), potentially activating G-proteins in the synaptic membranes of target neurons. Recently there has been significant interest in Taar1, since this receptor can bind certain psychoactive drugs of abuse such as Ecstasy (3,4-methylenedioxymethamphetamine). Surprisingly, Ecstasy has been shown to alter responses of immune cells, and we questioned whether Taar receptors might be responsible for this effect. Using sensitive and quantitative RT-PCR assays, we found no detectable expression of Taar mRNA in bone marrow, or in primary cultures of mouse macrophages and dendritic cells whether quiescent or activated by exposure to lipopolysaccharide or the mouse gamma herpesvirus-68 (gammaHV-68). Mouse B cells and NK cells isolated from spleen, however, showed expression of several Taar mRNA species. Taar mRNA expression was also upregulated in human peripheral blood lymphocytes following in vitro stimulation with PHA. These studies represent the first to define expression of the mRNAs encoding these trace amine receptors in leukocytes.",2007,10.1016/j.jneuroim.2007.08.006,"Journal Article; Research Support, N.I.H., Extramural"
The Trace Amine 1 receptor knockout mouse: an animal model with relevance to schizophrenia.,"Wolinsky, T D",Genes Brain Behav,"Trace amines have been implicated in a number of neuropsychiatric disorders including depression and schizophrenia. Although long known to modulate neurotransmission indirectly through the release of catecholamines, the identification of the Trace Amine 1 receptor (TA1) offers a mechanism by which trace amines can influence synaptic activity directly. TA1 binds and is activated by trace amines such as beta-phenylethylamine and tyramine. Our pharmacological characterization of mouse TA1 showed that, as in rat and primate, amphetamine is an agonist at this receptor but with surprisingly high potency. Without selective ligands for TA1 that do not also possess catecholamine-releasing properties, however, it has not been possible to study its physiological role in the central nervous system. To that end, a line of mice lacking the TA1 receptor was generated to characterize its contribution to the regulation of behavior. Compared with wild-type littermates, TA1 knockout (KO) mice displayed a deficit in prepulse inhibition. Knockout animals, in which the TA1-agonist influence of amphetamine was absent, showed enhanced sensitivity to the psychomotor-stimulating effect of this drug, which was temporally correlated with significantly larger increases in the release of both dopamine and norepinephrine in the dorsal striatum and associated with a 262% increase in the proportion of striatal high-affinity D2 receptors. TA1 therefore appears to play a modulatory role in catecholaminergic function and represents a potentially novel mechanism for the treatment of neuropsychiatric disorders. Furthermore, the TA1 KO mouse may provide a useful model for the development of treatments for some positive symptoms of schizophrenia.",2007,10.1111/j.1601-183x.2006.00292.x,"Journal Article; Research Support, Non-U.S. Gov't"
Trace amine-associated receptors and their ligands.,"Zucchi, R",Br J Pharmacol,"Classical biogenic amines (adrenaline, noradrenaline, dopamine, serotonin and histamine) interact with specific families of G protein-coupled receptors (GPCRs). The term 'trace amines' is used when referring to p-tyramine, beta-phenylethylamine, tryptamine and octopamine, compounds that are present in mammalian tissues at very low (nanomolar) concentrations. The pharmacological effects of trace amines are usually attributed to their interference with the aminergic pathways, but in 2001 a new gene was identified, that codes for a GPCR responding to p-tyramine and beta-phenylethylamine but not to classical biogenic amines. Several closely related genes were subsequently identified and designated as the trace amine-associated receptors (TAARs). Pharmacological investigations in vitro show that many TAAR subtypes may not respond to p-tyramine, beta-phenylethylamine, tryptamine or octopamine, suggesting the existence of additional endogenous ligands. A novel endogenous thyroid hormone derivative, 3-iodothyronamine, has been found to interact with TAAR1 and possibly other TAAR subtypes. In vivo, micromolar concentrations of 3-iodothyronamine determine functional effects which are opposite to those produced on a longer time scale by thyroid hormones, including reduction in body temperature and decrease in cardiac contractility. Expression of all TAAR subtypes except TAAR1 has been reported in mouse olfactory epithelium, and several volatile amines were shown to interact with specific TAAR subtypes. In addition, there is evidence that TAAR1 is targeted by amphetamines and other psychotropic agents, while genetic linkage studies show a significant association between the TAAR gene family locus and susceptibility to schizophrenia or bipolar affective disorder.",2006,10.1038/sj.bjp.0706948,Journal Article; Review
"Structural and functional evolution of the trace amine-associated receptors TAAR3, TAAR4 and TAAR5 in primates.","Stäubert, Claudia",PLoS One,"The family of trace amine-associated receptors (TAAR) comprises 9 mammalian TAAR subtypes, with intact gene and pseudogene numbers differing considerably even between closely related species. To date the best characterized subtype is TAAR1, which activates the G(s) protein/adenylyl cyclase pathway upon stimulation by trace amines and psychoactive substances like MDMA or LSD. Recently, chemosensory function involving recognition of volatile amines was proposed for murine TAAR3, TAAR4 and TAAR5. Humans can smell volatile amines despite carrying open reading frame (ORF) disruptions in TAAR3 and TAAR4. Therefore, we set out to study the functional and structural evolution of these genes with a special focus on primates. Functional analyses showed that ligands activating the murine TAAR3, TAAR4 and TAAR5 do not activate intact primate and mammalian orthologs, although they evolve under purifying selection and hence must be functional. We also find little evidence for positive selection that could explain the functional differences between mouse and other mammals. Our findings rather suggest that the previously identified volatile amine TAAR3-5 agonists reflect the high agonist promiscuity of TAAR, and that the ligands driving purifying selection of these TAAR in mouse and other mammals still await discovery. More generally, our study points out how analyses in an evolutionary context can help to interpret functional data generated in single species.",2010,10.1371/journal.pone.0011133,"Journal Article; Research Support, Non-U.S. Gov't"
Functional interaction between trace amine-associated receptor 1 and dopamine D2 receptor.,"Espinoza, Stefano",Mol Pharmacol,"The ability of dopamine receptors to interact with other receptor subtypes may provide mechanisms for modulating dopamine-related functions and behaviors. In particular, there is evidence suggesting that the trace amine-associated receptor 1 (TAAR1) affects the dopaminergic system by regulating the firing rate of dopaminergic neurons or by altering dopamine D2 receptor (D2R) responsiveness to ligands. TAAR1 is a Gα(s) protein-coupled receptor that is activated by biogenic amines, ""trace amines,"" such as β-phenylethylamine (β-PEA) and tyramine that are normally found at low concentrations in the mammalian brain. In the present study, we investigated the biochemical mechanism of interaction between TAAR1 and D2R and the role this interaction plays in D2R-related signaling and behaviors. Using a bioluminescence resonance energy transfer biosensor for cAMP, we demonstrated that the D2R antagonists haloperidol, raclopride, and amisulpride were able to enhance selectively a TAAR1-mediated β-PEA increase of cAMP. Moreover, TAAR1 and D2R were able to form heterodimers when coexpressed in human embryonic kidney 293 cells, and this direct interaction was disrupted in the presence of haloperidol. In addition, in mice lacking TAAR1, haloperidol-induced striatal c-Fos expression and catalepsy were significantly reduced. Taken together, these data suggest that TAAR1 and D2R have functional and physical interactions that could be critical for the modulation of the dopaminergic system by TAAR1 in vivo.",2011,10.1124/mol.111.073304,"Journal Article; Research Support, N.I.H., Extramural; Research Support, Non-U.S. Gov't"
"In vivo long-term kinetics of radiolabeled n,n-dimethyltryptamine and tryptamine.","Vitale, Arturo A",J Nucl Med,"N,N-dimethyltryptamine (DMT), a strong psychodysleptic drug, has been found in higher plants, shamanic hallucinogenic beverages, and the urine of schizophrenic patients. The aim of this work was to gain better knowledge on the relationship between this drug and hallucinogenic processes by studying DMT behavior in comparison with tryptamine. METHODS (131)I-labeled DMT and tryptamine were injected into rabbits. γ-Camera and biodistribution studies were performed. Brain uptake, plasma clearance, and renal excretion were assessed for each indolealkylamine. RESULTS DMT and tryptamine showed different behavior when brain uptake, residence time, and excretion were compared. Labeled DMT entered the brain 10 s after injection, crossed the blood-brain barrier, and bound to receptors; then it was partially renally excreted. It was detected in urine within 24 h after injection and remained in the brain, even after urine excretion ceased; up to 0.1% of the injected dose was detected at 7 d after injection in the olfactory bulb. In contrast, tryptamine was rapidly taken up in the brain and fully excreted 10 min after injection. CONCLUSION To our knowledge, this is the first demonstration that exogenous DMT remains in the brain for at least 7 d after injection. Although labeled DMT and tryptamine behave as agonists for at least 5-hydroxytryptamine 2A receptor, 5-hydroxytryptamine 2C receptor, trace amine-associated receptor, and σ-1 putative receptor targets, binding to the latter can explain the different behavior of labeled DMT and tryptamine in the brain. The persistence in the brain can be further explained on the basis that DMT and other N,N-dialkyltryptamines are transporter substrates for both the plasma membrane serotonin transporter and the vesicle monoamine transporter 2. Furthermore, storage in vesicles prevents DMT degradation by monoamine oxidase. At high concentrations, DMT is taken up by the serotonin transporter and further stored in vesicles by the vesicle monoamine transporter 2, to be released under appropriate stimuli. Moreover, the (131)I-labeling proved to be a useful tool to perform long-term in vivo studies.",2011,10.2967/jnumed.110.083246,"Journal Article; Research Support, Non-U.S. Gov't"
Behavioral effects of clozapine: involvement of trace amine pathways in C. elegans and M. musculus.,"Karmacharya, Rakesh",Brain Res,"Clozapine is an antipsychotic medication with superior efficacy in treatment refractory schizophrenia. The molecular basis of clozapine's therapeutic profile is not well understood. We studied behavioral effects of clozapine in Caenorhabditis elegans to identify novel pathways that modulate clozapine's biological effects. Clozapine stimulated egg laying in C. elegans in a dose-dependent manner. This effect was clozapine-specific, as it was not observed with exposure to a typical antipsychotic, haloperidol or an atypical antipsychotic, olanzapine. A candidate gene screen of biogenic amine neurotransmitter systems identified signaling pathways that mediate this clozapine-specific effect on egg laying. Specifically, we found that clozapine-induced increase in egg laying requires tyramine biosynthesis. To test the implications of this finding across species, we explored whether trace amine systems modulate clozapine's behavioral effects in mammals by studying trace amine-associated receptor 1 (TAAR1) knockout mice. Clozapine increased prepulse inhibition (PPI) in wild-type mice. This increase in PPI was abrogated in TAAR1 knockout mice, implicating TAAR1 in clozapine-induced PPI enhancement. In transfected mammalian cell lines, we found no TAAR activation by antipsychotics, suggesting that modulation of trace amine signaling in mice does not occur directly at the receptor itself. In summary, we report a heretofore-unknown role for trace amine systems in clozapine-mediated effects across two species: C. elegans and mice.",2011,10.1016/j.brainres.2011.04.010,"Journal Article; Research Support, N.I.H., Extramural; Research Support, Non-U.S. Gov't"
The dopamine metabolite 3-methoxytyramine is a neuromodulator.,"Sotnikova, Tatyana D",PLoS One,"Dopamine (3-hydroxytyramine) is a well-known catecholamine neurotransmitter involved in multiple physiological functions including movement control. Here we report that the major extracellular metabolite of dopamine, 3-methoxytyramine (3-MT), can induce behavioral effects in a dopamine-independent manner and these effects are partially mediated by the trace amine associated receptor 1 (TAAR1). Unbiased in vivo screening of putative trace amine receptor ligands for potential effects on the movement control revealed that 3-MT infused in the brain is able to induce a complex set of abnormal involuntary movements in mice acutely depleted of dopamine. In normal mice, the central administration of 3-MT caused a temporary mild hyperactivity with a concomitant set of abnormal movements. Furthermore, 3-MT induced significant ERK and CREB phosphorylation in the mouse striatum, signaling events generally related to PKA-mediated cAMP accumulation. In mice lacking TAAR1, both behavioral and signaling effects of 3-MT were partially attenuated, consistent with the ability of 3-MT to activate TAAR1 receptors and cause cAMP accumulation as well as ERK and CREB phosphorylation in cellular assays. Thus, 3-MT is not just an inactive metabolite of DA, but a novel neuromodulator that in certain situations may be involved in movement control. Further characterization of the physiological functions mediated by 3-MT may advance understanding of the pathophysiology and pharmacology of brain disorders involving abnormal dopaminergic transmission, such as Parkinson's disease, dyskinesia and schizophrenia.",2010,10.1371/journal.pone.0013452,"Journal Article; Research Support, N.I.H., Extramural; Research Support, Non-U.S. Gov't"
Optimisation of imidazole compounds as selective TAAR1 agonists: discovery of RO5073012.,"Galley, Guido",Bioorg Med Chem Lett,"A series of imidazole compounds has been identified which affords potent and selective partial and full agonists of the TAAR1 receptor. Starting from 2-benzyl-imidazoline screening hits, a series of structurally related 2-benzyl- and 4-benzyl-imidazoles was investigated first, but it proved highly challenging to obtain compounds having sufficient selectivity against the adrenergic alpha 2 receptor. This issue could be successfully addressed by modification of the linker region and SAR exploration led to the discovery of highly selective isopropyl-substituted 4-aminomethyl-imidazole compounds. The work culminated in the identification of the selective TAAR1 partial agonist RO5073012 (4-chlorophenyl)-(1H-imidazol-4-ylmethyl)-isopropyl-amine, 24), which has a good pharmacokinetic profile after oral administration in rodents. RO5073012 has been found to be active in a behavioural rat model which is considered indicative for schizophrenia.",2012,10.1016/j.bmcl.2012.06.060,Journal Article
Brain-specific overexpression of trace amine-associated receptor 1 alters monoaminergic neurotransmission and decreases sensitivity to amphetamine.,"Revel, Florent G",Neuropsychopharmacology,"Trace amines (TAs) such as β-phenylethylamine, p-tyramine, or tryptamine are biogenic amines found in the brain at low concentrations that have been implicated in various neuropsychiatric disorders like schizophrenia, depression, or attention deficit hyperactivity disorder. TAs are ligands for the recently identified trace amine-associated receptor 1 (TAAR1), an important modulator of monoamine neurotransmission. Here, we sought to investigate the consequences of TAAR1 hypersignaling by generating a transgenic mouse line overexpressing Taar1 specifically in neurons. Taar1 transgenic mice did not show overt behavioral abnormalities under baseline conditions, despite augmented extracellular levels of dopamine and noradrenaline in the accumbens nucleus (Acb) and of serotonin in the medial prefrontal cortex. In vitro, this was correlated with an elevated spontaneous firing rate of monoaminergic neurons in the ventral tegmental area, dorsal raphe nucleus, and locus coeruleus as the result of ectopic TAAR1 expression. Furthermore, Taar1 transgenic mice were hyposensitive to the psychostimulant effects of amphetamine, as it produced only a weak locomotor activation and failed to alter catecholamine release in the Acb. Attenuating TAAR1 activity with the selective partial agonist RO5073012 restored the stimulating effects of amphetamine on locomotion. Overall, these data show that Taar1 brain overexpression causes hyposensitivity to amphetamine and alterations of monoaminergic neurotransmission. These observations confirm the modulatory role of TAAR1 on monoamine activity and suggest that in vivo the receptor is either constitutively active and/or tonically activated by ambient levels of endogenous agonist(s).",2012,10.1038/npp.2012.109,"Journal Article; Research Support, Non-U.S. Gov't"
"A new perspective for schizophrenia: TAAR1 agonists reveal antipsychotic- and antidepressant-like activity, improve cognition and control body weight.","Revel, F G",Mol Psychiatry,"Schizophrenia is a chronic, severe and highly complex mental illness. Current treatments manage the positive symptoms, yet have minimal effects on the negative and cognitive symptoms, two prominent features of the disease with critical impact on the long-term morbidity. In addition, antipsychotic treatments trigger serious side effects that precipitate treatment discontinuation. Here, we show that activation of the trace amine-associated receptor 1 (TAAR1), a modulator of monoaminergic neurotransmission, represents a novel therapeutic option. In rodents, activation of TAAR1 by two novel and pharmacologically distinct compounds, the full agonist RO5256390 and the partial agonist RO5263397, blocks psychostimulant-induced hyperactivity and produces a brain activation pattern reminiscent of the antipsychotic drug olanzapine, suggesting antipsychotic-like properties. TAAR1 agonists do not induce catalepsy or weight gain; RO5263397 even reduced haloperidol-induced catalepsy and prevented olanzapine from increasing body weight and fat accumulation. Finally, TAAR1 activation promotes vigilance in rats and shows pro-cognitive and antidepressant-like properties in rodent and primate models. These data suggest that TAAR1 agonists may provide a novel and differentiated treatment of schizophrenia as compared with current medication standards: TAAR1 agonists may improve not only the positive symptoms but also the negative symptoms and cognitive deficits, without causing adverse effects such as motor impairments or weight gain.",2013,10.1038/mp.2012.57,"Journal Article; Research Support, Non-U.S. Gov't"
Trace amine-associated receptor 1 activation silences GSK3β signaling of TAAR1 and D2R heteromers.,"Harmeier, Anja",Eur Neuropsychopharmacol,"Trace amine-associated receptor 1 (TAAR1) activation by selective endogenous agonists modulates dopaminergic neurotransmission. This results in antipsychotic-like behavior in vivo which might be initiated by an interaction of TAAR1 and dopamine D2L receptor (D2R). Here we analyzed the functional link between TAAR1 and D2R using highly potent and selective TAAR1 agonists, and newly generated tools such as TAAR1 knock-out and TAAR1 overexpressing rats as well as specific anti-rat TAAR1 antibodies. We provide data from co-immunoprecipitation experiments supporting a functional interaction of the two receptors in heterologous cells and in brain tissue. Interaction of TAAR1 with D2R altered the subcellular localization of TAAR1 and increased D2R agonist binding affinity. Using specific β-arrestin 2 (βArr2) complementation assays we show that the interaction of TAAR1 with D2R reduced βArr2 recruitment to D2R. In addition, we report that besides Gαs-protein signaling TAAR1 also signals via βArr2. In the presence of D2R, cAMP signaling of TAAR1 was reduced while its βArr2 signaling was enhanced, resulting in reduced GSK3β activation. These results demonstrate that βArr2 signaling may be an important pathway for TAAR1 function and that the activation of the TAAR1-D2R complex negatively modulates GSK3β signaling. Given that patients with schizophrenia or bipolar disorder show increased GSK3β signaling, such a reduction of GSK3β signaling triggered by the interaction of D2R with activated TAAR1 further supports TAAR1 as a target for the treatment of psychiatric disorders.",2015,10.1016/j.euroneuro.2015.08.011,"Journal Article; Research Support, Non-U.S. Gov't"
"Receptor interaction profiles of novel N-2-methoxybenzyl (NBOMe) derivatives of 2,5-dimethoxy-substituted phenethylamines (2C drugs).","Rickli, Anna",Neuropharmacology,"BACKGROUND N-2-methoxybenzyl-phenethylamines (NBOMe drugs) are newly used psychoactive substances with poorly defined pharmacological properties. The aim of the present study was to characterize the receptor binding profiles of a series of NBOMe drugs compared with their 2,5-dimethoxy-phenethylamine analogs (2C drugs) and lysergic acid diethylamide (LSD) in vitro. METHODS We investigated the binding affinities of 2C drugs (2C-B, 2C-C, 2C-D, 2C-E, 2C-H, 2C-I, 2C-N, 2C-P, 2C-T-2, 2C-T-4, 2C-T-7, and mescaline), their NBOMe analogs, and LSD at monoamine receptors and determined functional 5-hydroxytryptamine-2A (5-HT2A) and 5-HT2B receptor activation. Binding at and the inhibition of monoamine uptake transporters were also determined. Human cells that were transfected with the respective human receptors or transporters were used (with the exception of trace amine-associated receptor-1 [TAAR1], in which rat/mouse receptors were used). RESULTS All of the compounds potently interacted with serotonergic 5-HT2A, 5-HT2B, 5-HT2C receptors and rat TAAR1 (most Ki and EC50: <1 μM). The N-2-methoxybenzyl substitution of 2C drugs increased the binding affinity at serotonergic 5-HT2A, 5-HT2C, adrenergic α1, dopaminergic D1-3, and histaminergic H1 receptors and monoamine transporters but reduced binding to 5-HT1A receptors and TAAR1. As a result, NBOMe drugs were very potent 5-HT2A receptor agonists (EC50: 0.04-0.5 μM) with high 5-HT2A/5-HT1A selectivity and affinity for adrenergic α1 receptors (Ki: 0.3-0.9 μM) and TAAR1 (Ki: 0.06-2.2 μM), similar to LSD, but not dopaminergic D1-3 receptors (most Ki:>1 μM), unlike LSD. CONCLUSION The binding profile of NBOMe drugs predicts strong hallucinogenic effects, similar to LSD, but possibly more stimulant properties because of α1 receptor interactions.",2015,10.1016/j.neuropharm.2015.08.034,"Comparative Study; Journal Article; Research Support, Non-U.S. Gov't"
In-vivo pharmacology of Trace-Amine Associated Receptor 1.,"Lam, Vincent M",Eur J Pharmacol,"Trace-amines (TAs) are endogenous amines that are implicated in several physiological processes including modulation of aminergic neurotransmission. These compounds exert their effect by activating a class of G protein-coupled receptors termed Trace-Amine Associated Receptors (TAARs), where TAAR1 is the only human receptor that has been shown to bind endogenous TAs. Most of the studies have focused on studying the role of TAAR1 on modulation of the dopamine transmission. These studies indicate that TAAR1 is a negative regulator of dopamine transmission making TAAR1 a novel target for neuropsychiatric disorders that arises from dopamine dysfunction such as schizophrenia. This review discusses the unique pharmacology of TAAR1 with the major focus on the physiological role of TAAR1 and its modulation of dopamine transmission.",2015,10.1016/j.ejphar.2015.06.026,"Journal Article; Research Support, Non-U.S. Gov't; Review"
"Ractopamine, a livestock feed additive, is a full agonist at trace amine-associated receptor 1.","Liu, Xuehong",J Pharmacol Exp Ther,"Ractopamine (RAC) is fed to an estimated 80% of all beef, swine, and turkey raised in the United States. It promotes muscle mass development, limits fat deposition, and reduces feed consumption. However, it has several undesirable behavioral side effects in livestock, especially pigs, including restlessness, agitation, excessive oral-facial movements, and aggressive behavior. Numerous in vitro and in vivo studies suggest RAC's physiological actions begin with its stimulation of β1- and β2-adrenergic receptor-mediated signaling in skeletal muscle and adipose tissue; however, the molecular pharmacology of RAC's psychoactive effects is poorly understood. Using human cystic fibrosis transmembrane conductance regulator (hCFTR) chloride channels as a sensor for intracellular cAMP, we found that RAC and p-tyramine (TYR) produced concentration-dependent increases in chloride conductance in oocytes coexpressing hCFTR and mouse trace amine-associated receptor 1 (mTAAR1), which was completely reversed by the trace amine-associated receptor 1 (TAAR1)-selective antagonist EPPTB [N-(3-ethoxyphenyl)-4-pyrrolidin-1-yl-3-trifluoromethylbenzamide]. Oocytes coexpressing hCFTR and the human β2-adrenergic receptor showed no response to RAC or TYR. These studies demonstrate that, contrary to expectations, RAC is not an agonist of the human β2-adrenergic receptor but rather a full agonist for mTAAR1. Since TAAR1-mediated signaling can influence cardiovascular tone and behavior in several animal models, our finding that RAC is a full mTAAR1 agonist supports the idea that this novel mechanism of action influences the physiology and behavior of pigs and other species. These findings should stimulate future studies to characterize the pharmacological, physiological, and behavioral actions of RAC in humans and other species exposed to this drug.",2014,10.1124/jpet.114.213116,"Journal Article; Research Support, N.I.H., Extramural; Research Support, U.S. Gov't, Non-P.H.S."
Taar1-mediated modulation of presynaptic dopaminergic neurotransmission: role of D2 dopamine autoreceptors.,"Leo, D",Neuropharmacology,"Trace Amine-Associated Receptor 1 (TAAR1) is a G protein-coupled receptor (GPCR) expressed in several mammalian brain areas and activated by ""trace amines"" (TAs). TAs role is unknown; however, discovery of their receptors provided an opportunity to investigate their functions. In vivo evidence has indicated an inhibitory influence of TAAR1 on dopamine (DA) neurotransmission, presumably via modulation of dopamine transporter (DAT) or interaction with the D2 DA receptor and/or activation of inwardly rectifying K(+) channels. To elucidate the mechanisms of TAAR1-dependent modulation, we used TAAR1 knockout mice (TAAR1-KO), a TAAR1 agonist (RO5166017) and a TAAR1 antagonist (EPPTB) in a set of neurochemical experiments. Analysis of the tissue content of TAAR1-KO revealed increased level of the DA metabolite homovanillic acid (HVA), and in vivo microdialysis showed increased extracellular DA in the nucleus accumbens (NAcc) of TAAR1-KO. In fast scan cyclic voltammetry (FSCV) experiments, the evoked DA release was higher in the TAAR1-KO NAcc. Furthermore, the agonist RO5166017 induced a decrease in the DA release in wild-type that could be prevented by the application of the TAAR1 antagonist EPPTB. No alterations in DA clearance, which are mediated by the DAT, were observed. To evaluate the interaction between TAAR1 and D2 autoreceptors, we tested the autoreceptor-mediated dynamics. Only in wild type mice, the TAAR1 agonist was able to potentiate quinpirole-induced inhibitory effect on DA release. Furthermore, the short-term plasticity of DA release following paired pulses was decreased in TAAR1-KO, indicating less autoinhibition of D2 autoreceptors. These observations suggest a close interaction between TAAR1 and the D2 autoreceptor regulation.",2014,10.1016/j.neuropharm.2014.02.007,"Journal Article; Research Support, Non-U.S. Gov't"
Monoamine receptor interaction profiles of 4-thio-substituted phenethylamines (2C-T drugs).,"Luethi, Dino",Neuropharmacology,"BACKGROUND 4-Thio-substituted phenethylamines (2C-T drugs) are potent psychedelics with poorly defined pharmacological properties. Because of their psychedelic effects, 2C-T drugs are sometimes sold as new psychoactive substances (NPSs). The aim of the present study was to characterize the monoamine receptor and transporter interaction profiles of a series of 2C-T drugs. METHODS We determined the binding affinities of 2C-T drugs at monoamine receptors and transporters in human cells that were transfected with the respective receptors or transporters. We also investigated the functional activation of serotonergic 5-hydroxytryptamine 2A (5-HT2A) and 5-HT2B receptors, activation of human trace amine-associated receptor 1 (TAAR1), and inhibition of monoamine uptake transporters. RESULTS 2C-T drugs had high affinity for 5-HT2A and 5-HT2C receptors (1-54 nM and 40-350 nM, respectively). With activation potencies of 1-53 nM and 44-370 nM, the drugs were potent 5-HT2A receptor and 5-HT2B receptor, respectively, partial agonists. An exception to this were the benzylthiophenethylamines, which did not potently activate the 5-HT2B receptor (EC50 > 3000 nM). Furthermore, the compounds bound to serotonergic 5-HT1A and adrenergic receptors. The compounds had high affinity for the rat TAAR1 (5-68 nM) and interacted with the mouse but not human TAAR1. The 2C-T drugs did not potently interact with monoamine transporters (Ki > 4000 nM). CONCLUSION The receptor binding profile of 2C-T drugs predicts psychedelic effects that are mediated by potent 5-HT2 receptor interactions. This article is part of the Special Issue entitled 'Designer Drugs and Legal Highs.'",2018,10.1016/j.neuropharm.2017.07.012,"Journal Article; Research Support, U.S. Gov't, Non-P.H.S."
d-Lysergic Acid Diethylamide (LSD) as a Model of Psychosis: Mechanism of Action and Pharmacology.,"De Gregorio, Danilo",Int J Mol Sci,"d-Lysergic Acid Diethylamide (LSD) is known for its hallucinogenic properties and psychotic-like symptoms, especially at high doses. It is indeed used as a pharmacological model of psychosis in preclinical research. The goal of this review was to understand the mechanism of action of psychotic-like effects of LSD. We searched Pubmed, Web of Science, Scopus, Google Scholar and articles' reference lists for preclinical studies regarding the mechanism of action involved in the psychotic-like effects induced by LSD. LSD's mechanism of action is pleiotropic, primarily mediated by the serotonergic system in the Dorsal Raphe, binding the 5-HT2A receptor as a partial agonist and 5-HT1A as an agonist. LSD also modulates the Ventral Tegmental Area, at higher doses, by stimulating dopamine D₂, Trace Amine Associate receptor 1 (TAAR₁) and 5-HT2A. More studies clarifying the mechanism of action of the psychotic-like symptoms or psychosis induced by LSD in humans are needed. LSD's effects are mediated by a pleiotropic mechanism involving serotonergic, dopaminergic, and glutamatergic neurotransmission. Thus, the LSD-induced psychosis is a useful model to test the therapeutic efficacy of potential novel antipsychotic drugs, particularly drugs with dual serotonergic and dopaminergic (DA) mechanism or acting on TAAR₁ receptors.",2016,10.3390/ijms17111953,Journal Article; Review
"The hallucinogen d-lysergic diethylamide (LSD) decreases dopamine firing activity through 5-HT1A, D2 and TAAR1 receptors.","De Gregorio, Danilo",Pharmacol Res,"d-lysergic diethylamide (LSD) is a hallucinogenic drug that interacts with the serotonin (5-HT) system binding to 5-HT1 and 5-HT2 receptors. Little is known about its potential interactions with the dopamine (DA) neurons of the ventral tegmental area (VTA). Using in-vivo electrophysiology in male adult rats, we evaluated the effects of cumulative doses of LSD on VTA DA neuronal activity, compared these effects to those produced on 5-HT neurons in the dorsal raphe nucleus (DRN), and attempted to identify the mechanism of action mediating the effects of LSD on VTA DA neurons. LSD, at low doses (5-20μg/kg, i.v.) induced a significant decrease of DRN 5-HT firing activity through 5-HT2A and D2 receptors. At these low doses, LSD did not alter VTA DA neuronal activity. On the contrary, at higher doses (30-120μg/kg, i.v.), LSD dose-dependently decreased VTA DA firing activity. The depletion of 5-HT with p-chlorophenylalanine did not modulate the effects of LSD on DA firing activity. The inhibitory effects of LSD on VTA DA firing activity were prevented by the D2 receptor antagonist haloperidol (50μg/kg, i.v.) and by the 5-HT1A receptor antagonist WAY-100,635 (500μg/kg, i.v.). Notably, pretreatment with the trace amine-associate receptor 1 (TAAR1) antagonist EPPTB (5mg/kg, i.v.) blocked the inhibitory effect of LSD on VTA DA neurons. These results suggest that LSD at high doses strongly affects DA mesolimbic neuronal activity in a 5-HT independent manner and with a pleiotropic mechanism of action involving 5-HT1A, D2 and TAAR1 receptors.",2016,10.1016/j.phrs.2016.08.022,Journal Article
Genetic Polymorphisms Affect Mouse and Human Trace Amine-Associated Receptor 1 Function.,"Shi, Xiao",PLoS One,"Methamphetamine (MA) and neurotransmitter precursors and metabolites such as tyramine, octopamine, and β-phenethylamine stimulate the G protein-coupled trace amine-associated receptor 1 (TAAR1). TAAR1 has been implicated in human conditions including obesity, schizophrenia, depression, fibromyalgia, migraine, and addiction. Additionally TAAR1 is expressed on lymphocytes and astrocytes involved in inflammation and response to infection. In brain, TAAR1 stimulation reduces synaptic dopamine availability and alters glutamatergic function. TAAR1 is also expressed at low levels in heart, and may regulate cardiovascular tone. Taar1 knockout mice orally self-administer more MA than wild type and are insensitive to its aversive effects. DBA/2J (D2) mice express a non-synonymous single nucleotide polymorphism (SNP) in Taar1 that does not respond to MA, and D2 mice are predisposed to high MA intake, compared to C57BL/6 (B6) mice. Here we demonstrate that endogenous agonists stimulate the recombinant B6 mouse TAAR1, but do not activate the D2 mouse receptor. Progeny of the B6XD2 (BxD) family of recombinant inbred (RI) strains have been used to characterize the genetic etiology of diseases, but contrary to expectations, BXDs derived 30-40 years ago express only the functional B6 Taar1 allele whereas some more recently derived BXD RI strains express the D2 allele. Data indicate that the D2 mutation arose subsequent to derivation of the original RIs. Finally, we demonstrate that SNPs in human TAAR1 alter its function, resulting in expressed, but functional, sub-functional and non-functional receptors. Our findings are important for identifying a predisposition to human diseases, as well as for developing personalized treatment options.",2016,10.1371/journal.pone.0152581,"Journal Article; Research Support, N.I.H., Extramural; Research Support, U.S. Gov't, Non-P.H.S."
"In Vitro Characterization of Psychoactive Substances at Rat, Mouse, and Human Trace Amine-Associated Receptor 1.","Simmler, Linda D",J Pharmacol Exp Ther,"Trace amine-associated receptor 1 (TAAR1) has been implicated in the behavioral effects of amphetamine-type stimulant drugs in rodents. TAAR1 has also been suggested as a target for novel medications to treat psychostimulant addiction. We previously reported that binding affinities at TAAR1 can differ between structural analogs of psychostimulants, and species differences have been observed. In this study, we complement our previous findings with additional substances and the determination of functional activation potencies. In summary, we present here pharmacological in vitro profiles of 101 psychoactive substances at human, rat, and mouse TAAR1. p-Tyramine, β-phenylethylamine, and tryptamine were included as endogenous comparator compounds. Functional cAMP measurements and radioligand displacement assays were conducted with human embryonic kidney 293 cells that expressed human, rat, or mouse TAAR1. Most amphetamines, phenethylamine, and aminoindanes exhibited potentially physiologically relevant rat and mouse TAAR1 activation (EC50 < 5 µM) and showed full or partial (Emax < 80%) agonist properties. Cathinone derivatives, including mephedrone and methylenedioxypyrovalerone, exhibited weak (EC50 = 5-10 µM) to negligible (EC50 > 10 µM) binding properties at TAAR1. Pipradrols, including methylphenidate, exhibited no affinity for TAAR1. We found considerable species differences in activity at TAAR1 among the highly active ligands, with a rank order of rat > mouse > human. This characterization provides information about the pharmacological profile of psychoactive substances. The species differences emphasize the relevance of clinical studies to translationally complement rodent studies on the role of TAAR1 activity for psychoactive substances.",2016,10.1124/jpet.115.229765,"Comparative Study; Journal Article; Research Support, Non-U.S. Gov't"
"""TAARgeting Addiction""--The Alamo Bears Witness to Another Revolution: An Overview of the Plenary Symposium of the 2015 Behavior, Biology and Chemistry Conference.","Grandy, David K",Drug Alcohol Depend,"BACKGROUND In keeping with the free-thinking tradition San Antonians are known for, the Scientific Program Committee of the Behavior, Biology and Chemistry: Translational Research in Addiction Conference chose trace amine-associated receptor 1 (TAAR1) as the focus of the plenary symposium for its 7th annual meeting held at the University of Texas Health Science Center at San Antonio on March 14 and 15, 2015. The timing of the meeting's plenary session on TAAR1 coincided with the Ides of March, an apt concurrence given the long association of this date with the overthrow of the status quo. And whether aware of the coincidence or not, those in attendance witnessed the plunging of the metaphorical dagger into the heart of the dopamine (DA) transporter (DAT)-centric view of psychostimulant action. METHODS The symposium's four plenary presentations focused on the molecular and cellular biology, genetics, medicinal chemistry and behavioral pharmacology of the TAAR1 system and the experimental use of newly developed selective TAAR1 ligands. RESULTS The consensus was that TAAR1 is a DA and methamphetamine receptor, interacts with DAT and DA D2 receptors, and is essential in modulating addiction-related effects of psychostimulants. CONCLUSIONS Collectively the findings presented during the symposium constitute a significant challenge to the current view that psychostimulants such as methamphetamine and amphetamine solely target DAT to interfere with normal DA signaling and provide a novel conceptual framework from which a more complete understanding of the molecular mechanisms underlying the actions of DA and METH is likely to emerge.",2016,10.1016/j.drugalcdep.2015.11.014,"Congress; Research Support, N.I.H., Extramural"
Effect of trace amine-associated receptor 1 agonist RO5263397 on sensory gating in mice.,"Aleksandrov, Aleksander A",Neuroreport,"The trace amine-associated receptor 1 (TAAR1) agonist RO5263397 effect on sensory gating in C57BL/6 mice was studied. Sensory gating is a mechanism for dosing and filtering the incoming information, by which the brain regulates the responses to sensory stimuli coming from the environment. Sensory gating deficit is considered to be one of the schizophrenia endophenotypes. TAAR1 agonist at a 1 mg/kg dosage contributed to the sensory gating index (S1-S2) increase. Sensory gating index rose due to the N40 amplitude increase in response to the first stimulus in a pair, whereas the amplitude of the second stimulus remained unchanged. These results suggest that the sensory gating in mice may be modulated through TAAR1-dependent processes, indicating potential contribution of TAAR1 and trace amines in general to the neuropharmacology of cognitive processes.",2019,10.1097/wnr.0000000000001313,"Journal Article; Research Support, Non-U.S. Gov't"
Effect of alpha-NETA on auditory event related potentials in sensory gating study paradigm in mice.,"Aleksandrov, Aleksander A",Neurosci Lett,"The potential contribution of trace amines (TA) to the pathophysiology of neuropsychiatric disorders makes it interesting to examine the effect of TA receptor ligands on schizophrenia biomarkers. We studied the effect of systemic administration of a putative Trace Amine-Associated Receptor 5 (TAAR5) agonist, alpha-NETA (2-(alpha-naphthoyl) ethyltrimethylammonium iodide), on the amplitude of the N40 event related potentials component and on the sensory gating (SG) index in C57BL/6 mice. It was found that low doses of alpha-NETA (2.5 mg/kg and 5 mg/kg) do not elicit a significant effect on the parameters of the N40 component and the SG index. However, the higher dose of alpha-NETA (10 mg/kg) induces a significant effect on the N40 component, but since a decrease in amplitude is observed on both the first and second stimuli in the pair, the SG index does not change. Thus, alpha-NETA administration causes a steady decrease in the N40 amplitude in response to both the first and second stimuli in the paired-click paradigm, and an increase in the N40 peak latency.",2019,10.1016/j.neulet.2019.134470,"Journal Article; Research Support, Non-U.S. Gov't"
"SEP-363856, a Novel Psychotropic Agent with a Unique, Non-D2 Receptor Mechanism of Action.","Dedic, Nina",J Pharmacol Exp Ther,"For the past 50 years, the clinical efficacy of antipsychotic medications has relied on blockade of dopamine D2 receptors. Drug development of non-D2 compounds, seeking to avoid the limiting side effects of dopamine receptor blockade, has failed to date to yield new medicines for patients. In this work, we report the discovery of SEP-363856 (SEP-856), a novel psychotropic agent with a unique mechanism of action. SEP-856 was discovered in a medicinal chemistry effort utilizing a high throughput, high content, mouse-behavior phenotyping platform, in combination with in vitro screening, aimed at developing non-D2 (anti-target) compounds that could nevertheless retain efficacy across multiple animal models sensitive to D2-based pharmacological mechanisms. SEP-856 demonstrated broad efficacy in putative rodent models relating to aspects of schizophrenia, including phencyclidine (PCP)-induced hyperactivity, prepulse inhibition, and PCP-induced deficits in social interaction. In addition to its favorable pharmacokinetic properties, lack of D2 receptor occupancy, and the absence of catalepsy, SEP-856's broad profile was further highlighted by its robust suppression of rapid eye movement sleep in rats. Although the mechanism of action has not been fully elucidated, in vitro and in vivo pharmacology data as well as slice and in vivo electrophysiology recordings suggest that agonism at both trace amine-associated receptor 1 and 5-HT1A receptors is integral to its efficacy. Based on the preclinical data and its unique mechanism of action, SEP-856 is a promising new agent for the treatment of schizophrenia and represents a new pharmacological class expected to lack the side effects stemming from blockade of D2 signaling. SIGNIFICANCE STATEMENT: Since the discovery of chlorpromazine in the 1950s, the clinical efficacy of antipsychotic medications has relied on blockade of dopamine D2 receptors, which is associated with substantial side effects and little to no efficacy in treating the negative and cognitive symptoms of schizophrenia. In this study, we describe the discovery and pharmacology of SEP-363856, a novel psychotropic agent that does not exert its antipsychotic-like effects through direct interaction with D2 receptors. Although the mechanism of action has not been fully elucidated, our data suggest that agonism at both trace amine-associated receptor 1 and 5-HT1A receptors is integral to its efficacy. Based on its unique profile in preclinical species, SEP-363856 represents a promising candidate for the treatment of schizophrenia and potentially other neuropsychiatric disorders.",2019,10.1124/jpet.119.260281,Journal Article
Stereochemistry of phase-1 metabolites of mephedrone determines their effectiveness as releasers at the serotonin transporter.,"Mayer, Felix P",Neuropharmacology,"Mephedrone (4-methyl-N-methylcathinone) is a psychostimulant that promotes release of monoamines via the high affinity transporters for dopamine (DAT), norepinephrine (NET) and serotonin (SERT). Metabolic breakdown of mephedrone results in bioactive metabolites that act as substrate-type releasers at monoamine transporters and stereospecific metabolism of mephedrone has been reported. This study compared the effects of the enantiomers of the phase-1 metabolites nor-mephedrone, 4-hydroxytolyl-mephedrone (4-OH-mephedrone) and dihydro-mephedrone on (i) DAT, NET and SERT mediated substrate fluxes, (ii) determined their binding affinities towards a battery of monoamine receptors and (iii) examined the relative abundance of the enantiomers in human urine. Each of the enantiomers tested inhibited uptake mediated by DAT, NET and SERT. No marked differences were detected at DAT and NET. However, at SERT, the S-enantiomers of nor-mephedrone and 4-OH-mephedrone were several times more potent than the corresponding R-enantiomers. Moreover, the R-enantiomers were markedly less effective as releasers at SERT. S-nor-mephedrone displayed moderate affinities towards human alpha1A, human 5-HT2A and rat and mouse trace amine-associated receptor 1. These results demonstrate that stereochemistry dictates the pharmacodynamics of the phase-1 metabolites of mephedrone at SERT, but not at DAT and NET, which manifests in marked differences in their relative potencies, i.e. DAT/SERT ratios. Chiral analysis of urine samples demonstrated that nor-mephedrone predominantly exists as the S-enantiomer. Given the asymmetric abundance of the enantiomers in biological samples, these findings may add to our understanding of the subjective effects of administered mephedrone, which indicate pronounced effects on the serotonergic system.",2019,10.1016/j.neuropharm.2018.12.032,"Journal Article; Research Support, Non-U.S. Gov't"
Activation of trace amine-associated receptor 1 attenuates schedule-induced polydipsia in rats.,"Sukhanov, Ilya",Neuropharmacology,"Trace Amine Associated Receptor 1 (TAAR1) is a novel pharmacological target. TAAR1 are well-documented to play a modulatory role in the dopaminergic system. In spite of a growing number of studies of TAAR1 effects, little is still known about the behavioral pharmacology of TAAR1 ligands, including effects of repeated TAAR1 agonist administration. The present study appears to be the first that estimated the action of TAAR1 agonists on schedule-induced polydipsia, a type of adjunctive behavior, which is considered to be useful for evaluating certain aspects of obsessive-compulsive and related disorders (OCD) and schizophrenia. Our results have demonstrated that the wide range of RO5263397, the highly selective partial TAAR1 agonist, doses (1-10 mg/kg) attenuated the polydipsia induced by two different schedules of food delivery in rats. The effect remained unchanged for the 7 days of repeated treatment. However, the highest tested doses of RO5263397 (6 and 10 mg/kg) decreased the vertical locomotor activity of the animals and the volume of water intake of thirsty rats following the acute treatment. Also, though, the repeated RO5263397 administration is exhibited to diminish the volume of consumed water and weight of rats without SIP, on the other hand, the tolerance was observed to these drug effects. In general, the RO5263397 decreases specifically the adjunctive drinking and this effect is maintained with repeated drug administration without the development of tolerance. The interpretation of these results as an evidence for the RO5263397 anticompulsive-like action, however, should be taken with caution because the drug also influenced the drinking behavior and only weakly affected the other parameters of SIP used to reveal the potential anticompulsive-like effects of drugs.",2019,10.1016/j.neuropharm.2018.10.034,"Journal Article; Research Support, Non-U.S. Gov't"
Trace Amines and Their Receptors.,"Gainetdinov, Raul R",Pharmacol Rev,"Trace amines are endogenous compounds classically regarded as comprising β-phenylethyalmine, p-tyramine, tryptamine, p-octopamine, and some of their metabolites. They are also abundant in common foodstuffs and can be produced and degraded by the constitutive microbiota. The ability to use trace amines has arisen at least twice during evolution, with distinct receptor families present in invertebrates and vertebrates. The term ""trace amine"" was coined to reflect the low tissue levels in mammals; however, invertebrates have relatively high levels where they function like mammalian adrenergic systems, involved in ""fight-or-flight"" responses. Vertebrates express a family of receptors termed trace amine-associated receptors (TAARs). Humans possess six functional isoforms (TAAR1, TAAR2, TAAR5, TAAR6, TAAR8, and TAAR9), whereas some fish species express over 100. With the exception of TAAR1, TAARs are expressed in olfactory epithelium neurons, where they detect diverse ethological signals including predators, spoiled food, migratory cues, and pheromones. Outside the olfactory system, TAAR1 is the most thoroughly studied and has both central and peripheral roles. In the brain, TAAR1 acts as a rheostat of dopaminergic, glutamatergic, and serotonergic neurotransmission and has been identified as a novel therapeutic target for schizophrenia, depression, and addiction. In the periphery, TAAR1 regulates nutrient-induced hormone secretion, suggesting its potential as a novel therapeutic target for diabetes and obesity. TAAR1 may also regulate immune responses by regulating leukocyte differentiation and activation. This article provides a comprehensive review of the current state of knowledge of the evolution, physiologic functions, pharmacology, molecular mechanisms, and therapeutic potential of trace amines and their receptors in vertebrates and invertebrates.",2018,10.1124/pr.117.015305,"Journal Article; Research Support, Non-U.S. Gov't; Review"
Dopamine D2 Receptor Supersensitivity as a Spectrum of Neurotoxicity and Status in Psychiatric Disorders.,"Kostrzewa, Richard M",J Pharmacol Exp Ther,"Abnormality of dopamine D2 receptor (D2R) function, often observed as D2R supersensitivity (D2RSS), is a commonality of schizophrenia and related psychiatric disorders in humans. Moreover, virtually all psychotherapeutic agents for schizophrenia target D2R in brain. Permanent D2RSS as a feature of a new animal model of schizophrenia was first reported in 1991, and then behaviorally and biochemically characterized over the next 15-20 years. In this model of schizophrenia characterized by production of D2RSS in ontogeny, there are demonstrated alterations of signaling processes, as well as functional links between the biologic template of the animal model and ability of pharmacotherapeutics to modulate or reverse biologic and behavioral modalities toward normality. Another such animal model, featuring knockout of trace amine-associated receptor 1 (TAAR1), demonstrates D2RSS with an increase in the proportion of D2R in the high-affinity state. Currently, TAAR1 agonists are being explored as a therapeutic option for schizophrenia. There is likewise an overlay of D2RSS with substance use disorder. The aspect of adenosine A2A-D2 heteroreceptor complexes in substance use disorder is highlighted, and the association of adenosine A2A receptor antagonists in discriminative and rewarding effects of psychostimulants is outlined. In summary, these new animal models of schizophrenia have face, construct, and predictive validity, and distinct advantages over earlier models. While the review summarizes elements of D2RSS in schizophrenia per se, and its interplay with substance use disorder, a major focus is on presumed new molecular targets attending D2RSS in schizophrenia and related clinical entities.",2018,10.1124/jpet.118.247981,"Journal Article; Research Support, N.I.H., Extramural; Research Support, Non-U.S. Gov't; Review"
Trace amine-associated receptor 1: a multimodal therapeutic target for neuropsychiatric diseases.,"Schwartz, Michael D",Expert Opin Ther Targets,"The trace amines, endogenous amines closely related to the biogenic amine neurotransmitters, have been known to exert physiological and neurological effects for decades. The recent identification of a trace amine-sensitive G protein-coupled receptor, trace amine-associated receptor 1 (TAAR1), and subsequent development of TAAR1-selective small-molecule ligands, has renewed research into the therapeutic possibilities of trace amine signaling. Areas covered: Recent efforts in elucidating the neuropharmacology of TAAR1, particularly in neuropsychiatric and neurodegenerative disease, addiction, and regulation of arousal state, will be discussed. Focused application of TAAR1 mutants, synthetic TAAR1 ligands, and endogenous biomolecules such as 3-iodothyronamine (T1AM) has yielded a basic functional portrait for TAAR1, despite a complex biochemistry and pharmacology. The close functional relationship between TAAR1 and dopaminergic signaling is likely to underlie many of its CNS effects. However, TAAR1's influences on serotonin and glutamate neurotransmission will also be highlighted. Expert opinion: TAAR1 holds great promise as a therapeutic target for mental illness, addiction, and sleep disorders. A combination of preclinical and translationally driven studies has solidified TAAR1 as a key node in the regulation of dopaminergic signaling. Continued focus on the mechanisms underlying TAAR1's regulation of serotonin and glutamate signaling, as well as dopamine, will yield further disease-relevant insights.",2018,10.1080/14728222.2018.1480723,"Journal Article; Research Support, N.I.H., Extramural; Research Support, Non-U.S. Gov't; Review"
"Pronounced Hyperactivity, Cognitive Dysfunctions, and BDNF Dysregulation in Dopamine Transporter Knock-out Rats.","Leo, Damiana",J Neurosci,"Dopamine (DA) controls many vital physiological functions and is critically involved in several neuropsychiatric disorders such as schizophrenia and attention deficit hyperactivity disorder. The major function of the plasma membrane dopamine transporter (DAT) is the rapid uptake of released DA into presynaptic nerve terminals leading to control of both the extracellular levels of DA and the intracellular stores of DA. Here, we present a newly developed strain of rats in which the gene encoding DAT knockout Rats (DAT-KO) has been disrupted by using zinc finger nuclease technology. Male and female DAT-KO rats develop normally but weigh less than heterozygote and wild-type rats and demonstrate pronounced spontaneous locomotor hyperactivity. While striatal extracellular DA lifetime and concentrations are significantly increased, the total tissue content of DA is markedly decreased demonstrating the key role of DAT in the control of DA neurotransmission. Hyperactivity of DAT-KO rats can be counteracted by amphetamine, methylphenidate, the partial Trace Amine-Associated Receptor 1 (TAAR1) agonist RO5203648 ((S)-4-(3,4-Dichloro-phenyl)-4,5-dihydro-oxazol-2-ylamine) and haloperidol. DAT-KO rats also demonstrate a deficit in working memory and sensorimotor gating tests, less propensity to develop obsessive behaviors and show strong dysregulation in frontostriatal BDNF function. DAT-KO rats could provide a novel translational model for human diseases involving aberrant DA function and/or mutations affecting DAT or related regulatory mechanisms.SIGNIFICANCE STATEMENT Here, we present a newly developed strain of rats in which the gene encoding the dopamine transporter (DAT) has been disrupted (Dopamine Transporter Knockout rats [DAT-KO rats]). DAT-KO rats display functional hyperdopaminergia accompanied by pronounced spontaneous locomotor hyperactivity. Hyperactivity of DAT-KO rats can be counteracted by amphetamine, methylphenidate, and a few other compounds exerting inhibitory action on dopamine-dependent hyperactivity. DAT-KO rats also demonstrate cognitive deficits in working memory and sensorimotor gating tests, less propensity to develop compulsive behaviors, and strong dysregulation in frontostriatal BDNF function. These observations highlight the key role of DAT in the control of brain dopaminergic transmission. DAT-KO rats could provide a novel translational model for human diseases involving aberrant dopamine functions.",2018,10.1523/jneurosci.1931-17.2018,"Journal Article; Research Support, N.I.H., Extramural; Research Support, Non-U.S. Gov't"
Pharmacological profile of methylphenidate-based designer drugs.,"Luethi, Dino",Neuropharmacology,"BACKGROUND Methylphenidate-based designer drugs are new psychoactive substances (NPS) that are used outside medical settings and their pharmacology is largely unexplored. The aim of the present study was to characterize the pharmacology of methylphenidate-based substances in vitro. METHODS We determined the potencies of the methylphenidate-based NPS N-benzylethylphenidate, 3,4-dichloroethylphenidate, 3,4-dichloromethylphenidate, ethylnaphthidate, ethylphenidate, 4-fluoromethylphenidate, isopropylphenidate, 4-methylmethylphenidate, methylmorphenate, and propylphenidate and the potencies of the related compounds cocaine and modafinil with respect to norepinephrine, dopamine, and serotonin transporter inhibition in transporter-transfected human embryonic kidney 293 cells. We also investigated monoamine efflux and monoamine receptor and transporter binding affinities. Furthermore, we assessed the cell integrity under assay conditions. RESULTS All methylphenidate-based substances inhibited the norepinephrine and dopamine transporters 4 to >1000-fold more potently than the serotonin transporter. Similar to methylphenidate and cocaine, methylphenidate-based NPS did not elicit transporter-mediated efflux of monoamines. Besides binding to monoamine transporters, several test drugs had affinity for adrenergic, serotonergic, and rat trace amine-associated receptors but not for dopaminergic or mouse trace amine-associated receptors. No cytotoxicity was observed after drug treatment at assay concentrations. CONCLUSION Methylphenidate-based substances had pharmacological profiles similar to methylphenidate and cocaine. The predominant actions on dopamine transporters vs. serotonin transporters may be relevant when considering abuse liability. This article is part of the Special Issue entitled 'Designer Drugs and Legal Highs.'",2018,10.1016/j.neuropharm.2017.08.020,"Journal Article; Research Support, U.S. Gov't, Non-P.H.S."
Pharmacology of human trace amine-associated receptors: Therapeutic opportunities and challenges.,"Berry, Mark D",Pharmacol Ther,"The discovery in 2001 of a G protein-coupled receptor family, subsequently termed trace amine-associated receptors (TAAR), triggered a resurgence of interest in so-called trace amines. Initial optimism quickly faded, however, as the TAAR family presented a series of challenges preventing the use of standard medicinal chemistry and pharmacology technologies. Consequently the development of basic tools for probing TAAR and translating findings from model systems to humans has been problematic. Despite these challenges the last 5years have seen considerable advances, in particular with respect to TAAR1, which appears to function as an endogenous rheostat, maintaining central neurotransmission within defined physiological limits, in part through receptor heterodimerization yielding biased signaling outputs. Regulation of the dopaminergic system is particularly well understood and clinical testing of TAAR1 directed ligands for schizophrenia and psychiatric disorders have begun. In addition, pre-clinical animal models have identified TAAR1 as a novel target for drug addiction and metabolic disorders. Growing evidence also suggests a role for TAARs in regulating immune function. This review critically discusses the current state of TAAR research, highlighting recent developments and focussing on human TAARs, their functions, and clinical implications. Current gaps in knowledge are identified, along with the research reagents and translational tools still required for continued advancement of the field. Through this, a picture emerges of an exciting field on the cusp of significant developments, with the potential to identify new therapeutic leads for some of the major unmet medical needs in the areas of neuropsychiatry and metabolic disorders.",2017,10.1016/j.pharmthera.2017.07.002,Journal Article; Review
Identification of a Potent Human Trace Amine-Associated Receptor 1 Antagonist.,"Decker, Ann M",ACS Chem Neurosci,"Human trace amine-associated receptor subtype 1 (hTAAR1) is a G protein-coupled receptor that has therapeutic potential for multiple diseases, including schizophrenia, drug addiction, and Parkinson's disease (PD). Although several potent agonists have been identified and have shown positive results in various clinical trials for schizophrenia, the discovery of potent hTAAR1 antagonists remains elusive. Herein, we report the results of structure-activity relationship studies that have led to the discovery of a potent hTAAR1 antagonist (RTI-7470-44, 34). RTI-7470-44 exhibited an IC50 of 8.4 nM in an in vitro cAMP functional assay, a Ki of 0.3 nM in a radioligand binding assay, and showed species selectivity for hTAAR1 over the rat and mouse orthologues. RTI-7470-44 displayed good blood-brain barrier permeability, moderate metabolic stability, and a favorable preliminary off-target profile. Finally, RTI-7470-44 increased the spontaneous firing rate of mouse VTA dopaminergic neurons and blocked the effects of the known TAAR1 agonist RO5166017. Collectively, this work provides a promising hTAAR1 antagonist probe that can be used to study TAAR1 pharmacology and the potential therapeutic role in hypodopaminergic diseases such as PD.",2022,10.1021/acschemneuro.2c00086,"Journal Article; Research Support, Non-U.S. Gov't; Research Support, N.I.H., Extramural"
"Ulotaront, a novel TAAR1 agonist with 5-HT1A agonist activity, lacks abuse liability and attenuates cocaine cue-induced relapse in rats.","Synan, Colleen",Drug Alcohol Depend,"BACKGROUND Ulotaront (SEP-363856) is a trace amine-associated receptor 1 (TAAR1) agonist with 5-hydroxytryptamine type 1A (5-HT1A) agonist activity that is currently in Phase 3 clinical development for the treatment of schizophrenia. Unlike available antipsychotics, the efficacy of ulotaront is not mediated by blockade of dopamine D2 or serotonin 5-HT2A receptors. In a short-term randomized clinical trial, ulotaront has demonstrated significant efficacy in the treatment of adults with an acute exacerbation of schizophrenia. Given ulotaront's novel mechanism of action a series of preclinical studies were performed to evaluate its potential abuse liability. METHODS A battery of studies were conducted in male and female rats to evaluate whether ulotaront produces behavioral changes suggestive of human abuse potential. In addition, studies were undertaken to probe the potential for ulotaront to block reinstatement of cocaine-seeking behavior in male rats. RESULTS Ulotaront was not self-administered by rats trained to self-administer amphetamine, cocaine, or heroin. The subjective qualities of ulotaront were distinct from those produced by amphetamine in a drug discrimination procedure. Ulotaront, and buspirone, a non-scheduled anxiolytic with 5-HT1A agonism, partially generalized to the interoceptive cue elicited by 3, 4-methylenedioxymethamphetamine (MDMA). In addition, ulotaront demonstrated a trend to reduce cocaine-primed induced reinstatement, and dose-dependently reduced cue-reinstated responding. CONCLUSION The current results suggest that the TAAR1/5-HT1A agonist ulotaront is not likely to pose a risk for recreational abuse in humans and may have potential therapeutic utility as a treatment of substance use disorders.",2022,10.1016/j.drugalcdep.2021.109261,"Journal Article; Research Support, Non-U.S. Gov't"
Therapeutic Potential of TAAR1 Agonists in Schizophrenia: Evidence from Preclinical Models and Clinical Studies.,"Dedic, Nina",Int J Mol Sci,"Trace amine-associated receptor 1 (TAAR1) has emerged as a promising therapeutic target for neuropsychiatric disorders due to its ability to modulate monoaminergic and glutamatergic neurotransmission. In particular, agonist compounds have generated interest as potential treatments for schizophrenia and other psychoses due to TAAR1-mediated regulation of dopaminergic tone. Here, we review unmet needs in schizophrenia, the current state of knowledge in TAAR1 circuit biology and neuropharmacology, including preclinical behavioral, imaging, and cellular evidence in glutamatergic, dopaminergic and genetic models linked to the pathophysiology of psychotic, negative and cognitive symptoms. Clinical trial data for TAAR1 drug candidates are reviewed and contrasted with antipsychotics. The identification of endogenous TAAR1 ligands and subsequent development of small-molecule agonists has revealed antipsychotic-, anxiolytic-, and antidepressant-like properties, as well as pro-cognitive and REM-sleep suppressing effects of TAAR1 activation in rodents and non-human primates. Ulotaront, the first TAAR1 agonist to progress to randomized controlled clinical trials, has demonstrated efficacy in the treatment of schizophrenia, while another, ralmitaront, is currently being evaluated in clinical trials in schizophrenia. Coupled with the preclinical findings, this provides a rationale for further investigation and development of this new pharmacological class for the treatment of schizophrenia and other psychiatric disorders.",2021,10.3390/ijms222413185,Comparative Study; Journal Article; Review
The 3-iodothyronamine (T1AM) and the 3-iodothyroacetic acid (TA1) indicate a novel connection with the histamine system for neuroprotection.,"Laurino, Annunziatina",Eur J Pharmacol,"The 3-iodothyronamine (T1AM) and 3-iodothryoacetic acid (TA1), are endogenous occurring compounds structurally related with thyroid hormones (THs, the pro-hormone T4 and the active hormone T3) initially proposed as possible mediators of the rapid effects of T3. However, after years from their identification, the physio-pathological meaning of T1AM and TA1 tissue levels remains an unsolved issue while pharmacological evidence indicates both compounds promote in rodents central and peripheral effects with mechanisms which remain mostly elusive. Pharmacodynamics of T1AM includes the recognition of G-coupled receptors, ion channels but also biotransformation into an active metabolite, i.e. the TA1. Furthermore, long term T1AM treatment associates with post-translational modifications of cell proteins. Such array of signaling may represent an added value, rather than a limit, equipping T1AM to play different functions depending on local expression of targets and enzymes involved in its biotransformation. Up to date, no information regarding TA1 mechanistic is available. We here review some of the main findings describing effects of T1AM (and TA1) which suggest these compounds interplay with the histaminergic system. These data reveal T1AM and TA1 are part of a network of signals involved in neuronal plasticity including neuroprotection and suggest T1AM and TA1 as lead compounds for a novel class of atypical psychoactive drugs.",2021,10.1016/j.ejphar.2021.174606,Journal Article; Review
Towards Novel Treatments for Schizophrenia: Molecular and Behavioural Signatures of the Psychotropic Agent SEP-363856.,"Begni, Veronica",Int J Mol Sci,"Schizophrenia is a complex psychopathology whose treatment is still challenging. Given the limitations of existing antipsychotics, there is urgent need for novel drugs with fewer side effects. SEP-363856 (SEP-856) is a novel psychotropic agent currently under phase III clinical investigation for schizophrenia treatment. In this study, we investigated the ability of an acute oral SEP-856 administration to modulate the functional activity of specific brain regions at basal levels and under glutamatergic or dopaminergic-perturbed conditions in adult rats. We found that immediate-early genes (IEGs) expression was strongly upregulated in the prefrontal cortex and, to a less extent, in the ventral hippocampus, suggesting an activation of these regions. Furthermore, SEP-856 was effective in preventing the hyperactivity induced by an acute injection of phencyclidine (PCP), but not of d-amphetamine (AMPH). The compound effectively normalized the PCP-induced increase in IEGs expression in the PFC at all doses tested, whereas only the highest dose determined the major modulations on AMPH-induced changes. Lastly, SEP-856 acute administration corrected the cognitive deficits produced by subchronic PCP administration. Taken together, our data provide further insights on SEP-856, suggesting that modulation of the PFC may represent an important mechanism for the functional and behavioural activity of this novel compound.",2021,10.3390/ijms22084119,Journal Article
Role of trace amine‑associated receptor 1 in the medial prefrontal cortex in chronic social stress-induced cognitive deficits in mice.,"Zhang, Yue",Pharmacol Res,"Emerging evidence supports an essential role of trace amine-associated receptor 1 (TAAR1) in neuropsychiatric disorders such as depression and schizophrenia. Stressful events are critical contributors to various neuropsychiatric disorders. This study examined the role of TAAR1 in mediating the negative outcomes of stressful events. In mice that experienced chronic social defeat stress but not acute stress, a significant reduction in the TAAR1 mRNA level was found in the medial prefrontal cortex (mPFC), a brain region that is known to be vulnerable to stress experience. Conditional TAAR1 knockout in the mPFC mimicked the cognitive deficits induced by chronic stress. In addition, chronic treatment with the selective TAAR1 partial agonist RO5263397 ameliorated chronic stress-induced changes in cognitive function, dendritic arborization, and the synapse number of pyramidal neurons in the mPFC but did not affect chronic stress-induced anxiety-like behaviors. Biochemically, chronic stress reduced the ratio of vesicular transporters of glutamate-1 (VGluT1) / vesicular GABA transporter (VGAT) in the mPFC，most prominently in the prelimbic cortex, and RO5263397 restored the excitatory-inhibitory (E/I) imbalance. Together, the results of this study reveal an essential role of TAAR1 in mediating chronic stress-induced cognitive impairments and suggest that TAAR1 agonists may be uniquely useful to treat MDD-related cognitive impairments.",2021,10.1016/j.phrs.2021.105571,"Journal Article; Research Support, Non-U.S. Gov't"
Trace Amine-Associated Receptor 1 (TAAR1): A new drug target for psychiatry?,"Dodd, Seetal",Neurosci Biobehav Rev,"There are nine subfamilies of TAARs. They are predominantly intracellular, located in the central nervous system and peripherally. They have a role in homeostasis and rheostasis, and also in olfaction. They demonstrate significant cross-talk with the monoamine system and are involved in the regulation of cAMP signalling and K+ channels. There is evidence to suggest that TAAR1 may be a promising therapeutic target for the treatment of schizophrenia, psychosis in Parkinson's disease, substance use disorders, and the metabolic syndrome and obesity. TAAR1 expression may also be a prognostic biomarker for cancers. A number of TAAR modulators have been identified, including endogenous ligands and new chemical entities. Some of these agents have shown efficacy in animal models of addiction behaviours, depression and anxiety. Only one agent, SEP-363856, has progressed to randomised clinical trials in humans; however further, larger studies with SEP-363856 are required to clarify its suitability as a new treatment for schizophrenia spectrum disorders. SEP-363856 is an agonist of TAAR1 and 5HT1A and it is not clear to what extent its efficacy can be attributed to TAAR1 rather than to other drug targets. However, current research suggests that TAAR1 has an important role in human physiology and pathophysiology. TAAR1 modulators may become an important new drug class for the management of a wide array of mental disorders in the future.",2021,10.1016/j.neubiorev.2020.09.028,"Journal Article; Research Support, Non-U.S. Gov't; Review"
Validation of a High-Throughput Calcium Mobilization Assay for the Human Trace Amine-Associated Receptor 1.,"Decker, Ann M",SLAS Discov,"The human trace amine-associated receptor 1 (hTAAR1) is a G protein-coupled receptor (GPCR) that is widely expressed in monoaminergic nuclei in the central nervous system and has therapeutic potential for multiple diseases, including drug addiction and schizophrenia. Thus, identification of novel hTAAR1 ligands is critical to advancing our knowledge of hTAAR1 function and to the development of therapeutics for a wide range of diseases. Herein we describe the development of a robust, 3-addition high-throughput screening (HTS) calcium mobilization assay using stable CHO-Gαq16-hTAAR1 cells, which functionally couple hTAAR1 to the promiscuous Gαq16 protein and thus allow signal transduction to occur through mobilization of internal calcium. Our previously established 96-well hTAAR1 assay was first miniaturized to the 384-well format and optimized to provide an assay with a Z' factor of 0.84, which is indicative of a robust HTS assay. Using the 3-addition protocol, 22,000 compounds were screened and yielded a ~1% agonist hit rate and a ~0.2% antagonist hit rate. Of the antagonist hits, two confirmed hits are the most potent hTAAR1 antagonists identified to date (IC50 = 206 and 281 nM). While scientists have been studying hTAAR1 for years, the lack of suitable hTAAR1 antagonists has been a major roadblock for studying the basic pharmacology of hTAAR1. Thus, these new ligands will serve as valuable tools to study hTAAR1-mediated signaling mechanisms, therapeutic potential, and in vivo functions.",2021,10.1177/2472555220945279,"Journal Article; Research Support, Non-U.S. Gov't"
Reproducing the dopamine pathophysiology of schizophrenia and approaches to ameliorate it: a translational imaging study with ketamine.,"Kokkinou, Michelle",Mol Psychiatry,"Patients with schizophrenia show increased striatal dopamine synthesis capacity in imaging studies. The mechanism underlying this is unclear but may be due to N-methyl-D-aspartate receptor (NMDAR) hypofunction and parvalbumin (PV) neuronal dysfunction leading to disinhibition of mesostriatal dopamine neurons. Here, we develop a translational mouse model of the dopamine pathophysiology seen in schizophrenia and test approaches to reverse the dopamine changes. Mice were treated with sub-chronic ketamine (30 mg/kg) or saline and then received in vivo positron emission tomography of striatal dopamine synthesis capacity, analogous to measures used in patients. Locomotor activity was measured using the open-field test. In vivo cell-type-specific chemogenetic approaches and pharmacological interventions were used to manipulate neuronal excitability. Immunohistochemistry and RNA sequencing were used to investigate molecular mechanisms. Sub-chronic ketamine increased striatal dopamine synthesis capacity (Cohen's d = 2.5) and locomotor activity. These effects were countered by inhibition of midbrain dopamine neurons, and by activation of PV interneurons in pre-limbic cortex and ventral subiculum of the hippocampus. Sub-chronic ketamine reduced PV expression in these cortical and hippocampal regions. Pharmacological intervention with SEP-363856, a novel psychotropic agent with agonism at trace amine receptor 1 (TAAR1) and 5-HT1A receptors but no appreciable action at dopamine D2 receptors, significantly reduced the ketamine-induced increase in dopamine synthesis capacity. These results show that sub-chronic ketamine treatment in mice mimics the dopaminergic alterations in patients with psychosis, that this requires activation of midbrain dopamine neurons, and can be ameliorated by activating PV interneurons and by a TAAR1/5-HT1A agonist. This identifies novel therapeutic approaches for targeting presynaptic dopamine dysfunction in patients with schizophrenia and effects of ketamine relevant to its therapeutic use for treating major depression.",2021,10.1038/s41380-020-0740-6,"Journal Article; Research Support, Non-U.S. Gov't"
Putative TAAR5 agonist alpha-NETA affects event-related potentials in oddball paradigm in awake mice.,"Aleksandrov, Aleksander A",Brain Res Bull,"Trace amines have been reported to be neuromodulators of monoaminergic systems. Trace amines receptor 5 (TAAR5) is expressed in several regions of mice central nervous system, such as amygdala, arcuate nucleus and ventromedial hypothalamus, but very limited information is available on its functional role. The purpose of this study is to examine the effect of TAAR5 agonist alpha-NETA on the generation of mismatch negativity (MMN) analogue in C57BL/6 mice. Event-related potentials have been recorded from awake mice in oddball paradigms before and after the alpha-NETA administration. Alpha-NETA has been found to decrease N40 MMN-like difference, which resulted from the increased response to standard stimuli. An opposite effect has been found for the P80 component: the amplitude increased in response both to standard and deviant stimuli. A significant increase in N40 peak latency after the alpha-NETA administration has been found. This may suggest a reduced speed of information processing similar to the increase in P50 and N100 components latencies in schizophrenia patients. These results provide new evidence for a role of TAAR5 in cognitive processes.",2020,10.1016/j.brainresbull.2020.03.005,"Journal Article; Research Support, Non-U.S. Gov't"
Trace Amines and Trace Amine-Associated Receptors: A New Frontier in Cell Signaling.,"Freyberg, Zachary",Cell Mol Neurobiol,"Trace amines, including β-phenylethylamine, p-octopamine, p-tyramine, and tryptamine, are produced in high levels in invertebrates where they play major roles in homeostasis regulation in a manner similar to that of adrenergic systems in mammals (Rutigliano et al. in Front Pharmacol 8:987, 2017; Gainetdinov et al. in Pharmacol Rev 70(3):549-620, 2018; Nagaya et al. in Neurosci Lett 329(3):324-328, 2002). In mammals, however, their levels are very low, initially prompting these molecules to be termed ""trace"" or ""minor"" amines in mammals with only a secondary role in the regulation of more abundant biogenic amines including catecholamines and serotonin (Gainetdinov et al. in Pharmacol Rev 70(3):549-620, 2018). The more recent discovery of trace amine-associated receptors (TAARs) revealed major, previously unsuspected roles of the trace amines and has led to increasing interest within the scientific community. For example, TAARs have been proposed to modulate signaling through dopamine (Schwartz et al. in Expert Opin Ther Targets 22(6):513-526, 2018). Furthermore, these receptors are implicated in both numerous physiological functions including regulation of sleep, olfaction, metabolism, and immunity as well in disease (e.g., substance abuse, neuropsychiatric disorders) (Gainetdinov et al. in Pharmacol Rev 70(3):549-620, 2018; Rutigliano et al. in Front Pharmacol 8:987, 2017). Consequently, trace amine and TAAR research is rapidly growing and is of great translational relevance. In this Special Issue, leaders in trace amine and TAAR research offer both reviews and original research papers that cover a wide range of topics from involvement of TAAR signaling in metabolic regulation and neurophysiology to implications of this signaling in neuropsychiatric diseases including substance abuse and schizophrenia. While a diverse range of topics is covered by these works, the common theme running through all of them is the increasing awareness that trace amine and TAAR signaling represent novel signaling mechanisms in the brain and periphery. These topics are both highly timely and of considerable importance not only for those working in the field but also for the neuroscience community at large.",2020,10.1007/s10571-020-00800-x,Journal Article; Review
"3-Iodothyronamine, a trace amine-associated receptor agonist, regulates intracellular Ca2+ increases via CaMK II through Epac2 in rat cerebral arterioles.","Sakanoue, Wakana",Biomed Res,"Trace amines (TAs) in the nervous system bind to TA-associated receptors (TAARs) and are involved in the regulation of monoaminergic functions. Among TAAR subtypes, TAAR1 has been implicated in the development of neurological disorders, such as schizophrenia. The present study investigated the effects of the TAAR1 agonist, 3-iodothyronamine (T1AM) on cerebral arterioles using fluctuations in the intracellular concentration of Ca2+ ([Ca2+]i) as an index of contractile responses. In cerebral arterioles, most of the TAAR agonists did not increase [Ca2+]i, while only T1AM elevated [Ca2+]i in vascular smooth muscle cells. This increase involved extracellular Ca2+ influx through T-type Ca2+ channels and inositol trisphosphate- and ryanodine-receptor-mediated Ca2+ release from intracellular stores. The inhibition of the cAMP sensor, exchange protein directly activated by cAMP (Epac) 2, and calmodulin kinase (CaMK) II strongly inhibited Ca2+ elevations. The present study revealed that T1AM acted not only on the TAAR1 receptor as previously suggested, but also on other G-protein coupled receptors and/or signal transduction systems to increase intracellular Ca2+ in cerebral arteriole smooth muscle cells. These results suggest that when using T1AM in clinical practice, attention should be paid to the early rise in blood pressure.",2023,10.2220/biomedres.44.219,Journal Article
"Role of 5-HT2A, 5-HT2C, 5-HT1A and TAAR1 Receptors in the Head Twitch Response Induced by 5-Hydroxytryptophan and Psilocybin: Translational Implications.","Shahar, Orr",Int J Mol Sci,"There is increasing interest in the therapeutic potential of psilocybin. In rodents, the serotonin precursor, 5-hydroxytryptophan (5-HTP) and psilocybin induce a characteristic 5-HT2A receptor (5-HT2AR)-mediated head twitch response (HTR), which is correlated with the human psychedelic trip. We examined the role of other serotonergic receptors and the trace amine -associated receptor 1 (TAAR1) in modulating 5-HTP- and psilocybin-induced HTR. Male C57BL/6J mice (11 weeks, ~30 g) were administered 5-HTP, 50-250 mg/kg i.p., 200 mg/kg i.p. after pretreatment with 5-HT/TAAR1 receptor modulators, psilocybin 0.1-25.6 mg/kg i.p. or 4.4 mg/kg i.p., immediately preceded by 5-HT/TAAR1 receptor modulators. HTR was assessed in a custom-built magnetometer. 5-HTP and psilocybin induced a dose-dependent increase in the frequency of HTR over 20 min with attenuation by the 5-HT2AR antagonist, M100907, and the 5-HT1AR agonist, 8-OH-DPAT. The 5-HT2CR antagonist, RS-102221, enhanced HTR at lower doses but reduced it at higher doses. The TAAR1 antagonist, EPPTB, reduced 5-HTP- but not psilocybin-induced HTR. We have confirmed the key role of 5-HT2AR in HTR, an inhibitory effect of 5-HT1AR, a bimodal contribution of 5-HT2CR and a role of TAAR1 in modulating HTR induced by 5-HTP. Compounds that modulate psychedelic-induced HTR have important potential in the emerging therapeutic use of these compounds.",2022,10.3390/ijms232214148,Journal Article
Trace amine-associated receptor 1 (TAAR1) agonism as a new treatment strategy for schizophrenia and related disorders.,"Halff, Els F",Trends Neurosci,"Schizophrenia remains a major health burden, highlighting the need for new treatment approaches. We consider the potential for targeting the trace amine (TA) system. We first review genetic, preclinical, and clinical evidence for the role of TAs in the aetiopathology of schizophrenia. We then consider how the localisation and function of the trace amine-associated receptor 1 (TAAR1) position it to modulate key brain circuits for the disorder. Studies in rodents using Taar1 knockout (TAAR1-KO) and overexpression models show that TAAR1 agonism inhibits midbrain dopaminergic and serotonergic activity, and enhances prefrontal glutamatergic function. TAAR1 agonists also reduce hyperactivity, attenuate prepulse inhibition (PPI) deficits and social withdrawal, and improve cognitive measures in animal models. Finally, we consider findings from clinical trials of TAAR1 agonists and how this approach may address psychotic and negative symptoms, tolerability issues, and other unmet needs in the treatment of schizophrenia.",2023,10.1016/j.tins.2022.10.010,"Journal Article; Review; Research Support, Non-U.S. Gov't"
"Discovery of Trace Amine Associated Receptor 1 (TAAR1) Agonist 2-(5-(4'-Chloro-[1,1'-biphenyl]-4-yl)-4H-1,2,4-triazol-3-yl)ethan-1-amine (LK00764) for the Treatment of Psychotic Disorders.","Krasavin, Mikhail",Biomolecules,"A focused in-house library of about 1000 compounds comprising various heterocyclic motifs in combination with structural fragments similar to β-phenethylamine (PEA) or tyramine was screened for the agonistic activity towards trace amine-associated receptor 1 (TAAR1). The screening yielded two closely related hits displaying EC50 values in the upper submicromolar range. Extensive analog synthesis and testing for TAAR1 agonism in a BRET-based cellular assay identified compound 62 (LK00764) with EC50 = 4.0 nM. The compound demonstrated notable efficacy in such schizophrenia-related in vivo tests as MK-801-induced hyperactivity and spontaneous activity in rats, locomotor hyperactivity of dopamine transporter knockout (DAT-KO) rats, and stress-induced hyperthermia (i.p. administration). Further preclinical studies are necessary to evaluate efficacy, safety and tolerability of this potent TAAR1 agonist for the potential development of this compound as a new pharmacotherapy option for schizophrenia and other psychiatric disorders.",2022,10.3390/biom12111650,"Journal Article; Research Support, Non-U.S. Gov't"
"Discovery and In Vivo Efficacy of Trace Amine-Associated Receptor 1 (TAAR1) Agonist 4-(2-Aminoethyl)-N-(3,5-dimethylphenyl)piperidine-1-carboxamide Hydrochloride (AP163) for the Treatment of Psychotic Disorders.","Krasavin, Mikhail",Int J Mol Sci,"Starting from a screening hit, a set of analogs was synthesized based on a 4-(2-aminoethyl)piperidine core not associated previously with trace amine-associated receptor 1 (TAAR1) modulation in the literature. Several structure-activity relationship generalizations have been drawn from the observed data, some of which were corroborated by molecular modeling against the crystal structure of TAAR1. The four most active compounds (EC50 for TAAR1 agonistic activity ranging from 0.033 to 0.112 μM) were nominated for evaluation in vivo. The dopamine transporter knockout (DAT-KO) rat model of dopamine-dependent hyperlocomotion was used to evaluate compounds' efficacy in vivo. Out of four compounds, only one compound (AP163) displayed a statistically significant and dose-dependent reduction in hyperlocomotion in DAT-KO rats. As such, compound AP163 represents a viable lead for further preclinical characterization as a potential novel treatment option for disorders associated with increased dopaminergic function, such as schizophrenia.",2022,10.3390/ijms231911579,Journal Article
TAAR1 dependent and independent actions of the potential antipsychotic and dual TAAR1/5-HT1A receptor agonist SEP-383856.,"Saarinen, Marcus",Neuropsychopharmacology,"SEP-383856 (SEP-856) is a novel antipsychotic under clinical development. It displays a unique pattern of receptor interaction, with only weak (partial agonist) activity at dopamine D2 receptors, yet more potent agonist activity at the trace amine associated receptor (TAAR1) and 5-hydroxytryptamine 1 A receptor (5-HT1A). Nonetheless, these observations await independent confirmation and more detailed characterization of the in vitro and in vivo actions of SEP-856 at TAAR1 and 5-HT1A receptors would be instructive. Herein, we employed luminescence complementation technology in heterologous live cell systems, confocal microscopy, voltage clamp electrophysiology, behavioral readouts and TAAR1 knockout (KO) mice to study SEP-856 in further detail. We provide evidence for the ability of SEP-856 to activate TAAR1 at the surface plasma membrane, and show that this interaction results in Gαs recruitment (pEC50: 6.08 ± 0.22 EMAX: 96.41% ± 15.26) and by extension, to G-protein inwardly rectifying potassium (GIRK) channel activation. Using TAAR1-KO mice, we find TAAR1 to be indispensable for SEP-856 control of body temperature, baseline locomotion reduction and for ""antipsychotic-like"" efficacy as characterized by a reversal of dizocilipine (MK-801) mediated disruption of pre-pulse inhibition. Conversely, the inhibition by SEP-856 of MK-801 induced locomotion was unaffected in TAAR1 KO mice. SEP-856 behaved as a low-potency, partial agonist at the 5-HT1A receptor, while it partially inhibited recruitment of D2 receptor-coupled Gα and GIRK by DA and acted as a weak partial agonist with low potency at the same receptor when applied alone. Our findings corroborate and extend previous observations on the molecular substrates engaged by this unique, dual TAAR1/5-HT1A receptor agonist and potential antipsychotic that could prove to have major advantages in the treatment of schizophrenia and other psychotic disorders.",2022,10.1038/s41386-022-01421-2,"Journal Article; Research Support, Non-U.S. Gov't"
Selective TAAR1 agonists induce conditioned taste aversion.,"Liu, Jianfeng",Psychopharmacology (Berl),"RATIONALE Trace amine-associated receptor 1 (TAAR1) is the best-studied receptor of trace amines, a group of biogenic amines expressed at a relatively low level in the mammalian brain. Growing evidence suggests that TAAR1 plays a critical role in various neuropsychiatric disorders. Given that selective TAAR1 agonists were shown to produce pro-cognition and antipsychotic-like effects as well as to suppress drug use and relapse, they have been proposed to be novel treatments for mental disorders such as schizophrenia and addiction. However, the aversive effects of selective TAAR1 agonists remain largely unknown. OBJECTIVES Here, we evaluated whether the selective TAAR1 full agonist RO5166017 and partial agonist RO5263397 could induce conditioned taste aversion (CTA). RESULTS We found that RO5166017 and RO5263397 produced significant aversions to both saccharin and NaCl taste novelty. Furthermore, RO5166017 produced CTA to saccharin in TAAR1 heterozygous knockout (taar1±) and wild-type rats but not in TAAR1 homozygous knockout rats (taar1-/-), suggesting that TAAR1 was sufficient for the taste aversive stimulus property of RO5166017. CONCLUSIONS Taken together, our data indicate that selective TAAR1 agonists could produce strong CTA. Our study urges careful evaluations of the aversive effects of TAAR1 agonists before translating them to clinical use for the treatment of mental disorders.",2022,10.1007/s00213-022-06222-5,Journal Article
"In Vitro ADME and Preclinical Pharmacokinetics of Ulotaront, a TAAR1/5-HT1A Receptor Agonist for the Treatment of Schizophrenia.","Xiao, Guangqing",Pharm Res,"PURPOSE Ulotaront (SEP-363856) is a TAAR1 agonist with 5-HT1A agonist activity currently in clinical development for the treatment of schizophrenia. The objectives of the current study were to characterize the in vitro ADME properties, preclinical PK, and to evaluate the DDI potential of ulotaront and its major metabolite SEP-383103. METHODS Solubility, permeability, plasma protein binding, CYP inhibition and induction, transporter inhibition and uptake studies were conducted in vitro. Phenotyping studies were conducted using recombinant human CYPs and FMOs, human liver microsomes and human liver homogenates. Preclinical plasma and brain pharmacokinetics were determined after a single intraperitoneal, intravenous, and oral administration of ulotaront. RESULTS Ulotaront is a compound of high solubility, high permeability, and low binding to plasma proteins. Ulotaront metabolism is mediated via both NADPH-dependent and NADPH-independent pathways, with CYP2D6 as the major metabolizing enzyme. Ulotaront is an inducer of CYP2B6, and an inhibitor of CYP2D6, OCT1 and OCT2, while SEP-383103 is neither a CYP inducer nor a potent inhibitor of CYPs and human transporters. Ulotaront exhibits rapid absorption, greater than 70% bioavailability, approximately 3.5 L/kg volume of distribution, 1.5-4 h half-life, 12-43 ml/min/kg clearance, and good penetration across the blood-brain barrier in preclinical species. CONCLUSIONS Ulotaront has been designated as a BCS1 compound by US FDA. The ability of ulotaront to penetrate the blood-brain barrier for CNS targeting has been demonstrated in mice and rats. The potential for ulotaront and SEP-383103 to act as perpetrators of CYP and transporter-mediated DDIs is predicted to be remote.",2022,10.1007/s11095-022-03267-1,Journal Article
Effect of Co-Treatment of Olanzapine with SEP-363856 in Mice Models of Schizophrenia.,"Liang, Lingzhi",Molecules,"Olanzapine is a commonly used drug in the treatment of schizophrenia, but its clinical application has been restricted by metabolic-related side effects. In order to mitigate the weight gain side effects caused by olanzapine, other drugs with different targets were selected for combined use and evaluated in animal models of schizophrenia. SEP-363856 is a novel psychotropic agent which is under phase III clinical trials for schizophrenia treatment. The aim of the research was to evaluate whether co-administration of olanzapine and SEP-363856 exerts synergistic anti-schizophrenic effects in the apomorphine (APO)-induced climbing test, the MK-801-induced hyperactivity test, and the Morris water maze test, and therefore reduces the weight gain side effects induced by olanzapine. Through isobolographic analysis, the results showed a synergistic interaction in the climbing test; the experimental ED30 (3 mg/kg) was significantly smaller (p < 0.05) than the theoretical ED30 (5 mg/kg). Additionally, such potentiating effects appeared additive in the MK-801 challenge experiment. Co-treatment with an effective dose of olanzapine and a low dose of SEP-363856 reversed MK-801-induced cognitive impairment symptoms in mice. Moreover, combination treatment with olanzapine and SEP-363856 controls sustained weight gain in mice with chronic exposure to olanzapine. These results support further clinical trials to test the effectiveness of co-treatment of olanzapine and SEP-363856 for controlling symptoms and weight gain in patients with schizophrenia during antipsychotic treatments.",2022,10.3390/molecules27082550,Journal Article
"Trace amine-associated receptor 1 modulates motor hyperactivity, cognition, and anxiety-like behavior in an animal model of ADHD.","Raony, Ícaro",Prog Neuropsychopharmacol Biol Psychiatry,"Trace amine-associated receptor 1 (TAAR1) is a G protein-coupled receptor that has recently been implicated in several psychiatric conditions related to monoaminergic dysfunction, such as schizophrenia, substance use disorders, and mood disorders. Although attention-deficit/hyperactivity disorder (ADHD) is also related to changes in monoaminergic neurotransmission, studies that assess whether TAAR1 participates in the neurobiology of ADHD are lacking. We hypothesized that TAAR1 plays an important role in ADHD and might represent a potential therapeutic target. Here, we investigate if TAAR1 modulates behavioral phenotypes in Spontaneously Hypertensive Rats (SHR), the most validated animal model of ADHD, and Wistar Kyoto rats (WKY, used as a control strain). Our results showed that TAAR1 is downregulated in ADHD-related brain regions in SHR compared with WKY. While intracerebroventricular (i.c.v.) administration of the selective TAAR1 antagonist EPPTB impaired cognitive performance in SHR, i.c.v. administration of highly selective TAAR1 full agonist RO5256390 decreased motor hyperactivity, novelty-induced locomotion, and induced an anxiolytic-like behavior. Overall, our findings show that changes in TAAR1 levels/activity underlie behavior in SHR, suggesting that TAAR1 plays a role in the neurobiology of ADHD. Although additional confirmatory studies are required, TAAR1 might be a potential pharmacological target for individuals with this disorder.",2022,10.1016/j.pnpbp.2022.110555,Journal Article
Biological evaluation and in silico studies of novel compounds as potent TAAR1 agonists that could be used in schizophrenia treatment,"Wang, Y.",Frontiers in Pharmacology,,2023,10.3389/fphar.2023.1161964,JOUR
"Significance of mammalian N, N-dimethyltryptamine (DMT): A 60-year-old debate","Jiménez, J.H.",Journal of Psychopharmacology,,2022,10.1177/02698811221104054,JOUR
Imaging the trace amine-associated receptor 1 by positron emission tomography,"Sun, J.",Tetrahedron Letters,,2021,10.1016/j.tetlet.2021.153007,JOUR
"TAAR1 activation modulates monoaminergic neurotransmission, preventing hyperdopaminergic and hypoglutamatergic activity","Revel, F.G.",Proceedings of the National Academy of Sciences of the United States of America,,2011,10.1073/pnas.1103029108,JOUR
Protein Metabolism Changes and Alterations in Behavior of Trace Amine-Associated Receptor 1 Knockout Mice Fed a High-Fructose Diet,"Apryatin, S.A.",Neurology International,,2023,10.3390/neurolint15010022,JOUR
Trace amine-associated receptor 1 agonist modulates mismatch negativity-like responses in mice,"Aleksandrov, A.A.",Frontiers in Pharmacology,,2019,10.3389/fphar.2019.00470,JOUR
Behavioral effects of a potential novel TAAR1 antagonist,"Lam, V.M.",Frontiers in Pharmacology,,2018,10.3389/fphar.2018.00953,JOUR
Trace amine-associated receptor 1 partial agonism reveals novel paradigm for neuropsychiatric therapeutics,"Revel, F.G.",Biological Psychiatry,,2012,10.1016/j.biopsych.2012.05.014,JOUR
TAAR5 receptor agonist affects sensory gating in rats,"Aleksandrov, A.A.",Neuroscience Letters,,2018,10.1016/j.neulet.2017.12.053,JOUR
Trace amine-associated receptor 1 modulates the locomotor and sensitization effects of nicotine,"Sukhanov, I.",Frontiers in Pharmacology,,2018,10.3389/fphar.2018.00329,JOUR
"Perturbations in the catecholamine metabolism and protective effect of “3-(3, 4-dimethoxy phenyl)-1-4(methoxy phenyl) prop-2-en-1-one” during ketamine-induced schizophrenia: an in vivo and in silico studies","Venkataramaiah, C.",Journal of Biomolecular Structure and Dynamics,,2021,10.1080/07391102.2020.1765875,JOUR
Trace amine-associated receptor 1-Family archetype or iconoclast?,"Grandy, D.K.",Pharmacology and Therapeutics,,2007,10.1016/j.pharmthera.2007.06.007,JOUR
Thyroid hormones and retinoids: A possible link between genes and environment in schizophrenia,"Palha, J.A.",Brain Research Reviews,,2006,10.1016/j.brainresrev.2005.10.001,JOUR
"A multicenter, double-blind, placebo-controlled, randomized, Phase 1b crossover trial comparing two doses of ulotaront with placebo in the treatment of narcolepsy-cataplexy","Szabo, ST",SLEEP MEDICINE,"Background: Ulotaront (SEP-363856) is a novel agonist at trace amine-associated receptor 1 and sero-tonin 5-HT1A receptors in clinical development for the treatment of schizophrenia. Previous studies demonstrated ulotaront suppresses rapid eye movement (REM) sleep in both rodents and healthy vol-unteers. We assessed acute and sustained treatments of ulotaront on REM sleep and symptoms of cat-aplexy and alertness in subjects with narcolepsy-cataplexy.Methods: In a multicenter, double-blind, placebo-controlled, randomized, 3-way crossover study, ulo-taront was evaluated in 16 adults with narcolepsy-cataplexy. Two oral doses of ulotaront (25 mg and 50 mg) were administered daily for 2 weeks and compared with matching placebo (6-treatment sequence, 3-period, 3-treatment). Results: Acute treatment with both 25 mg and 50 mg of ulotaront reduced minutes spent in nighttime REM compared to placebo. A sustained 2-week administration of both doses of ulotaront reduced the mean number of short-onset REM periods (SOREMPs) during daytime multiple sleep latency test (MSLT) compared to placebo. Although cataplexy events decreased from the overall mean baseline during the 2-week treatment period, neither dose of ulotaront statistically separated from placebo (p = 0.76, 25 mg; p = 0.82, 50 mg), and no significant improvement in patient and clinician measures of sleepiness from baseline to end of the 2-week treatment period occurred in any treatment group.Conclusions: Acute and sustained treatment with ulotaront reduced nighttime REM duration and day-time SOREMPs, respectively. The effect of ulotaront on suppression of REM did not demonstrate a sta-tistical or clinically meaningful effect in narcolepsy-cataplexy. Registration: ClinicalTrials.gov identifier: NCT05015673.(c) 2023 Published by Elsevier B.V.",2023,10.1016/j.sleep.2023.04.019,JOUR
Ulotaront: review of preliminary evidence for the efficacy and safety of a TAAR1 agonist in schizophrenia,"Achtyes, ED",EUROPEAN ARCHIVES OF PSYCHIATRY AND CLINICAL NEUROSCIENCE,"Ulotaront is a trace amine-associated receptor 1 (TAAR1) agonist in Phase 3 clinical development for the treatment of schizophrenia. Ulotaront was discovered through a unique, target-agnostic approach optimized to identify drug candidates lacking D2 and 5-HT2A receptor antagonism, while demonstrating an antipsychotic-like phenotypic profile in vivo. The mechanism of action (MOA) of ulotaront is thought to be mediated by agonism at TAAR1 and serotonin 5-HT1A receptors. Ulotaront has completed two Phase 2 trials (4-week acute study and 26-week open-label extension) which led to Breakthrough Therapy Designation from the US Food and Drug Administration for the treatment of schizophrenia. In the double-blind, placebo-controlled, acute study, ulotaront was associated with significant (p < 0.001) improvement in Positive and Negative Syndrome Scale (PANSS) total score (effect size [ES]: 0.45), with improvements vs. placebo also observed across secondary endpoints. Post-hoc analyses of the acute trial revealed additional evidence to support the effect of ulotaront on negative symptoms. In the 4-week study, ulotaront was well-tolerated, with an incidence of adverse events (AEs) numerically lower compared to placebo (45.8% vs. 50.4%; with a number needed to harm [NNH] for individual ulotaront AEs all > 40). The open-label extension demonstrated further improvement across schizophrenia symptoms and confirmed the tolerability of ulotaront, with a 6-month completion rate of 67%. Based on current data, ulotaront shows potential to be a first-in-class TAAR1 agonist for the treatment of schizophrenia with a safety and efficacy profile distinct from current antipsychotics.",2023,10.1007/s00406-023-01580-3,JOUR
"Receptors Involved in Mental Disorders and the Use of Clozapine, Chlorpromazine, Olanzapine, and Aripiprazole to Treat Mental Disorders","Mlambo, R",PHARMACEUTICALS,"Mental illnesses are a global health challenge, and effective medicines are needed to treat these conditions. Psychotropic drugs are commonly prescribed to manage mental disorders, such as schizophrenia, but unfortunately, they can cause significant and undesirable side effects, such as myocarditis, erectile dysfunction, and obesity. Furthermore, some schizophrenic patients may not respond to psychotropic drugs, a condition called schizophrenia-treatment resistance. Fortunately, clozapine is a promising option for patients who exhibit treatment resistance. Unlike chlorpromazine, scientists have found that clozapine has fewer neurological side effects. Additionally, olanzapine and aripiprazole are well-known for their moderating effects on psychosis and are widely used in clinical practice. To further maximize drug efficacy, it is critical to deeply understand the receptors or signaling pathways central to the nervous system, such as serotonin, histamine, trace amines, dopamine, and G-protein coupled receptors. This article provides an overview of the receptors mentioned above, as well as the antipsychotics that interact with them, such as olanzapine, aripiprazole, clozapine, and chlorpromazine. Additionally, this article discusses the general pharmacology of these medications.",2023,10.3390/ph16040603,JOUR
"TAAR1 Agonist Ulotaront Improves Glycemic Control, Reduces Body Weight and Modulates Neurocircuits Governing Energy Balance and Feeding in Rodents","Dedic, N",NEUROPSYCHOPHARMACOLOGY,,2022,,JOUR
"Molecular Pathways of the Therapeutic Effects of Ayahuasca, a Botanical Psychedelic and Potential Rapid-Acting Antidepressant","Rossi, GN",BIOMOLECULES,"Ayahuasca is a psychoactive brew traditionally used in indigenous and religious rituals and ceremonies in South America for its therapeutic, psychedelic, and entheogenic effects. It is usually prepared by lengthy boiling of the leaves of the bush Psychotria viridis and the mashed stalks of the vine Banisteriopsis caapi in water. The former contains the classical psychedelic N,N-dimethyltryptamine (DMT), which is thought to be the main psychoactive alkaloid present in the brew. The latter serves as a source for beta-carbolines, known for their monoamine oxidase-inhibiting (MAOI) properties. Recent preliminary research has provided encouraging results investigating ayahuasca's therapeutic potential, especially regarding its antidepressant effects. On a molecular level, pre-clinical and clinical evidence points to a complex pharmacological profile conveyed by the brew, including modulation of serotoninergic, glutamatergic, dopaminergic, and endocannabinoid systems. Its substances also interact with the vesicular monoamine transporter (VMAT), trace amine-associated receptor 1 (TAAR1), and sigma-1 receptors. Furthermore, ayahuasca's components also seem to modulate levels of inflammatory and neurotrophic factors beneficially. On a biological level, this translates into neuroprotective and neuroplastic effects. Here we review the current knowledge regarding these molecular interactions and how they relate to the possible antidepressant effects ayahuasca seems to produce.",2022,10.3390/biom12111618,JOUR
Public Transcriptomic Data Meta-Analysis Demonstrates TAAR6 Expression in the Mental Disorder-Related Brain Areas in Human and Mouse Brain,"Vaganova, AN",BIOMOLECULES,"G protein-coupled trace amine-associated receptors (TAAR) recognize different classes of amine compounds, including trace amines or other exogenous and endogenous molecules. Yet, most members of the TAAR family (TAAR2-TAAR9) are considered olfactory receptors involved in sensing innate odors. In this study, TAAR6 mRNA expression was evaluated in the brain transcriptomic datasets available in the GEO, Allen Brain Atlas, and GTEx databases. Transcriptomic data analysis demonstrated ubiquitous weak TAAR6 mRNA expression in the brain, especially in the prefrontal cortex and nucleus accumbens. RNA sequencing of isolated cells from the nucleus accumbens showed that the expression of TAAR6 in some cell populations may be more pronounced than in whole-tissue samples. Curiously, in D1 and D2 dopamine receptor-expressing medium spiny GABAergic neurons of the nucleus accumbens, TAAR6 expression was co-regulated with genes involved in G protein-coupled receptor signaling. However, in cholinergic interneurons of the nucleus accumbens, TAAR6 expression was not associated with the activation of any specific biological process. Finally, TAAR6 expression in the mouse prefrontal cortex was validated experimentally by RT-PCR analysis. These data demonstrated that TAAR6 is expressed at low levels in the human and mouse brain, particularly in limbic structures involved in the pathogenesis of mental disorders, and thus might represent a new pharmacotherapeutic target.",2022,10.3390/biom12091259,JOUR
Sensory Gating in TAAR1 Knockout Mice,"Aleksandrov, AA",JOURNAL OF EVOLUTIONARY BIOCHEMISTRY AND PHYSIOLOGY,"Trace amines (TA) are a family of endogenous compounds structurally similar to classical biogenic amines that may be involved in the pathogenesis of a number of neuropsychiatric disorders. One of the most studied and perspective member of the TA associated receptors (TAARs) family is the TAAR1. The aim of the present study was to investigate the sensory gating (SG) in freely moving TAAR1 knockout mice in a chronic experiment. The study of SG was conducted in the paired-click paradigm. The SG indices were calculated as an absolute value by subtracting the second stimulus response amplitude from the first stimulus response amplitude (S1-S2) and as a relative value calculated by dividing the S2 amplitude by the response amplitude on S1 (S2/S1). As a result, a significant decrease in the amplitude of the N40 component was found in TAAR1 knockout mice compared to wild-type mice. In addition, the absolute value of sensory gating calculated by the S1-S2 method was also reduced, but the relative value of sensory gating denoted as S1/S2 ratio remained unchanged. Thus, the data obtained indicate the involvement of TAAR1 in the generation of auditory evoked potentials and the potential involvement of the trace amine system in the dosing and filtering of sensory information.",2022,10.1134/s0022093022040044,JOUR
Stimulus Specific Adaptation Is Affected in Trace Amine-Associated Receptor 1 (TAAR1) Knockout Mice,"Knyazeva, VM",JOURNAL OF EVOLUTIONARY BIOCHEMISTRY AND PHYSIOLOGY,"TAAR1 is known as a neuromodulator of monoaminergic systems, providing the negative regulation of dopaminergic and serotonergic neuronal activity. The TAAR1 ability to regulate monoaminergic systems determines its prominent role in psychiatric and neurological disorders. The present study is aimed to provide further evidence for the role of TAAR1 in mismatch negativity (MMN) generation. The electroencephalogram was recorded in freely moving TAAR1 knockout and wild type mice. As the MMN response reflects a combination of stimulus-specific adaptation (SSA) and deviance detection (DD) response, we compare standard and deviant stimuli to the multi-standard control. The difference observed between the high-adapted standard and low-adapted control stimuli together with the similar response to deviant and control stimuli suggest that the MMN-like response in wild type mice most likely reflects the SSA. On the other hand, TAAR1 knockout mice show no difference between standard, deviant, and control stimuli, probably indicating that the SSA to repetitive stimuli is impaired in TAAR-KO mice.",2022,10.1134/s0022093022030061,JOUR
"Pharmacological characterization of 3,4-methylenedioxamphetamine (MDA) analogs and two amphetamine-based compounds: N,α-DEPEA and DPIA","Kolaczynska, KE",EUROPEAN NEUROPSYCHOPHARMACOLOGY,"3,4-methylenedioxamphetamine (MDA) is a psychoactive compound chemically related to the entactogen MDMA. MDA shares some of the entactogenic effects of MDMA but also exerts stimulant effects and psychedelic properties at higher doses. Here, we examined the pharmacological properties of MDA analogs and related amphetamine-based compounds detected in street drug samples or in sport supplements. We examined the key pharmacological mechanisms including monoamine uptake inhibition and release using human embryonic kidney 293 cells stably transfected with the respective human transporters. Additionally, we assessed monoamine transporter and receptor binding and activation properties. MDA, its fluorinated analogs, as well as the alpha-ethyl containing BDB and the dimeric amphetamine DPIA inhibited NET with the greatest potency and preferentially inhibited 5-HT vs. dopamine uptake. The beta-methoxy MDA analog 3C-BOH and the amphetamine-based N,alpha-DEPEA inhibited NET and preferentially inhibited dopamine vs. 5-HT uptake. The test drugs mediated efflux of at least one monoamine with the exception of DPIA. Most compounds bound to 5-HT2A and 5-HT2C receptors (Ki <= 10 mu M) and several substances activated the 5-HT2A and 5-HT2B receptor as partial or full agonists. Furthermore, several compounds interacted with adrenergic receptors and the trace amine associated receptor 1 (TAAR1) in the micromolar range. The pharmacological profiles of some fluorinated and nonfluorinated MDA analogs resemble the profile of MDMA. In contrast, 3CBOH and N,alpha-DEPEA displayed more pronounced dopaminergic activity similar to amphetamine. Pharmacokinetics and pharmacodynamics studies are necessary to better establish the risks and therapeutic potential of the tested drugs.(c) 2022 The Author(s). Published by Elsevier B.V. This is an open access article under the CC BY license ( http://creativecommons.org/licenses/by/4.0/ )",2022,10.1016/j.euroneuro.2022.03.006,JOUR
"Receptor Interaction Profiles of 4-Alkoxy-3,5-Dimethoxy-Phenethylamines (Mescaline Derivatives) and Related Amphetamines","Kolaczynska, KE",FRONTIERS IN PHARMACOLOGY,"3,4,5-Trimethoxyphenethylamine (mescaline) is a psychedelic alkaloid found in peyote cactus. Related 4-alkoxy-3,5-dimethoxy-substituted phenethylamines (scalines) and amphetamines (3C-scalines) are reported to induce similarly potent psychedelic effects and are therefore potential novel therapeutics for psychedelic-assisted therapy. Herein, several pharmacologically uninvestigated scalines and 3C-scalines were examined at key monoamine targets in vitro. Binding affinity at human serotonergic 5-HT1A, 5-HT2A, and 5-HT2C, adrenergic alpha(1A) and alpha(2A), and dopaminergic D-2 receptors, rat and mouse trace amine-associated receptor 1 (TAAR1), and human monoamine transporters were assessed using target specific transfected cells. Furthermore, activation of human 5-HT2A and 5-HT2B receptors, and TAAR1 was examined. Generally, scalines and 3C-scalines bound with weak to moderately high affinity to the 5-HT2A receptor (K-i = 150-12,000 nM). 3C-scalines showed a marginal preference for the 5-HT2A vs the 5-HT2C and 5-HT1A receptors whereas no preference was observed for the scalines. Extending the 4-alkoxy substituent increased 5-HT2A and 5-HT2C receptors binding affinities, and enhanced activation potency and efficacy at the 5-HT2A but not at the 5-HT2B receptor. Introduction of fluorinated 4-alkoxy substituents generally increased 5-HT2A and 5-HT2C receptors binding affinities and increased the activation potency and efficacy at the 5-HT2A and 5-HT2B receptors. Overall, no potent affinity was observed at non-serotonergic targets. As observed for other psychedelics, scalines and 3C-scalines interacted with the 5-HT2A and 5-HT2C receptors and bound with higher affinities (up to 63-fold and 34-fold increase, respectively) when compared to mescaline.",2022,10.3389/fphar.2021.794254,JOUR
Gut Bacteria and Neuropsychiatric Disorders,"Dicks, LMT",MICROORGANISMS,"Bacteria in the gut microbiome plays an intrinsic part in immune activation, intestinal permeability, enteric reflex, and entero-endocrine signaling. Apart from physiological and structural changes brought about by gut bacteria on entero-epithelial cells and mucus layers, a vast number of signals generated in the gastro-intestinal tract (GIT) reaches the brain via the vagus nerve. Research on the gut-brain axis (GBA) has mostly been devoted to digestive functions and satiety. Less papers have been published on the role gut microbiota play in mood, cognitive behavior and neuropsychiatric disorders such as autism, depression and schizophrenia. Whether we will be able to fully decipher the connection between gut microbiota and mental health is debatable, especially since the gut microbiome is diverse, everchanging and highly responsive to external stimuli. Nevertheless, the more we discover about the gut microbiome and the more we learn about the GBA, the greater the chance of developing novel therapeutics, probiotics and psychobiotics to treat gastro-intestinal disorders such as inflammatory bowel disease (IBD) and irritable bowel syndrome (IBS), but also improve cognitive functions and prevent or treat mental disorders. In this review we focus on the influence gut bacteria and their metabolites have on neuropsychiatric disorders.",2021,10.3390/microorganisms9122583,JOUR
Effect of TAAR1/5-HT1A agonist SEP-363856 on REM sleep in humans,"Hopkins, SC",TRANSLATIONAL PSYCHIATRY,"SEP-363856 is a trace amine-associated receptor 1 (TAAR1) and 5-hydroxytryptamine type 1A (5-HT1A) agonist, currently in Phase 3 clinical trials for the treatment of schizophrenia. Although SEP-363856 activates TAAR1 and 5-HT1A receptors in vitro, an accessible marker of time- and concentration-dependent effects of SEP-363856 in humans is lacking. In rodents, SEP-363856 has been shown to suppress rapid eye movement (REM) sleep. The aim of the current study was to translate the REM sleep effects to humans and determine pharmacokinetic/pharmacodynamic (PK/PD) relationships of SEP-363856 on a measure of brain activity. The effects of SEP-363856 were evaluated in a randomized, double-blind, placebo-controlled, 2-way crossover study of single oral doses (50 and 10mg) on REM sleep in healthy male subjects (N=12 at each dose level). Drug concentrations were sampled during sleep to interpolate individual subject's pharmacokinetic trajectories. SEP-363856 suppressed REM sleep parameters with very large effect sizes (>3) following single doses of 50mg and plasma concentrations >= 100ng/mL. Below that effective concentration, the 10mg dose elicited much smaller effects, increasing only the latency to REM sleep (effect size = 1). The PK/PD relationships demonstrated that REM sleep probability increased as drug concentrations declined below 100ng/mL over the course of the night. SEP-363856 was generally safe and well tolerated at both doses. The REM sleep-suppressing effects of SEP-363856 provide an accessible marker of brain activity, which can aid in dose selection and help elucidate its therapeutic potential in further clinical trials.",2021,10.1038/s41398-021-01331-9,JOUR
Mechanism of Action of Atypical Antipsychotic Drugs in Mood Disorders,"Grinchii, D",INTERNATIONAL JOURNAL OF MOLECULAR SCIENCES,"Atypical antipsychotic drugs were introduced in the early 1990s. Unlike typical antipsychotics, which are effective only against positive symptoms of schizophrenia, atypical antipsychotics are effective against negative and cognitive symptoms as well. Furthermore, they are effective not only in psychotic but also in affective disorders, on their own or as adjuncts to antidepressant drugs. This review presents the neural mechanisms of currently existing atypical antipsychotics and putative antipsychotics currently being investigated in preclinical and clinical studies and how these relate to their effectiveness in mood disorders such as depression, anxiety, and post-traumatic stress disorder (PTSD). Typical antipsychotics act almost exclusively on the dopamine system. Atypical drugs, however, modulate serotonin (5-HT), norepinephrine, and/or histamine neurotransmission as well. This multimodal mechanism of action putatively underlies the beneficial effect of atypical antipsychotics in mood and anxiety disorders. Interestingly, novel experimental drugs having dual antipsychotic and antidepressant therapeutic potential, such as histamine, adenosine, and trace amine-associated receptors (TAAR) ligand, are also characterized by a multimodal stimulatory effect on central 5-HT, norepinephrine, and/or histamine transmission. The multimodal stimulatory effect on central monoamine neurotransmission may be thus primarily responsible for the combined antidepressant and antipsychotic therapeutic potential of certain central nervous system (CNS) drugs.",2020,10.3390/ijms21249532,JOUR
Trace Amines and Behavior,"Zhukov, DA",NEUROCHEMICAL JOURNAL,"Trace amines are similar in structure to catecholamines and serotonin of the central nervous system but are present at much lower concentrations. Trace amines such as tyramine, tryptamine, octopamine, and beta-phenylethylamine, bind to highly specific receptors that have low affinity for catecholamines and serotonin. Several types of trace amine receptors have been identified. Trace amine-associated receptor 1 is localized in the prefrontal cortex and limbic structures. Localization of the other types of receptors is different. In particular, trace amine-associated receptor 5 is localized in the olfactory epithelium and structures of the olfactory brain. By interaction with dopaminergic and other neurotransmitter systems of the CNS, trace amines are involved in the regulation of many behavioral forms. In simplistic terms, we can talk about the functional antagonism of trace amines and the dopaminergic system. Trace amines are considered as promising antipsychotics, which is evidenced by the results of studies in animal models of schizophrenia.",2020,10.1134/s1819712420040108,JOUR
Putative Trace-Amine Associated Receptor 5 (TAAR5) Agonist α-NETA Increases Electrocorticogram Gamma-Rhythm in Freely Moving Rats,"Belov, DR",CELLULAR AND MOLECULAR NEUROBIOLOGY,"Cortical gamma rhythm is involved in transmission of information (communication) between brain areas that are believed to be involved in the pathogenesis of cognitive dysfunctions. Trace amines represent a group of endogenous biogenic amines that are known to be involved in modulation of function of classical monoamines, such as dopamine. To evaluate potential modulatory influence of a specific receptor for trace amines Trace Amine-Associated Receptor 5 (TAAR5) on the dopamine system, we used HPLC measurements of dopamine and its metabolites in the mouse striatum following administration of the putative TAAR5 agonist alpha-NETA. Administration of alpha-NETA caused significant modulation of dopaminergic system as evidenced by an altered dopamine turnover rate in the striatum. Then, to evaluate potential modulatory influence of TAAR5 on the rat brain gamma rhythm, we investigated the changes of electrocorticogram (ECoG) spectral power in the gamma-frequency range (40-50 Hz) following administration of the putative TAAR5 agonist alpha-NETA. In addition, we analyzed the changes of spatial synchronization of gamma oscillations of rat ECoG by multichannel recording. Significant complex changes were observed in the ECoG spectrum, including an increase in the spectral power in the ranges of delta (1 Hz), theta (7 Hz), and gamma rhythms (40-50 Hz) after the introduction of alpha-NETA. Furthermore, a decrease in the spatial synchronization of gamma oscillations of 40-50 Hz and its increase for theta oscillations of 7 Hz were detected after the introduction of alpha-NETA. In conclusion, putative TAAR5 agonist alpha-NETA can modulate striatal dopamine transmission and cause significant alterations of gamma rhythm of brain activity in a manner consistent with schizophrenia-related deficits described in humans and experimental animals. These observations suggest a role of TAAR5 in the modulation of cognitive functions affected in brain pathologies.",2020,10.1007/s10571-019-00716-1,JOUR
The Action of TAAR1 Agonist RO5263397 on Executive Functions in Rats,"Dorotenko, A",CELLULAR AND MOLECULAR NEUROBIOLOGY,"Trace amine-associated receptor 1 (TAAR1) is a widely recognized new perspective target for the neuropsychiatric pharmacological treatment. Despite a growing number of studies investigating TAAR1 role in the animal models of different pathologies, information of TAAR1 agonists impact on executive cognitive functions is limited. The goal of the present study was to evaluate the activity of highly selective partial TAAR1 agonist RO5263397 on various executive cognitive functions. The results of the present study demonstrated that the pretreatment with RO5263397 was able to increase attention and decrease cognitive flexibility in rats. The analysis of the RO5263397 action on impulsivity demonstrated that the TAAR1 activation failed to affect premature responding but was able to slightly modify impulsive choice. Problem solving was resistant to the pharmacological intervention.",2020,10.1007/s10571-019-00757-6,JOUR
Pheromone receptors and their putative ligands: possible role in humans,"Precone, V",EUROPEAN REVIEW FOR MEDICAL AND PHARMACOLOGICAL SCIENCES,"Pheromones are ectohormones that play an important role in communication and behavior. Pheromones and pheromone receptor genes are important in mice and other mammals that rely heavily on pheromone cues to survive. Although there is controversy about whether pheromones and pheromone receptor genes have the same importance or are even active in humans, there are some hints that they might have roles in sociosexual behavior and mental disorders. The aim of this qualitative review was to provide an overview of the state of the art regarding pheromones and pheromone receptors in humans and their possible implications in human physiology and pathology. An electronic search was conducted in MED-LINE, PubMed and Scopus databases for articles published in English up to December 2018. The search concerned a possible role of pheromones and pheromone receptors in humans with implications for sociosexual behavior, mental disorders, the menstrual cycle and nutrition. Pheromone communication in humans has not been definitively demonstrated. However, the potential ability of putative pheromones to activate the hypothalamus. which controls the release of many hormones, suggests they could have a role in systemic functions in humans. Future confirmation of the effects of pheromones and pheromone receptors in humans could be useful in the prevention and treatment of various human disorders.",2020,,JOUR
"Pharmacological profiles of compounds in preworkout supplements (""boosters"")","Rickli, A",EUROPEAN JOURNAL OF PHARMACOLOGY,"Preworkout supplements (""boosters"") are used to enhance physical and mental performance during workouts. These products may contain various chemical substances with undefined pharmacological activity. We investigated whether substances that are contained in commercially available athletic multiple-ingredient preworkout supplements exert amphetamine-type activity at norepinephrine, dopamine, and serotonin transporters (NET, DAT, and SERT, respectively). We assessed the in vitro monoamine transporter inhibition potencies of the substances using human embryonic kidney 293 cells that expressed the human NET, DAT, and SERT. The phenethylamines beta-phenethylamine, N-methylphenethylamine, beta-methylphenethylamine, N-benzylphenethylamine, N-methyl-beta-methylphenethylamine, and methylsynephrine inhibited the NET and less potently the DAT similarly to D-amphetamine. beta-phenethylamine was the most potent, with IC50 values of 0.05 and 1.8 mu M at the NET and DAT, respectively. These IC50 values were comparable to D-amphetamine (IC50 = 0.09 and 1.3 mu M, respectively). The alkylamines 1,3-dimethylbutylamine and 1,3-dimethylamylamine blocked the NET but not the DAT. Most of the phenethylamines interacted with trace amine-associated receptor 1, serotonin 5-hydroxytryptamine-1A receptor, and adrenergic alpha(1A) and alpha(2A) receptors at submicromolar concentrations. None of the compounds blocked the SERT. In conclusion, products that are used by athletes may contain substances with mainly noradrenergic amphetamine-type properties.",2019,10.1016/j.ejphar.2019.172515,JOUR
"Monoamine receptor interaction profiles of 4-aryl-substituted 2,5-dimethoxyphenethylamines (2C-BI derivatives)","Luethi, D",EUROPEAN JOURNAL OF PHARMACOLOGY,"Many ring-substituted phenethylamines exert psychedelic effects that are thought to be primarily mediated by interactions with serotonergic 5-hydroxytryptamine 2 (5-HT2A) receptors. The 2,5-dimethoxyphenethylamine (2C derivative) core structure with small lipophilic substituents at the 4-position seems to be particularly favorable for psychedelic effects. In contrast, 2C derivatives with bulky lipophilic substituents at the 4-position of the phenyl ring tend to display antagonist behavior at serotonin 5-HT2 receptor sites. To gain a better understanding of agonist and antagonist behavior of substituted phenethylamines, binding affinities and functional activation and inhibition of a series of 4'-aryl substituted 2,5-dimethoxyphenethylamine (2C-BI derivatives) at various monoamine receptors were determined. In addition, the interactions of the compounds with monoamine transporters were assessed. Various 2C-BI derivatives potently bound to human serotonergic and adrenergic receptors and to rat and mouse trace amine-associated receptor 1. Additionally, 2C-BI-8 and 2C-BI-12 activated serotonin 5-HT2A and 5-HT2B receptors at submicromolar concentrations. 2C-BI-1 and 2C-BI-7 were the only 2C-BI derivatives to activate human trace amine-associated receptor 1. 2C-BI-3 and 2C-BI-4 interacted with monoamine transporters but with low overall potency. In conclusion, the tested 2C-BI derivatives displayed diverse pharmacological profiles. The relatively high affinities of various 2C-BI derivatives at the serotonin 5-HT2A receptor indicate a high steric tolerance of the binding pocket. Potent partial activation of the serotonin 5-HT2A receptor by 2C-BI-8 and 2C-BI-12 suggests that these substances may potentially exert psychedelic effects similar to other compounds of the 2C family.",2019,10.1016/j.ejphar.2019.05.014,JOUR
"Behavioral Phenotyping of Dopamine Transporter Knockout rats: compulsive Traits, Motor stereotypies, and anhedonia","Cinque, S",FRONTIERS IN PSYCHIATRY,"Alterations in dopamine neurotransmission are generally associated with diseases such as attention-deficit/hyperactivity disorder (ADHD) and obsessive-compulsive disorder (OCD). Such diseases typically feature poor decision making and lack of control on executive functions and have been studied through the years using many animal models. Dopamine transporter (DAT) knockout (KO) and heterozygous (HET) mice, in particular, have been widely used to study ADHD. Recently, a strain of DAT KO rats has been developed (1). Here, we provide a phenotypic characterization of reward sensitivity and compulsive choice by adult rats born from DAT-HET dams bred with DAT-HET males, in order to further validate DAT KO rats as an animal model for preclinical research. We first tested DAT KO rats' sensitivity to rewarding stimuli, provided by highly appetitive food or sweet water; then, we tested their choice behavior with an Intolerance-to-Delay Task (IDT). During these tests, DAT KO rats appeared less sensitive to rewarding stimuli than wild-type (WT) and HET rats: they also showed a prominent hyperactive behavior with a rigid choice pattern and a wide number of compulsive stereotypies. Moreover, during the IDT, we tested the effects of amphetamine (AMPH) and RO-5203648, a trace amine-associated receptor 1 (TAAR1) partial agonist. AMPH accentuated impulsive-behaviors in WT and HET rats, while it had no effect in DAT KO rats. Finally, we measured the levels of tyrosine hydroxylase, dopamine receptor 2 (D2), serotonin transporter, and TAAR1 mRNA transcripts in samples of ventral striatum, finding no significant differences between WT and KO genotypes. Throughout this study, DAT KO rats showed alterations in decision-making processes and in motivational states, as well as prominent motor and oral stereotypies: more studies are warranted to fully characterize and efficiently use them in preclinical research.",2018,10.3389/fpsyt.2018.00043,JOUR
The Case for TAAR1 as a Modulator of Central Nervous System Function,"Rutigliano, G",FRONTIERS IN PHARMACOLOGY,"TAAR1 is widely expressed across the mammalian brain, particularly in limbic and monoaminergic areas, allegedly involved in mood, attention, memory, fear, and addiction. However, the subcellular distribution of TAAR1 is still unclear, since TAAR1 signal is largely intracellular. In vitro, TAAR1 is activated with nanomolar to micromolar affinity by some endogenous amines, particularly p-tyramine, beta-phenylethylamine, and 3-iodothyronamine (T1AM), the latter representing a novel branch of thyroid hormone signaling. In addition, TAAR1 responds to a number of psychoactive drugs, i.e., amphetamines, ergoline derivatives, bromocriptine and lisuride. Trace amines have been identified as neurotransmitters in invertebrates, and they are considered as potential neuromodulators. In particular, beta-phenylethylamine and p-tyramine have been reported to modify the release and/or the response to dopamine, norepinephrine, acetylcholine and GABA, while evidence of cross-talk between TAAR1 and other aminergic receptors has been provided. Systemic or intracerebroventricular injection of exogenous T1AM produced prolearning and antiamnestic effects, reduced pain threshold, decreased non-REM sleep, and modulated the firing rate of adrenergic neurons in locus coeruleus. However each of these substances may have additional molecular targets, and it is unclear whether their endogenous levels are sufficient to produce significant TAAR1 activation in vivo. TAAR1 knock out mice show a worse performance in anxiety and working memory tests, and they are more prone to develop ethanol addiction. They also show increased locomotor response to amphetamine, and decreased stereotypical responses induced by apomorphine. Notably, human genes for TAARs cluster on chromosome 6 at q23, within a region whose mutations have been reported to confer susceptibility to schizophrenia and bipolar disorder. For human TAAR1, around 200 non-synonymous and 400 synonymous single nucleotide polymorphisms have been identified, but their functional consequences have not been extensively investigated yet. In conclusion, the bulk of evidence points to a significant physiological role of TAAR1 in the modulation of central nervous system function and a potential pharmacological role of TAAR1 agonists in neurology and/or psychiatry. However, the specific effects of TAAR1 stimulation are still controversial, and many crucial issues require further investigation.",2018,10.3389/fphar.2017.00987,JOUR
Possible role of rare variants in Trace amine associated receptor 1 in schizophrenia,"John, J",SCHIZOPHRENIA RESEARCH,"Schizophrenia (SZ) is a chronic mental illness with behavioral abnormalities. Recent common variant based genome wide association studies and rare variant detection using next generation sequencing approaches have identified numerous variants that confer risk for SZ, but etiology remains unclear propelling continuing investigations. Using whole exome sequencing, we identified a rare heterozygous variant (c.545G > T; p.Cys182Phe) in Trace amine associated receptor 1 gene (TAAR1 6q23.2) in three affected members in a small SZ family. The variant predicted to be damaging by 15 prediction tools, causes breakage of a conserved disulfide bond in this G-protein-coupled receptor. On screening this intronless gene for additional variant(s) in similar to 800 sporadic SZ patients, we identified six rare protein altering variants (MAF < 0.001) namely p.Ser47Cys, p.Phe51Leu, p.Tyr294Ter, p.Leu295Ser in four unrelated north Indian cases (n = 475); p.Ala109Thr and p.Val250Ala in two independent Caucasian/African-American patients (n = 310). Five of these variants were also predicted to be damaging. Besides, a rare synonymous variant was observed in SZ patients. These rare variants were absent in north Indian healthy controls (n = 410) but significantly enriched in patients (p = 0.036). Conversely, three common coding SNPs (rs8192621, rs8192620 and rs8192619) and a promoter SNP (rs60266355) tested for association with SZ in the north Indian cohort were not significant (P > 0.05). TAAR1 is a modulator of monoaminergic pathways and interacts with AKT signaling pathways. Substantial animal model based pharmacological and functional data implying its relevance in SZ are also available. However, this is the first report suggestive of the likely contribution of rare variants in this gene to SZ. (C) 2017 Elsevier B.V. All rights reserved.",2017,10.1016/j.schres.2017.02.020,JOUR
Trace amine-associated receptor 1 agonists RO5263397 and RO5166017 attenuate quinpirole-induced yawning but not hypothermia in rats,"Siemian, JN",BEHAVIOURAL PHARMACOLOGY,"Increasing evidence suggests that trace amine-associated receptor 1 (TAAR1) is an important modulator of the dopaminergic system. Existing molecular evidence indicates that TAAR1 regulates dopamine levels through interactions with dopamine transporters and D2 receptors. However, investigations to date have not been exhaustive and other pathways may be involved. In this study, we used a well-described set of behaviors, quinpirole-induced yawning and hypothermia, to explore the potential interaction of TAAR1 and D3 receptors, which are members of the 'D2-like' dopamine receptor subfamily. Previous studies have shown that for D2/D3 receptor agonists, the induction of yawning is a D3 receptor-mediated effect, whereas the inhibition of yawning and induction of hypothermia are D2 receptor-mediated effects. Quinpirole produced an inverted U-shaped dose-effect curve for yawning, which was shifted downward dose-dependently by each of the TAAR1 agonists RO5263397 and RO5166017. Quinpirole also produced dose-dependent hypothermia which was not affected by either TAAR1 agonist. These results suggest that TAAR1 agonists may interact with D3 receptors and/or its downstream pathways, as opposed to D2 receptors. These findings may shed light on a previously unexplored possibility for the mechanism of TAAR1-mediated effects. Behavioural Pharmacology 28: 590-593 Copyright (C) 2017 Wolters Kluwer Health, Inc. All rights reserved.",2017,10.1097/fbp.0000000000000330,JOUR
Trace Amine-Associated Receptor | Regulates Wakefulness and EEG Spectral Composition,"Schwartz, MD",NEUROPSYCHOPHARMACOLOGY,"Trace amine-associated receptor 1 (TAAR1) agonists have been shown to have procognitive, antipsychotic-like, anxiolytic, weightreducing, glucose-lowering, and wake-promoting activities. We used Taar1 knockout (KO) and overexpressing (OE) mice and TAAR1 agonists to elucidate the role of TAAR1 in sleep/wake. EEG, EMG, body temperature (Tb), and locomotor activity (LMA) were recorded in Taar1 KO, OE, and WT mice. Following a 24 h recording to characterize basal sleep/wake parameters, mice were sleep deprived (SD) for 6 h. In another experiment, mice were given three doses of the TAAR1 partial agonist RO5263397, caffeine, or vehicle p. o. Baseline wakefulness was modestly increased in OE compared with WT mice. Baseline theta (4.5-9 Hz) and low gamma (30-60 Hz) activity was elevated in KO compared with OE mice in NREM and REM sleep. Following SD, both KO and OE mice exhibited a homeostatic sleep rebound. In WT mice, RO5263397 increased waking and reduced NREM and REM sleep, decreased gamma power during wake and NREM, and decreased Tb without affecting LMA; these effects were absent in KO mice and potentiated in OE mice. In contrast, caffeine increased wake time, NREM gamma power, and LMA in all strains compared with vehicle; this effect was attenuated in KO and potentiated in OE mice. TAAR1 overexpression modestly increases wakefulness, whereas TAAR1 partial agonism increases wakefulness and also reduces NREM and also REM sleep. These results indicate a modulatory role for TAAR1 in sleep/wake and cortical activity and suggest TAAR1 as a novel target for wake-promoting therapeutics.",2017,10.1038/npp.2016.216,JOUR
"The 2014 Philip S. Portoghese Medicinal Chemistry Lectureship: The ""Phenylalkylaminome"" with a Focus on Selected Drugs of Abuse","Glennon, RA",JOURNAL OF MEDICINAL CHEMISTRY,"The phenylalkylamine; particularly the phenylethylamine, moiety is a common structural feature found embedded in many clinically approved agents. Greater still is its occurrence in drugs of abuse. The simplest phenylethylamine, 2-phenylethylamine itself, is without significant central action when administered at moderate doses, but fairly simple structural modifications profoundly impact its pharmacology and result in large numbers of useful pharmacological tools, agents with therapeutic potential, and in drugs of abuse (e.g., hallucinogens, central stimulants, empathogens), the latter of which are the primary focus here. In vivo drug discrimination techniques and in vitro receptor/transporter methods have been applied to understand the actions of these phenylalkylamines and their mechanisms of action. Thus far, depending upon pendent substituents, certain receptors (e.g., serotonin receptors) and monoamine transporters (i.e., serotonin, dopamine, and norepinephrine transporters) have been implicated as playing major roles in the actions of these abused agents in a complex and, at times, interwoven manner.",2017,10.1021/acs.jmedchem.7b00085,JOUR
"Structure Modeling and Molecular Docking Studies of Schizophrenia Candidate Genes, Synapsins 2 (SYN2) and Trace Amino Acid Receptor (TAAR6)","Khattak, NA",BIOINFORMATICS RESEARCH AND APPLICATIONS (ISBRA 2017),"Schizophrenia (SZ) is a severe manifesting psychiatric neural disorder with abnormal behavior, disorganized speech and figment of the imagination. The Synapsin II (SYN2) and Trace Amine Associated Receptor (TAAR6) genes has direct association with SZ. In the current study, the 3-dimensional structure of SYN2 and TAAR6 protein is proposed and the protein-protein docking analysis was applied to explore the binding interactions of the candidate proteins. The comparative modeling was performed with the suitable template (Q86VA8 for SYN2 and H0YF79 for TAAR6) which represents the query coverage (71%, 87%), sequence identity (67%, 34%) and the e-value (0.0, 1e-43) respectively. The structure quality of the predicted model of SYN2 and TAAR6 presents 90.7%, and 96.5% residues in the favored region of Ramachandran plot analysis respectively, suggests the good quality models construction. The phylogenetic analysis suggests that the TAAR6 sequence is conserved in chimpanzee and gorilla (> 80% homology) whereas the SYN2 is closely related with macaque. The protein docking analysis of SYN2 shows five ionic interactions with Lys-256, Lys-539, Arg-475, Gln-536 and Gln-529 with His-121, Glu-467, Glu-472, Arg-458 and Asp-477 of CAPON. The TAAR6 have two interactions of Glu-33 and Gly-171 with Arg-85 and Lys-52 of the PPP3CC. Current computational study may play a significant role to recruit, analyze and cure the mysteries of schizophrenia neurodegenerative disorder.",2017,10.1007/978-3-319-59575-7_26,CPAPER
The emerging roles of human trace amines and human trace amine- associated receptors (hTAARs) in central nervous system,"Khan, MZ",BIOMEDICINE & PHARMACOTHERAPY,"Human trace amines (TAs) are endogenous compounds, previously almost ignored in human pathology for many reasons (difficulty of their measurement in biological fluids, unknown receptors for elusive amines), are now considered to play a significant role in synaptic transmission within the central nervous system (CNS) acting as neuromodulators. The recent discovery of a novel family of G-protein-coupled receptors (GPCRs) that includes individual members that are highly specific for TAs indicates a potential role for TAs as vertebrate neurotransmitters or neuromodulators, although the majority of these GPCRs so far have not been demonstrated to be activated by TAs. Human trace amine receptors (including TAAR1 TAAR2 TAAR5 TAAR6 TAAR8 TAAR9) are expressed in the brain and play significant physiological and neuropathological roles by activation of trace amines. We herein discuss the recent findings that provide insights into the functional roles of human trace amines (including P-Octopamine, beta phenylethylamine, Tryptamine, Tyramine, Synephrine, 3-Iodothyronamine, 3-Methoxytyramine, N-Methyltyramine, N-Methylphenethylamine) in brain. Furthermore, we discuss the known functions of human trace amine receptors in brain. (C) 2016 Elsevier Masson SAS. All rights reserved.",2016,10.1016/j.biopha.2016.07.002,JOUR
Common Variation in the DOPA Decarboxylase (DDC) Gene and Human Striatal DDC Activity In Vivo,"Eisenberg, DP",NEUROPSYCHOPHARMACOLOGY,"The synthesis of multiple amine neurotransmitters, such as dopamine, norepinephrine, serotonin, and trace amines, relies in part on DOPA decarboxylase (DDC, AADC), an enzyme that is required for normative neural operations. Because rare, loss-of-function mutations in the DDC gene result in severe enzymatic deficiency and devastating autonomic, motor, and cognitive impairment, DDC common genetic polymorphisms have been proposed as a source of more moderate, but clinically important, alterations in DDC function that may contribute to risk, course, or treatment response in complex, heritable neuropsychiatric illnesses. However, a direct link between common genetic variation in DDC and DDC activity in the living human brain has never been established. We therefore tested for this association by conducting extensive genotyping across the DDC gene in a large cohort of 120 healthy individuals, for whom DDC activity was then quantified with [F-18]-FDOPA positron emission tomography (PET). The specific uptake constant, K-i, a measure of DDC activity, was estimated for striatal regions of interest and found to be predicted by one of five tested haplotypes, particularly in the ventral striatum. These data provide evidence for cis-acting, functional common polymorphisms in the DDC gene and support future work to determine whether such variation might meaningfully contribute to DDC-mediated neural processes relevant to neuropsychiatric illness and treatment.",2016,10.1038/npp.2016.31,JOUR
"Discovery and Characterization of 2-Aminooxazolines as Highly Potent, Selective, and Orally Active TAAR1 Agonists","Galley, G",ACS MEDICINAL CHEMISTRY LETTERS,"2-Aminooxazolines were discovered as a novel structural class of TAAR1 ligands. Starting from a known adrenergic compound 1, structural modifications were made to obtain highly potent and selective TAAR1 ligands such as 12 (RO5166017), 18 (RO5256390), 36 (RO5203648), and 48 (RO5263397). These compounds exhibit drug-like physicochemical properties, have good oral bioavailability, and display in vivo activity in a variety of animal models relevant for psychiatric diseases and addiction.",2016,10.1021/acsmedchemlett.5b00449,JOUR
TAAR1 Modulates Cortical Glutamate NMDA Receptor Function,"Espinoza, S",NEUROPSYCHOPHARMACOLOGY,"Trace Amine-Associated Receptor 1 (TAAR1) is a G protein-coupled receptor expressed in the mammalian brain and known to influence subcortical monoaminergic transmission. Monoamines, such as dopamine, also play an important role within the prefrontal cortex (PFC) circuitry, which is critically involved in high-o5rder cognitive processes. TAAR1-selective ligands have shown potential antipsychotic, antidepressant, and pro-cognitive effects in experimental animal models; however, it remains unclear whether TAAR1 can affect PFC-related processes and functions. In this study, we document a distinct pattern of expression of TAAR1 in the PFC, as well as altered subunit composition and deficient functionality of the glutamate N-methyl-D-aspartate (NMDA) receptors in the pyramidal neurons of layer V of PFC in mice lacking TAAR1. The dysregulated cortical glutamate transmission in TAAR1-KO mice was associated with aberrant behaviors in several tests, indicating a perseverative and impulsive phenotype of mutants. Conversely, pharmacological activation of TAAR1 with selective agonists reduced premature impulsive responses observed in the fixed-interval conditioning schedule in normal mice. Our study indicates that TAAR1 plays an important role in the modulation of NMDA receptor-mediated glutamate transmission in the PFC and related functions. Furthermore, these data suggest that the development of TAAR1-based drugs could provide a novel therapeutic approach for the treatment of disorders related to aberrant cortical functions.",2015,10.1038/npp.2015.65,JOUR
Postsynaptic D2 dopamine receptor supersensitivity in the striatum of mice lacking TAAR1,"Espinoza, S",NEUROPHARMACOLOGY,"Trace Amine-Associated Receptor 1 (TAAR1) is a G protein-coupled receptor (GPCR) known to modulate dopaminergic system through several mechanisms. Mice lacking this receptor show a higher sensitivity to dopaminergic stimuli, such as amphetamine; however, it is not clear whether D1 or D2 dopamine receptors and which associated intracellular signaling events are involved in this modulation. In the striatum of TAAR1 knock out (TAAR1-KO mice) we found that D2, but not D1, dopamine receptors were over-expressed, both in terms of mRNA and protein levels. Moreover, the D2 dopamine receptor-related G protein-independent AKT/GSK3 signaling pathway was selectively activated, as indicated by the decrease of phosphorylation of AKT and GSK3 beta. The decrease in phospho-AKT levels, suggesting an increase in D2 dopamine receptor activity in basal conditions, was associated with an increase of AKT/PP2A complex, as revealed by co-immunoprecipitation experiments. Finally, we found that the locomotor activation induced by the D2 dopamine receptor agonist quinpirole, but not by the full D1 dopamine receptor agonist SKF-82958, was increased in TAAR1-KO mice. These data demonstrate pronounced supersensitivity of postsynaptic D2 dopamine receptors in the striatum of TAAR1-KO mice and indicate that a close interaction of TAAR1 and D2 dopamine receptors at the level of postsynaptic structures has important functional consequences. (C) 2015 Elsevier Ltd. All rights reserved.",2015,10.1016/j.neuropharm.2015.02.010,JOUR
A UGT2B10 Splicing Polymorphism Common in African Populations May Greatly Increase Drug Exposure,"Fowler, S",JOURNAL OF PHARMACOLOGY AND EXPERIMENTAL THERAPEUTICS,"RO5263397 [(S)-4-(3-fluoro-2-methyl-phenyl)-4,5-dihydro-oxazol-2-ylamine],a new compound that showed promising results in animal models of schizophrenia, is mainly metabolized in humans by N-glucuronidation. Enzyme studies, using the (then) available commercial uridine 5'-diphosphate-glucuronosyltransferases (UGTs), suggested that UGT1A4 is responsible for its conjugation. In the first clinical trial, in which RO5263397 was administered orally to healthy human volunteers, a 136-fold above-average systemic exposure to the parent compound was found in one of the participants. Further administration in this trial identified two more such poor metabolizers, all three of African origin. Additional in vitro studies with recombinant UGTs showed that the contribution of UGT2B10 to RO5263397 glucuronidation is much higher than UGT1A4 at clinically relevant concentrations. DNA sequencing in all of these poormetabolizers identified a previously uncharacterized splice site mutation that prevents assembly of full-length UGT2B10 mRNA and thus functional UGT2B10 protein expression. Further DNA database analyses revealed the UGT2B10 splice site mutation to be highly frequent in individuals of African origin (45%), moderately frequent in Asians (8%) and almost unrepresented in Caucasians (<1%). A prospective study using hepatocytes from 20 individual African donors demonstrated a >100-fold lower intrinsic clearance of RO5263397 in cells homozygous for the splice site variant allele. Our results highlight the need to include UGT2B10 when screening the human UGTs for the enzymes involved in the glucuronidation of a new compound, particularly when there is a possibility of N-glucuronidation. Moreover, this study demonstrates the importance of considering different ethnicities during drug development.",2015,10.1124/jpet.114.220194,JOUR
Effects of the Trace Amine-Associated Receptor 1 Agonist RO5263397 on Abuse-Related Effects of Cocaine in Rats,"Thorn, DA",NEUROPSYCHOPHARMACOLOGY,"Animal knockout studies suggest that trace amine-associated receptor (TAAR) 1 is involved in behavioral effects of psychostimulants such as cocaine. Recently, several highly selective TAAR 1 agonists have been discovered. However, little is known of the impact of TAAR 1 agonists on abuse-related effects of cocaine. Here, we report the effects of a TAAR 1 agonist RO5263397 on several abuse-related behavioral effects of cocaine in rats. RO5263397 was evaluated for its effects on cocaine-induced behavioral sensitization, conditioned place preference (CPP), cue- and cocaine prime-induced reinstatement of cocaine-seeking behavior, and cocaine self-administration using behavioral economic analysis. RO5263397 reduced the expression of cocaine behavioral sensitization, cue- and cocaine prime-induced reinstatement of cocaine seeking, and expression but not development of cocaine CPP. Behavioral economic analysis showed that RO5263397 increased the elasticity of the cocaine demand curve, but did not change cocaine consumption at minimal prices. Taken together, this is the first systematic assessment of a TAAR 1 agonist on a range of behavioral effects of cocaine, showing that RO5263397 was efficacious in reducing cocaine-mediated behaviors. Collectively, these data uncover essential neuromodulatory roles of TAAR 1 on cocaine abuse, and suggest that TAR I may represent a novel drug target for the treatment of cocaine addiction.",2014,10.1038/npp.2014.91,JOUR
The trace amine associated receptor 1 agonist RO5263397 attenuates the induction of cocaine behavioral sensitization in rats,"Thorn, DA",NEUROSCIENCE LETTERS,"The trace amine associated receptor (TAAR) 1 is a new G protein coupled receptor that critically modulates central dopaminergic system. Recently, several selective TAAR 1 ligands have been described to possess antipsychotic and antidepressant-like activities. However, it is unknown of the role of these ligands in modulating psychostimulant-induced neurobehavioral plasticity. This study examined the effects of a selective TAAR 1 agonist, RO5263397, on cocaine induced behavioral sensitization in rats, a rodent model of drug-induced behavioral plasticity. Daily treatment with 15 mg/kg cocaine (i.p., 7 days) induced robust locomotor sensitization in rats. RO5263397 (1-10 mg/kg, i.p.) alone did not significantly alter the locomotor activity. Acute treatment with RO5263397 (3.2 and 10 mg/kg) did not significantly modify cocaine-induced hyperactivity; however, the induction of locomotor sensitization was significantly blocked after 7 days of daily RO5263397 treatment. More importantly, the expression of locomotor sensitization remained significantly attenuated when rats were re-tested 7 days after the last drug treatment. The marked attenuation of cocaine sensitization was also evidenced by the suppression of the dose-effect function (3.2-32 mg/kg) of cocaine sensitization. Together, these data represent the first to report a critical modulatory role of TAAR 1 agonists in cocaine-induced behavioral plasticity, which may be indicative of its potential role for altering other long-lasting behavioral maladaptations of cocaine including drug addiction. (C) 2014 Elsevier Ireland Ltd. All rights reserved.",2014,10.1016/j.neulet.2014.02.024,JOUR
Monoamine transporter and receptor interaction profiles of a new series of designer cathinones,"Simmler, LD",NEUROPHARMACOLOGY,"Psychoactive beta-keto amphetamines (cathinones) are sold as ""bath salts"" or ""legal highs"" and recreationally abused. We characterized the pharmacology of a new series of cathinones, including methedrone, 4-methylethcathinone (4-MEC), 3-fluoromethcathinone (3-FMC), pentylone, ethcathinone, buphedrone, pentedrone, and N,N-dimethylcathinone. We investigated norepinephrine (NE), dopamine (DA), and serotonin (5-HT) uptake inhibition using human embryonic kidney 293 (HEK 293) cells that express the respective human monoamine transporter, the drug-induced efflux of NE, DA, and 5-HT from monoamine-preloaded cells, and binding affinity to monoamine transporters and receptors. All of the cathinones were potent NE uptake inhibitors but differed in their DA vs. 5-HT transporter inhibition profiles and monoamine release effects. Methedrone was a more potent 5-HT than DA transporter inhibitor and released NE and 5-HT similar to para-methoxymethamphetamine (PMMA), para-, methoxyamphetamine (PMA), 4-methylthioamphetamine (4-MTA), and 3,4-methylenedioxymethamphetamine (MDMA). 4-MEC and pentylone equipotently inhibited all of the monoamine transporters and released 5-HT. Ethcathinone and 3-FMC inhibited NE and DA uptake and released NE, and 3-FMC also released DA similar to N-ethylamphetamine and methamphetamine. Pentedrone and N,N-dimethylcathinone were non-releasing NE and DA uptake inhibitors as previously shown for pyrovalerone cathinones. Buphedrone preferentially inhibited NE and DA uptake and also released NE. None of the cathinones bound to rodent trace amine-associated receptor 1, in contrast to the non-beta-keto-amphetamines. None of the cathinones exhibited relevant binding to other monoamine receptors. In summary, we found considerable differences in the monoamine transporter interaction profiles among different cathinones and compared with related amphetamines. (C) 2013 Elsevier Ltd. All rights reserved.",2014,10.1016/j.neuropharm.2013.11.008,JOUR
Incentive loss and hippocampal gene expression in inbred Roman high- (RHA-I) and Roman low- (RLA-I) avoidance rats,"Sabariego, M",BEHAVIOURAL BRAIN RESEARCH,"Two recent microarray and qRT-PCR studies showed that inbred Roman high- (RHA-I, low anxiety and frustration vulnerability) and low-avoidance (RLA-I, high anxiety and frustration vulnerability) rats, psychogenetically selected on the basis of their divergence in two-way avoidance performance, differed in basal whole-brain and hippocampal expression of genes related to neurotransmission, emotion, stress, aversive learning, and drug seeking behavior. We have extended these studies by analyzing strain differences in hippocampal gene expression following a frustrative experience involving reward downshift, i.e. instrumental successive negative contrast (iSNC), a phenomenon in which the sudden reduction of an expected reward induces frustration/anxiety. Food-deprived male Roman rats were exposed to a reduction in the amount of solid food presented in the goal of a straight alley (from 12 pellets in ""training"" trials - i.e. preshift trials- to 2 pellets in ""frustration testing"" trials i.e. postshift trials-). The iSNC effect, as measured by response latencies in the ""postshift"" trials, appeared only in RLA-I rats (i.e. higher response latencies in the 12-2 RLA-I group as compared to the 2-2 RLA-I control group in postshift trials). Two and a half hours after the ""postshift"" behavioral test, hippocampi were removed and stored (-80 degrees C) until analysis. Microarray analysis of these hippocampi showed that four differentially-expressed, and qRT-PCR-validated genes (TAAR2, THAP1, PKD2L1, NANOS), have relevance for brain function and behavior, including schizophrenia, depression, anxiety, and drug addiction, thus showing the usefulness of Roman strains as a genetic model for research on the neurogenetic basis of frustration. (C) 2013 Elsevier B.V. All rights reserved.",2013,10.1016/j.bbr.2013.09.025,JOUR
Trace Amines and Their Relevance to Psychiatry and Neurology: A Brief Overview,"Narang, D",KLINIK PSIKOFARMAKOLOJI BULTENI-BULLETIN OF CLINICAL PSYCHOPHARMACOLOGY,"The arylalkylamines, beta-phenylethylamine, m- and p-tyramine, tryptamine, m- and p-octopamine, phenylethanolamine and synephrine, have been termed trace amines because of their low absolute concentrations in the central nervous system relative to the classical neurotransmitter amines, noradrenaline, dopamine and 5-hydroxytryptamine (5-HT, serotonin). Despite being present at low concentrations, these amines have been implicated in the etiology and pharmacotherapy of several psychiatric and neurological disorders. Studies on trace amines flourished in the 1970s and 1980s, following the development of sensitive assays for these amines, and were accompanied by comprehensive electrophysiological studies and some receptor binding studies. There has been a resurgence of interest in these amines in the past decade with the discovery and cloning of a unique family of G-protein-coupled receptors, some of which are selectively activated by trace amines; these receptors have been termed trace amine, associated receptors (TAARs). The relevance of these receptors to the actions of the trace amines and to the actions of several other neurochemicals and psychotropic drugs is discussed.",2011,,JOUR
Functional evolution of the trace amine associated receptors in mammals and the loss of TAAR1 in dogs,"Vallender, EJ",BMC EVOLUTIONARY BIOLOGY,"Background: The trace amine associated receptor family is a diverse array of GPCRs that arose before the first vertebrates walked on land. Trace amine associated receptor 1 (TAAR1) is a wide spectrum aminergic receptor that acts as a modulator in brain monoaminergic systems. Other trace amine associated receptors appear to relate to environmental perception and show a birth-and-death pattern in mammals similar to olfactory receptors. Results: Across mammals, avians, and amphibians, the TAAR1 gene is intact and appears to be under strong purifying selection based on rates of amino acid fixation compared to neutral mutations. We have found that in dogs it has become a pseudogene. Our analyses using a comparative genetics approach revealed that the pseudogenization event predated the emergence of the Canini tribe rather than being coincident with canine domestication. By assessing the effects of the TAAR1 agonist beta-phenylethylamine on [(3)H] dopamine uptake in canine striatal synaptosomes and comparing the degree and pattern of uptake inhibition to that seen in other mammals, including TAAR1 knockout mice, wild type mice and rhesus monkey, we found that the TAAR1 pseudogenization event resulted in an uncompensated loss of function. Conclusion: The gene family has seen expansions among certain mammals, notably rodents, and reductions in others, including primates. By placing the trace amine associated receptors in an evolutionary context we can better understand their function and their potential associations with behavior and neurological disease.",2010,10.1186/1471-2148-10-51,JOUR
TRACE AMINES AND THEIR RECEPTORS COMPRISE A NOVEL VERTEBRATE AMINERGIC SIGNALLING SYSTEM,"Berry, MD","BIOGENIC AMINES: PHARMACOLOGICAL, NEUROCHEMICAL AND MOLECULAR ASPECTS IN THE CNS","The trace amines are a class of endogenous amines that are found in the central nervous system of all species so far examined. Although these compounds (typified by 2-phenylethylamine, tryptamine and p-tyrarnine) have been established as neurotransmitters in invertebrate species, the available evidence suggests that trace amines do not act as traditional neurotransmitters in mammalian species. Trace amines are released from neurons, but not in an activity dependent manner. Further, administration of exogenous trace amines at doses approaching physiological concentrations, is not associated with changes in neuronal excitability. Rather, at physiological concentrations, trace amines regulate the responsivity of neurons to co-applied neurotransmitters. Since trace amine synthesis appears to be regulated in response to monoamine neurotransmitter receptor activation, it has been proposed that, at least in mammals, trace amines serve a control function, maintaining neuronal responsivity within defined physiological limits. Such a divergence of trace amine functioning between species is also seen in recent genetic studies of trace amine-associated receptors (TAAR). Vertebrate TAAR, although G-protein coupled, appear to have arisen independently of invertebrate TAAR. Further, mammalian TAAR appear to lack glycosylation sites required for membrane insertion. Additional evidence suggests that vertebrate TAAR are rapidly evolving, with a number of species specific variants identified. On this basis it has been suggested that they are involved in species specific adaptive responses. Possibly related to this, sub-types of TAAR have been shown to act as olfactory receptors, being activated in part by urinary amines. Thus, there appear to be significant differences between invertebrates and vertebrates with respect to trace amine functioning. This chapter will review the recent developments in the field of vertebrate trace amine pharmacology, and discuss the evidence for trace amines being the prototype of a new class of endogenous molecule, acting to modulate neural responsivity, rather than directly causing signal transduction.",2010,,BOOK
The selective antagonist EPPTB reveals TAAR1-mediated regulatory mechanisms in dopaminergic neurons of the mesolimbic system,"Bradaia, A",PROCEEDINGS OF THE NATIONAL ACADEMY OF SCIENCES OF THE UNITED STATES OF AMERICA,"Trace amine-associated receptor 1 (TAAR1) is a G protein-coupled receptor (GPCR) that is nonselectively activated by endogenous metabolites of amino acids. TAAR1 is considered a promising drug target for the treatment of psychiatric and neurodegenerative disorders. However, no selective ligand to identify TAAR1-specific signaling mechanisms is available yet. Here we report a selective TAAR1 antagonist, EPPTB, and characterize its physiological effects at dopamine (DA) neurons of the ventral tegmental area (VTA). We show that EPPTB prevents the reduction of the firing frequency of DA neurons induced by p-tyramine (p-tyr), a nonselective TAAR1 agonist. When applied alone, EPPTB increases the firing frequency of DA neurons, suggesting that TAAR1 either exhibits constitutive activity or is tonically activated by ambient levels of endogenous agonist(s). We further show that EPPTB blocks the TAAR1-mediated activation of an inwardly rectifying K+ current. When applied alone, EPPTB induces an apparent inward current, suggesting the closure of tonically activated K+ channels. Importantly, these EPPTB effects were absent in Taar1 knockout mice, ruling out off-target effects. We additionally found that both the acute application of EPPTB and the constitutive genetic lack of TAAR1 increase the potency of DA at D2 receptors in DA neurons. In summary, our data support that TAAR1 tonically activates inwardly rectifying K+ channels, which reduces the basal firing frequency of DA neurons in the VTA. We hypothesize that the EPPTB-induced increase in the potency of DA at D2 receptors is part of a homeostatic feedback mechanism compensating for the lack of inhibitory TAAR1 tone.",2009,10.1073/pnas.0906522106,JOUR
International Union of Pharmacology. LXXII. Recommendations for Trace Amine Receptor Nomenclature,"Maguire, JJ",PHARMACOLOGICAL REVIEWS,"Trace amines such as p-tyramine and beta-phenylethylamine are found endogenously as well as in the diet. Concomitant ingestion of these foodstuffs with monoamine oxidase inhibitors may result in the hypertensive crisis known as the ""beer, wine, and cheese effect"" attributed to their sympathomimetic action. Trace amines have been shown to act on one of a novel group of mammalian seven transmembrane spanning G protein-coupled receptors belonging to the rhodopsin superfamily, cloned in 2001. This receptor encoded by the human TAAR1 gene is also present in rat and mouse genomes (Taar1) and has been shown to be activated by endogenous trace amine ligands, including p-tyramine and beta-phenylethylamine. A number of drugs, most notably amphetamine and its derivatives, act as agonists at this receptor. This review proposes an official nomenclature designating TAAR1 as the trace amine 1 receptor following the convention of naming receptors after the endogenous agonist, abbreviated to TA(1) where necessary. It goes on to discuss briefly the significance of the receptor, agents acting upon it, its distribution, and currently hypothesized physiological and pathophysiological roles. In humans, a further five genes are thought to encode functional receptors (TAAR2, TAAR5, TAAR6, TAAR8, and TAAR9). TAAR3 seems to be a pseudogene in some individuals but not others. TAAR4 is a pseudogene in humans, but occurs with TAAR3 as a functional gene in rodents. Nine further genes are present in rats and mice. The endogenous ligands are not firmly established but some may respond to odorants consistent with their expression in olfactory epithelium.",2009,10.1124/pr.109.001107,JOUR
"The Hallucinogen N,N-Dimethyltryptamine (DMT) Is an Endogenous Sigma-1 Receptor Regulator","Fontanilla, D",SCIENCE,"The sigma-1 receptor is widely distributed in the central nervous system and periphery. Originally mischaracterized as an opioid receptor, the sigma-1 receptor binds a vast number of synthetic compounds but does not bind opioid peptides; it is currently considered an orphan receptor. The sigma- 1 receptor pharmacophore includes an alkylamine core, also found in the endogenous compound N, N- dimethyltryptamine ( DMT). DMT acts as a hallucinogen, but its receptor target has been unclear. DMT bound to sigma- 1 receptors and inhibited voltage- gated sodium ion ( Na+) channels in both native cardiac myocytes and heterologous cells that express sigma- 1 receptors. DMT induced hypermobility in wild- type mice but not in sigma- 1 receptor knockout mice. These biochemical, physiological, and behavioral experiments indicate that DMT is an endogenous agonist for the sigma- 1 receptor.",2009,10.1126/science.1166127,JOUR
Is chocolate a psychotropic drug? - the role of β-phenylethalymine as psychostimulus,"Riederer, PF",PSYCHOPHARMAKOTHERAPIE,"Chocolate contains a variety of substances, which by theoretical means are able to influence mood. However, based on the discussion in this article only beta-phenylethylamine, a biogenic amine which crosses the blood-brain barrier very easily and prossesses properties similar but not identical to amphetamine, is able to influence transmitter metabolism and function. As this seems to be possible after consumption of about 100 g (black) chocolate, an influence on psyche, mood and activity seems to reflect such transmitter changes which are related to beta-phenylethylamine. While it cannot be ruled out that psychological effects, like smelling, tasting or hearing/braking chocolate are of importance in its mood enhancing properties beta-phenylethylamine may be a synergistically influencing factor.",2009,,JOUR
Trace amine-associated receptor 1 modulates dopaminergic activity,"Lindemann, L",JOURNAL OF PHARMACOLOGY AND EXPERIMENTAL THERAPEUTICS,"The recent identification of the trace amine-associated receptor (TAAR)1 provides an opportunity to dissociate the effects of trace amines on the dopamine transporter from receptor-mediated effects. To separate both effects on a physiological level, a Taar1 knockout mouse line was generated. Taar1 knockout mice display increased sensitivity to amphetamine as revealed by enhanced amphetamine-triggered increases in locomotor activity and augmented striatal release of dopamine compared with wild-type animals. Under baseline conditions, locomotion and extracellular striatal dopamine levels were similar between Taar1 knockout and wild-type mice. Electrophysiological recordings revealed an elevated spontaneous firing rate of dopaminergic neurons in the ventral tegmental area of Taar1 knockout mice. The endogenous TAAR1 agonist p-tyramine specifically decreased the spike frequency of these neurons in wild-type but not in Taar1 knockout mice, consistent with the prominent expression of Taar1 in the ventral tegmental area. Taken together, the data reveal TAAR1 as regulator of dopaminergic neurotransmission.",2008,10.1124/jpet.107.132647,JOUR
Trace amines depress GABAB response in dopaminergic neurons by inhibiting G-βγ-gated inwardly rectifying potassium channels,"Federici, M",MOLECULAR PHARMACOLOGY,"Trace amines (TAs) are present in the central nervous system in which they up-regulate catecholamine release and are implicated in the pathogenesis of addiction, attention-deficit/hyperactivity disorder, Parkinson's disease, and schizophrenia. By using intracellular and patch-clamp recordings from dopaminergic cells in the rat midbrain slices, we report a depressant postsynaptic action of two TAs, beta-phenylethylamine (beta-PEA) and tyramine (TYR) on the GABA(B)-mediated slow inhibitory postsynaptic potential and baclofen-activated outward currents. beta-PEA and TYR activated G-proteins, interfering with the coupling between GABA(B) receptors and G-beta gamma-gated inwardly rectifying potassium channels. This is the first demonstration that beta-PEA and TYR depress inhibitory synaptic potentials in neurons of the central nervous system, supporting their emerging role as neuromodulators.",2005,10.1124/mol.104.007427,JOUR
Endogenous psychoactive tryptamines reconsidered: an anxiolytic role for dimethyltryptamine,"Jacob, MS",MEDICAL HYPOTHESES,"The presence of the potent hallucinogenic psychoactive chemical N,N-dimethyltryptamine (DMT) in the human body has puzzled scientists for decades. Endogenous DMT was investigated in the 1960s and 1970s and it was proposed that DMT was involved in psychosis and schizophrenia. This hypothesis developed from comparisons of the blood and urine of schizophrenic and control subjects. However, much of this research proved inconclusive and conventional thinking has since held that trace levels of DMT, and other endogenous psychoactive tryptamines, are insignificant metabolic byproducts. The recent discovery of a G-protein-coupled, human trace amine receptor has triggered a reappraisal of the role of compounds present in limited concentrations in biological systems. Interestingly enough, DMT and other psychoactive tryptamine hallucinogens elicit a robust response at the trace amine receptor. While it is currently accepted that serotonin 5-HT2A receptors play a pivotal rote in the activity of hallucinogenic/psychedelic compounds, we propose that the effects induced by exogenous DMT administration, especially at Low doses, are due in part to activity at the trace amine receptor. Furthermore, we suggest that endogenous DMT interacts with the TA receptor to produce a calm and relaxed mental state, which may suppress, rather than promote, symptoms of psychosis. This hypothesis may help explain the inconsistency in the early analysis of endogenous DMT in humans. Finally, we propose that amphetamine action at the TA receptor may contribute to the calming effects of amphetamine and related drugs, especially at tow doses. (c) 2004 Published by Elsevier Ltd.",2005,10.1016/j.mehy.2004.11.005,JOUR
The in vitro pharmacology of the β-adrenergic receptor pet ligand (s)-fluorocarazolol reveals high affinity for cloned β-adrenergic receptors and moderate affinity for the human 5-HT1A receptor,"Roth, BL",PSYCHOPHARMACOLOGY,"Rationale: s-Fluorocarazolol [(S)-FCZ] is the major positron emission tomography (PET) ligand currently used to visualize central P-adrenergic receptors in vivo, although its pharmacology is incompletely known. Objective: Our objective was to comprehensively characterize the in vitro pharmacology of (S)- and (R)-FCZ to determine its suitability for study of central and peripheral P-]l.beta -adrenergic receptors. Methods: We characterized the in vitro pharmacology of (S)-FCZ at 42 biogenic amine receptors and transporters in vitro using the resources of the National Institute of Mental Health Psychoactive Drug Screening Program. Results: As expected (R)- and (S)-FCZ had high affinities for beta -adrenergic receptors (Ki values=0.08-0.45 nM) and negligible affinities (Ki values > 100 nM) for nearly all other tested receptors and transporters with the exception of the h5-HT1A receptor for which (S)-FCZ had high affinity (Ki=34 nM). Interestingly, (R)-FCZ had low affinity for the h5-HT1A receptor (Ki=342 nM). Conclusion: The high affinity of (S)-FCZ for the h5-HT1A receptor is not likely to interfere with studies of peripheral beta -adrenergic receptors, since 5-HT1A receptors are expressed at very low levels outside the central nervous system. Indeed, computer simulations predict that even at low ligand concentrations, 5-HT1A binding in brain regions like hippocampus are likely to be substantial. Thus, (S)-FCZ may not be a suitable PET ligand for studies of central nervous system beta -adrenergic receptors unless the contribution by 5-HT1A sites can be shown to be negligible.",2001,10.1007/s002130100844,JOUR
DERIVATIZATION WITH ACETIC-ANHYDRIDE - APPLICATIONS TO THE ANALYSIS OF BIOGENIC-AMINES AND PSYCHIATRIC DRUGS BY GAS-CHROMATOGRAPHY AND MASS-SPECTROMETRY,"BAKER, GB",JOURNAL OF PHARMACOLOGICAL AND TOXICOLOGICAL METHODS,"Acetylation with acetic anhydride, under both aqueous and anhydrous conditions, has been utilized to derivatize various biogenic amines and psychotropic drugs for subsequent analysis by gas chromatography (GC) or gas chromatography-mass spectrometry (GC-MS). Under basic aqueous conditions, acetic anhydride derivatizes phenols and amines but not alcohols; under anhydrous conditions, all three functions are acetylated. Primary amines, once derivatized with acetic anhydride, can be further derivatized with other reagents; these diderivatives have proven useful for subsequent analysis by GC or GC-MS. Examples of applications of derivatization with acetic anhydride to analysis of biogenic amines, antidepressants, antipsychotics, and some of their metabolites are presented.",1994,10.1016/1056-8719(94)90076-0,JOUR
DETERMINATION OF REGIONAL DISTRIBUTIONS OF PHENYLETHYLAMINE AND META-TYRAMINE AND PARATYRAMINE IN RAT-BRAIN REGIONS AND PRESENCE IN HUMAN AND DOG PLASMA BY AN ULTRA-SENSITIVE NEGATIVE CHEMICAL ION GAS-CHROMATOGRAPHY MASS-SPECTROMETRIC (NCI-GC-MS) METHOD,"DURDEN, DA",NEUROCHEMICAL RESEARCH,"Using a new ultrasensitive method the trace biogenic amines, phenylethylamine, meta-tyramine and para-tyramine have been quantitated in brain regions obtained from a single rat. Phenylethylamine concentrations in ng/g wet tissue (mean +/- std. error) were as follows: caudate 2.71 +/- 0.73, hypothalamus 0.45 +/- 0.15, cerebellum 0.09 +/- 0.02, olfactory bulb 0.35 +/- 0.11, stem 0.13 +/- 0.03, hippocampus 0.20 +/- 0.11, cortex 0.69 +/- 0.13 and the rest (remainder of the brain) 2.81 +/- 0.41. Mean whole brain was 1.23 +/- 0.19 ng/g, in agreement with previous measurements. meta-Tyramine concentrations (ng/g) were: caudate 2.69 +/- 0.19, hypothalamus 0.32 +/- 0.16, cerebellum 0.07 +/- 0.04, olfactory bulb 0.09 +/- 0.04, stem 0.04 +/- 0.01, hippocampus 0.07 +/- 0.02, cortex 0.18 +/- 0.15 and the rest 0.15 +/- 0.06, with a mean whole brain value of 0.26 +/- 0.05 ng/g and para-tyramine concentrations were: caudate 8.99 +/- 1.60, hypothalamus 0.93 +/- 0.13, cerebellum 0.78 +/- 0.27, olfactory bulb 0.70 +/- 0.13, stem 0.90 +/- 0.36, hippocampus 0.40 +/- 0.06, cortex 1.78 +/- 0.28 and the rest 2.38 +/- 0.12 and mean whole brain was 1.90 +/- 0.25 ng/g. In human plasma the concentrations of the three amines were found to be 31.3 +/- 3.4 pg/ml, 5.3 +/- 1.6 pg/ml and 66.0 +/- 9.9 pg/ml respectively and in dog blood 95.3 +/- 4.6 pg/ml, 24.0 +/- 7.6 pg/ml and 486 +/- 43 pg/ml respectively. When monoamine oxidase inhibitors were added to the blood immediately after collection there were no significant increases in the amine levels indicating that MAO-B is not present in plasma in significant quantities.",1993,10.1007/bf00966759,JOUR
PHENYLETHYLAMINERGIC MODULATION OF CATECHOLAMINERGIC NEUROTRANSMISSION,"BOULTON, AA",PROGRESS IN NEURO-PSYCHOPHARMACOLOGY & BIOLOGICAL PSYCHIATRY,"1. PE is present in the brain in tiny quantities; it is heterogeneously distributed and present in synaptosomes. 2. It is synthesised from phenylalanine by L-AADC and oxidatively deaminated by MAO-B. Its turnover is remarkably fast. 3. Its concentration, particularly in the caudate nucleus, is affected by MAO inhibition (increased), lesion of the Substantia nigra (decreased), amine depletion (increased) and antipsychotic drugs (increased). 4. When iontophoresed (or injected) it amplifies the effects of DA and NA (and their agonists) but is without effect on other neurotransmitters. 5. It is suggested that it acts postsynaptically as a neuromodulator of catecholaminergic neurotransmission and that it is involved in the mechanism of action of Deprenyl; it is also suggested that it, or its principal metabolite PAA, may be involved in the aetiology of schizophrenia, depression and aggression as well as perhaps in other neuropsychiatric conditions.",1991,10.1016/0278-5846(91)90076-d,JOUR
"Targeted analysis and determination of β-agonists, hormones, glucocorticoid and psychiatric drugs in feed by liquid chromatography with electrospray ionization tandem mass spectrometry","Zhu, Y.",Journal of Separation Science,,2016,10.1002/jssc.201600011,JOUR
Promising evidence of antipsychotic efficacy without dopamine d2-receptor binding,"Goff, D.C.",New England Journal of Medicine,,2020,10.1056/nejme2001508,JOUR
"Efficacy, safety, and tolerability of ulotaront (SEP-363856, a trace amine-associated receptor 1 agonist) for the treatment of schizophrenia and other mental disorders: a systematic review of preclinical and clinical trials","Le, G.H.",Expert Opinion on Investigational Drugs,,2023,10.1080/13543784.2023.2206559,JOUR
"Pharmacological studies with endogenous enhancer substances: β-phenylethylamine, tryptamine, and their synthetic derivatives","Shimazu, S.",Progress in Neuro-Psychopharmacology and Biological Psychiatry,,2004,10.1016/j.pnpbp.2003.11.016,JOUR
Ligand recognition and G-protein coupling of trace amine receptor TAAR1,"Xu, Z.",Nature,,2023,10.1038/s41586-023-06804-z,JOUR
5-HT1A receptor ligands and their therapeutic applications: review of new patents,"Staroń, J.",Expert Opinion on Therapeutic Patents,,2018,10.1080/13543776.2018.1514011,JOUR
Human and mouse trace amine-associated receptor 1 have distinct pharmacology towards endogenous monoamines and imidazoline receptor ligands,"Hu, L.A.",Biochemical Journal,,2009,10.1042/bj20090998,JOUR
Localization and functions of the D-neuron: Significance in pathogenesis of schizophrenia,"Ikemoto, K.",Japanese Journal of Neuropsychopharmacology,,2013,,JOUR
Endogenous hallucinogens as ligands of the trace amine receptors: A possible role in sensory perception,"Wallach, J.V.",Medical Hypotheses,,2009,10.1016/j.mehy.2008.07.052,JOUR
"On the effects of psychostimulants, antidepressants, and the antiparkinsonian drug levodopa on dopamine neurons","Geracitano, R.",Annals of the New York Academy of Sciences,,2006,10.1196/annals.1369.029,CONF
"Effects of the new psychoactive substances diclofensine, diphenidine, and methoxphenidine on monoaminergic systems","Luethi, D.",European Journal of Pharmacology,,2018,10.1016/j.ejphar.2017.12.012,JOUR
Multi-targeted drug design strategies for the treatment of schizophrenia,"Stępnicki, P.",Expert Opinion on Drug Discovery,,2021,10.1080/17460441.2020.1816962,JOUR
Structural and signaling mechanisms of TAAR1 enabled preferential agonist design,"Shang, P.",Cell,,2023,10.1016/j.cell.2023.10.014,JOUR
Expression Pattern of Trace Amine-Associated Receptors during Differentiation of Human Pluripotent Stem Cells to Dopaminergic Neurons,"Katolikova, N.V.",International Journal of Molecular Sciences,,2023,10.3390/ijms242015313,JOUR
The highly efficacious actions of N-desmethylclozapine at muscarinic receptors are unique and not a common property of either typical or atypical antipsychotic drugs: Is M1 agonism a pre-requisite for mimicking clozapine's actions?,"Davies, M.A.",Psychopharmacology,,2005,10.1007/s00213-004-2017-1,JOUR
Trace Amine-Associated Receptor 1 as a Target for the Development of New Antipsychotics: Current Status of Research and Future Directions,"Kantrowitz, J.T.",CNS Drugs,,2021,10.1007/s40263-021-00864-3,JOUR
"Neuropharmacology of N,N-dimethyltryptamine","Carbonaro, T.M.",Brain Research Bulletin,,2016,10.1016/j.brainresbull.2016.04.016,JOUR
In vitro receptor screening of pure constituents of St. John's wort reveals novel interactions with a number of GPCRs,"Butterweck, V.",Psychopharmacology,,2002,10.1007/s00213-002-1073-7,JOUR
Some aspects of basic psychopharmacology: The trace amines,"Boulton, A.A.",Progress in Neuropsychopharmacology and Biological Psychiatry,,1982,10.1016/s0278-5846(82)80150-4,JOUR
Simultaneous determination of β-Agonists and psychiatric drugs in feeds by LC-MS-MS,"Suo, D.C.",Journal of Chromatographic Science,,2014,10.1093/chromsci/bmt084,JOUR
Targeting species-specific trace amine-associated receptor 1 ligands: To date perspective of the rational drug design process,"Cichero, E.",Future Medicinal Chemistry,,2017,10.4155/fmc-2017-0044,JOUR
TAAR1 and Psychostimulant Addiction,"Liu, J.",Cellular and Molecular Neurobiology,,2020,10.1007/s10571-020-00792-8,JOUR
Effects of a Trace Amine-Associated Receptor TAAR5 Agonist as a Model of Schizophrenia Using Electrocorticography Data from Rats,"Belov, D.R.",Neuroscience and Behavioral Physiology,,2020,10.1007/s11055-020-00905-2,JOUR
Molecular Variants in Human Trace Amine-Associated Receptors and Their Implications in Mental and Metabolic Disorders,"Rutigliano, G.",Cellular and Molecular Neurobiology,,2020,10.1007/s10571-019-00743-y,JOUR
Translatability of preclinical to early clinical tolerable and pharmacologically active dose ranges for central nervous system active drugs,"Ferreira, G.S.",Translational Psychiatry,,2023,10.1038/s41398-023-02353-1,JOUR
Beyond dopamine receptor antagonism: New targets for schizophrenia treatment and prevention,"Gomes, F.V.",International Journal of Molecular Sciences,,2021,10.3390/ijms22094467,JOUR
Indolealkylamines from toad vertebrates and sea invertebrates - Their identification and potential activities on the central nervous system,"Zulfiker, A.H.M.",Central Nervous System Agents in Medicinal Chemistry,,2016,10.2174/1871524915666150724100245,JOUR
Actions of Trace Amines in the Brain-Gut-Microbiome Axis via Trace Amine-Associated Receptor-1 (TAAR1),"Bugda Gwilt, K.",Cellular and Molecular Neurobiology,,2020,10.1007/s10571-019-00772-7,JOUR
Dopamine in schizophrenia: a review and reconceptualization,"KL, Davis",,,1991,10.1176/ajp.148.11.1474,
"The Role of Genes, Stress, and Dopamine in the Development of Schizophrenia","OD, Howes",,,2017,10.1016/j.biopsych.2016.07.014,
Structural basis of amine odorant perception by a mammal olfactory receptor,"L, Guo",,,2023,10.1038/s41586-023-06106-4,
The effects of social isolation stress and discrimination on mental health,"L, Brandt",,,2022,10.1038/s41398-022-02178-4,
Antipsychotic drug efficacy correlates with the modulation of D1 rather than D2 receptor-expressing striatal projection neurons,"S, Yun",,,2023,10.1038/s41593-023-01390-9,
5-HT(7) receptors in Alzheimer's disease,"M, Solas",,,2021,10.1016/j.neuint.2021.105185,
Neurotransmitters and electroconvulsive therapy,"P, Baldinger",,,2014,10.1097/yct.0000000000000138,
Maternal immune activation impairs endocannabinoid signaling in the mesolimbic system of adolescent male offspring,"M, Santoni",,,2023,10.1016/j.bbi.2023.02.002,
Antidepressant effect of 4-Butyl-alpha-agarofuran via HPA axis and serotonin system,"H, Wang",,,2023,10.1016/j.brainresbull.2023.04.003,
Salvinorin a and related compounds as therapeutic drugs for psychostimulant-related disorders,"Santos RG, dos",,,2014,10.2174/1874473708666150107122741,
An Integrative Perspective on the Role of Dopamine in Schizophrenia,"TV, Maia",,,2017,10.1016/j.biopsych.2016.05.021,
Cannabis and schizophrenia: towards a cannabinoid hypothesis of schizophrenia,"KR, Müller-Vahl",,,2008,10.1586/14737175.8.7.1037,
Methamphetamine-induced lethal toxicity in zebrafish larvae,"Y, Chen",,,2022,10.1007/s00213-022-06252-z,
Serotonin in antipsychotic drugs action,"D, Amato",,,2015,10.1016/j.bbr.2014.07.025,
Psychedelic-inspired drug discovery using an engineered biosensor,"C, Dong",,,2021,10.1016/j.cell.2021.03.043,
Serotonin in anxiety and panic: contributions of the elevated T-maze,"H Jr, Zangrossi",,,2014,10.1016/j.neubiorev.2014.03.007,
Striking Neurochemical and Behavioral Differences in the Mode of Action of Selegiline and Rasagiline,"LG Jr, Harsing",,,2023,10.3390/ijms241713334,
Intracellular signaling and approaches to the treatment of schizophrenia and associated cognitive impairment,"GL, Snyder",,,2014,10.2174/1381612819666131216115417,
Neurochemical mechanisms of deep brain stimulation for depression in animal models,"ACP, Campos",,,2023,10.1016/j.euroneuro.2022.12.003,
Decreased striatal adenosine A(2A)-dopamine D(2) receptor heteromerization in schizophrenia,"M, Valle-León",,,2021,10.1038/s41386-020-00872-9,
Synaptic effects of antidepressants,"E, Richelson",,,1996,10.1097/00004714-199606002-00001,
Schizophrenia Animal Modeling with Epidermal Growth Factor and Its Homologs: Their Connections to the Inflammatory Pathway and the Dopamine System,"H, Sotoyama",,,2023,10.3390/biom13020372,
"Dopamine, the antipsychotic molecule: A perspective on mechanisms underlying antipsychotic response variability","D, Amato",,,2018,10.1016/j.neubiorev.2017.09.027,
Convergence and divergence in the etiology of myelin impairment in psychiatric disorders and drug addiction,"Y, Feng",,,2008,10.1007/s11064-008-9693-x,
Postnatal neurogenesis and dopamine alterations in early psychosis,"D, Inta",,,2012,10.2174/157488912803251998,
Access to the CNS: Biomarker Strategies for Dopaminergic Treatments,"den Brink WJ, van",,,2018,10.1007/s11095-017-2333-x,
From prediction error to psychosis: ketamine as a pharmacological model of delusions,"PR, Corlett",,,2007,10.1177/0269881107077716,
"Dopamine, depression and antidepressants","E, Dailly",,,2004,10.1111/j.1472-8206.2004.00287.x,
"N,N-dimethyltryptamine Prevents Renal Ischemia-Reperfusion Injury in a Rat Model","B, Nemes",,,2019,10.1016/j.transproceed.2019.04.005,
"3,4-Methylenedioxymethamphetamine (MDMA) as a unique model of serotonin receptor function and serotonin-dopamine interactions","MG, Bankson",,,2001,,
The Potential Antidepressant Action of Duloxetine Co-Administered with the TAAR1 Receptor Agonist SEP-363856 in Mice,"X, Ren",,,2022,10.3390/molecules27092755,
The role of α5 GABAA receptor agonists in the treatment of cognitive deficits in schizophrenia,"KM, Gill",,,2014,10.2174/1381612819666131216114612,
Schizophrenia: from dopaminergic to glutamatergic interventions,"M, Laruelle",,,2014,10.1016/j.coph.2014.01.001,
Serotonin and dopamine interactions in rodents and primates: implications for psychosis and antipsychotic drug development,"GJ, Marek",,,2007,10.1016/s0074-7742(06)78006-0,
"Pro-psychotic effects of synthetic cannabinoids: interactions with central dopamine, serotonin, and glutamate systems","WE, Fantegrossi",,,2018,10.1080/03602532.2018.1428343,
Trace Amine-Associated Receptor 1 Contributes to Diverse Functional Actions of O-Phenyl-Iodotyramine in Mice but Not to the Effects of Monoamine-Based Antidepressants,"I, Mantas",,,2021,10.3390/ijms22168907,
The 5-HT2C receptor as a target for mood disorders,"A, Serretti",,,2004,10.1517/14728222.8.1.15,
Revisiting the Serotonin Hypothesis: Implications for Major Depressive Disorders,"M, Fakhoury",,,2016,10.1007/s12035-015-9152-z,
Schizophrenia and the alpha7 nicotinic acetylcholine receptor,"LF, Martin",,,2007,10.1016/s0074-7742(06)78008-4,
Dynorphin/kappa-opioid receptor control of dopamine dynamics: Implications for negative affective states and psychiatric disorders,"HA, Tejeda",,,2019,10.1016/j.brainres.2018.09.023,
The dopamine dysfunction in schizophrenia revisited: new insights into topography and course,"R, Kuepper",,,2012,10.1007/978-3-642-25761-2_1,
Targeting the dopamine D1 receptor in schizophrenia: insights for cognitive dysfunction,"PS, Goldman-Rakic",,,2004,10.1007/s00213-004-1793-y,
Dopamine and the diseased brain,"T, Kienast",,,2006,10.2174/187152706784111560,
Effects of acute and chronic administration of trace amine-associated receptor 1 (TAAR1) ligands on in vivo excitability of central monoamine-secreting neurons in rats,"D, Grinchii",,,2022,10.1038/s41380-022-01739-9,
A pharmacological analysis of mice with a targeted disruption of the serotonin transporter,"MA, Fox",,,2007,10.1007/s00213-007-0910-0,
Are dopamine D2 receptors out of control in psychosis?,"P, Seeman",,,2013,10.1016/j.pnpbp.2013.07.006,
Unique effect of clozapine on adenosine A(2A)-dopamine D(2) receptor heteromerization,"M, Valle-León",,,2023,10.1016/j.biopha.2023.114327,
Preferential In Vivo Inhibitory Action of Serotonin in Rat Infralimbic versus Prelimbic Cortex: Relevance for Antidepressant Treatments,"E, López-Terrones",,,2022,10.1093/cercor/bhab396,
"Derivatives of 3, 4, 5-Trimethoxycinnamic Acid Ameliorate Stress-Induced Anxiety in Mice and Rats","E, Hong",,,2023,10.1007/s12035-023-03240-y,
Search for Structural Basis of Interactions of Biogenic Amines with Human TAAR1 and TAAR6 Receptors,"AV, Glyakina",,,2021,10.3390/ijms23010209,
5-HT1A receptor-dependent control of nigrostriatal dopamine neurotransmission in the pharmacotherapy of Parkinson's disease and schizophrenia,"DJ, Haleem",,,2015,10.1097/fbp.0000000000000123,
Dual excitatory and smooth muscle-relaxant effect of β-phenylethylamine on gastric fundus strips in rats,"FJ, Batista-Lima",,,2019,10.1111/1440-1681.13033,
Cholinergic circuits and signaling in the pathophysiology of schizophrenia,"JA, Berman",,,2007,10.1016/s0074-7742(06)78007-2,
Dopaminergic mechanisms in idiopathic and drug-induced psychoses,"JA, Lieberman",,,1990,10.1093/schbul/16.1.97,
The dopamine system and the pathophysiology of schizophrenia: a basic science perspective,"Y, Goto",,,2007,10.1016/s0074-7742(06)78002-3,
Lumateperone-mediated effects on prefrontal glutamatergic receptor-mediated neurotransmission: A dopamine D(1) receptor dependent mechanism,"J, Titulaer",,,2022,10.1016/j.euroneuro.2022.06.009,
Neuroregulators and sleep mechanisms,"RB, Holman",,,1975,10.1146/annurev.me.26.020175.002435,
Ontogeny and regulation of the serotonin transporter: providing insights into human disorders,"LC, Daws",,,2011,10.1016/j.pharmthera.2011.03.013,
Does serotonin deficit mediate susceptibility to ADHD?,"E, Banerjee",,,2015,10.1016/j.neuint.2015.02.001,
Psychedelic-Induced Serotonin 2A Receptor Downregulation Does Not Predict Swim Stress Coping in Mice,"BD, Pędzich",,,2022,10.3390/ijms232315284,
"Role of 5-HT(1A) receptors in the basolateral amygdala on 3,4-methylenedioxymethamphetamine-induced prosocial effects in mice","H, Esaki",,,2023,10.1016/j.ejphar.2023.175653,
Serotonin and brain development,"MS, Sodhi",,,2004,10.1016/s0074-7742(04)59006-2,
FGF21 Regulates Sweet and Alcohol Preference,"S, Talukdar",,,2016,10.1016/j.cmet.2015.12.008,
Dual ligands targeting dopamine D2 and serotonin 5-HT1A receptors as new antipsychotical or anti-Parkinsonian agents,"N, Ye",,,2014,10.2174/09298673113206660300,
4-Phenylpyridin-2-one Derivatives: A Novel Class of Positive Allosteric Modulator of the M1 Muscarinic Acetylcholine Receptor,"SN, Mistry",,,2016,10.1021/acs.jmedchem.5b01562,
Glucocorticoid receptor dysregulation underlies 5-HT(2A)R-dependent synaptic and behavioral deficits in a mouse neurodevelopmental disorder model,"JM, Saunders",,,2022,10.1016/j.jbc.2022.102481,
Effects of antipsychotic D2 antagonists on long-term potentiation in animals and implications for human studies,"R, Price",,,2014,10.1016/j.pnpbp.2014.05.001,
The antidepressant venlafaxine may act as a neurodevelopmental toxicant in cuttlefish (Sepia officinalis),"F, Bidel",,,2016,10.1016/j.neuro.2016.05.023,
Chronic antidepressant therapy and associated changes in central monoaminergic receptor functioning,"MF, Sugrue",,,1983,10.1016/0163-7258(83)90065-7,
The role of extracellular serotonin and MDMA in the sensitizing effects of MDMA,"de Wetering R, van",,,2022,10.1016/j.bbr.2022.113936,
Alterations in postnatal neurogenesis and dopamine dysregulation in schizophrenia: a hypothesis,"D, Inta",,,2011,10.1093/schbul/sbq134,
Chemogenetic approach to model hypofrontality,"ID, Peña",,,2016,10.1016/j.mehy.2016.05.032,
Brain-derived neurotrophic factor in schizophrenia and its relation with dopamine,"O, Guillin",,,2007,10.1016/s0074-7742(06)78012-6,
Irradiation in adulthood as a new model of schizophrenia,"Y, Iwata",,,2008,10.1371/journal.pone.0002283,
Dopamine and serotonin interactions in the prefrontal cortex: insights on antipsychotic drugs and their mechanism of action,"Pietro NC, Di",,,2007,10.1055/s-2007-992133,
Risperidone: a review of its use in the management of the behavioural and psychological symptoms of dementia,"N, Bhana",,,2000,10.2165/00002512-200016060-00005,
Determinants involved in subtype-specific functions of rat trace amine-associated receptors 1 and 4,"C, Stäubert",,,2013,10.1111/bph.12020,
Genetic Architecture and Functional Implications of the CSF-Contacting Nucleus,"S, Song",,,2023,10.1007/s12264-023-01084-z,
Hippocampal dysregulation of dopamine system function and the pathophysiology of schizophrenia,"DJ, Lodge",,,2011,10.1016/j.tips.2011.05.001,
Psilocybin exerts distinct effects on resting state networks associated with serotonin and dopamine in mice,"J, Grandjean",,,2021,10.1016/j.neuroimage.2020.117456,
Differential effects of β-methylphenylethylamine and octopamine on contractile parameters of the rat gastrointestinal tract,"Oliveira DMN, de",,,2021,10.1016/j.ejphar.2021.174339,
Characterizing the relationship between L-DOPA-induced-dyskinesia and psychosis-like behaviors in a bilateral rat model of Parkinson's disease,"N, Lipari",,,2023,10.1016/j.nbd.2022.105965,
"Rapid antidepressant-like effect of non-hallucinogenic psychedelic analog lisuride, but not hallucinogenic psychedelic DOI, in lipopolysaccharide-treated mice","Y, Qu",,,2023,10.1016/j.pbb.2022.173500,
"Deficiency of Cullin 3, a Protein Encoded by a Schizophrenia and Autism Risk Gene, Impairs Behaviors by Enhancing the Excitability of Ventral Tegmental Area (VTA) DA Neurons","N, Gao",,,2023,10.1523/jneurosci.0247-23.2023,
The effects of vitamin D on brain development and adult brain function,"JP, Kesby",,,2011,10.1016/j.mce.2011.05.014,
Neuropharmacological and antidepressant-like effects of ZY-1408: A novel serotonin/norepinephrine reuptake inhibitor and serotonin receptor 2C antagonist,"N, Gao",,,2021,10.1016/j.neuropharm.2020.108376,
"Development and Characterization of Novel Selective, Non-Basic Dopamine D(2) Receptor Antagonists for the Treatment of Schizophrenia","P, Stępnicki",,,2023,10.3390/molecules28104211,
The NMDA receptor hypofunction model of psychosis,"NB, Farber",,,2003,10.1196/annals.1300.008,
Dopaminergic dysfunction in schizophrenia: salience attribution revisited,"A, Heinz",,,2010,10.1093/schbul/sbq031,
From an animal model of an attentional deficit towards new insights into the pathophysiology of schizophrenia,"J, Feldon",,,1992,10.1016/0022-3956(92)90040-u,
"New Dopamine D2 Receptor Agonist, [(3)H]MCL-536, for Detecting Dopamine D2high Receptors in Vivo","S, Subburaju",,,2018,10.1021/acschemneuro.8b00096,
Alterations in dopaminergic and glutamatergic transmission in the induction and expression of behavioral sensitization: a critical review of preclinical studies,"LJ, Vanderschuren",,,2000,10.1007/s002130000493,
Neurotransmitter changes by interferon-alpha and therapeutic implications,"M, Schaefer",,,2003,10.1055/s-2003-45131,
Pharmacologic mechanisms of serotonergic regulation of dopamine neurotransmission,"KD, Alex",,,2007,10.1016/j.pharmthera.2006.08.004,
What causes aberrant salience in schizophrenia? A role for impaired short-term habituation and the GRIA1 (GluA1) AMPA receptor subunit,"C, Barkus",,,2014,10.1038/mp.2014.91,
Presynaptic control of serotonin on striatal dopamine function,"S, Navailles",,,2011,10.1007/s00213-010-2029-y,
Nootropic drugs and brain cholinergic mechanisms,"G, Pepeu",,,1989,10.1016/0278-5846(89)90112-7,
"Dysbindin-1 modifies signaling and cellular localization of recombinant, human D₃ and D₂ receptors","N, Schmieg",,,2016,10.1111/jnc.13501,
The molecular genetics of executive function: role of monoamine system genes,"JJ, Barnes",,,2011,10.1016/j.biopsych.2010.12.040,
Antipsychotic-induced metabolic and cardiovascular side effects in schizophrenia: a novel mechanistic hypothesis,"G, Scigliano",,,2013,10.1007/s40263-013-0054-1,
Limbic-cortical neuronal damage and the pathophysiology of schizophrenia,"JG, Csernansky",,,1998,10.1093/oxfordjournals.schbul.a033323,
Serotonergic circuit dysregulation underlying autism-related phenotypes in BTBR mouse model of autism,"Y, Higuchi",,,2023,10.1016/j.neuropharm.2023.109634,
Anxiolytic-like effects of extremely low frequency electric field in stressed rats: involvement of 5-HT2C receptors,"D, Kantar",,,2023,10.1080/09553002.2022.2087929,
Serotonin 2A (5-HT(2A)) receptor affects cell-matrix adhesion and the formation and maintenance of stress fibers in HEK293 cells,"Jayakumar JAK, John",,,2020,10.1038/s41598-020-78595-6,
Multiple controls exerted by 5-HT2C receptors upon basal ganglia function: from physiology to pathophysiology,"Deurwaerdère P, De",,,2013,10.1007/s00221-013-3508-2,
The monoaminergic tripartite synapse: a putative target for currently available antidepressant drugs,"G, Quesseveur",,,2013,10.2174/13894501113149990209,
Do NMDA receptor antagonist models of schizophrenia predict the clinical efficacy of antipsychotic drugs?,"CH, Large",,,2007,10.1177/0269881107077712,
Neurochemical and molecular characterization of ketamine-induced experimental psychosis model in mice,"M, Chatterjee",,,2012,10.1016/j.neuropharm.2012.05.041,
Locomotor hyperactivity in 14-3-3ζ KO mice is associated with dopamine transporter dysfunction,"H, Ramshaw",,,2013,10.1038/tp.2013.99,
Serotonin-dopamine interactions: implications for the design of novel therapeutic agents for psychiatric disorders,"MD, Wood",,,2008,10.1016/s0079-6123(08)00911-4,
Amantadine and memantine are NMDA receptor antagonists with neuroprotective properties,"J, Kornhuber",,,1994,,
On the trail of a cognitive enhancer for the treatment of schizophrenia,"E, Stip",,,2005,10.1016/j.pnpbp.2004.11.004,
5-HT receptor knockout mice: pharmacological tools or models of psychiatric disorders,"K, Scearce-Levie",,,1999,10.1111/j.1749-6632.1999.tb11350.x,
Human genetics and pharmacology of neurotransmitter transporters,"Z, Lin",,,2006,10.1007/3-540-29784-7_16,
From vice to virtue: insights from sensitization in the nonhuman primate,"SA, Castner",,,2007,10.1016/j.pnpbp.2007.08.026,
Bupropion: a review of its mechanism of antidepressant activity,"JA, Ascher",,,1995,,
Preventive role of regular low-intensity exercise during adolescence in schizophrenia model mice with abnormal behaviors,"H, Koizumi",,,2021,10.1016/j.bbrc.2020.11.032,
[Neuroleptics and serotonin],"F, Hery",,,1993,,
Dysbindin-1 modulates prefrontal cortical activity and schizophrenia-like behaviors via dopamine/D2 pathways,"F, Papaleo",,,2012,10.1038/mp.2010.106,
Behavioral and Serotonergic Changes in the Frontal Cortex Following Methamphetamine Self-Administration,"LM, McFadden",,,2018,10.1093/ijnp/pyy044,
Evaluation of the effects of the mGlu(2/3) antagonist LY341495 on dyskinesia and psychosis-like behaviours in the MPTP-lesioned marmoset,"SG, Nuara",,,2022,10.1007/s43440-022-00378-9,
Dopamine Evokes a Trace Amine Receptor-dependent Inward Current that is Regulated by AMP Kinase in Substantia Nigra Dopamine Neurons,"W, Yang",,,2020,10.1016/j.neuroscience.2019.11.044,
"[3,4-methylenedioxymethamphetamine ('ecstasy'): its long-term emotional and cognitive effects, and serotonin depletion]","A, Molero-Chamizo",,,2005,,
The roles of cannabinoid and dopamine receptor systems in neural emotional learning circuits: implications for schizophrenia and addiction,"SR, Laviolette",,,2006,10.1007/s00018-006-6027-5,
Underlying mechanisms mediating the antidepressant effects of estrogens,"MK, Osterlund",,,2010,10.1016/j.bbagen.2009.11.001,
Kynurenic acid and schizophrenia,"S, Erhardt",,,2003,10.1007/978-1-4615-0135-0_18,
Primate trace amine receptor 1 modulation by the dopamine transporter,"GM, Miller",,,2005,10.1124/jpet.105.084459,
"Panic-modulating effects of alprazolam, moclobemide and sumatriptan in the rat elevated T-maze","AB, Sant'Ana",,,2016,10.1016/j.bbr.2016.08.024,
Dietary trace amine-dependent vasoconstriction in porcine coronary artery,"AA, Herbert",,,2008,10.1038/bjp.2008.286,
Cocaine and antidepressant-sensitive biogenic amine transporters exist in regulated complexes with protein phosphatase 2A,"AL, Bauman",,,2000,10.1523/jneurosci.20-20-07571.2000,
Is lead exposure in early life an environmental risk factor for Schizophrenia? Neurobiological connections and testable hypotheses,"TR, Guilarte",,,2012,10.1016/j.neuro.2011.11.008,
Antidepressant-Like Effect of a Selenoindolizine in Mice: In Vivo and In Silico Evidence for the Involvement of the Serotonergic 5-HT(2A/C) Receptors,"CS, Garcia",,,2022,10.1021/acschemneuro.2c00129,
Inhibition of 14-3-3 Proteins Leads to Schizophrenia-Related Behavioral Phenotypes and Synaptic Defects in Mice,"M, Foote",,,2015,10.1016/j.biopsych.2015.02.015,
The search for novel antipsychotics: pharmacological and molecular targets,"DJ, Sanger",,,2004,10.1517/14728222.8.6.631,
"Changes in striatal dopamine release, sleep, and behavior during spontaneous Δ-9-tetrahydrocannabinol abstinence in male and female mice","AJ, Kesner",,,2022,10.1038/s41386-022-01326-0,
"Preclinical evidence for the use of the atypical antipsychotic, brexpiprazole, for opioid use disorder","JER, Nickols",,,2023,10.1016/j.neuropharm.2023.109546,
Aberrant dopamine D2-like receptor function in a rodent model of schizophrenia,"SM, Perez",,,2012,10.1124/jpet.112.193201,
Mutant mouse models in evaluating novel approaches to antipsychotic treatment,"CM, O'Tuathaigh",,,2012,10.1007/978-3-642-25758-2_5,
Serotonin 5-HT(7) receptor overexpression in the raphe nuclei area produces antidepressive effect and affects brain serotonin system in male mice,"AY, Rodnyy",,,2022,10.1002/jnr.25055,
5-Hydroxytryptamine responses in neonate rat motoneurones in vitro,"MY, Wang",,,1990,10.1113/jphysiol.1990.sp018283,
The principal features and mechanisms of dopamine modulation in the prefrontal cortex,"JK, Seamans",,,2004,10.1016/j.pneurobio.2004.05.006,
Key role of the 5-HT1A receptor addressing protein Yif1B in serotonin neurotransmission and SSRI treatment,"V, Martin",,,2020,10.1503/jpn.190134,
Genetic deletion of trace amine 1 receptors reveals their role in auto-inhibiting the actions of ecstasy (MDMA),"Cara B, Di",,,2011,10.1523/jneurosci.2502-11.2011,
"Glutamate, dopamine, and schizophrenia: from pathophysiology to treatment","M, Laruelle",,,2003,10.1196/annals.1300.063,
"Tianeptine. A review of its pharmacodynamic and pharmacokinetic properties, and therapeutic efficacy in depression and coexisting anxiety and depression","MI, Wilde",,,1995,10.2165/00003495-199549030-00007,
"Neonatal phencyclidine treatment in mice induces behavioral, histological and neurochemical abnormalities in adulthood","A, Nakatani-Pawlak",,,2009,10.1248/bpb.32.1576,
"(R)-(-)-[77Br]4-bromo-2,5-dimethoxyamphetamine labels a novel 5-hydroxytryptamine binding site in brain membranes","SJ, Peroutka",,,1988,,
Genetic Disruption of Arc/Arg3.1 in Mice Causes Alterations in Dopamine and Neurobehavioral Phenotypes Related to Schizophrenia,"F, Managò",,,2016,10.1016/j.celrep.2016.07.044,
Comprehensive behavioral study of mGluR3 knockout mice: implication in schizophrenia related endophenotypes,"R, Fujioka",,,2014,10.1186/1756-6606-7-31,
Pharmacological characterisation of spontaneous or drug-associated purposeless chewing movements in rats,"NM, Rupniak",,,1985,10.1007/bf00427326,
Comparison of electroencephalogram (EEG) response to MDPV versus the hallucinogenic drugs MK-801 and ketamine in rats,"IM, Shokry",,,2019,10.1016/j.expneurol.2018.12.001,
Effects of the 5-HT(2A) receptor antagonist volinanserin on head-twitch response and intracranial self-stimulation depression induced by different structural classes of psychedelics in rodents,"AM, Jaster",,,2022,10.1007/s00213-022-06092-x,
Pharmacological manipulations of the alpha 2-noradrenergic system. Effects on cognition,"JT, Coull",,,1994,10.2165/00002512-199405020-00005,
Beyond monoamine-based therapies: clues to new approaches,"P, Skolnick",,,2002,,
Sensitivity to ageing of the limbic dopaminergic system: a review,"P, Barili",,,1998,10.1016/s0047-6374(98)00104-3,
Perinatal fluoxetine exposure disrupts the circadian response to a phase-shifting challenge in female rats,"DJ, Houwing",,,2020,10.1007/s00213-020-05556-2,
Catecholamine/Serotonin interactions: systems thinking for brain function and disease,"JG, Hensler",,,2013,10.1016/b978-0-12-411512-5.00009-9,
[Research progress on the immunomodulatory effects and mechanisms of trace amine-associated receptor 1],"XQ, Zhang",,,2023,,
Potential antidepressant-like effect of piperazine derivative LQFM212 in mice: Role of monoaminergic pathway and brain-derived neurotrophic factor,"LKDS, Moreira",,,2021,10.1016/j.bbr.2020.113066,
Anatomical and functional evidence for trace amines as unique modulators of locomotor function in the mammalian spinal cord,"EA, Gozal",,,2014,10.3389/fncir.2014.00134,
Inhibitory Effects of Antipsychotics on the Contractile Response to Acetylcholine in Rat Urinary Bladder Smooth Muscles,"K, Obara",,,2021,10.1248/bpb.b21-00363,
An overview of the central control of weight regulation and the effect of antipsychotic medication,"S, Tighe",,,2005,10.1177/0269881105058679,
Role of the endocannabinoid system in brain functions relevant for schizophrenia: an overview of human challenge studies with cannabis or ∆9-tetrahydrocannabinol (THC),"MG, Bossong",,,2014,10.1016/j.pnpbp.2013.11.017,
"Impact of Two Neuronal Sigma-1 Receptor Modulators, PRE084 and DMT, on Neurogenesis and Neuroinflammation in an Aβ(1-42)-Injected, Wild-Type Mouse Model of AD","E, Borbély",,,2022,10.3390/ijms23052514,
In vivo measures of monoamines during amphetamine-induced behaviors in rats,"R, Kuczenski",,,1990,10.1016/0278-5846(90)90085-u,
Ketamine increases the striatal N-[11C]methylspiperone binding in vivo: positron emission tomography study using conscious rhesus monkey,"H, Onoe",,,1994,10.1016/0006-8993(94)91263-7,
Phytocannabinoids modulate emotional memory processing through interactions with the ventral hippocampus and mesolimbic dopamine system: implications for neuropsychiatric pathology,"R, Hudson",,,2018,10.1007/s00213-017-4766-7,
Effects of bifeprunox and aripiprazole on rat serotonin and dopamine neuronal activity and anxiolytic behaviour,"L, Dahan",,,2009,10.1177/0269881108089586,
"The Novel Pimavanserin Derivative ST-2300 with Histamine H(3) Receptor Affinity Shows Reduced 5-HT(2A) Binding, but Maintains Antidepressant- and Anxiolytic-like Properties in Mice","K, Venkatachalam",,,2022,10.3390/biom12050683,
Trace amines depress D(2)-autoreceptor-mediated responses on midbrain dopaminergic cells,"A, Ledonne",,,2010,10.1111/j.1476-5381.2010.00792.x,
Mesolimbic dopamine dysregulation as a signature of information processing deficits imposed by prenatal THC exposure,"C, Sagheddu",,,2021,10.1016/j.pnpbp.2020.110128,
Hypoglutamatergic activity in the STOP knockout mouse: a potential model for chronic untreated schizophrenia,"E, Brenner",,,2007,10.1002/jnr.21200,
Fluoxetine Treatment Decreases Cardiac Vagal Input and Alters the Serotonergic Modulation of the Parasympathetic Outflow in Diabetic Rats,"M, García-Domingo",,,2022,10.3390/ijms23105736,
Role of alpha7 nicotinic receptors in nicotine dependence and implications for psychiatric illness,"GG, Nomikos",,,2000,10.1016/s0166-4328(00)00204-7,
Dopamine as the wind of the psychotic fire: new evidence from brain imaging studies,"M, Laruelle",,,1999,10.1177/026988119901300405,
Deorphanisation of G protein-coupled receptors: A tool to provide new insights in nervous system pathophysiology and new targets for psycho-active drugs,"D, Lecca",,,2008,10.1016/j.neuint.2007.08.002,
Antagonism of D2 receptors via raclopride ameliorates amphetamine-induced associative learning deficits in male mice,"KA, Conn",,,2023,10.1016/j.bbr.2023.114649,
"Behavioural, pharmacological, morpho-functional molecular studies reveal a hyperfunctioning mesocortical dopamine system in an animal model of attention deficit and hyperactivity disorder","D, Viggiano",,,2003,10.1016/j.neubiorev.2003.08.011,
β-carboline-independent antidepressant-like effect of the standardized extract of the barks of Mimosa tenuiflora (Willd) Poir. occurs via 5-HT(2A/2C) receptors in mice,"LAMS, Duarte-Filho",,,2022,10.1177/02698811221104050,
Treating schizophrenia: novel targets for the cholinergic system,"TT, Money",,,2010,10.2174/187152710791012062,
A novel 5HT3 antagonist 4i (N-(3-chloro-2-methylphenyl)quinoxalin-2-carboxamide) prevents diabetes-induced depressive phenotypes in mice: Modulation of serotonergic system,"D, Gupta",,,2016,10.1016/j.bbr.2015.10.007,
5-Hydroxytryptophol and 5-hydroxyindoleacetic acid levels in rat brain: effects of various drugs affecting serotonergic transmitter mechanisms,"O, Beck",,,1987,10.1007/bf01244349,
"Ziprasidone (CP-88,059): a new antipsychotic with combined dopamine and serotonin receptor antagonist activity","TF, Seeger",,,1995,,
Muscarinic receptors in psychiatric disorders - can we mimic 'health'?,"E, Scarr",,,2009,10.1159/000231896,
Role of the central histaminergic neuronal system in the CNS toxicity of the first generation H1-antagonists,"BC, Sangalli",,,1997,10.1016/s0301-0082(97)00011-7,
Pharmacologic strategies for augmenting cognitive performance in schizophrenia,"JI, Friedman",,,1999,10.1016/s0006-3223(98)00287-x,
Increased dopamine D2High receptors in rats reared in social isolation,"MV, King",,,2009,10.1002/syn.20624,
In vivo imaging of brain dopaminergic neurotransmission system in small animals with high-resolution single photon emission computed tomography,"H, Saji",,,2003,10.2116/analsci.19.67,
Mechanism of action of atypical antipsychotic drugs and the neurobiology of schizophrenia,"J, Horacek",,,2006,10.2165/00023210-200620050-00004,
Enduring changes in brain and behavior produced by chronic amphetamine administration: a review and evaluation of animal models of amphetamine psychosis,"TE, Robinson",,,1986,10.1016/s0006-8993(86)80193-7,
Hippocampal monoamine changes in the Flinders sensitive line rat: A case for the possible use of selective α(2C)-AR-antagonists in stress and anxiety disorders in companion animals,"BH, Harvey",,,2021,10.1016/j.rvsc.2021.01.013,
The PPARα agonist fenofibrate attenuates disruption of dopamine function in a maternal immune activation rat model of schizophrenia,"Felice M, De",,,2019,10.1111/cns.13087,
Antihypertensive activity in a series of 1-piperazino-3-phenylindans with potent 5-HT2-antagonistic activity,"KP, Bøgesø",,,1988,10.1021/jm00120a003,
Detection and avoidance of a carnivore odor by prey,"DM, Ferrero",,,2011,10.1073/pnas.1103317108,
Orexin Modulation of VTA Dopamine Neuron Activity: Relevance to Schizophrenia,"SM, Perez",,,2021,10.1093/ijnp/pyaa080,
Selective 5-hydroxytryptamine2 receptor antagonists protect against the neurotoxicity of methylenedioxymethamphetamine in rats,"CJ, Schmidt",,,1990,,
"Antidepressant, anti-amnesic and vasoprotective effect of Bombax costatum Pellegr. & Vuillet aqueous stem bark extract on chronic mild unpredictable stress induced in rat","Blondelle KD, Léa",,,2022,10.1016/j.jep.2022.115315,
The potential rewarding and reinforcing effects of the substituted benzofurans 2-EAPB and 5-EAPB in rodents,"LV, Sayson",,,2020,10.1016/j.ejphar.2020.173527,
The genetics of schizophrenia: glutamate not dopamine?,"DA, Collier",,,2003,10.1016/j.ejphar.2003.08.105,
"6-(3,4-dichlorophenyl)-1-[(methyloxy)methyl]-3-azabicyclo[4.1.0]heptane: a new potent and selective triple reuptake inhibitor","F, Micheli",,,2010,10.1021/jm100481d,
The involvement of GABA(A) receptor in the molecular mechanisms of combined selective serotonin reuptake inhibitor-antipsychotic treatment,"L, Danovich",,,2011,10.1017/s1461145710000106,
Structural contributions of antipsychotic drugs to their therapeutic profiles and metabolic side effects,"S, Jafari",,,2012,10.1111/j.1471-4159.2011.07590.x,
"A single administration of the hallucinogen, 4-acetoxy-dimethyltryptamine, prevents the shift to a drug-dependent state and the expression of withdrawal aversions in rodents","H, Vargas-Perez",,,2017,10.1111/ejn.13572,
D-serine deficiency attenuates the behavioral and cellular effects induced by the hallucinogenic 5-HT(2A) receptor agonist DOI,"MA, Santini",,,2014,10.1016/j.bbr.2013.11.022,
[Genome-wide association analyses for neuroleptic-induced tardive dyskinesia],"T, Arinami",,,2011,,
Neurochemical changes in LPA1 receptor deficient mice--a putative model of schizophrenia,"C, Roberts",,,2005,10.1007/s11064-005-2611-6,
Blockade and reversal of swimming-induced paralysis in C. elegans by the antipsychotic and D2-type dopamine receptor antagonist azaperone,"O, Refai",,,2019,10.1016/j.neuint.2018.05.013,
Clozapine reduces chemokine-mediated migration of lymphocytes by targeting NF-κB and AKT phosphorylation,"Abadey A, Al",,,2022,10.1016/j.cellsig.2022.110449,
"GluD1, linked to schizophrenia, controls the burst firing of dopamine neurons","N, Benamer",,,2018,10.1038/mp.2017.137,
Personality and polymorphisms of genes involved in aminergic neurotransmission,"RP, Ebstein",,,2000,10.1016/s0014-2999(00)00852-9,
Combined administration of varenicline and bupropion produces additive effects on accumbal dopamine and abolishes the alcohol deprivation effect in rats,"B, Söderpalm",,,2020,10.1111/adb.12807,
Evidence for the Involvement of Monoaminergic Pathways in the Antidepressant-Like Activity of Cymbopogon citratus in Mice,"S, Umukoro",,,2017,10.1055/s-0043-106586,
"The Schizophrenia-Associated BRD1 Gene Regulates Behavior, Neurotransmission, and Expression of Schizophrenia Risk Enriched Gene Sets in Mice","P, Qvist",,,2017,10.1016/j.biopsych.2016.08.037,
Advanced research on dopamine signaling to develop drugs for the treatment of mental disorders: Ser311Cys polymorphisms of the dopamine D2-receptor gene and schizophrenia,"M, Itokawa",,,2010,10.1254/jphs.10r07fm,
Opioid system modulators buprenorphine and samidorphan alter behavior and extracellular neurotransmitter concentrations in the Wistar Kyoto rat,"KL, Smith",,,2019,10.1016/j.neuropharm.2018.11.015,
Epigenetic reprogramming of cortical neurons through alteration of dopaminergic circuits,"K, Brami-Cherrier",,,2014,10.1038/mp.2014.67,
Antidepressant-Like Effects of Vaccinium bracteatum in Chronic Restraint Stress Mice: Functional Actions and Mechanism Explorations,"DR, Oh",,,2018,10.1142/s0192415x18500180,
"Pharmacology of JNJ-37822681, a specific and fast-dissociating D2 antagonist for the treatment of schizophrenia","X, Langlois",,,2012,10.1124/jpet.111.190702,
Changes in biogenic amine and benzodiazepine receptors correlated with conditioned emotional response and its reversal by diazepam,"JD, Lane",,,1982,10.1016/0014-2999(82)90250-3,
Behavioral analysis of the effects and mechanisms of action of benzodiazepines,"L, Cook",,,1975,,
"Activity of 5,7-dichlorokynurenic acid, a potent antagonist at the N-methyl-D-aspartate receptor-associated glycine binding site","BM, Baron",,,1990,,
Catecholamine systems of retina: a model for studying synaptic mechanisms,"M, Hadjiconstantinou",,,1984,10.1016/0024-3205(84)90184-x,
The involvement of accumbal glycine receptors in the dopamine-elevating effects of addictive drugs,"S, Jonsson",,,2014,10.1016/j.neuropharm.2014.03.010,
Involvement of 5-HT2A receptor and α2-adrenoceptor blockade in the asenapine-induced elevation of prefrontal cortical monoamine outflow,"O, Frånberg",,,2012,10.1002/syn.21551,
Abnormalities in the dopamine system in schizophrenia may lie in altered levels of dopamine receptor-interacting proteins,"J, Bai",,,2004,10.1016/j.biopsych.2004.06.022,
"Initial conditions of psychotropic drug response: studies of serotonin transporter long promoter region (5-HTTLPR), serotonin transporter efficiency, cytokine and kinase gene expression relevant to depression and antidepressant outcome","JL, Rausch",,,2005,10.1016/j.pnpbp.2005.03.011,
Prenatal protein deprivation in rats induces changes in prepulse inhibition and NMDA receptor binding,"AA, Palmer",,,2004,10.1016/j.brainres.2003.09.077,
Dopamine D3 receptor antagonism contributes to blonanserin-induced cortical dopamine and acetylcholine efflux and cognitive improvement,"M, Huang",,,2015,10.1016/j.pbb.2015.09.011,
Functional interactions of 2-phenylethylamine and of tryptamine with brain catecholamines: implications for psychotherapeutic drug action,"AJ, Greenshaw",,,1989,10.1016/0278-5846(89)90131-0,
"Potential effect of spermidine on GABA, dopamine, acetylcholinesterase, oxidative stress and proinflammatory cytokines to diminish ketamine-induced psychotic symptoms in rats","M, Yadav",,,2018,10.1016/j.biopha.2017.12.016,
Cortical glutamate-dopamine interaction and ketamine-induced psychotic symptoms in man,"S, Aalto",,,2005,10.1007/s00213-005-0092-6,
"3,4-Methylenedioxymetamphetamine (ecstasy) induces c-fos-like protein and mRNA in rat organotypic dorsal striatal slices","DS, Schatz",,,2000,10.1002/(sici)1098-2396(200004)36:1<75::aid-syn8>3.0.co;2-i,
ErbB4 Null Mice Display Altered Mesocorticolimbic and Nigrostriatal Dopamine Levels as well as Deficits in Cognitive and Motivational Behaviors,"M, Skirzewski",,,2020,10.1523/eneuro.0395-19.2020,
Afferent-specific AMPA receptor subunit composition and regulation of synaptic plasticity in midbrain dopamine neurons by abused drugs,"CH, Good",,,2010,10.1523/jneurosci.1507-10.2010,
Serotonin receptors expressed in Drosophila mushroom bodies differentially modulate larval locomotion,"B, Silva",,,2014,10.1371/journal.pone.0089641,
Dopaminergic control of ADAMTS2 expression through cAMP/CREB and ERK: molecular effects of antipsychotics,"F, Ruso-Julve",,,2019,10.1038/s41398-019-0647-7,
A role for the mesolimbic dopamine system in the psychostimulant actions of MDMA,"LH, Gold",,,1989,10.1007/bf00634450,
Pharmacological effects of serotonin reuptake inhibitors,"BE, Leonard",,,1988,,
"Anxiolytic effects of N-(4,5-dihydro-5-oxo-1,2-dithiolo-[4,3,b]-pyrrole-6-yl)-N-methylformamide, a pyrroloformamide isolated from a marine Streptomyces sp., in adult zebrafish by the 5-HT system","HPSF, Cesário",,,2024,10.1080/07391102.2023.2193988,
Expression and characterization of a dopamine D4R variant associated with delusional disorder,"MT, Zenner",,,1998,10.1016/s0014-5793(97)01617-7,
"Schizophrenia, amphetamine-induced sensitized state and acute amphetamine exposure all show a common alteration: increased dopamine D2 receptor dimerization","M, Wang",,,2010,10.1186/1756-6606-3-25,
Dopamine dysfunction in borderline personality disorder: a hypothesis,"RO, Friedel",,,2004,10.1038/sj.npp.1300424,
Towards trans-diagnostic mechanisms in psychiatry: neurobehavioral profile of rats with a loss-of-function point mutation in the dopamine transporter gene,"V, Vengeliene",,,2017,10.1242/dmm.027623,
Dopamine in the dorsal hippocampus impairs the late consolidation of cocaine-associated memory,"CP, Kramar",,,2014,10.1038/npp.2014.11,
The effects of tianeptine and other antidepressants on a rat model of depression,"G, Curzon",,,1992,,
Role of convergent activation of glutamatergic and dopaminergic systems in the nucleus accumbens in the development of methamphetamine psychosis and dependence,"M, Miyazaki",,,2013,10.1017/s1461145712001356,
Alterations in prefrontal glutamatergic and noradrenergic systems following MK-801 administration in rats prenatally exposed to methylazoxymethanol at gestational day 17,"I, Léna",,,2007,10.1007/s00213-007-0719-x,
"Loss-of-function of PTPR γ and ζ, observed in sporadic schizophrenia, causes brain region-specific deregulation of monoamine levels and altered behavior in mice","A, Cressant",,,2017,10.1007/s00213-016-4490-8,
Brexpiprazole II: antipsychotic-like and procognitive effects of a novel serotonin-dopamine activity modulator,"K, Maeda",,,2014,10.1124/jpet.114.213819,
[Biochemical effects of psychotropic drugs in central nervous system (author's transl)],"M, Karobath",,,1979,10.1007/bf01477626,
Bioactive analogs of neurotensin: focus on CNS effects,"M, Boules",,,2006,10.1016/j.peptides.2005.12.018,
An animal model of emotional blunting in schizophrenia,"CY, Pietersen",,,2007,10.1371/journal.pone.0001360,
"RP5063, an atypical antipsychotic drug with a unique pharmacologic profile, improves declarative memory and psychosis in mouse models of schizophrenia","L, Rajagopal",,,2017,10.1016/j.bbr.2017.02.036,
Serotonin disruption at gestation alters expression of genes associated with serotonin synthesis and reuptake at weaning,"MC, Fabio",,,2022,10.1007/s00213-022-06228-z,
Deficient striatal adaptation in aminergic and glutamatergic neurotransmission is associated with tardive dyskinesia in non-human primates exposed to antipsychotic drugs,"C, Lévesque",,,2017,10.1016/j.neuroscience.2017.07.068,
Dopaminergic mechanisms in the pathogenesis of schizophrenia,"M, Goldstein",,,1992,,
Neuroendocrine and behavioral responses during conditioned active and passive behavior in the defensive burying/probe avoidance paradigm: effects of ipsapirone,"SM, Korte",,,1992,10.1016/0031-9384(92)90284-9,
A novel role for dopamine signaling in the pathogenesis of bone loss from the atypical antipsychotic drug risperidone in female mice,"KJ, Motyl",,,2017,10.1016/j.bone.2017.07.008,
Atypical antipsychotics as noncompetitive inhibitors of alpha4beta2 and alpha7 neuronal nicotinic receptors,"VP, Grinevich",,,2009,10.1016/j.neuropharm.2009.05.003,
Activation and blockade of dorsal hippocampal Serotonin(6) receptors regulate anxiety-like behaviors in a unilateral 6-hydroxydopamine rat model of Parkinson's disease,"KC, Liu",,,2019,10.1080/01616412.2019.1611204,
5-hydroxytryptamine(2A) receptors regulate sympathetic nerves constricting the cutaneous vascular bed in rabbits and rats,"WW, Blessing",,,2003,10.1016/s0306-4522(02)00810-2,
Presynaptic regulation of dopamine transmission in schizophrenia,"GJ, Lyon",,,2011,10.1093/schbul/sbp010,
The effects of single-dose injections of modafinil and methamphetamine on epigenetic and functional markers in the mouse medial prefrontal cortex: potential role of dopamine receptors,"B, González",,,2019,10.1016/j.pnpbp.2018.07.019,
Electrophysiological and biochemical characterization of the development of alpha 1-adrenergic and 5-HT1 receptors associated with dorsal raphe neurons,"DA, Smith",,,1989,10.1016/0165-3806(89)90281-2,
"Normal thermoregulatory responses to 3-iodothyronamine, trace amines and amphetamine-like psychostimulants in trace amine associated receptor 1 knockout mice","HN, Panas",,,2010,10.1002/jnr.22367,
Positive Allosteric Modulation of the Muscarinic M1 Receptor Improves Efficacy of Antipsychotics in Mouse Glutamatergic Deficit Models of Behavior,"KH, Choy",,,2016,10.1124/jpet.116.235788,
Involvement of norepinephrine and serotonin system in antidepressant-like effects of hederagenin in the rat model of unpredictable chronic mild stress-induced depression,"BF, Liang",,,2015,10.3109/13880209.2014.922586,
Dopamine and octopamine influence avoidance learning of honey bees in a place preference assay,"M, Agarwal",,,2011,10.1371/journal.pone.0025371,
"Alpha1,6-fucosyltransferase-deficient mice exhibit multiple behavioral abnormalities associated with a schizophrenia-like phenotype: importance of the balance between the dopamine and serotonin systems","T, Fukuda",,,2011,10.1074/jbc.m110.172536,
"5-HT(1A) parital agonism and 5-HT(7) antagonism restore episodic memory in subchronic phencyclidine-treated mice: role of brain glutamate, dopamine, acetylcholine and GABA","M, Huang",,,2018,10.1007/s00213-018-4972-y,
Effects of serotonin-dopamine antagonists on prepulse inhibition and neurotransmitter contents in the rat cortex,"T, Ojima",,,2004,10.1016/j.neulet.2004.05.021,
Schizophrenia is associated with elevated amphetamine-induced synaptic dopamine concentrations: evidence from a novel positron emission tomography method,"A, Breier",,,1997,10.1073/pnas.94.6.2569,
Cananga odorata essential oil reverses the anxiety induced by 1-(3-chlorophenyl) piperazine through regulating the MAPK pathway and serotonin system in mice,"N, Zhang",,,2018,10.1016/j.jep.2018.03.013,
"RTI-4793-14, a new ligand with high affinity and selectivity for the (+)-MK801-insensitive [3H]1-]1-(2-thienyl)cyclohexyl]piperidine binding site (PCP site 2) of guinea pig brain","CB, Goodman",,,1994,10.1002/syn.890160107,
Effects of chronic neuroleptic treatment on dopamine release: insights from studies using 3-methoxytyramine,"MF, Egan",,,1996,10.1007/bf01273358,
Preferential alterations in the mesolimbic dopamine pathway of heterozygous reeler mice: an emerging animal-based model of schizophrenia,"M, Ballmaier",,,2002,10.1046/j.1460-9568.2002.01952.x,
Differences in agonist dissociation constant estimates for 5-HT at 5-HT2-receptors: a problem of acute desensitization?,"P, Leff",,,1988,10.1111/j.1476-5381.1988.tb11678.x,
Behavioral adaptation in C. elegans produced by antipsychotic drugs requires serotonin and is associated with calcium signaling and calcineurin inhibition,"DR, Donohoe",,,2009,10.1016/j.neures.2009.03.012,
Early-life lead exposure recapitulates the selective loss of parvalbumin-positive GABAergic interneurons and subcortical dopamine system hyperactivity present in schizophrenia,"KH, Stansfield",,,2015,10.1038/tp.2014.147,
"Effects of fenfluramine, m-CPP and triazolam on repeated-acquisition in squirrel monkeys before and after neurotoxic MDMA administration","PJ, Winsauer",,,2002,10.1007/s00213-001-0942-9,
First and second generation antipsychotics influence hippocampal gamma oscillations by interactions with 5-HT3 and D3 receptors,"SB, Schulz",,,2012,10.1111/j.1476-5381.2012.02107.x,
[Psychopathological correlates of dopaminergic dysfunction in alcoholic and schizophrenic patients],"A, Heinz",,,1999,10.1007/s001150050455,
Depression-like behavior is dependent on age in male SAMP8 mice,"D, Pérez-Cáceres",,,2013,10.1007/s10522-013-9420-0,
Analysis and modeling of neural processes underlying sensory preconditioning,"Y, Matsumoto",,,2013,10.1016/j.nlm.2013.01.008,
Effects of N-acetylaspartylglutamate (NAAG) peptidase inhibition on release of glutamate and dopamine in prefrontal cortex and nucleus accumbens in phencyclidine model of schizophrenia,"D, Zuo",,,2012,10.1074/jbc.m112.363226,
Monoamine reuptake inhibition and nicotine receptor antagonism reduce amplitude and gating of auditory evoked potentials,"SJ, Siegel",,,2005,10.1016/j.neuroscience.2005.03.027,
Bupropion binds to two sites in the Torpedo nicotinic acetylcholine receptor transmembrane domain: a photoaffinity labeling study with the bupropion analogue [(125)I]-SADU-3-72,"A, Pandhare",,,2012,10.1021/bi300101r,
"Effects of TRK-820, a selective kappa opioid receptor agonist, on rat schizophrenia models","S, Yoshikawa",,,2009,10.1016/j.ejphar.2009.01.043,
Antidepressant-like effects of the glucocorticoid receptor antagonist RU-43044 are associated with changes in prefrontal dopamine in mouse models of depression,"Y, Ago",,,2008,10.1016/j.neuropharm.2008.08.026,
The Aversive Agent Lithium Chloride Suppresses Phasic Dopamine Release Through Central GLP-1 Receptors,"SM, Fortin",,,2016,10.1038/npp.2015.220,
Molecular dynamics-based simulation of trace amine membrane permeability,"MD, Berry",,,2011,10.1007/s00702-010-0569-2,
Hyposensitivity to serotonergic stimulation in protein malnourished rats,"RD, Hall",,,1983,10.1016/0031-9384(83)90117-8,
[Advanced findings on the molecular mechanisms for behavioral sensitization to psychostimulants],"H, Ujike",,,2001,10.1254/fpj.117.5,
Association of [3H]-imipramine and [3H]-paroxetine binding with the 5HT transporter in brain and platelets: relevance to studies in depression,"SZ, Langer",,,1987,10.3109/10799898709054999,
MDMA attenuates THC withdrawal syndrome in mice,"C, Touriño",,,2007,10.1007/s00213-007-0772-5,
Is schizophrenia an HLA-associated disease?,"P, McGuffin",,,1979,10.1017/s0033291700034036,
"Effects of aripiprazole, olanzapine, and haloperidol in a model of cognitive deficit of schizophrenia in rats: relationship with glutamate release in the medial prefrontal cortex","M, Carli",,,2011,10.1007/s00213-010-2065-7,
An antidepressant that extends lifespan in adult Caenorhabditis elegans,"M, Petrascheck",,,2007,10.1038/nature05991,
D2 receptor overexpression in the striatum leads to a deficit in inhibitory transmission and dopamine sensitivity in mouse prefrontal cortex,"YC, Li",,,2011,10.1073/pnas.1109718108,
"Aripiprazole and haloperidol suppress excessive dopamine release in the amygdala in response to conditioned fear stress, but show contrasting effects on basal dopamine release in methamphetamine-sensitized rats","H, Oshibuchi",,,2009,10.1016/j.ejphar.2009.05.006,
Stereospecific binding of D-lysergic acid diethylamide (LSD) to brain membranes: relationship to serotonin receptors,"JP Jr, Bennett",,,1975,10.1016/0006-8993(75)90234-6,
"Roman high and low avoidance rats differ in their response to chronic olanzapine treatment at the level of body weight regulation, glucose homeostasis, and cortico-mesolimbic gene expression","SS, Evers",,,2017,10.1177/0269881117724749,
Dopaminergic mechanisms of reinstatement of MDMA-seeking behaviour in rats,"S, Schenk",,,2011,10.1111/j.1476-5381.2010.01193.x,
Plasticity at hippocampal to prefrontal cortex synapses is impaired by loss of dopamine and stress: importance for psychiatric diseases,"TM, Jay",,,2004,10.1007/bf03033225,
Risperidone dose-dependently increases extracellular concentrations of serotonin in the rat frontal cortex: role of alpha 2-adrenoceptor antagonism,"P, Hertel",,,1997,10.1016/s0893-133x(97)00002-x,
Reversal of phencyclidine effects by a group II metabotropic glutamate receptor agonist in rats,"B, Moghaddam",,,1998,10.1126/science.281.5381.1349,
"A dopaminergic mechanism of antipsychotic drug efficacy, failure, and failure reversal: the role of the dopamine transporter","D, Amato",,,2020,10.1038/s41380-018-0114-5,
Antagonism at serotonin 5-HT(2A) receptors modulates functional activity of frontohippocampal circuit,"A, Gozzi",,,2010,10.1007/s00213-009-1772-4,
Chronic hyperdopaminergic activity of schizophrenia is associated with increased ΔFosB levels and cdk-5 signaling in the nucleus accumbens,"R, Cantrup",,,2012,10.1016/j.neuroscience.2012.07.027,
Amphetamine potentiates the effects of β-phenylethylamine through activation of an amine-gated chloride channel,"BD, Safratowich",,,2014,10.1523/jneurosci.3100-13.2014,
Abnormal development of monoaminergic neurons is implicated in mood fluctuations and bipolar disorder,"MM, Jukic",,,2015,10.1038/npp.2014.244,
"Differential effects of serotonin 5-HT1A receptor agonists on the discriminative stimulus effects of the 5-HT2A receptor agonist 1-(2,5-dimethoxy-4-methylphenyl)-2-aminopropane in rats and rhesus monkeys","JX, Li",,,2010,10.1124/jpet.109.163451,
Disruption of mesolimbic regulation of prefrontal cholinergic transmission in an animal model of schizophrenia and normalization by chronic clozapine treatment,"KS, Alexander",,,2009,10.1038/npp.2009.105,
Differential long-term effects of MDMA on the serotoninergic system and hippocampal cell proliferation in 5-HTT knock-out vs. wild-type mice,"T, Renoir",,,2008,10.1017/s1461145708009048,
The modulation of brain dopamine and GABAA receptors by estradiol: a clue for CNS changes occurring at menopause,"R, Bossé",,,1996,10.1007/bf02088176,
Evidence that the BLOC-1 protein dysbindin modulates dopamine D2 receptor internalization and signaling but not D1 internalization,"Y, Iizuka",,,2007,10.1523/jneurosci.1689-07.2007,
Dopamine prevents muscarinic-induced decrease of glutamate release in the auditory cortex,"M, Atzori",,,2005,10.1016/j.neuroscience.2005.05.005,
"Protracted effects of chronic oral haloperidol and risperidone on nerve growth factor, cholinergic neurons, and spatial reference learning in rats","AV Jr, Terry",,,2007,10.1016/j.neuroscience.2007.09.014,
Dopamine depletion and in vivo binding of PET D1 receptor radioligands: implications for imaging studies in schizophrenia,"N, Guo",,,2003,10.1038/sj.npp.1300224,
The relationship between dorsolateral prefrontal N-acetylaspartate measures and striatal dopamine activity in schizophrenia,"A, Bertolino",,,1999,10.1016/s0006-3223(98)00380-1,
The interaction of antidepressant drugs with enteric 5-HT7 receptors,"A, Lucchelli",,,2000,10.1007/s002100000295,
Antibodies against astrocyte M1 and M2 muscarinic cholinoceptor from schizophrenic patients' sera,"T, Borda",,,2004,10.1002/glia.10312,
Endocoids in depression: do antidepressants alter endocoids that affect the serotonergic system?,"BE, Leonard",,,1993,10.1016/0278-5846(93)90001-9,
Role of alpha 1-adrenoceptors and 5-HT2 receptors in serotonin-induced contraction of rat prostate: autoradiographical and functional studies,"AL, Killam",,,1995,10.1016/0014-2999(94)00613-c,
"SSR180711, a novel selective alpha7 nicotinic receptor partial agonist: (II) efficacy in experimental models predictive of activity against cognitive symptoms of schizophrenia","P, Pichat",,,2007,10.1038/sj.npp.1301188,
"Effect of a serotonin depleting regimen of 3,4-methylenedioxymethamphetamine (MDMA) on the subsequent stimulation of acetylcholine release in the rat prefrontal cortex","SG, Nair",,,2006,10.1016/j.brainresbull.2006.01.011,
"Serotonin, norepinephrine and dopamine involvement in the antidepressant action of hypericum perforatum","G, Calapai",,,2001,10.1055/s-2001-15180,
Norepinephrine triggers Ca2+-dependent exocytosis of 5-hydroxytryptamine from rat pinealocytes in culture,"H, Yamada",,,2002,10.1046/j.1471-4159.2002.00839.x,
Risperidone: regional effects in vivo on release and metabolism of dopamine and serotonin in the rat brain,"P, Hertel",,,1996,10.1007/bf02245607,
"Role of endogenous dopamine in the central serotonergic deficits induced by 3,4-methylenedioxymethamphetamine","DM, Stone",,,1988,,
Modulation of striatal dopamine release by glycine transport inhibitors,"DC, Javitt",,,2005,10.1038/sj.npp.1300589,
Enhanced effect of dopaminergic stimulation on prepulse inhibition in mice deficient in the alpha subunit of G(z),"den Buuse M, van",,,2005,10.1007/s00213-005-0181-6,
RGS4 modulates serotonin signaling in prefrontal cortex and links to serotonin dysfunction in a rat model of schizophrenia,"Z, Gu",,,2007,10.1124/mol.106.032490,
Adolescent THC Exposure Causes Enduring Prefrontal Cortical Disruption of GABAergic Inhibition and Dysregulation of Sub-Cortical Dopamine Function,"J, Renard",,,2017,10.1038/s41598-017-11645-8,
The major hallucinogens and the central cytoskeleton: an association beyond coincidence? Towards sub-cellular mechanisms in schizophrenia,"Woerkom AE, van",,,1990,10.1016/0306-9877(90)90044-f,
The effects of umespirone as a potential anxiolytic and antipsychotic agent,"NM, Barnes",,,1991,10.1016/0091-3057(91)90326-w,
Subchronic continuous phencyclidine administration potentiates amphetamine-induced frontal cortex dopamine release,"A, Balla",,,2003,10.1038/sj.npp.1300019,
Bupropion dose-dependently reverses nicotine withdrawal deficits in contextual fear conditioning,"GS, Portugal",,,2007,10.1016/j.pbb.2007.08.004,
Rewarding actions of phencyclidine and related drugs in nucleus accumbens shell and frontal cortex,"WA Jr, Carlezon",,,1996,10.1523/jneurosci.16-09-03112.1996,
Early life adversity programs changes in central 5-HT neuronal function in adulthood,"SE, Gartside",,,2003,10.1046/j.1460-9568.2003.02668.x,
Effects of the 5-HT1C/5-5-HT2 receptor agonists DOI and alpha-methyl-5-HT on plasma glucose and insulin levels in the rat,"F, Chaouloff",,,1990,10.1016/0014-2999(90)90370-l,
"Selective action of (-)-2-oxa-4-aminobicyclo[3.1.0]hexane-4,6-dicarboxylate (LY379268), a group II metabotropic glutamate receptor agonist, on basal and phencyclidine-induced dopamine release in the nucleus accumbens shell","RG, Greenslade",,,2004,10.1016/j.neuropharm.2004.02.015,
Developmental vitamin D deficiency alters dopamine-mediated behaviors and dopamine transporter function in adult female rats,"JP, Kesby",,,2010,10.1007/s00213-009-1717-y,
Antinociceptive Effects of the Antidepressant Phenelzine are Mediated by Context-Dependent Inhibition of Neuronal Responses in the Dorsal Horn,"LE, Potter",,,2018,10.1016/j.neuroscience.2018.04.047,
Attenuation of reserpine-induced pain/depression dyad by gentiopicroside through downregulation of GluN2B receptors in the amygdala of mice,"SB, Liu",,,2014,10.1007/s12017-013-8280-8,
Relationship between self-administration of amphetamine and monoamine receptors in brain: comparison with cocaine,"MC, Ritz",,,1989,,
Some pharmacological aspects of drug dependence,"GB, Chesher",,,1975,10.5694/j.1326-5377.1975.tb106399.x,
"Pharmacological characterization of LY593093, an M1 muscarinic acetylcholine receptor-selective partial orthosteric agonist","ML, Watt",,,2011,10.1124/jpet.111.182063,
Phencyclidine-like discriminative stimulus effects of polyamine modulators of N-methyl-D-aspartate receptor activity in rats,"KL, Nicholson",,,1998,10.1016/s0304-3940(98)00606-5,
Adenosine modulates the dopaminergic function in the nigro-striatal system by interacting with striatal dopamine dependent adenylate cyclase,"MP, Abbracchio",,,1987,10.1016/0031-6989(87)90085-3,
Prefrontal cortical involvement in phencyclidine-induced activation of the mesolimbic dopamine system: behavioral and neurochemical evidence,"JD, Jentsch",,,1998,10.1007/s002130050649,
Pharmacological profile of antipsychotics at monoamine receptors: atypicality beyond 5-HT2A receptor blockade,"MD, Wood",,,2006,10.2174/187152706777950693,
"Serotonin, but not dopamine, controls the stress response and anxiety-like behavior in the crayfish Procambarus clarkii","P, Fossat",,,2015,10.1242/jeb.120550,
The psychotomimetic drug phencyclidine labels two high affinity binding sites in guinea pig brain: evidence for N-methyl-D-aspartate-coupled and dopamine reuptake carrier-associated phencyclidine binding sites,"RB, Rothman",,,1989,,
Anticonvulsants for poisoning by the organophosphorus compound soman: pharmacological mechanisms,"TM, Shih",,,1991,10.1016/s0149-7634(05)80028-4,
"Demonstration of a receptor in Torpedo synaptic vesicles for the acetylcholine storage blocker L-trans-2-(4-phenyl[3,4-3H]-piperidino) cyclohexanol","BA, Bahr",,,1986,10.1073/pnas.83.7.2267,
Subchronic and chronic PCP treatment produces temporally distinct deficits in attentional set shifting and prepulse inhibition in rats,"A, Egerton",,,2008,10.1007/s00213-008-1071-5,
[Modulation of dopaminergic receptor sensitivity in the central nervous system: important parameters in synaptic function regulation],"J, Costentin",,,1979,,
Dopamine-induced depolarizing responses associated with negative slope conductance in LB-cluster neurones of Aplysia,"M, Matsumoto",,,1988,10.1113/jphysiol.1988.sp017410,
5-HT2C receptor activation prevents stress-induced enhancement of brain 5-HT turnover and extracellular levels in the mouse brain: modulation by chronic paroxetine treatment,"R, Mongeau",,,2010,10.1111/j.1471-4159.2010.06932.x,
Sedative/anxiolytic effects of antidepressants in animals,"SO, Ogren",,,1981,10.1111/j.1600-0447.1981.tb00731.x,
Neurobiological correlates of acute neuroleptic treatment,"GC, Sedvall",,,1996,10.1097/00004850-199605002-00007,
Paradoxical striatal cellular signaling responses to psychostimulants in hyperactive mice,"JM, Beaulieu",,,2006,10.1074/jbc.m606062200,
Effects of the mGluR2/3 agonist LY379268 on ketamine-evoked behaviours and neurochemical changes in the dentate gyrus of the rat,"G, Imre",,,2006,10.1016/j.pbb.2006.05.021,
Differential actions of typical and atypical antipsychotic drugs on dopamine release in the core and shell of the nucleus accumbens,"MM, Marcus",,,1996,10.1016/0924-977x(95)00056-u,
Single photon emission computerized tomography imaging of amphetamine-induced dopamine release in drug-free schizophrenic subjects,"M, Laruelle",,,1996,10.1073/pnas.93.17.9235,
Dopamine partial agonist action of (-)OSU6162 is consistent with dopamine hyperactivity in psychosis,"P, Seeman",,,2007,10.1016/j.ejphar.2006.11.016,
"Evaluation of d-amphetamine effects on the binding of dopamine D-2 receptor radioligand, 18F-fallypride in nonhuman primates using positron emission tomography","J, Mukherjee",,,1997,10.1002/(sici)1098-2396(199709)27:1<1::aid-syn1>3.0.co;2-9,
Putative cognition enhancers reverse kynurenic acid antagonism at hippocampal NMDA receptors,"A, Pittaluga",,,1995,10.1016/0014-2999(94)00641-j,
Dopaminergic modulation of the P50 auditory-evoked potential in a computer model of the CA3 region of the hippocampus: its relationship to sensory gating in schizophrenia,"KA, Moxon",,,2003,10.1007/s00422-002-0372-8,
Stress-induced changes of norepinephrine uptake sites in the locus coeruleus of C57BL/6J and DBA/2J mice: a quantitative autoradiographic study using [3H]-tomoxetine,"BH, Hwang",,,1999,10.1016/s0304-3940(99)00241-4,
[Role of brain biogenic amines in the central thermoregulatory mechanism of the rat (author's transl)],"N, Fukushima",,,1975,,
Effects of the adenosine A(1) receptor agonist N(6)-cyclopentyladenosine on phencyclidine-induced behavior and expression of the immediate-early genes in the discrete brain regions of rats,"L, Gotoh",,,2002,10.1016/s0169-328x(02)00136-5,
"In vitro biochemical evidence that the psychotomimetics phencyclidine, ketamine and dizocilpine (MK-801) are inactive at cloned human and rat dopamine D2 receptors","S, Jordan",,,2006,10.1016/j.ejphar.2006.04.026,
"BL-1020, an oral antipsychotic agent that reduces dopamine activity and enhances GABAA activity, for the treatment of schizophrenia","PB, Fitzgerald",,,2010,,
Effects of competitive and non-competitive NMDA receptor antagonists on dopamine output in the shell and core subdivisions of the nucleus accumbens,"MM, Marcus",,,2001,10.1016/s0028-3908(00)00199-4,
Following the trace of elusive amines,"RT, Premont",,,2001,10.1073/pnas.181356198,
Comparative neurochemical changes associated with chronic administration of typical and atypical neuroleptics: implications in tardive dyskinesia,"M, Bishnoi",,,2007,,
[Disruption of prepulse inhibition of acoustic startle as an animal model for schizophrenia],"S, Yamada",,,2000,,
The tonic/phasic model of dopamine system regulation and its implications for understanding alcohol and psychostimulant craving,"AA, Grace",,,2000,10.1080/09652140050111690,
Cannabinoid CB1 receptor antagonism markedly increases dopamine receptor-mediated stereotypies,"B, Ferrer",,,2007,10.1016/j.ejphar.2007.01.009,
Recent developments in 5HT-related pharmacology of animal models of anxiety,"CR, Gardner",,,1986,10.1016/0091-3057(86)90215-7,
Hypersensitivity to serotonin and its agonists in serotonin-hyperinnervated neostriatum after neonatal dopamine denervation,"Mansari M, el",,,1994,10.1016/0014-2999(94)90316-6,
Hormonal control of polyamine pools in experimental breast cancer in vivo: correlation with estrogen and progesterone receptor levels,"A, Manni",,,1989,10.1007/bf01810739,
Genetic dissection of Drosophila adenylate cyclase,"MS, Livingstone",,,1985,10.1073/pnas.82.17.5992,
PCP site 2: a high affinity MK-801-insensitive phencyclidine binding site,"RB, Rothman",,,1994,10.1016/0892-0362(94)90022-1,
Identification of nonserotonergic [3H]ketanserin binding sites associated with nerve terminals in rat brain and with platelets; relation with release of biogenic amine metabolites induced by ketanserin- and tetrabenazine-like drugs,"JE, Leysen",,,1988,,
Effects of competitive N-methyl-D-aspartate antagonists on midbrain dopamine neurons: an electrophysiological and behavioral comparison to phencyclidine,"ED, French",,,1991,10.1016/0028-3908(91)90131-t,
Antipsychotic drug-induced increases in ventral tegmental area dopamine neuron population activity via activation of the nucleus accumbens-ventral pallidum pathway,"O, Valenti",,,2010,10.1017/s1461145709990599,
"Binding of psychoactive drugs to rat brain amine receptors, measured ex vivo, and their effects on the metabolism of biogenic amines","HR, Burki",,,1986,10.1007/bf00504864,
Nerve terminal effects of indoleamine psychotomimetics on 5-hydroxytryptamine,"AE, Halaris",,,1982,10.1016/0149-7634(82)90029-x,
Specific high affinity [3H]imipramine binding sites in rat lung are associated with a non-neuronal uptake site for serotonin,"R, Raisman",,,1983,10.1016/0014-2999(83)90426-0,
Acute amygdalar activation induces an upregulation of multiple monoamine G protein coupled pathways in rat hippocampus,"FM, Benes",,,2004,10.1038/sj.mp.4001524,
Opponent-process theory and drug conditioning: an assessment for conditioned stimulant-induced movement,"RJ, Carey",,,1992,10.1016/s0166-4328(05)80207-4,
[3H]1-[2-(2-thienyl)cyclohexyl]piperidine labels two high-affinity binding sites in human cortex: further evidence for phencyclidine binding sites associated with the biogenic amine reuptake complex,"HC, Akunne",,,1991,10.1002/syn.890080407,
Developmental cell death is enhanced in the cerebral cortex of mice lacking the brain vesicular monoamine transporter,"L, Stankovski",,,2007,10.1523/jneurosci.4395-06.2007,
[Mechanism of action of antidepressant drugs: importance of genetically modified mice in the pharmacological in vivo approach],"A, Gardier",,,2005,10.2515/therapie:2005067,
Dopamine depresses polysynaptic inhibition in rat subicular neurons,"J, Behr",,,2000,10.1016/s0006-8993(00)02003-5,
"Selective reduction of extracellular dopamine in the rat nucleus accumbens following chronic treatment with DAU 6215, a 5-HT3 receptor antagonist","R, Invernizzi",,,1995,10.1016/0028-3908(94)00150-q,
Covalent interaction of [3H]-dopamine with rat brain proteins in vivo and with the dopamine-reuptake site of nerve endings in vitro,"BD, Davies",,,1981,10.1002/jnr.490060410,
Amelioration of the reduced antinociceptive effect of morphine in the unpredictable chronic mild stress model mice by noradrenalin but not serotonin reuptake inhibitors,"S, Ide",,,2015,10.1186/s12990-015-0051-0,
Differential effects of nialamide and clomipramine on serotonin efflux and autoreceptors,"SJ, Offord",,,1987,10.1016/0091-3057(87)90171-7,
"Non-amines, drugs without an amine nitrogen, potently block serotonin transport: novel antidepressant candidates?","M, Goulet",,,2001,10.1002/syn.1108,
Diabetes-induced alteration in brain monoamine metabolism in rats,"M, Bitar",,,1986,,
Association of caffeine to MDMA does not increase antinociception but potentiates adverse effects of this recreational drug,"J, Camarasa",,,2006,10.1016/j.brainres.2006.06.087,
Properties of dopamine agonist and antagonist binding sites in mammalian retina,"MH, Makman",,,1980,10.1016/0006-8993(80)91221-4,
Pyrroloisoquinoline antidepressants. 2. In-depth exploration of structure-activity relationships,"BE, Maryanoff",,,1987,10.1021/jm00391a028,
Asenapine effects on cognitive and monoamine dysfunction elicited by subchronic phencyclidine administration,"JD, Elsworth",,,2012,10.1016/j.neuropharm.2011.08.026,
Regulation of high- and low-affinity [3H]imipramine recognition sites in rat brain by chronic treatment with antidepressants,"PD, Hrdina",,,1987,10.1016/0014-2999(87)90429-8,
Central nervous system and gut interactions: dopamine and experimental gastroduodenal lesions,"GB, Glavin",,,1994,10.1111/j.1440-1746.1994.tb01299.x,
"Naloxone, but not flupenthixol, disrupts the development of conditioned ejaculatory preference in the male rat","N, Ismail",,,2009,10.1037/a0017096,
Modulation of amphetamine-induced dopamine release by group II metabotropic glutamate receptor agonist LY354740 in non-human primates studied with positron emission tomography,"Berckel BN, van",,,2006,10.1038/sj.npp.1300902,
[3H]tetrahydrotrazodone binding. Association with serotonin binding sites,"DA, Kendall",,,1983,,
MPTP lesions of the nigrostriatal dopaminergic projection decrease [3H]1-[1-(2-thienyl)cyclohexyl]piperidine binding to PCP site 2: further evidence that PCP site 2 is associated with the biogenic amine reuptake complex,"HC, Akunne",,,1992,10.1007/bf00966668,
"Potentiation by TRH of the effect of antidepressants in the forced-swimming test, involvement of dopaminergic and opioid systems","V, Reny-Palasse",,,1989,10.1111/j.1476-5381.1989.tb11942.x,
Connecting the dots of the cerebro-cerebellar role in cognitive function: neuronal pathways for cerebellar modulation of dopamine release in the prefrontal cortex,"TD, Rogers",,,2011,10.1002/syn.20960,
Estimation of the apparent affinity of the striatal dopamine receptors for the radioligand[3H]spiperone [( 3H]spiroperidol),"RE, Hruska",,,1984,10.1002/jnr.490120406,
"Possible role of potassium channel, big K in etiology of schizophrenia","L, Zhang",,,2006,10.1016/j.mehy.2005.09.055,
"Neurokinin1 antagonists potentiate antidepressant properties of serotonin reuptake inhibitors, yet blunt their anxiogenic actions: a neurochemical, electrophysiological, and behavioral characterization","A, Gobert",,,2009,10.1038/npp.2008.176,
"Systemic, but not local, administration of cannabinoid CB1 receptor agonists modulate prefrontal cortical acetylcholine efflux in the rat","CD, Verrico",,,2003,10.1002/syn.10202,
[Effects of lithium and antidepressants on monoaminergic receptors and receptor-coupled adenylate cyclase system in rat brain],"Y, Odagaki",,,1992,,
Daily bupropion injections for 3 weeks attenuate the NE stimulation of adenylate cyclase and the number of beta-adrenergic recognition sites in rat frontal cortex,"O, Gandolfi",,,1983,10.1016/0028-3908(83)90143-0,
[3H]tyramine binding: a comparison with neuronal [3H]dopamine uptake and [3H]mazindol binding processes,"A, Vaccari",,,1989,10.1007/bf00965928,
Functional interaction between serotonin-S2 and dopamine-D2 neurotransmission as revealed by selective antagonism of hyper-reactivity to tryptamine and apomorphine,"F, Awouters",,,1990,,
Ketamine inhibition of ligand binding to cholinergic receptors and ion channels,"RS, Aronstam",,,1982,10.1016/0014-2999(82)90040-1,
Central pre- and postsynaptic monoamine receptors in antidepressant therapy,"TH, Svensson",,,1981,10.1111/j.1600-0447.1981.tb00710.x,
[A TRH analog (DN-1417). Anti-reserpine action in electroconvulsive threshold and involvement of serotonergic (5-HT) mechanism in mice],"Y, Nagai",,,1985,10.1254/fpj.85.221,
Biochemical factors in Schizophrenia,"SH, Snyder",,,1977,10.1080/21548331.1977.11707215,
[The role of serotonin in the behavioral changes induced in the rat by cyclazocine],"MR, Gavend",,,1986,,
Effect of learned behavior upon conditioned place preference to cathinone,"MD, Schechter",,,1991,10.1016/0091-3057(91)90582-m,
High-affinity [3H]imipramine binding in rat hypothalamus: association with uptake of serotonin but not of norepinephrine,"SZ, Langer",,,1980,10.1126/science.7444441,
Quantitative autoradiography of brain binding sites for the vesicular acetylcholine transport blocker 2-(4-phenylpiperidino)cyclohexanol (AH5183),"MR, Marien",,,1987,10.1073/pnas.84.3.876,
Iron-induced oxidative stress modulates olfactory learning and memory in honeybees,"T, Farooqui",,,2008,10.1037/0735-7044.122.2.433,
Effects of thymoleptics on behavior associated with changes in brain dopamine. II. Modification and potentiation of apomorphine-induced stimulation of mice,"L, Molander",,,1976,10.1007/bf00427282,
Chronic cocaine enhances serotonin autoregulation and serotonin uptake binding,"KA, Cunningham",,,1992,10.1002/syn.890110204,
Ergot alkaloids and central monoaminergic receptors,"M, Goldstein",,,1985,,
Selective effects on prefrontal cortex serotonin by dopamine D3 receptor agonism: interaction with low-dose haloperidol,"MR, Lynch",,,1997,10.1016/s0278-5846(97)00106-1,
Central side effects of pentamethylmelamine: biochemical and behavioural studies,"C, Perego",,,1984,10.1016/0006-2952(84)90014-5,
New antipsychotic agents and the future,"AV, Mackay",,,1985,,
Modulation of arachidonate turnover in cerebral phospholipids,"AI, Barkai",,,1989,10.1111/j.1749-6632.1989.tb22598.x,
Dopamine neurochemical profile of atypical antipsychotics resembles that of D-1 antagonists,"CA, Altar",,,1988,10.1007/bf00174864,
Demonstration of an autoreceptor modulating the release of [3H]5-hydroxytryptamine from a synaptosomal-rich spinal cord tissue preparation,"PJ, Monroe",,,1985,10.1111/j.1471-4159.1985.tb10548.x,
[A biochemical theory of schizophrenia],"HH, Kornhuber",,,1984,,
Effect of chronic treatment with tricyclic antidepressants upon antinociception induced by intrathecal injection of morphine and monoamines,"DE, Kellstein",,,1988,10.1016/0028-3908(88)90194-3,
"Pharmacology of the new reversible inhibitor of monoamine oxidase A, RS-8359","N, Iwata",,,1997,10.1097/00004850-199709005-00002,
[The stimulation of prolactin secretion by the simultaneous inhibition of the dopaminergic and activation of the serotoninergic systems in the hypothalamus],"MG, Aliev",,,1990,,
Old drugs learn new tricks: insights from mammalian trace amine receptors,"KA, Kim",,,2001,10.1124/mol.60.6.1165,
[A pharmacologic analysis of several adrenomimetic effects of serotonin],"VA, Arefolov",,,1975,,
British Association for Psychopharmacology--2008 Summer Meeting,"TA, Jenkins",,,2008,,
The duplicated α7 subunits assemble and form functional nicotinic receptors with the full-length α7,"Y, Wang",,,2014,10.1074/jbc.m114.582858,
Tyramine-induced gastrointestinal dysregulation is attenuated via estradiol associated mechanisms in a zebrafish larval model,"L, Pretorius",,,2023,10.1016/j.taap.2023.116399,
The promises and pitfalls of reboxetine,"ME, Page",,,2003,10.1111/j.1527-3458.2003.tb00258.x,
Therapeutic Effects of Quetiapine and 5-HT(1A) Receptor Agonism on Hyperactivity in Dopamine-Deficient Mice,"Y, Ochiai",,,2022,10.3390/ijms23137436,
Dopamine is not required for the hyperlocomotor response to NMDA receptor antagonists,"EH, Chartoff",,,2005,10.1038/sj.npp.1300678,
HTR2A agonists play a therapeutic role by restricting ILC2 activation in papain-induced lung inflammation,"Z, Wang",,,2023,10.1038/s41423-023-00982-6,
Effects of acute olanzapine after sustained fluoxetine on extracellular monoamine levels in the rat medial prefrontal cortex,"M, Amargós-Bosch",,,2005,10.1016/j.ejphar.2005.05.004,
Sertraline inhibits stress-induced tumor growth through regulating CD8 + T cell-mediated anti-tumor immunity,"S, Zhou",,,2022,10.1097/cad.0000000000001383,
Generation and characterization of conditional heparin-binding EGF-like growth factor knockout mice,"A, Oyagi",,,2009,10.1371/journal.pone.0007461,
Orbitofrontal dopamine depletion upregulates caudate dopamine and alters behavior via changes in reinforcement sensitivity,"HF, Clarke",,,2014,10.1523/jneurosci.0718-14.2014,
Effects of fluoxetine and buspirone on the panicolytic-like response induced by the activation of 5-HT1A and 5-HT2A receptors in the rat dorsal periaqueductal gray,"Bortoli VC, de",,,2006,10.1007/s00213-005-0189-y,
Mechanism of action of aripiprazole predicts clinical efficacy and a favourable side-effect profile,"T, Hirose",,,2004,10.1177/026988110401800308,
Lithium antagonizes dopamine-dependent behaviors mediated by an AKT/glycogen synthase kinase 3 signaling cascade,"JM, Beaulieu",,,2004,10.1073/pnas.0307921101,
Neurochemical changes associated with chronic administration of typical antipsychotics and its relationship with tardive dyskinesia,"M, Bishnoi",,,2007,10.1358/mf.2007.29.3.1075355,
Response of extrapyramidal and limbic neurotensin systems to phencyclidine treatment,"GR, Hanson",,,1995,10.1016/0014-2999(95)00127-7,
Neuroleptic activity and dopamine-uptake inhibition in 1-piperazino-3-phenylindans,"KP, Bøgesø",,,1983,10.1021/jm00361a002,
Dopamine release in the nucleus accumbens and latent inhibition in the rat following microinjections of a 5-HT1B agonist into the dorsal subiculum: implications for schizophrenia,"P, Boulenguez",,,1998,10.1177/026988119801200305,
Characterization of the stimulatory and inhibitory effects of polyamines on [3H]N-(1-[thienyl]cyclohexyl) piperidine binding to the N-methyl-D-aspartate receptor ionophore complex,"AI, Sacaan",,,1990,,
"Identification of a new amino acid residue capable of modulating agonist efficacy at the homomeric nicotinic acetylcholine receptor, alpha7","RW, Vazquez",,,1999,10.1124/mol.55.1.1,
Antipsychotic treatment induces alterations in dendrite- and spine-associated proteins in dopamine-rich areas of the primate cerebral cortex,"MS, Lidow",,,2001,10.1016/s0006-3223(00)01058-1,
Effects of acute and repeated administration of antidepressant drugs on extracellular levels of 5-hydroxytryptamine measured in vivo,"DS, Kreiss",,,1995,,
Effects of buprenorphine on behavioral tests for antidepressant and anxiolytic drugs in mice,"E, Falcon",,,2015,10.1007/s00213-014-3723-y,
HTR2A: association and expression studies in neuropsychiatric genetics,"N, Norton",,,2005,10.1080/07853890510037347,
Glutamate-induced increases in transglutaminase activity in primary cultures of astroglial cells,"A, Campisi",,,2003,10.1016/s0006-8993(03)02725-2,
Vasodilator effects of dopaminomimetics in the perfused rat kidney,"M, Schmidt",,,1982,10.1016/0014-2999(82)90157-1,
Lateral parabrachial serotonergic mechanisms: angiotensin-induced pressor and drinking responses,"JV, Menani",,,1995,10.1152/ajpregu.1995.269.5.r1044,
"Positive allosteric modulation of indoleamine 2,3-dioxygenase 1 restrains neuroinflammation","G, Mondanelli",,,2020,10.1073/pnas.1918215117,
"Retinal serotonin, eye growth and myopia development in chick","A, George",,,2005,10.1016/j.exer.2005.03.021,
A low dose of xylamine produces sustained and selective decreases in rat brain norepinephrine without evidence of neuronal degeneration,"MW, Dudley",,,1988,,
Antagonism of amphetamine-induced disruption of latent inhibition in rats by haloperidol and ondansetron: implications for a possible antipsychotic action of ondansetron,"EC, Warburton",,,1994,10.1007/bf02244998,
"Betahistine ameliorates olanzapine-induced weight gain through modulation of histaminergic, NPY and AMPK pathways","J, Lian",,,2014,10.1016/j.psyneuen.2014.06.010,
"Induction and reversal of dopamine dyskinesia in rat, cat, and monkey","KG, Lloyd",,,1985,10.1007/978-3-642-70140-5_25,
Differential regulation of observational fear and neural oscillations by serotonin and dopamine in the mouse anterior cingulate cortex,"BS, Kim",,,2014,10.1007/s00213-014-3581-7,
Convergence of neurotransmissions at synapse on IEG regulation in nucleus,"M, Fukuchi",,,2017,10.2741/4533,
Synergistic effects of estrogen and serotonin-receptor agonists on the development of pituitary tumors in aging rats,"RF, Walker",,,1985,10.1016/0197-4580(85)90026-0,
Antidepressant-like action of the ethanolic extract from Tabebuia avellanedae in mice: evidence for the involvement of the monoaminergic system,"AE, Freitas",,,2010,10.1016/j.pnpbp.2009.12.010,
Duloxetine and Amitriptyline Reduce Neuropathic Pain by Inhibiting Primary Sensory Input to Spinal Dorsal Horn Neurons via α1- and α2-Adrenergic Receptors,"Y, Huang",,,2023,10.1021/acschemneuro.2c00780,
Glutamate-based therapeutic approaches: inhibitors of glycine transport,"SM, Lechner",,,2006,10.1016/j.coph.2005.11.002,
In vivo microdialysis studies of striatal level of neurotransmitters after haloperidol and chlorpromazine administration,"SK, Kulkarni",,,2009,,
In vitro effect of delta 9-tetrahydrocannabinol to stimulate somatostatin release and block that of luteinizing hormone-releasing hormone by suppression of the release of prostaglandin E2,"V, Rettori",,,1990,10.1073/pnas.87.24.10063,
Serotonin and alcohol: interrelationships,"GD, Tollefson",,,1989,10.1159/000284625,
Perinatal vs genetic programming of serotonin states associated with anxiety,"SC, Altieri",,,2015,10.1038/npp.2014.331,
Evidence that genetic variation in 5-HT transporter expression is linked to changes in 5-HT2A receptor function,"KA, Jennings",,,2008,10.1016/j.neuropharm.2007.12.001,
Nicotine binding to brain receptors requires a strong cation-pi interaction,"X, Xiu",,,2009,10.1038/nature07768,
Maternal dopamine encodes affective signals of human infants,"L, Zeevi",,,2022,10.1093/scan/nsab116,
"Selective blockade of 5-hydroxytryptamine (5-HT)7 receptors enhances 5-HT transmission, antidepressant-like behavior, and rapid eye movement sleep suppression induced by citalopram in rodents","P, Bonaventure",,,2007,10.1124/jpet.107.119404,
Novel serotonin-boosting effect of incense smoke from Kynam agarwood in mice: The involvement of multiple neuroactive pathways,"WY, Kao",,,2021,10.1016/j.jep.2021.114069,
Insulin resistance in brain alters dopamine turnover and causes behavioral disorders,"A, Kleinridders",,,2015,10.1073/pnas.1500877112,
The critical balance between dopamine D2 receptor and RGS for the sensitive detection of a transient decay in dopamine signal,"H, Urakubo",,,2021,10.1371/journal.pcbi.1009364,
Central dopaminergic transmission is selectively increased in the limbic system of rats chronically exposed to antidepressants,"Montis GM, De",,,1990,10.1016/0014-2999(90)90589-x,
"Effects of a novel mGlu₂/₃ receptor agonist prodrug, LY2140023 monohydrate, on central monoamine turnover as determined in human and rat cerebrospinal fluid","S, Lowe",,,2012,10.1007/s00213-011-2427-9,
Amphetamine promotes cortical Up state: Role of adrenergic receptors,"G, Shen",,,2021,10.1111/adb.12879,
Effects of maternal ethanol consumption and buspirone treatment on dopamine and norepinephrine reuptake sites and D1 receptors in offspring,"RA, Gillespie",,,1997,10.1111/j.1530-0277.1997.tb03790.x,
The rewarding properties of MDMA are preserved in mice lacking mu-opioid receptors,"P, Robledo",,,2004,10.1111/j.1460-9568.2004.03532.x,
Interactions between the cannabinoid and dopaminergic systems: evidence from animal studies,"Khoury MA, El",,,2012,10.1016/j.pnpbp.2011.12.005,
Prevention of diet restriction induced hyperactivity but not body-weight reduction in rats co-treated with tryptophan: relationship with striatal serotonin and dopamine metabolism and serotonin-1A auto-receptor expression,"R, Saeed",,,2022,10.1080/1028415x.2021.1901046,
Role of GABA-ergic and serotonergic systems in the anxiolytic-like mechanism of action of a 5-HT-moduline antagonist in the mouse elevated plus maze,"F, Clénet",,,2005,10.1016/j.bbr.2004.09.015,
Behavioral abnormalities and reduced norepinephrine in EP4 receptor-associated protein (EPRAP)-deficient mice,"R, Fujikawa",,,2017,10.1016/j.bbrc.2017.03.095,
A possible dopaminergic mechanism in the serotonergic antidepressant-induced sexual dysfunctions,"AG, Alcántara",,,1999,10.1080/00926239908403985,
Motor-like Tics are Mediated by CB(2) Cannabinoid Receptor-dependent and Independent Mechanisms Associated with Age and Sex,"V, Gorberg",,,2022,10.1007/s12035-022-02884-6,
Catecholamine-sensitive adenylate cyclase in frontal cortex of primate brain,"HS, Ahn",,,1976,10.1016/0006-8993(76)90492-3,
Antidepressant-binding sites in brain and platelets,"SZ, Langer",,,1986,10.1002/9780470513361.ch2,
"Fluvoxamine, a selective serotonin reuptake inhibitor, exerts its antiallodynic effects on neuropathic pain in mice via 5-HT2A/2C receptors","M, Honda",,,2006,10.1016/j.neuropharm.2006.05.031,
Dietary tryptophan supplementation does not affect growth but increases brain serotonin level and modulates the expression of some liver genes in zebrafish (Danio rerio),"C, Teixeira",,,2021,10.1007/s10695-021-00994-x,
Activation of the aryl hydrocarbon receptor by clozapine induces preadipocyte differentiation and contributes to endothelial dysfunction,"K, Fehsel",,,2022,10.1177/02698811211055811,
5-HT-1A receptor responsiveness following subchronic administration of buspirone,"A, Khan",,,2006,,
Haloperidol Prevents Oxytosis/Ferroptosis by Targeting Lysosomal Ferrous Ions in a Manner Independent of Dopamine D2 and Sigma-1 Receptors,"Y, Hirata",,,2022,10.1021/acschemneuro.2c00398,
Contribution of Impulsivity and Serotonin Receptor Neuroadaptations to the Development of an MDMA ('Ecstasy') Substance Use Disorder,"S, Schenk",,,2017,10.1007/7854_2015_421,
Evidence that conditioned stress enhances outflow of dopamine in rat prefrontal cortex: a search for the influence of diazepam and 5-HT1A agonists,"K, Wedzony",,,1996,10.1002/(sici)1098-2396(199611)24:3<240::aid-syn6>3.0.co;2-e,
Role of the 5-HT4 receptor in chronic fluoxetine treatment-induced neurogenic activity and granule cell dematuration in the dentate gyrus,"Y, Imoto",,,2015,10.1186/s13041-015-0120-3,
Fronto-temporal-mesolimbic gene expression and heritable differences in amphetamine-disrupted sensorimotor gating in rats,"NR, Swerdlow",,,2012,10.1007/s00213-012-2758-1,
The evidence for the involvement of the 5-HT1A receptor in 5-HT syndrome induced in mice by tryptamine,"J, Yamada",,,1989,10.1254/jjp.51.421,
"[The biochemical effects of a new antidepressive, metapramine (RP 19560) on activity of the dopaminergic and cholinergic systems of the rat striatum]","A, Boireau",,,1986,,
Phencyclidine supersensitivity in rats with neonatal dopamine loss,"SS, Moy",,,2002,10.1007/s00213-002-1017-2,
Maternal Immune Activation Induces Cortical Catecholaminergic Hypofunction and Cognitive Impairments in Offspring,"B, Perez-Palomar",,,2023,10.1007/s11481-023-10070-1,
"Relationship of neuroleptic drug effects at brain dopamine, serotonin, alpha-adrenergic, and histamine receptors to clinical potency","SJ, Peroutka",,,1980,10.1176/ajp.137.12.1518,
"Ondansetron, a 5HT3 receptor antagonist reverses depression and anxiety-like behavior in streptozotocin-induced diabetic mice: possible implication of serotonergic system","D, Gupta",,,2014,10.1016/j.ejphar.2014.09.041,
c-Fos identification of neuroanatomical sites associated with haloperidol and clozapine disruption of maternal behavior in the rat,"C, Zhao",,,2010,10.1016/j.neuroscience.2010.01.023,
Inquiries into the Biological Significance of Transmembrane AMPA Receptor Regulatory Protein (TARP) γ-8 Through Investigations of TARP γ-8 Null Mice§,"SD, Gleason",,,2015,10.2174/1871527314666150429114818,
Neurotransmitter receptor density changes in Pitx3ak mice--a model relevant to Parkinson's disease,"JN, Cremer",,,2015,10.1016/j.neuroscience.2014.10.050,
Lobeline attenuates ethanol abstinence-induced depression-like behavior in mice,"MA, Roni",,,2017,10.1016/j.alcohol.2017.01.015,
"Anxiolytic properties of agomelatine, an antidepressant with melatoninergic and serotonergic properties: role of 5-HT2C receptor blockade","MJ, Millan",,,2005,10.1007/s00213-004-1962-z,
"The neuronal KCNQ channel opener retigabine inhibits locomotor activity and reduces forebrain excitatory responses to the psychostimulants cocaine, methylphenidate and phencyclidine","HH, Hansen",,,2007,10.1016/j.ejphar.2007.05.029,
Investigations into the relationship between the dopaminergic system and ascorbic acid in rat striatum,"MS, Desole",,,1991,10.1016/0304-3940(91)90888-z,
"Effects of resveratrol on the levels of ATP, 5-HT and GAP-43 in the hippocampus of mice exposed to chronic unpredictable mild stress","JD, Shen",,,2020,10.1016/j.neulet.2020.135232,
Comparative Study of the Neurotoxic Effects of Pregabalin Versus Tramadol in Rats,"AE, Elsukary",,,2022,10.1007/s12640-022-00557-9,
Biochemical and behavioral anxiolytic-like effects of R(+)HA-966 at the level of the ventral tegmental area in rats,"BA, Morrow",,,1999,10.1007/s002130050941,
Repeated treatment with antidepressant drugs induces subsensitivity to the excitatory effect of 5-HT4 receptor activation in the rat hippocampus,"M, Bijak",,,1997,10.1007/pl00004912,
Oxytocin and Serotonin Brain Mechanisms in the Nonhuman Primate,"A, Lefevre",,,2017,10.1523/jneurosci.0659-17.2017,
Evaluation of the antibradykinetic actions of 5-HT1A agonists using the mouse pole test,"Y, Ohno",,,2008,10.1016/j.pnpbp.2008.04.005,
Distribution of imipramine binding sites in the rat brain studied by quantitative autoradiography,"A, Biegon",,,1983,10.1016/0304-3940(83)90432-9,
Receptor reserve-dependent properties of antipsychotics at human dopamine D2 receptors,"Y, Tadori",,,2009,10.1016/j.ejphar.2009.02.007,
The effect of clozapine on extracellular dopamine levels in the shell subregion of the rat nucleus accumbens is reversed following chronic administration: comparison with a selective 5-HT(2C) receptor antagonist,"CS, Shilliam",,,2005,10.1038/sj.npp.1300591,
Neuregulin-1 regulates LTP at CA1 hippocampal synapses through activation of dopamine D4 receptors,"OB, Kwon",,,2008,10.1073/pnas.0805722105,
Effects of dietary amines on the gut and its vasculature,"KJ, Broadley",,,2009,10.1017/s0007114508123431,
Bradykinesia induced by dopamine D2 receptor blockade is associated with reduced motor cortex activity in the rat,"LC, Parr-Brownlie",,,2005,10.1523/jneurosci.0523-05.2005,
"Sustained 5-hydroxytryptamine release-inhibitory and anxiolytic-like action of the partial 5-HT1A receptor agonist, buspirone, after prolonged chronic administration","B, Söderpalm",,,1993,10.1016/0014-2999(93)90977-p,
The antipsychotic drug risperidone interacts with auto- and hetero-receptors regulating serotonin output in the rat frontal cortex,"P, Hertel",,,1999,10.1016/s0028-3908(99)00045-3,
Properties of [3H]haloperidol and [3H]dopamine binding associated with dopamine receptors in calf brain membranes,"DR, Burt",,,1976,,
"Increased responsiveness of dopamine to atypical, but not typical antipsychotics in the medial prefrontal cortex of rats reared in isolation","CA, Heidbreder",,,2001,10.1007/s002130100760,
Antidepressant-like effect of Ikwitang involves modulation of monoaminergic systems,"HY, Kim",,,2016,10.3892/mmr.2016.4809,
"Antidepressant-Like Effect of β-Lactolin, a Glycine-Threonine-Tryptophan-Tyrosine Peptide","Y, Ano",,,2019,10.3177/jnsv.65.430,
"3,4 Methylenedioxymethamphetamine-induced conditioned place preference (CPP) is mediated by endocannabinoid system","D, Braida",,,2005,10.1016/j.phrs.2004.07.009,
Arrestin-3 Agonism at Dopamine D(3) Receptors Defines a Subclass of Second-Generation Antipsychotics That Promotes Drug Tolerance,"S, Schamiloglu",,,2023,10.1016/j.biopsych.2023.03.006,
Augmentation of effect of venlafaxine by folic acid in behavioral paradigms of depression in mice: Evidence of serotonergic and pro-inflammatory cytokine pathways,"J, Thomas",,,2016,10.1016/j.pharep.2015.10.003,
Preclinical evaluation of McN-5707 as a potential antidepressant,"RP, Shank",,,1987,,
Enhanced BDNF signaling is associated with an antidepressant-like behavioral response and changes in brain monoamines,"E, Koponen",,,2005,10.1007/s10571-005-8468-z,
Receptor alterations associated with serotonergic agents: an autoradiographic analysis,"JK, Wamsley",,,1987,,
Norepinephrine release in the immature ovary is regulated by autoreceptors and neuropeptide-Y,"J, Ferruz",,,1992,10.1210/endo.130.3.1537296,
"Agmatine attenuates reserpine-induced oral dyskinesia in mice: Role of oxidative stress, nitric oxide and glutamate NMDA receptors","AS, Cunha",,,2016,10.1016/j.bbr.2016.06.014,
Progress in Investigational Agents Targeting Serotonin-6 Receptors for the Treatment of Brain Disorders,"R, Nirogi",,,2023,10.3390/biom13020309,
"Pharmacological profile of lurasidone, a novel antipsychotic agent with potent 5-hydroxytryptamine 7 (5-HT7) and 5-HT1A receptor activity","T, Ishibashi",,,2010,10.1124/jpet.110.167346,
"[3H]8-OH-DPAT binding and serotonin content in rat cerebral cortex after acute fluoxetine, desipramine, or pargyline","M, Carli",,,1996,,
"Theophylline, adenosine receptor antagonist prevents behavioral, biochemical and neurochemical changes associated with an animal model of tardive dyskinesia","M, Bishnoi",,,2007,,
Microtubule-associated STOP protein deletion triggers restricted changes in dopaminergic neurotransmission,"C, Bouvrais-Veret",,,2008,10.1111/j.1471-4159.2007.05025.x,
Serotonergic and opiate interactions in the modulation of drug- and environmental-induced analgesia in the neonatal rat pup,"EK, Enters",,,1988,10.1016/s0163-1047(88)90792-3,
Anorectic activities of serotonin uptake inhibitors: correlation with their potencies at inhibiting serotonin uptake in vivo and 3H-mazindol binding in vitro,"I, Angel",,,1988,10.1016/0024-3205(88)90135-x,
Mechanism of decongestant activity of alpha 2-adrenoceptor agonists,"MR, Corboz",,,2008,10.1016/j.pupt.2007.06.007,
Hypnotic action of flunitrazepam in the rat: does 5-HT mechanism play a role?,"St Hilaire-Kafi S, de",,,1988,10.1016/0028-3908(88)90024-x,
Effects of social isolation on brain catecholamines and forced swimming in rats: prevention by antidepressant treatment,"AJ, Heritch",,,1990,10.1016/0022-3956(90)90014-h,
Persistent spontaneous oral dyskinesias in haloperidol-withdrawn rats neonatally lesioned with 6-hydroxydopamine: absence of an association with the Bmax for [3H]raclopride binding to neostriatal homogenates,"NY, Huang",,,1997,,
Dorsal and ventral dopaminergic innervation of the spinal cord: functional implications,"J, Weil-Fugazza",,,1993,10.1016/0361-9230(93)90259-e,
"N,N-Dimethyltryptamine attenuates spreading depolarization and restrains neurodegeneration by sigma-1 receptor activation in the ischemic rat brain","Í, Szabó",,,2021,10.1016/j.neuropharm.2021.108612,
A pain-induced tonic hypodopaminergic state augments phasic dopamine release in the nucleus accumbens,"TA, Gee",,,2020,10.1097/j.pain.0000000000001925,
Non-NMDA excitatory amino acid receptors in the ventral tegmental area mediate systemic dizocilpine (MK-801) induced hyperlocomotion and dopamine release in the nucleus accumbens,"JM, Mathé",,,1998,10.1002/(sici)1097-4547(19980301)51:5<583::aid-jnr5>3.0.co;2-b,
Effect of a chronic treatment with an mGlu5 receptor antagonist on brain serotonin markers in parkinsonian monkeys,"N, Morin",,,2015,10.1016/j.pnpbp.2014.07.006,
Direct enhancement of hippocampal dopamine or serotonin levels as a pharmacodynamic measure of combined antidepressant-anticonvulsant action,"I, Smolders",,,2008,10.1016/j.neuropharm.2008.02.006,
Vortioxetine restores reversal learning impaired by 5-HT depletion or chronic intermittent cold stress in rats,"A, Wallace",,,2014,10.1017/s1461145714000571,
Alterations of GABA-A and dopamine D-2 brain receptors in dogs with portal-systemic encephalopathy,"ML, Zeneroli",,,1991,10.1016/0024-3205(91)90423-9,
Chronic L-deprenyl-induced up-regulation of the dopamine uptake carrier,"HL, Wiener",,,1989,10.1016/0014-2999(89)90418-4,
Indorenate improves motor function in rats with chronic spinal cord injury,"G, Bravo",,,2007,10.1111/j.1742-7843.2007.00004.x,
"Effects of the S2-serotonergic receptor antagonist, ketanserin, on cerulein-induced pancreatitis in the rat","H, Oguchi",,,1992,10.1016/0024-3205(92)90476-6,
Long-term effects of dopamine-depleting brain lesions on spontaneous activity of type II striatal neurons: relation to behavioral recovery,"ES, Nisenbaum",,,1986,10.1016/0006-8993(86)91481-2,
"[3H]vesamicol binding in brain: autoradiographic distribution, pharmacology, and effects of cholinergic lesions","CA, Altar",,,1988,10.1002/syn.890020504,
Midbrain dopamine neurons arbiter OCD-like behavior,"J, Xue",,,2022,10.1073/pnas.2207545119,
"The effects of methylenedioxymethamphetamine (MDMA, ""Ecstasy"") on monoaminergic neurotransmission in the central nervous system","SR, White",,,1996,10.1016/0301-0082(96)00027-5,
Neuroanatomical phenotyping in the mouse: the dopaminergic system,"CJ, Zeiss",,,2005,10.1354/vp.42-6-753,
"Anxiolytic-like effects of substance P administration into the dorsal, but not ventral, hippocampus and its influence on serotonin","MC, Carvalho",,,2008,10.1016/j.peptides.2008.02.014,
Influence of Neuropeptide Y and antidepressants upon cerebral monoamines involved in depression: an in vivo electrochemical study,"F, Crespi",,,2011,10.1016/j.brainres.2011.05.033,
Differential role of dose and environment in initiating and intensifying neurotoxicity caused by MDMA in rats,"IM, Shokry",,,2019,10.1186/s40360-019-0326-6,
Depressive-like effects of the kappa opioid receptor agonist salvinorin A are associated with decreased phasic dopamine release in the nucleus accumbens,"SR, Ebner",,,2010,10.1007/s00213-010-1836-5,
Characterization of 5-HT(1A/1B)-/- mice: an animal model sensitive to anxiolytic treatments,"JP, Guilloux",,,2011,10.1016/j.neuropharm.2011.02.009,
Probing for and Quantifying Agonist Hydrogen Bonds in α6β2 Nicotinic Acetylcholine Receptors,"MR, Post",,,2017,10.1021/acs.biochem.7b00213,
Long-term consequence of early iron-deficiency on dopaminergic neurotransmission in rats,"D, Ben-Shachar",,,1986,10.1016/0736-5748(86)90019-5,
Autoradiographic localization of [3H]-imipramine binding sites: association with serotonergic neurons,"TM, Dawson",,,1983,10.1016/0361-9230(83)90169-7,
Phenothiazine antipsychotics exhibit dual properties in pseudo-allergic reactions: Activating MRGPRX2 and inhibiting the H(1) receptor,"Y, Hou",,,2019,10.1016/j.molimm.2019.04.008,
[The pharmacological basis of the serotonin system: Application to antidepressant response],"DJ, David",,,2016,10.1016/j.encep.2016.03.012,
α-Dystrobrevin knockout mice have increased motivation for appetitive reward and altered brain cannabinoid receptor 1 expression,"CA, Hawkes",,,2022,10.1186/s40478-022-01434-4,
Comparative studies of cardiovascular effects of a new dopamine agonist (SK&F 38393A) and dopamine,"CS, Tsai",,,1985,10.1016/0306-3623(85)90041-2,
Contrasting contribution of 5-hydroxytryptamine 1A receptor activation to neurochemical profile of novel antipsychotics: frontocortical dopamine and hippocampal serotonin release in rat brain,"MB, Assié",,,2005,10.1124/jpet.105.087163,
"Short- and medium-term exposures of diazepam induce metabolomic alterations associated with the serotonergic, dopaminergic, adrenergic and aspartic acid neurotransmitter systems in zebrafish (Danio rerio) embryos/larvae","PA, Markin",,,2021,10.1016/j.cbd.2021.100816,
mTORC2/rictor signaling disrupts dopamine-dependent behaviors via defects in striatal dopamine neurotransmission,"OI, Dadalko",,,2015,10.1523/jneurosci.0887-15.2015,
Role of orexin in the pathophysiology of depression: potential for pharmacological intervention,"M, Nollet",,,2013,10.1007/s40263-013-0064-z,
Transneuronal regulation of tyrosine hydroxylase expression in olfactory bulb of mouse and rat,"H, Baker",,,1983,10.1523/jneurosci.03-01-00069.1983,
Diverse actions of 5-hydroxytryptamine on frog spinal dorsal horn neurons in vitro,"H, Tan",,,1992,10.1016/0306-4522(92)90367-b,
5-HT(2A) receptor-dependent phosphorylation of mGlu(2) receptor at Serine 843 promotes mGlu(2) receptor-operated G(i/o) signaling,"S, Murat",,,2019,10.1038/s41380-018-0069-6,
Hypofunction of prefrontal cortex NMDA receptors does not change stress-induced release of dopamine and noradrenaline in amygdala but disrupts aversive memory,"Arco A, Del",,,2015,10.1007/s00213-015-3894-1,
"A single dose of vortioxetine, but not ketamine or fluoxetine, increases plasticity-related gene expression in the rat frontal cortex","Jardin KG, du",,,2016,10.1016/j.ejphar.2016.05.029,
Behavioural and neurochemical evidence for the decrease of brain extracellular 5-HT by the antidepressant drug tianeptine,"KP, Datla",,,1993,10.1016/0028-3908(93)90138-s,
Antiallodynic effect of intrathecally administered 5-HT(2) agonists in rats with nerve ligation,"H, Obata",,,2001,10.1016/s0304-3959(00)00401-2,
Reduced prefrontal dopaminergic activity in valproic acid-treated mouse autism model,"Y, Hara",,,2015,10.1016/j.bbr.2015.04.022,
Neurobiological mechanisms in human anxiety. Evidence supporting central noradrenergic hyperactivity,"DS, Charney",,,1983,10.1016/0028-3908(83)90122-3,
Antidepressant drug administration modifies the interactive relationship between alpha(2)-adrenergic sensitivity and levels of TNF in the rat brain,"TJ, Nickola",,,2000,10.1016/s0165-5728(00)00244-7,
"Asenapine elevates cortical dopamine, noradrenaline and serotonin release. Evidence for activation of cortical and subcortical dopamine systems by different mechanisms","O, Frånberg",,,2009,10.1007/s00213-008-1456-5,
A Key Role for Prefrontocortical Small Conductance Calcium-Activated Potassium Channels in Stress Adaptation and Rapid Antidepressant Response,"FR, Bambico",,,2020,10.1093/cercor/bhz187,
That warm fuzzy feeling: brain serotonergic neurons and the regulation of emotion,"CA, Lowry",,,2009,10.1177/0269881108099956,
The role of serotonin in cognitive function: evidence from recent studies and implications for understanding depression,"P, Cowen",,,2013,10.1177/0269881113482531,
Phenotypic characterization of transgenic mice overexpressing neuregulin-1,"T, Kato",,,2010,10.1371/journal.pone.0014185,
"Development of the sigma-1 receptor in C-terminals of motoneurons and colocalization with the N,N'-dimethyltryptamine forming enzyme, indole-N-methyl transferase","TA, Mavlyutov",,,2012,10.1016/j.neuroscience.2011.12.040,
Antidepressant-like effects of cinnamamide derivative M2 via D(2) receptors in the mouse medial prefrontal cortex,"YX, Che",,,2022,10.1038/s41401-021-00854-7,
Electrophysiological analyses of serotonergic actions on neurons in hypothalamic ventromedial nucleus in vitro: receptor subtypes involved and implications for regulation of feeding and lordosis behaviors,"LM, Kow",,,1992,,
Effect of aripiprazole on anxiety associated with ethanol physical dependence and on ethanol-induced place preference,"M, Shibasaki",,,2012,10.1254/jphs.11201fp,
Role of glutamate and advantages of combining memantine with a 5HT6 ligand in a model of depression,"R, Abraham",,,2014,10.1016/j.pharep.2013.10.007,
Involvement of serotonin and oxytocin in neural mechanism regulating amicable social signal in male mice: Implication for impaired recognition of amicable cues in BALB/c strain,"H, Arakawa",,,2017,10.1037/bne0000191,
Serotonin-sensitive adenylate cyclase in neural tissue and its similarity to the serotonin receptor: a possible site of action of lysergic acid diethylamide,"JA, Nathanson",,,1974,10.1073/pnas.71.3.797,
Fluoxetine disrupts the integration of anxiety and aversive memories,"A, Degroot",,,2005,10.1038/sj.npp.1300624,
"Drugs modifying dopaminergic activity and behaviour, the EEG and epilepsy in Papio papio","B, Meldrum",,,1975,10.1016/0014-2999(75)90284-8,
Brain-derived tumor necrosis factor-alpha and its involvement in noradrenergic neuron functioning involved in the mechanism of action of an antidepressant,"JL, Reynolds",,,2004,10.1124/jpet.104.067835,
Regulation of fat intake in the absence of flavour signalling,"JG, Ferreira",,,2012,10.1113/jphysiol.2011.218289,
"Effect of 1-methyl-4-phenyl-1,2,3,6-tetrahydropyridine on striatal dopamine receptors in C57BL/6 mice","HN, Bhargava",,,1988,10.1016/0378-4274(88)90044-6,
Phosphorylation of membrane proteins in response to persistent stimulation of adenylate cyclase-linked dopamine receptors in slices of striatum,"M, Memo",,,1984,10.1016/0028-3908(84)90254-5,
Tryptophan depletion affects compulsive behaviour in rats: strain dependent effects and associated neuromechanisms,"A, Merchán",,,2017,10.1007/s00213-017-4561-5,
"Anxiolytic properties of the selective, non-peptidergic CRF(1) antagonists, CP154,526 and DMP695: a comparison to other classes of anxiolytic agent","MJ, Millan",,,2001,10.1016/s0893-133x(01)00244-5,
Role of serotonin in therapy of depression and related disorders,"RW, Fuller",,,1991,,
Glial cell line-derived neurotrophic factor mediates the desirable actions of the anti-addiction drug ibogaine against alcohol consumption,"DY, He",,,2005,10.1523/jneurosci.3959-04.2005,
Diurnal variation in the function of serotonin terminals in the rat hypothalamus,"P, Blier",,,1989,10.1111/j.1471-4159.1989.tb09142.x,
Metabotropic glutamate receptors in the control of mood disorders,"JM, Witkin",,,2007,10.2174/187152707780363302,
Possible dopamine agonist properties of quipazine maleate,"JJ, Feigenbaum",,,1983,10.3109/00207458308987364,
Effect of xanthone from Kielmeyera coriacea stems on serotonergic neurons of the median raphe nucleus,"VR, Sela",,,2010,10.1016/j.phymed.2009.07.002,
Serotonergic signalling suppresses ataxin 3 aggregation and neurotoxicity in animal models of Machado-Joseph disease,"A, Teixeira-Castro",,,2015,10.1093/brain/awv262,
Effects of rapid eye movement sleep deprivation on the properties of striatal dopaminergic system,"A, Hamdi",,,1993,10.1016/0091-3057(93)90214-e,
Temperature regulation and dopaminergic systems in the brain: does the substantia nigra play a role?,"SJ, Brown",,,1982,10.1016/0006-8993(82)90868-x,
"A PET study of effects of chronic 3,4-methylenedioxymethamphetamine (MDMA, ""ecstasy"") on serotonin markers in Göttingen minipig brain","P, Cumming",,,2007,10.1002/syn.20377,
"Primate cardiovascular responses mediated by dopamine receptors: effects of N,N-di-n-propyldopamine and LY171555","RA, Hahn",,,1984,,
"Characterization of uptake and compartmentalization of 3,5,3'-tri-iodothyronine in cultured neonatal rat cardiomyocytes","der Putten HH, van",,,2001,10.1677/joe.0.1710183,
Differential effects of social stress on central serotonergic activity and emotional reactivity in Lewis and spontaneously hypertensive rats,"O, Berton",,,1998,10.1016/s0306-4522(97)00282-0,
"Norepinephrine and (Na+, K+)-ATPase: evidence for stabilization by lithium or imipramine","AC, Swann",,,1988,10.1016/0028-3908(88)90042-1,
Is elevated norepinephrine an etiological factor in some cases of Parkinson's disease?,"PJ, Fitzgerald",,,2014,10.1016/j.mehy.2014.01.026,
Prolonged treatment with pramipexole promotes physical interaction of striatal dopamine D3 autoreceptors with dopamine transporters to reduce dopamine uptake,"J, Castro-Hernández",,,2015,10.1016/j.nbd.2014.12.007,
Ameliorative effects of Radix rehmanniae extract on the anxiety- and depression-like symptoms in ovariectomized mice: A behavioral and molecular study,"XD, Zhou",,,2019,10.1016/j.phymed.2019.153012,
Psychopharmacological activity of anaphylatoxin C3a in rat hypothalamus,"N, Schupf",,,1983,10.1016/0165-5728(83)90051-6,
Bioactivity guided isolation of antipsychotic constituents from the leaves of Rauwolfia tetraphylla L,"S, Gupta",,,2012,10.1016/j.fitote.2012.04.029,
Beyond the monoaminergic hypothesis: neuroplasticity and epigenetic changes in a transgenic mouse model of depression,"R, Massart",,,2012,10.1098/rstb.2012.0212,
Clozapine directly increases insulin and glucagon secretion from islets: implications for impairment of glucose tolerance,"GC, Smith",,,2014,10.1016/j.schres.2014.05.003,
"Repeated exposure to JWH-018 induces adaptive changes in the mesolimbic and mesocortical dopaminergic pathways, glial cells alterations, and behavioural correlates","N, Pintori",,,2021,10.1111/bph.15494,
Time-resolved photolabeling by the noncompetitive blocker chlorpromazine of the acetylcholine receptor in its transiently open and closed ion channel conformations,"T, Heidmann",,,1984,10.1073/pnas.81.6.1897,
Effect of haloperidol on dopamine-induced increase in renal blood flow,"DK, Armstrong",,,1986,10.1177/106002808602000704,
Effect of addition of yohimbine (alpha-2-receptor antagonist) to the antidepressant activity of fluoxetine or venlafaxine in the mouse forced swim test,"A, Dhir",,,2007,10.1159/000104877,
"Role of (+)-SKF-10,047-sensitive sub-population of sigma 1 receptors in amelioration of conditioned fear stress in rats: association with mesolimbic dopaminergic systems","H, Kamei",,,1997,10.1016/s0014-2999(96)00851-5,
"Effect of buspirone and its metabolite 1-(2-pyrimidinyl)-piperazine on hippocampal serotoninergic system, studied in freely moving rats","De Simoni M, Grazia",,,1990,10.1016/0024-3205(90)90105-z,
Transcriptome composition of the preoptic area in mid-age and escitalopram treatment in male mice,"S, Moriya",,,2016,10.1016/j.neulet.2016.04.052,
Antidepressant effects of p-coumaric acid isolated from Vaccinium bracteatum leaves extract on chronic restraint stress mouse model and antagonism of serotonin 6 receptor in vitro,"DR, Oh",,,2023,10.1016/j.phymed.2023.154871,
Variations in binding of [3H]5-HT to cortical membranes during the female rat estrous cycle,"L, Uphouse",,,1986,10.1016/0006-8993(86)90093-4,
Maternal stress increases fetal brain and neonatal cerebral cortex 5-hydroxytryptamine synthesis in rats: a possible mechanism by which stress influences brain development,"DA, Peters",,,1990,10.1016/0091-3057(90)90383-s,
GLP-1 is both anxiogenic and antidepressant; divergent effects of acute and chronic GLP-1 on emotionality,"RH, Anderberg",,,2016,10.1016/j.psyneuen.2015.11.021,
Serotonin-induced head shaking behavior in rats does not involve receptors located in the frontal cortex,"I, Lucki",,,1987,10.1016/0006-8993(87)91265-0,
Dopamine stimulation of the septum enhances exercise efficiency during complicated treadmill running in mice,"T, Shiuchi",,,2019,10.1007/s12576-019-00722-4,
[Mechanism of action of antidepressants],"PM, Llorca",,,1993,10.1177/070674379303801005,
Improvement by methylphenidate and atomoxetine of social interaction deficits and recognition memory impairment in a mouse model of valproic acid-induced autism,"Y, Hara",,,2016,10.1002/aur.1596,
The High Affinity Dopamine D(2) Receptor Agonist MCL-536: A New Tool for Studying Dopaminergic Contribution to Neurological Disorders,"S, Subburaju",,,2021,10.1021/acschemneuro.1c00094,
Dual protective effect of Passiflora incarnata in epilepsy and associated post-ictal depression,"B, Singh",,,2012,10.1016/j.jep.2011.11.011,
Neuronal-associated tumor necrosis factor (TNF alpha): its role in noradrenergic functioning and modification of its expression following antidepressant drug administration,"TA, Ignatowski",,,1997,10.1016/s0165-5728(97)00107-0,
Antipsychotic-induced weight gain,"AJ, Goudie",,,2005,10.1111/j.1463-1326.2004.00413.x,
Serotonin-kynurenine hypothesis of depression: historical overview and recent developments,"G, Oxenkrug",,,2013,10.2174/1389450111314050002,
Long-term adaptive changes induced by serotonergic antidepressant drugs,"C, Faure",,,2006,10.1586/14737175.6.2.235,
The role of 5-HT in the impairment of thermoregulation observed in rats administered MDMA ('ecstasy') when housed at high ambient temperature,"KS, Saadat",,,2005,10.1007/s00213-004-2106-1,
Antiallodynic effects of intrathecally administered 5-HT(2C) receptor agonists in rats with nerve injury,"H, Obata",,,2004,10.1016/j.pain.2003.12.019,
"8-(4-Methoxyphenyl)pyrazolo[1,5-a]-1,3,5-triazines: selective and centrally active corticotropin-releasing factor receptor-1 (CRF1) antagonists","PJ, Gilligan",,,2009,10.1021/jm9000242,
Neurotensin regulation of endogenous acetylcholine release from rat striatal slices is independent of dopaminergic tone,"PA, Lapchak",,,1991,10.1111/j.1471-4159.1991.tb08199.x,
[Action of haloperidol on the ultrastructure of areas of the dopaminergic system of the brain],"AIu, Klintsova",,,1987,,
Antitumor activity of histamine and clozapine in a mouse experimental model of human melanoma,"NA, Massari",,,2013,10.1016/j.jdermsci.2013.07.012,
"Characterization of U-92016A as a selective, orally active, high intrinsic activity 5-hydroxytryptamine1A agonist","RB, McCall",,,1994,,
Development of dopamine and N-methyl-D-aspartate systems in rat brain: the effect of prenatal phencyclidine exposure,"SF, Ali",,,1993,10.1016/0165-3806(93)90042-9,
Creation of a constitutively activated state of the 5-hydroxytryptamine2A receptor by site-directed mutagenesis: inverse agonist activity of antipsychotic drugs,"CT, Egan",,,1998,,
Blockade of the serotonergic system counteracts the dizocilpine-induced changes in dopaminergic function,"R, Dall'Olio",,,2000,10.1097/00008877-200002000-00003,
"(Na+,K+)-ATPase and noradrenergic function: effects of chronic ethanol","AC, Swann",,,1987,10.1016/0014-2999(87)90160-9,
Enhancement of rotational behavior induced by repeated administration of SKF38393 in rats with unilateral nigrostriatal 6-OHDA lesions,"H, Matsuda",,,1992,10.1016/0091-3057(92)90518-k,
"Nurr1 deficiency shortens free running period, enhances photoentrainment to phase advance, and disrupts circadian cycling of the dopamine neuron phenotype","HS, Partington",,,2021,10.1016/j.bbr.2021.113347,
"Studies on the mechanisms by which clenbuterol, a beta-adrenoceptor agonist, enhances 5-HT-mediated behaviour and increases metabolism of 5-HT in the brain of the rat","VL, Nimgaonkar",,,1983,10.1016/0028-3908(83)90098-9,
Attenuation of amphetamine-stereotypy by mesostriatal dopamine depletion enhances plasma corticosterone: implications for stereotypy as a coping response,"GH, Jones",,,1989,10.1016/s0163-1047(89)90686-9,
Pharmacological evidence for feedback regulation of dopamine metabolism in solid fetal substantia nigra transplants,"R, Meloni",,,1990,,
"Neuropharmacology and neurotoxicity of 3,4-methylenedioxymethamphetamine","GA, Gudelsky",,,2003,10.1385/1-59259-358-5:55,
"Comparative Effects of LY3020371, a Potent and Selective Metabotropic Glutamate (mGlu) 2/3 Receptor Antagonist, and Ketamine, a Noncompetitive N-Methyl-d-Aspartate Receptor Antagonist in Rodents: Evidence Supporting the Use of mGlu2/3 Antagonists, for the Treatment of Depression","JM, Witkin",,,2017,10.1124/jpet.116.238121,
Pharmacological characterization of the D2 dopamine receptor negatively coupled with adenylate cyclase in rat anterior pituitary,"A, Enjalbert",,,1983,,
Serotonin-2C receptors in the basolateral nucleus of the amygdala mediate the anxiogenic effect of acute imipramine and fluoxetine administration,"MA, Vicente",,,2012,10.1017/s1461145711000873,
"GL-II-73, a Positive Allosteric Modulator of α5GABA(A) Receptors, Reverses Dopamine System Dysfunction Associated with Pilocarpine-Induced Temporal Lobe Epilepsy","AM, McCoy",,,2023,10.3390/ijms241411588,
Dopaminergic and serotonergic effects of clozapine. Implications for a unique clinical profile,"HY, Meltzer",,,1992,,
Sleep suppressant action of fenfluramine in rats. II. Evidence against the involvement of presynaptic serotonergic mechanism,"C, Fornal",,,1983,,
Endocannabinoids activate transient receptor potential vanilloid 1 receptors to reduce hyperdopaminergia-related hyperactivity: therapeutic implications,"ET, Tzavara",,,2006,10.1016/j.biopsych.2005.08.019,
Binding of [3H]FH-510 to sigma ligand recognition sites in guinea-pig brain membranes,"M, Tanaka",,,1993,,
Evidence against the involvement of serotonergic neurons in the anti-punishment activity of diazepam in the rat,"MH, Thiébot",,,1984,10.1007/bf00427685,
Galanin contributes to monoaminergic dysfunction and to dependent neurobehavioral comorbidities of epilepsy,"JS, Medel-Matus",,,2017,10.1016/j.expneurol.2016.12.008,
Conditional tolerance to haloperidol-induced catalepsy is not caused by striatal dopamine receptor supersensitivity,"Graaf CJ, de",,,1986,10.1007/bf00172871,
"Stimulation of glycogen synthesis and inactivation of phosphorylase in hepatocytes by serotonergic mechanisms, and counter-regulation by atypical antipsychotic drugs","LJ, Hampson",,,2007,10.1007/s00125-007-0696-y,
Stress and brain noradrenaline: a review,"GB, Glavin",,,1985,10.1016/0149-7634(85)90048-x,
Benzoxazolone-arylpiperazinyl scaffold-based PET ligand for 5-HT(7) : Synthesis and biological evaluation,"N, Kumari",,,2022,10.1002/ddr.21930,
Functional neuroanatomy of the ventral striopallidal GABA pathway. New sites of intervention in the treatment of schizophrenia,"WT, O'Connor",,,2001,10.1016/s0165-0270(01)00398-3,
The dopamine D2 agonist quinpirole impairs frontal mismatch responses to sound frequency deviations in freely moving rats,"H, Inaba",,,2021,10.1002/npr2.12199,
Short-Term Consequences of Single Social Defeat on Accumbal Dopamine and Behaviors in Rats,"VV, Nemets",,,2022,10.3390/biom13010035,
Electroacupuncture alleviated depression-like behaviors in ventromedial prefrontal cortex of chronic unpredictable mild stress-induced rats: Increasing synaptic transmission and phosphorylating dopamine transporter,"X, Cai",,,2023,10.1111/cns.14200,
[Dopamine as an immune-modulator between dendritic cells and T cells and the role of dopamine in the pathogenesis of rheumatoid arthritis],"K, Nakano",,,2009,10.2177/jsci.32.1,
Magnesium ions reveal nanomolar potency of dopamine at [3H]spiperone labelled D-2 receptors in rat corpus striatum,"Vries DJ, De",,,1985,10.1016/0014-2999(85)90406-6,
Neurochemical factors associated with the antidepressant-like effect of flavonoid chrysin in chronically stressed mice,"CB, Filho",,,2016,10.1016/j.ejphar.2016.09.005,
The effects of Δ(9)-tetrahydrocannabinol on the dopamine system,"MA, Bloomfield",,,2016,10.1038/nature20153,
Role of the serotonergic system in the pathogenesis of major depression and suicidal behavior,"JJ, Mann",,,1999,10.1016/s0893-133x(99)00040-8,
Evidence for alterations in presynaptic serotonergic function during withdrawal from chronic cocaine in rats,"MH, Baumann",,,1995,10.1016/0014-2999(95)00280-x,
"S32212, a novel serotonin type 2C receptor inverse agonist/α2-adrenoceptor antagonist and potential antidepressant: II. A behavioral, neurochemical, and electrophysiological characterization","A, Dekeyne",,,2012,10.1124/jpet.111.187534,
Potential involvement of serotonergic signaling in ketamine's antidepressant actions: A critical review,"Jardin KG, du",,,2016,10.1016/j.pnpbp.2016.05.007,
Cocaine-conditioned place preference by dopamine-deficient mice is mediated by serotonin,"TS, Hnasko",,,2007,10.1523/jneurosci.3133-07.2007,
Endogenous Modulators of NMDA Receptor Control Dendritic Field Expansion of Cortical Neurons,"P, Jorratt",,,2023,10.1007/s12035-022-03147-0,
Salivary secretion induced by L-DOPA in haloperidol-treated rats,"JH, Pazo",,,1984,10.1016/0165-1838(84)90074-2,
Dopaminergic substrates of amphetamine-induced place preference conditioning,"C, Spyraki",,,1982,10.1016/0006-8993(82)90685-0,
Association of a spin-labeled local anesthetic with the allosterically coupled noncompetitive inhibitor site on the acetylcholine receptor,"A, Palma",,,1986,,
Inhibitory action of dopamine on cat carotid chemoreceptors,"RJ, Docherty",,,1978,10.1113/jphysiol.1978.sp012354,
Antidepressant-Like Action of Single Facial Injection of Botulinum Neurotoxin A is Associated with Augmented 5-HT Levels and BDNF/ERK/CREB Pathways in Mouse Brain,"Y, Li",,,2019,10.1007/s12264-019-00367-8,
"Systemic phencyclidine administration is associated with increased dopamine, GABA, and 5-HIAA levels in the dorsolateral striatum of conscious rats: an in vivo microdialysis study","SM, Lillrank",,,1994,10.1007/bf01276433,
Predator Stress-Induced CRF Release Causes Enduring Sensitization of Basolateral Amygdala Norepinephrine Systems that Promote PTSD-Like Startle Abnormalities,"AK, Rajbhandari",,,2015,10.1523/jneurosci.5080-14.2015,
Perampanel attenuates scratching behavior induced by acute or chronic pruritus in mice,"A, Haruta-Tsukamoto",,,2020,10.1016/j.bbrc.2020.09.109,
Serotonin 2A receptor function and depression-like behavior in rats model of hypothyroidism,"Z, Jin",,,2021,10.1007/s00221-021-06129-1,
Dopamine sensitivity in rats selectively bred for increases in cholinergic function,"AD, Crocker",,,1991,10.1016/0091-3057(91)90596-t,
Physiological effects of selective 5-HT1a and 5-HT1b ligands in rat hippocampus: comparison to 5-HT,"M, Segal",,,1989,10.1016/0006-8993(89)90462-9,
Plasma levels of 5-HT and 5-HIAA increased after intestinal ischemia/reperfusion in rats,"Y, Teramoto",,,1998,10.2170/jjphysiol.48.333,
Effect of microinjections of apamin into the A10 dopamine region of rats: a behavioral and neurochemical analysis,"JD, Steketee",,,1990,,
Modeling dopamine system dysfunction in experimental animals,"P, Hantraye",,,1998,10.1016/s0969-8051(98)00054-7,
Regulation of serotonin2 (5-HT2) receptors labeled with [3H]spiroperidol by chronic treatment with the antidepressant amitriptyline,"SJ, Peroutka",,,1980,,
Increased dopamine receptor expression and anti-depressant response following deep brain stimulation of the medial forebrain bundle,"MP, Dandekar",,,2017,10.1016/j.jad.2017.03.074,
Mechanism of action of dopamine on the in vitro release of gonadotropin-releasing hormone,"LT, Jarjour",,,1986,10.1210/endo-119-4-1726,
The dual role of dopamine in the modulation of information processing in the prefrontal cortex underlying social behavior,"H, Sotoyama",,,2022,10.1096/fj.202101637r,
"Role of serotonergic neurotransmission in the hypnotic response to dexmedetomidine, an alpha 2-adrenoceptor agonist","BC, Rabin",,,1996,10.1016/0014-2999(96)00194-x,
Differential glutamatergic modulation of monoamine release in the limbic lobe by selective anticonvulsant ionotropic and metabotropic glutamate receptor ligands,"I, Smolders",,,2005,,
The beer component hordenine inhibits alcohol addiction-associated behaviours in mice,"Y, Li",,,2023,10.1111/adb.13305,
cGMP-dependent protein kinase Ialpha associates with the antidepressant-sensitive serotonin transporter and dictates rapid modulation of serotonin uptake,"JA, Steiner",,,2009,10.1186/1756-6606-2-26,
Sleep suppressant action of fenfluramine in rats. I. Relation to postsynaptic serotonergic stimulation,"C, Fornal",,,1983,,
Autoradiography of dopamine receptors and dopamine uptake sites in the spontaneously hypertensive rat,"K, Kujirai",,,1990,10.1016/0361-9230(90)90046-3,
Prenatal lipopolysaccharide exposure increases anxiety-like behaviors and enhances stress-induced corticosterone responses in adult rats,"YL, Lin",,,2012,10.1016/j.bbi.2011.12.003,
"Pharmacological properties of 403U76, a new chemical class of 5-hydroxytryptamine- and noradrenaline-reuptake inhibitor","RM, Ferris",,,1995,10.1111/j.2042-7158.1995.tb06740.x,
"Deletion of CREB-regulated transcription coactivator 1 induces pathological aggression, depression-related behaviors, and neuroplasticity genes dysregulation in mice","L, Breuillaud",,,2012,10.1016/j.biopsych.2012.04.011,
Kinetics of competitive drug action at 5-hydroxytryptamine2 receptors in isolated rabbit aorta,"BM, Clancy",,,1987,,
The antidepressant desipramine and α2-adrenergic receptor activation promote breast tumor progression in association with altered collagen structure,"MJ, Szpunar",,,2013,10.1158/1940-6207.capr-13-0079,
Lateral parabrachial nucleus and serotonergic mechanisms in the control of salt appetite in rats,"JV, Menani",,,1996,10.1152/ajpregu.1996.270.1.r162,
Dopamine receptors in canine caudate nucleus,"H, Maeno",,,1982,10.1007/bf00423094,
5-HT1A receptor activation is necessary for 5-MeODMT-dependent potentiation of feeding inhibition,"V, Duvvuri",,,2009,10.1016/j.pbb.2009.05.014,
Antagonism by abecarnil of enhanced acetylcholine release in the rat brain during anticipation but not consumption of food,"CA, Ghiani",,,1998,10.1016/s0091-3057(97)00426-7,
Antidepressant-like effect of Salvia sclarea is explained by modulation of dopamine activities in rats,"GH, Seol",,,2010,10.1016/j.jep.2010.04.035,
Tumor necrosis factor-alpha: presynaptic sensitivity is modified after antidepressant drug administration,"TA, Ignatowski",,,1994,10.1016/0006-8993(94)91350-1,
Effects of acute dopamine depletion on responsiveness to D1 and D2 receptor agonists in infant and weanling rat pups,"CA, Moody",,,1992,10.1007/bf02244963,
Renovascular effects of sympathetic cotransmitters ATP and NPY are age-dependent in spontaneously hypertensive rats,"O, Vonend",,,2005,10.1016/j.cardiores.2004.12.005,
Endogenous 5-HT outflow from chicken aorta by 5-HT uptake inhibitors and amphetamine derivatives,"D, Delgermurun",,,2016,10.1292/jvms.15-0146,
Electrophysiological and neurochemical characterization of the effect of repeated treatment with milnacipran on the rat serotonergic and noradrenergic systems,"K, Tachibana",,,2006,10.1177/0269881106059694,
"Evaluation of antidepressant activity of 1-(7-methoxy-2-methyl-1,2,3,4-tetrahydro-isoquinolin-4-YL)-cyclohexanol, a β-substituted phenylethylamine in mice","A, Dhir",,,2011,10.1016/j.euroneuro.2010.12.003,
Folic acid exerts antidepressant effects by upregulating brain-derived neurotrophic factor and glutamate receptor 1 expression in brain,"L, Gao",,,2017,10.1097/wnr.0000000000000887,
"Tolerance to 3,4-methylenedioxymethamphetamine is associated with impaired serotonin release","K, Jones",,,2010,10.1111/j.1369-1600.2010.00217.x,
Hyperfunction of dopaminergic and serotonergic neuronal systems in mice lacking the NMDA receptor epsilon1 subunit,"Y, Miyamoto",,,2001,10.1523/jneurosci.21-02-00750.2001,
"A role for serotonin in the antidepressant activity of NG-Nitro-L-arginine, in the rat forced swimming test","V, Gigliucci",,,2010,10.1016/j.pbb.2009.11.007,
"Interactions of epinephrine, norepinephrine, dopamine and their corresponding alpha-methyl-substituted derivatives with alpha and beta adrenoceptors in the pithed rat","RR Jr, Ruffolo",,,1984,,
Methamphetamine-seeking behavior is due to inhibition of nicotinic cholinergic transmission by activation of cannabinoid CB1 receptors,"T, Hiranita",,,2008,10.1016/j.neuropharm.2008.08.012,
Haloperidol blocks increased locomotor activity elicited by carbachol infusion into the ventral hippocampal formation,"DM, Brenner",,,1998,10.1016/s0091-3057(98)00053-7,
"A lack of GluN2A-containing NMDA receptors confers a vulnerability to redox dysregulation: Consequences on parvalbumin interneurons, and their perineuronal nets","R, Cardis",,,2018,10.1016/j.nbd.2017.10.006,
Enhanced dopamine-dependent hippocampal plasticity after single MK-801 application,"JC, Bartsch",,,2015,10.1038/npp.2014.276,
Alcohol-induced c-Fos expression in the Edinger-Westphal nucleus: pharmacological and signal transduction mechanisms,"RK, Bachtell",,,2002,10.1124/jpet.102.036046,
Noradrenergic alpha-2 agonists have anxiolytic-like actions on stress-related behavior and mesoprefrontal dopamine biochemistry,"BA, Morrow",,,2004,10.1016/j.brainres.2004.08.057,
"Fluoxetine modulates the transcription of genes involved in serotonin, dopamine and adrenergic signalling in zebrafish embryos","V, Cunha",,,2018,10.1016/j.chemosphere.2017.10.100,
Induction by endogenous noradrenaline of an alpha 1-adrenoceptor-mediated positive inotropic effect in rabbit papillary muscles,"Y, Hattori",,,1993,10.1111/j.1476-5381.1993.tb13754.x,
"Differential alterations in striatal acetylcholine function in rats during 12 months' continuous administration of haloperidol, sulpiride, or clozapine","NM, Rupniak",,,1986,10.1097/00002826-198606000-00006,
Ventral tegmental area dopamine neurons mediate the shock sensitization of acoustic startle: a potential site of action for benzodiazepine anxiolytics,"A, Gifkins",,,2002,,
Influence of the CB(1) cannabinoid receptors on the activity of the monoaminergic system in the behavioural tests in mice,"E, Poleszak",,,2019,10.1016/j.brainresbull.2019.05.021,
"Alpha2-adrenergic receptor blockade markedly potentiates duloxetine- and fluoxetine-induced increases in noradrenaline, dopamine, and serotonin levels in the frontal cortex of freely moving rats","A, Gobert",,,1997,10.1046/j.1471-4159.1997.69062616.x,
Serotonin-1C sites in the choroid plexus are not linked in a stimulatory or inhibitory way to adenylate cyclase,"JM, Palacios",,,1986,10.1016/0006-8993(86)91439-3,
Behavioral and biochemical aspects of neuroleptic-induced dopaminergic supersensitivity: studies with chronic clozapine and haloperidol,"TF, Seeger",,,1982,10.1007/bf00435275,
A role for the mesolimbic dopamine system in the reinforcing properties of diazepam,"C, Spyraki",,,1988,10.1007/bf00735894,
Contribution of Kv1.2 voltage-gated potassium channel to D2 autoreceptor regulation of axonal dopamine overflow,"S, Fulton",,,2011,10.1074/jbc.m110.153262,
Clozapine modulates midbrain dopamine neuron firing via interaction with the NMDA receptor complex,"L, Schwieler",,,2004,10.1002/syn.20008,
Vasoconstrictor and vasodilator responses to tryptamine of rat-isolated perfused mesentery: comparison with tyramine and β-phenylethylamine,"MA, Anwar",,,2012,10.1111/j.1476-5381.2011.01706.x,
Linkage and association of novel DRD2 variants to the comorbidity of type 2 diabetes and depression,"M, Amin",,,2022,10.26355/eurrev_202211_30372,
Effects of catecholamines and related compounds on horizontal cells in the fish retina,"K, Negishi",,,1979,10.1002/jnr.490040502,
Estrogen receptors are found in glia and at extranuclear neuronal sites in the dorsal striatum of female rats: evidence for cholinergic but not dopaminergic colocalization,"A, Almey",,,2012,10.1210/en.2012-1458,
"Long-term compulsive exercise reduces the rewarding efficacy of 3,4-methylenedioxymethamphetamine","HI, Chen",,,2008,10.1016/j.bbr.2007.09.014,
"Synthesis and biological evaluation of 1-(1,2-benzisothiazol-3-yl)- and (1,2-benzisoxazol-3-yl)piperazine derivatives as potential antipsychotic agents","JP, Yevich",,,1986,10.1021/jm00153a010,
Functional supersensitivity of CNS alpha 1-adrenoceptors following chronic antidepressant treatment,"DB, Menkes",,,1983,10.1016/0024-3205(83)90411-3,
Prenatal interaction of mutant DISC1 and immune activation produces adult psychopathology,"B, Abazyan",,,2010,10.1016/j.biopsych.2010.09.022,
"Comparison of the cardiovascular actions of N,N-di-n-propyl dopamine and sodium nitroprusside in conscious and chloralose-anaesthetised dogs","SE, O'Connor",,,1982,10.1097/00005344-198205000-00022,
Effect of nicotine pretreatment on striatal dopaminergic system in rats,"YK, Fung",,,1989,10.1016/0091-3057(89)90237-2,
Potent serotonin (5-HT)(2A) receptor antagonists completely prevent the development of hyperthermia in an animal model of the 5-HT syndrome,"K, Nisijima",,,2001,10.1016/s0006-8993(00)03020-1,
Comparative effects of olanzapine and ziprasidone on hypophagia induced by enhanced histamine neurotransmission in the rat,"N, Davoodi",,,2008,10.1097/fbp.0b013e3282f62c66,
Role of purinergic P2X4 receptors in regulating striatal dopamine homeostasis and dependent behaviors,"S, Khoja",,,2016,10.1111/jnc.13734,
Gut microbiota-derived tryptamine and phenethylamine impair insulin sensitivity in metabolic syndrome and irritable bowel syndrome,"L, Zhai",,,2023,10.1038/s41467-023-40552-y,
NCAM-deficient mice show prominent abnormalities in serotonergic and BDNF systems in brain - Restoration by chronic amitriptyline,"A, Aonurm-Helm",,,2015,10.1016/j.euroneuro.2015.10.001,
Galantamine ameliorates the impairment of recognition memory in mice repeatedly treated with methamphetamine: involvement of allosteric potentiation of nicotinic acetylcholine receptors and dopaminergic-ERK1/2 systems,"Y, Noda",,,2010,10.1017/s1461145710000222,
Interactions of drugs and electroshock treatment on cerebral monoaminergic systems,"AI, Barkai",,,1986,10.1111/j.1749-6632.1986.tb51249.x,
[The presynaptic metabolic modulation of the impulse-dependent release of 3H-serotonin from rat brain slices by ipsapirone (TVX Q 7821) and other serotonin agonists],"AT, Dolzhenko",,,1993,,
Abuse potential and dopaminergic effect of alkyl nitrites,"SY, Jeon",,,2016,10.1016/j.neulet.2016.06.057,
"5-HT2 receptor binding, functional activity and selectivity in N-benzyltryptamines","M, Toro-Sazo",,,2019,10.1371/journal.pone.0209804,
Effects of dopamine antagonists on methamphetamine-induced dopamine release in high and low alcohol preference rats,"M, Nishiguchi",,,2010,10.3109/15376511003621658,
Modulation of the antidepressant-like effects of sustained administration of carisbamate and lamotrigine on monoaminergic systems: electrophysiological studies in the rat brain,"S, Shim",,,2013,10.1124/jpet.113.203315,
"Serotonin, social status and sex change in the bluebanded goby Lythrypnus dalli","V, Lorenzi",,,2009,10.1016/j.physbeh.2009.03.026,
Selective blockade of neurokinin-2 receptors produces antidepressant-like effects associated with reduced corticotropin-releasing factor function,"R, Steinberg",,,2001,,
Extra-hypothalamic dopamine is not involved in the effects of hyperprolactinemia on male copulatory behavior,"PC, Doherty",,,1989,10.1016/0031-9384(89)90094-2,
Oral administration of glycine increases extracellular serotonin but not dopamine in the prefrontal cortex of rats,"M, Bannai",,,2011,10.1111/j.1440-1819.2010.02181.x,
Serotonin signaling is associated with lower amyloid-β levels and plaques in transgenic mice and humans,"JR, Cirrito",,,2011,10.1073/pnas.1107411108,
Synthesis and antidepressant activity of arylalkanol-piperidine derivatives as triple reuptake inhibitors,"YY, Zheng",,,2012,10.1016/j.ejmech.2012.04.030,
Beneficial effects of an algal oil rich in ω-3 polyunsaturated fatty acids on locomotor function and D(2) dopamine receptor in haloperidol-induced parkinsonism,"A, Barroso-Hernández",,,2022,10.1080/1028415x.2020.1764293,
"Stereoselective blockade of central [3H]5-hydroxytryptamine binding to multiple sites (5-HT1A, 5-HT1B and 5-HT1C) by mianserin and propranolol","BS, Alexander",,,1987,10.1111/j.2042-7158.1987.tb03452.x,
Animal models and treatments for addiction and depression co-morbidity,"NE, Paterson",,,2007,10.1007/bf03033479,
A novel positive allosteric modulator of the alpha7 neuronal nicotinic acetylcholine receptor: in vitro and in vivo characterization,"RS, Hurst",,,2005,10.1523/jneurosci.5269-04.2005,
Darkness-induced changes in noradrenergic input determine the 24 hour variation in beta-adrenergic receptor density in the rat pineal gland: in vivo physiological and pharmacological evidence,"A, Gonzalez-Brito",,,1988,10.1016/0024-3205(88)90142-7,
Improvement Effects of Myelophil on Symptoms of Chronic Fatigue Syndrome in a Reserpine-Induced Mouse Model,"JH, Song",,,2021,10.3390/ijms221910199,
Opioid involvement in the adaptive change of 5-HT1 receptors induced by chronic restraint,"L, Cancela",,,1990,10.1016/0014-2999(90)90025-2,
[The central dopaminergic system and depression],"D, Ebert",,,1997,10.1007/s001150050159,
Ketamine-induced hyperlocomotion associated with alteration of presynaptic components of dopamine neurons in the nucleus accumbens of mice,"M, Irifune",,,1991,10.1016/0091-3057(91)90571-i,
GPR37 associates with the dopamine transporter to modulate dopamine uptake and behavioral responses to dopaminergic drugs,"D, Marazziti",,,2007,10.1073/pnas.0703368104,
Region-Specific Regulation of Presynaptic Dopamine Homeostasis by D(2) Autoreceptors Shapes the In Vivo Impact of the Neuropsychiatric Disease-Associated DAT Variant Val559,"R, Gowrishankar",,,2018,10.1523/jneurosci.0055-18.2018,
Differential local field potential oscillations in the dorsal striatum and locomotor activity induced by morphine and haloperidol in mice,"C, Reakkamnuan",,,2023,10.55782/ane-2023-013,
Striatal N-Acetylaspartate Synthetase Shati/Nat8l Regulates Depression-Like Behaviors via mGluR3-Mediated Serotonergic Suppression in Mice,"Y, Miyamoto",,,2017,10.1093/ijnp/pyx078,
The 5-HT2A receptor antagonist M100907 is more effective in counteracting NMDA antagonist- than dopamine agonist-induced hyperactivity in mice,"ML, Carlsson",,,1999,10.1007/s007020050144,
Lack of effect of raphe lesions on serotonin S2 receptor changes induced by amitriptyline and desmethylimipramine,"A, Dumbrille-Ross",,,1982,10.1016/0165-1781(92)90087-j,
Combining robotics with enhanced serotonin-driven cortical plasticity improves post-stroke motor recovery,"S, Conti",,,2021,10.1016/j.pneurobio.2021.102073,
"Loss of erbB signaling in oligodendrocytes alters myelin and dopaminergic function, a potential mechanism for neuropsychiatric disorders","K, Roy",,,2007,10.1073/pnas.0702157104,
Selective knockout of the casein kinase 2 in d1 medium spiny neurons controls dopaminergic function,"H, Rebholz",,,2013,10.1016/j.biopsych.2012.11.013,
Behavioural evidence for supersensitivity of postsynaptic dopamine receptors in the mesolimbic system after chronic administration of desipramine,"C, Spyraki",,,1981,10.1016/0014-2999(81)90531-8,
Venlafaxine: a novel antidepressant that has a dual mechanism of action,"JM, Andrews",,,1996,10.1002/(sici)1522-7162(1996)4:2<48::aid-depr2>3.0.co;2-b,
Differential expression of serotonin(2B) receptors in GABAergic and serotoninergic neurons of the rat and mouse dorsal raphe nucleus,"A, Cathala",,,2022,10.1016/j.mcn.2022.103750,
Characterization of cannabinoid modulation of sensory neurotransmission in the rat isolated mesenteric arterial bed,"M, Duncan",,,2004,10.1124/jpet.104.067587,
U-95666E: a potential anti-parkinsonian drug with anxiolytic activity,"VH, Sethy",,,1997,10.1016/s0278-5846(97)00086-9,
Glucocorticoid receptor deletion from locus coeruleus norepinephrine neurons promotes depression-like social withdrawal in female but not male mice,"L, Jacobson",,,2019,10.1016/j.brainres.2018.12.026,
Platelet alpha 2 adrenoreceptors are decreased in number after antidepressant therapy,"CB, Smith",,,1983,10.1016/0278-5846(83)90114-8,
Serotonin-norepinephrine receptor interactions in the brain: implications for the pharmacology and pathophysiology of affective disorders,"F, Sulser",,,1987,,
Role of the 5-HT2C receptor in improving weight-supported stepping in adult rats spinalized as neonates,"T, Kao",,,2006,10.1016/j.brainres.2006.07.020,
Serotonin and Antidepressant SSRIs Inhibit Rat Neuroendocrine Dopamine Neurons: Parallel Actions in the Lactotrophic Axis,"DJ, Lyons",,,2016,10.1523/jneurosci.4061-15.2016,
Glutamate-dopamine interactions in the basal ganglia: relationship to Parkinson's disease,"JT, Greenamyre",,,1993,10.1007/bf01245235,
"Continuous release of diazepam: electrophysiological, biochemical and behavioral consequences","DW, Gallager",,,1985,10.1016/0006-8993(85)91349-6,
Cocaine and phencyclidine. Heterogenous dopaminergic interactions with tetrabenazine,"SP, Bagchi",,,1985,10.1016/0028-3908(85)90093-0,
Adult AMPA GLUA1 receptor subunit loss in 5-HT neurons results in a specific anxiety-phenotype with evidence for dysregulation of 5-HT neuronal activity,"T, Weber",,,2015,10.1038/npp.2014.332,
Correlated alterations in serotonergic and dopaminergic modulations at the hippocampal mossy fiber synapse in mice lacking dysbindin,"K, Kobayashi",,,2011,10.1371/journal.pone.0018113,
Neuregulin and dopamine modulation of hippocampal gamma oscillations is dependent on dopamine D4 receptors,"RH, Andersson",,,2012,10.1073/pnas.1201011109,
Evidence that 5-HT2 receptor activation decreases noradrenaline release in rat hippocampus in vivo,"CJ, Done",,,1992,10.1111/j.1476-5381.1992.tb14493.x,
Retrograde axonal transport of beta-adrenoreceptors in rat brain: effect of reserpine,"BE, Levin",,,1984,10.1016/0006-8993(84)91344-1,
Dopamine denervation does not alter in vivo 3H-spiperone binding in rat striatum: implications for external imaging of dopamine receptors in Parkinson's disease,"JP Jr, Bennett",,,1986,10.1002/ana.410190412,
The fast-off hypothesis revisited: A functional kinetic study of antipsychotic antagonism of the dopamine D2 receptor,"K, Sahlholm",,,2016,10.1016/j.euroneuro.2016.01.001,
Receptor Reserve Moderates Mesolimbic Responses to Opioids in a Humanized Mouse Model of the OPRM1 A118G Polymorphism,"JE, Robinson",,,2015,10.1038/npp.2015.109,
"Modern views on an ancient chemical: serotonin effects on cell proliferation, maturation, and apoptosis","EC, Azmitia",,,2001,10.1016/s0361-9230(01)00614-1,
Intestinal serotonin and fluoxetine exposure modulate bacterial colonization in the gut,"TC, Fung",,,2019,10.1038/s41564-019-0540-4,
Receptor mechanisms of nicotine-induced locomotor hyperactivity in chronic nicotine-treated rats,"YK, Fung",,,1988,10.1016/0014-2999(88)90721-2,
Effects of noradrenergic and serotonergic systems on risk-based decision-making and center arena activity in open field in rats,"R, Cui",,,2018,10.1016/j.ejphar.2018.09.026,
Role of the strychnine-insensitive glycine binding site in the nucleus accumbens and anterodorsal striatum in sensorimotor gating: a behavioral and microdialysis study,"BD, Kretschmer",,,1997,10.1007/s002130050220,
"Developmental, neurochemical, and behavioral analyses of ErbB4 Cyt-1 knockout mice","L, Erben",,,2022,10.1111/jnc.15612,
NQO1 regulates pharmaco-behavioral effects of d-amphetamine in striatal dopaminergic system in mice,"J, Go",,,2020,10.1016/j.neuropharm.2020.108039,
Long-term effects of young-adult methamphetamine on dorsal raphe serotonin systems in mice: Role of brain-derived neurotrophic factor,"M, Sepulveda",,,2021,10.1016/j.brainres.2021.147428,
Stimulation of glutamate receptors in the ventral tegmental area is necessary for serotonin-2 receptor-induced increases in mesocortical dopamine release,"EA, Pehek",,,2015,10.1016/j.neuroscience.2015.01.029,
"Pathophysiology and management of Akathisia 70 years after the introduction of the chlorpromazine, the first antipsychotic","N, Zareifopoulos",,,2021,10.26355/eurrev_202101_26386,
Excitatory amino acid receptor antagonists decrease hypoxia induced increase in extracellular dopamine in striatum of newborn piglets,"MF, Kuo",,,1998,10.1016/s0197-0186(97)00091-0,
Chronic activation of the D2 autoreceptor inhibits both glutamate and dopamine synapse formation and alters the intrinsic properties of mesencephalic dopamine neurons in vitro,"C, Fasano",,,2010,10.1111/j.1460-9568.2010.07397.x,
"Biaryls as potent, tunable dual neurokinin 1 receptor antagonists and serotonin transporter inhibitors","AP, Degnan",,,2015,10.1016/j.bmcl.2015.04.098,
Suppression of pentylenetetrazol-induced seizures by hydralazine associated with 5-hydroxytryptaminergic system in rat brain,"S, Hara",,,1987,10.1254/jjp.43.361,
Dopamine enhances the excitability of somatosensory thalamocortical neurons,"G, Govindaiah",,,2010,10.1016/j.neuroscience.2010.08.043,
Modification of the vasomotor actions of methysergide in the femoral arterial bed of the anaesthetized dog by changes in sympathetic nerve activity,"W, Feniuk",,,1981,10.1111/j.1474-8673.1981.tb00504.x,
Usefulness of olanzapine as an adjunct to opioid treatment and for the treatment of neuropathic pain,"K, Torigoe",,,2012,10.1097/aln.0b013e31823c7e56,
"Effects of ACTH, benzodiazepines and 5-HT antagonists on escape from periaqueductal grey stimulation in the rat","A, Clarke",,,1982,10.1016/s0364-7722(82)80104-5,
Striatal serotonin depletion facilitates rat egocentric learning via dopamine modulation,"PB, Anguiano-Rodríguez",,,2007,10.1016/j.ejphar.2006.10.042,
"Pharmacological and pharmacokinetic properties of a structurally novel, potent, and selective metabotropic glutamate 2/3 receptor agonist: in vitro characterization of agonist (-)-(1R,4S,5S,6S)-4-amino-2-sulfonylbicyclo[3.1.0]-hexane-4,6-dicarboxylic acid (LY404039)","LM, Rorick-Kehn",,,2007,10.1124/jpet.106.110809,
Valproic acid silencing of ascl1b/Ascl1 results in the failure of serotonergic differentiation in a zebrafish model of fetal valproate syndrome,"J, Jacob",,,2014,10.1242/dmm.013219,
Effects of clonidine on the calcium content and morphology of rat salivary glands,"JH, Yu",,,1992,10.1016/0003-9969(92)90039-b,
Preclinical pharmacology of milnacipran,"M, Briley",,,1996,10.1097/00004850-199609004-00002,
Effects of malnutrition and quipazine on rat cerebral cortex ATPase activity during development,"RJ, Hernández",,,1980,10.1159/000112399,
Chronic interferon-α decreases dopamine 2 receptor binding and striatal dopamine release in association with anhedonia-like behavior in nonhuman primates,"JC, Felger",,,2013,10.1038/npp.2013.115,
A pharmacological analysis of the peristaltic reflex in the isolated colon of the guinea-pig or cat,"A, Crema",,,1970,10.1111/j.1476-5381.1970.tb12897.x,
Drug Targets for Obesity and Depression: From Serotonin to Leptin,"DJ, Haleem",,,2016,10.2174/1389450117666151209123049,
Neonatal dopamine lesion in the rat results in enhanced adenylate cyclase activity without altering dopamine receptor binding or dopamine- and adenosine 3':5'-monophosphate-regulated phosphoprotein (DARPP-32) immunoreactivity,"J, Luthman",,,1990,10.1007/bf00232196,
Dopaminergic alterations in cotreatments attenuating haloperidol-induced hypersensitivity,"PM, Carvey",,,1990,10.1016/0091-3057(90)90158-e,
M4 muscarinic receptors regulate the dynamics of cholinergic and dopaminergic neurotransmission: relevance to the pathophysiology and treatment of related CNS pathologies,"ET, Tzavara",,,2004,10.1096/fj.04-1575fje,
The role of dopamine in the accumbens core in the expression of Pavlovian-conditioned responses,"BT, Saunders",,,2012,10.1111/j.1460-9568.2012.08217.x,
Site-specific activation of dopamine and serotonin transmission by aniracetam in the mesocorticolimbic pathway of rats,"K, Nakamura",,,2001,10.1016/s0006-8993(01)02096-0,
Studies on membrane receptor sites for serotonin in the brain,"F, Ungar",,,1977,,
"Effects of a Novel Psychomotor Stabilizer, IRL790, on Biochemical Measures of Synaptic Markers and Neurotransmission","K, Becanovic",,,2020,10.1124/jpet.119.264754,
Rat climbing behavior elicited by stimulation of cerebral dopamine receptors,"P, Protais",,,1984,10.1007/bf00506188,
Dual effect of serotonin on growth of bovine pulmonary artery smooth muscle cells in culture,"SL, Lee",,,1991,10.1161/01.res.68.5.1362,
Testing the contributions of striatal dopamine loss to the genesis of parkinsonian signs,"V, Franco",,,2012,10.1016/j.nbd.2012.03.028,
A comparison between dopamine-stimulated adenylate cyclase and 3H-SCH 23390 binding in rat striatum,"PH, Andersen",,,1985,10.1016/0024-3205(85)90028-1,
The rapid recovery of 5-HT cell firing induced by the antidepressant vortioxetine involves 5-HT(3) receptor antagonism,"C, Bétry",,,2013,10.1017/s1461145712001058,
Analysis of the respiratory effects of cannabinoids in rats,"K, Schmid",,,2003,10.1007/s00210-003-0787-3,
Age-associated decrease of dopamine-sensitive adenylate cyclase in rabbit renal artery,"F, Amenta",,,1984,10.1016/0304-3940(84)90394-x,
Anxiogenic drug administration and elevated plus-maze exposure in rats activate populations of relaxin-3 neurons in the nucleus incertus and serotonergic neurons in the dorsal raphe nucleus,"AJ, Lawther",,,2015,10.1016/j.neuroscience.2015.06.052,
Chronic voluntary ethanol intake hypersensitizes 5-HT(1A) autoreceptors in C57BL/6J mice,"S, Kelaï",,,2008,10.1111/j.1471-4159.2008.05733.x,
Different actions for acute and chronic administration of mirtazapine on serotonergic transmission associated with raphe nuclei and their innervation cortical regions,"S, Yamamura",,,2011,10.1016/j.neuropharm.2010.12.025,
Antidepressant drug-induced alterations in neuron-localized tumor necrosis factor-alpha mRNA and alpha(2)-adrenergic receptor sensitivity,"TJ, Nickola",,,2001,,
Dopaminergic control of the septal-hippocampal cholinergic pathway,"SE, Robinson",,,1979,,
Dopamine selectively inhibits angiotensin II-induced aldosterone secretion by interacting with D-2 receptors,"C, Missale",,,1988,,
Time-Dependent Effects of Buspirone versus Desipramine on the 5-Choice Serial Reaction Time Task in Rats Reared in Social Isolation: Implication of Early Life Experience and Motoric Impulsivity,"CS, Tung",,,2023,10.31083/j.jin2204080,
In utero exposure to methadone produces a stable decrease of the cortex 5-HT transport system in rats,"Montis GM, De",,,1983,10.1016/0014-2999(83)90213-3,
Blonanserin ameliorates phencyclidine-induced visual-recognition memory deficits: the complex mechanism of blonanserin action involving D₃-5-HT₂A and D₁-NMDA receptors in the mPFC,"H, Hida",,,2015,10.1038/npp.2014.207,
"Basal forebrain afferent projections modulating cortical acetylcholine, attention, and implications for neuropsychiatric disorders","M, Sarter",,,1999,10.1111/j.1749-6632.1999.tb09277.x,
Embryonic exposure to valproic acid affects the histaminergic system and the social behaviour of adult zebrafish (Danio rerio),"D, Baronio",,,2018,10.1111/bph.14124,
Involvement of activation of dopaminergic neuronal system in learning and memory deficits associated with experimental mild traumatic brain injury,"YP, Tang",,,1997,10.1111/j.1460-9568.1997.tb01529.x,
Galanin receptor antagonists : a potential novel pharmacological treatment for mood disorders,"SO, Ogren",,,2006,10.2165/00023210-200620080-00003,
"Type I tardive dyskinesia induced by anticholinergic drugs, dopamine agonists and neuroleptics","G, Chouinard",,,1982,10.1016/s0278-5846(82)80151-6,
"Effects of Ketamine and Ketamine Metabolites on Evoked Striatal Dopamine Release, Dopamine Receptors, and Monoamine Transporters","A, Can",,,2016,10.1124/jpet.116.235838,
4-Iodotomoxetine: a novel ligand for serotonin uptake sites,"MP, Kung",,,1992,10.1016/0024-3205(92)90002-7,
Repeated amphetamine pretreatment alters the responsiveness of striatal dopamine-stimulated adenylate cyclase to amphetamine-induced desensitization,"JV, Barnett",,,1987,,
Behavioral sensitization and long-term neurochemical alterations associated with the fungicide triadimefon,"R, Reeves",,,2003,10.1016/j.pbb.2003.08.003,
Further evaluation of the neuropharmacological determinants of the antidepressant-like effects of curcumin,"JM, Witkin",,,2013,10.2174/1871527311312040008,
Neurochemical changes associated with the persistence of spontaneous oral dyskinesia in rats following chronic reserpine treatment,"JL, Neisewander",,,1991,10.1016/0006-8993(91)90710-d,
Changes in Histaminergic System in Neuropsychiatric Disorders and the Potential Treatment Consequences,"L, Shan",,,2022,10.2174/1570159x19666210909144930,
Serotonin modulates glutamatergic transmission in the rat olfactory tubercle,"JK, Hadley",,,2010,10.1111/j.1460-9568.2010.07084.x,
Molecular cloning and characterization of a novel dopamine receptor (D3) as a target for neuroleptics,"P, Sokoloff",,,1990,10.1038/347146a0,
Dopamine in anorexia nervosa: a systematic review,"D, Kontis",,,2012,10.1097/fbp.0b013e328357e115,
NMDA receptor subunit and CaMKII changes in rat hippocampus induced by acute MDMA treatment: a mechanism for learning impairment,"S, Moyano",,,2004,10.1007/s00213-004-1816-8,
3H-dopamine uptake and 3H-haloperidol binding in striatum after administration of methyl mercury to rats,"H, Komulainen",,,1985,10.1007/bf00324790,
Stimulation of nerve growth factor biosynthesis in developing rat brain by reserpine: steroids as potential mediators,"M, Fabrazzo",,,1991,,
Characterization of Dopaminergic System in the Striatum of Young Adult Park2(-/-) Knockout Rats,"JM, Gemechu",,,2018,10.1038/s41598-017-18526-0,
Drugs abused by humans preferentially increase synaptic dopamine concentrations in the mesolimbic system of freely moving rats,"Chiara G, Di",,,1988,10.1073/pnas.85.14.5274,
Effects of acute physical exercise on central serotonergic systems,"F, Chaouloff",,,1997,10.1097/00005768-199701000-00009,
"Study on zwitter-ionization of drugs. II. Synthesis and pharmacological activity of some N-[3-(5H-dibenzo[a, d]cyclohepten-5-ylidene) propyl]-N-methylamino- and N-[3-(6H-dibenz[b, e]oxepin-11-ylidene) propyl]-N-methylamino-alkanoic acid derivatives and related compounds","H, Muramatsu",,,1993,10.1248/cpb.41.1987,
"Targeting brain serotonin synthesis: insights into neurodevelopmental disorders with long-term outcomes related to negative emotionality, aggression and antisocial behaviour","KP, Lesch",,,2012,10.1098/rstb.2012.0039,
Light-induced dopamine release from teleost retinas acts as a light-adaptive signal to the retinal pigment epithelium,"A, Dearry",,,1989,10.1111/j.1471-4159.1989.tb11785.x,
Fluoxetine and norfluoxetine stereospecifically and selectively increase brain neurosteroid content at doses that are inactive on 5-HT reuptake,"G, Pinna",,,2006,10.1007/s00213-005-0213-2,
Effect of selective serotonin reuptake inhibitors on expression of 5-HT1AR and neurotransmitters in rats with vascular dementia,"K, Guo",,,2016,10.4238/gmr15049031,
Ionic mechanisms and receptor properties underlying the responses of molluscan neurones to 5-hydroxytryptamine,"HM, Gerschenfeld",,,1974,10.1113/jphysiol.1974.sp010761,
Neurotransmitters in anxiety,"R, Hoehn-Saric",,,1982,10.1001/archpsyc.1982.04290060075015,
Expression of ErbB4 in substantia nigra dopamine neurons of monkeys and humans,"Y, Zheng",,,2009,10.1016/j.pnpbp.2009.03.021,
"The acute and chronic effects of MDMA (""ecstasy"") on cortical 5-HT2A receptors in rat and human brain","L, Reneman",,,2002,10.1016/s0893-133x(01)00366-9,
"Anticonvulsant and behavioral profile of L-701,324, a potent, orally active antagonist at the glycine modulatory site on the N-methyl-D-aspartate receptor complex","LJ, Bristow",,,1996,,
Interaction of molecules of the phencyclidine series with cardiac cells. Association with the muscarinic receptor,"M, Fosset",,,1979,10.1016/0014-5793(79)81266-1,
Microglial CX3CR1 production increases in Alzheimer's disease and is regulated by noradrenaline,"M, González-Prieto",,,2021,10.1002/glia.23885,
Extracellular norepinephrine clearance by the norepinephrine transporter is required for skeletal homeostasis,"Y, Ma",,,2013,10.1074/jbc.m113.481309,
Folding efficiency is rate-limiting in dopamine D4 receptor biogenesis,"Craenenbroeck K, Van",,,2005,10.1074/jbc.m414043200,
A simple method for detection of food foraging behavior in the rat: involvement of NMDA and dopamine receptors in the behavior,"F, Li",,,2012,10.1016/j.neuroscience.2011.12.057,
"Estrogen control of central neurotransmission: effect on mood, mental state, and memory","G, Fink",,,1996,10.1007/bf02088099,
Environmental Enrichment Reduces Anxiety by Differentially Activating Serotonergic and Neuropeptide Y (NPY)-Ergic System in Indian Field Mouse (Mus booduga): An Animal Model of Post-Traumatic Stress Disorder,"Varman D, Ragu",,,2015,10.1371/journal.pone.0127945,
Subregion-specific effects on striatal neurotransmission and dopamine-signaling by acute and repeated amphetamine exposure,"K, Danielsson",,,2021,10.1016/j.neuropharm.2021.108638,
Effects of atypical antipsychotic drugs on dopamine output in the shell and core of the nucleus accumbens: role of 5-HT(2A) and alpha(1)-adrenoceptor antagonism,"MM, Marcus",,,2000,10.1016/s0924-977x(00)00077-8,
Serotonin and feeding responses of rats to amino acid imbalance: initial phase,"DW, Gietzen",,,1987,10.1152/ajpregu.1987.253.5.r763,
ACTH-(1-24) enhances the electrically stimulated release of [3H]dopamine from rat septal slices via a dopamine D2 receptor-independent mechanism,"WJ, Florijn",,,1989,10.1016/0006-8993(89)90593-3,
Mechanisms underlying increased serotonin-induced contraction in carotid arteries from chronic type 2 diabetic Goto-Kakizaki rats,"T, Matsumoto",,,2014,10.1016/j.phrs.2014.07.001,
Compensatory airway dilation and additive ventilatory augmentation mediated by dorsomedial medullary 5-hydroxytryptamine 2 receptor activity and hypercapnia,"M, Kanamaru",,,2007,10.1152/ajpregu.00829.2006,
Mechanisms of alpha-adrenoceptor mediated contractions of rat mesenteric artery,"MS, Kannan",,,1986,10.1139/y86-067,
Involvement of prefrontal dopamine neurones in behavioural blockade induced by controllable vs uncontrollable negative events in rats,"S, Ravard",,,1990,10.1016/0166-4328(90)90067-o,
Morphological and biochemical changes in the aging brain: pathophysiological and possible therapeutic consequences,"P, Riederer",,,1982,10.1007/978-3-642-68507-1_22,
Activation and blockade of serotonin7 receptors in the prelimbic cortex regulate depressive-like behaviors in a 6-hydroxydopamine-induced Parkinson's disease rat model,"QJ, Zhang",,,2015,10.1016/j.neuroscience.2015.10.016,
"Effect of chronic lithium treatment on 5-hydroxytryptamine autoreceptors and release of 5-[3H]hydroxytryptamine from rat brain cortical, hippocampal, and hypothalamic slices","E, Friedman",,,1988,10.1111/j.1471-4159.1988.tb13249.x,
Involvement of serotonin 2C receptor RNA editing in accumbal neuropeptide Y expression and behavioural despair,"M, Aoki",,,2016,10.1111/ejn.13233,
"D2 dopamine receptors colocalize regulator of G-protein signaling 9-2 (RGS9-2) via the RGS9 DEP domain, and RGS9 knock-out mice develop dyskinesias associated with dopamine pathways","A, Kovoor",,,2005,10.1523/jneurosci.2840-04.2005,
Valproate alters dopamine signaling in association with induction of Par-4 protein expression,"S, Lee",,,2012,10.1371/journal.pone.0045618,
Dopamine is Required for Activity-Dependent Amplification of Arc mRNA in Developing Postnatal Frontal Cortex,"Y, Ye",,,2017,10.1093/cercor/bhw181,
Biased Agonism and Biased Allosteric Modulation at the CB1 Cannabinoid Receptor,"E, Khajehali",,,2015,10.1124/mol.115.099192,
N-oxygenation of phenethylamine to the trans-oxime by adult human liver flavin-containing monooxygenase and retroreduction of phenethylamine hydroxylamine by human liver microsomes,"J, Lin",,,1997,,
Endogenous nicotinic cholinergic activity regulates dopamine release in the striatum,"FM, Zhou",,,2001,10.1038/nn769,
VMAT2 and dopamine neuron loss in a primate model of Parkinson's disease,"MK, Chen",,,2008,10.1111/j.1471-4159.2007.05108.x,
Presynaptic 5-HT(2A)-mGlu2/3 Receptor-Receptor Crosstalk in the Prefrontal Cortex: Metamodulation of Glutamate Exocytosis,"A, Taddeucci",,,2022,10.3390/cells11193035,
Interaction of the tricyclic antidepressant amitriptyline with prejunctional alpha and muscarinic receptors in the dog saphenous vein,"MG, Collis",,,1980,,
Serotonin 2A receptors are a stress response system: implications for post-traumatic stress disorder,"KS, Murnane",,,2019,10.1097/fbp.0000000000000459,
"Site-specific regulation of corticosteroid and serotonin receptor subtype gene expression in the rat hippocampus following 3,4-methylenedioxymethamphetamine: role of corticosterone and serotonin","JL, Yau",,,1997,10.1016/s0306-4522(96)00497-6,
Atypical antipsychotics and the neural regulation of food intake and peripheral metabolism,"KL, Teff",,,2011,10.1016/j.physbeh.2011.05.033,
Monoamine depletion alters the entrainment and the response to light of the circadian activity rhythm in hamsters,"PD, Penev",,,1993,10.1016/0006-8993(93)91656-d,
The Multimodal Serotonergic Agent Vilazodone Inhibits L-DOPA-Induced Gene Regulation in Striatal Projection Neurons and Associated Dyskinesia in an Animal Model of Parkinson's Disease,"F, Altwal",,,2020,10.3390/cells9102265,
Mapping dopamine function in primates using pharmacologic magnetic resonance imaging,"BG, Jenkins",,,2004,10.1523/jneurosci.1558-04.2004,
Myoclonus in guniea pigs is induced by indole-containing but not piperazine-containing 5HT agonists,"G, Luscombe",,,1982,10.1016/0024-3205(82)90563-x,
Candidate gene studies of dopaminergic and serotonergic polymorphisms,"G, Varga",,,2011,,
Cortical spreading depression-associated hyperemia in rats: involvement of serotonin,"L, Gold",,,1998,10.1016/s0006-8993(97)01341-3,
"The selective 5-HT 1A receptor agonist, NLX-112, overcomes tetrabenazine-induced catalepsy and depression-like behavior in the rat","M, Jastrzębska-Więsek",,,2022,10.1097/fbp.0000000000000681,
"Alternative-splicing of serotonin receptor isoforms in the pharynx and muscle of the parasitic nematode, Ascaris suum","X, Huang",,,1999,10.1016/s0166-6851(99)00059-6,
The role of D1-dopamine receptor in working memory: local injections of dopamine antagonists into the prefrontal cortex of rhesus monkeys performing an oculomotor delayed-response task,"T, Sawaguchi",,,1994,10.1152/jn.1994.71.2.515,
Histamine induces KCNQ channel-dependent gamma oscillations in rat hippocampus via activation of the H1 receptor,"R, Andersson",,,2017,10.1016/j.neuropharm.2017.03.003,
Behavioral effects of triadimefon in zebrafish are associated with alterations of the dopaminergic and serotonergic pathways,"S, Paredes-Zúñiga",,,2019,10.1016/j.pnpbp.2018.12.012,
Effect of chronic ethanol treatment on adenylate cyclase activity in rat striatum,"L, Lucchi",,,1983,10.1016/0304-3940(83)90300-2,
Pavlovian conditional tolerance to haloperidol catalepsy: evidence of dynamic adaptation in the dopaminergic system,"CX, Poulos",,,1982,10.1126/science.6889765,
The antidepressant 5-HT2A receptor antagonists pizotifen and cyproheptadine inhibit serotonin-enhanced platelet function,"OA, Lin",,,2014,10.1371/journal.pone.0087026,
[Pharmacological analysis of monoaminergic effects of the amygdaloid complex on the food-procuring conditioned reaction of rats],"AN, Talalaenko",,,1976,,
Involvement of dopamine receptor subtypes in dopaminergic modulation of aldosterone secretion in rats,"RJ, Barrett",,,1987,10.1016/0024-3205(87)90382-1,
Exogenous serotonin regulates proliferation of interstitial cells of Cajal in mouse jejunum through 5-HT2B receptors,"MM, Wouters",,,2007,10.1053/j.gastro.2007.06.017,
Receptors for 5-hydroxytryptamine and noradrenaline in rabbit isolated ear artery and aorta,"E, Apperley",,,1976,10.1111/j.1476-5381.1976.tb10398.x,
Local administration of flurazepam has different effects on dopamine release in striatum and nucleus accumbens: a microdialysis study,"T, Zetterström",,,1990,10.1016/0028-3908(90)90052-s,
3H-Catecholamine binding to alpha-receptors in rat brain: enhancement by reserpine,"DC, U'Prichard",,,1978,10.1016/0014-2999(78)90339-4,
"Behavioural pharmacology of the non-competitive NMDA antagonists dextrorphan and ADCI: relations between locomotor stimulation, anticataleptic potential and forebrain dopamine metabolism","M, Bubser",,,1997,10.1007/pl00005011,
Mapping the alpha-subunit site photolabeled by the noncompetitive inhibitor [3H]quinacrine azide in the active state of the nicotinic acetylcholine receptor,"M, DiPaola",,,1990,,
Mono- and divalent cations modulate the affinities of brain D1 and D2 receptors for dopamine by a mechanism independent of receptor coupling to guanyl nucleotide binding proteins,"S, Urwyler",,,1989,10.1007/bf00736050,
Involvement of endogenous prostaglandin I2 in the vascular action of histamine in dogs,"N, Toda",,,1982,,
High- and low-affinity states of striatal D2 receptors are not affected by 6-hydroxydopamine or chronic haloperidol treatment,"RG, MacKenzie",,,1984,10.1111/j.1471-4159.1984.tb05388.x,
NK1 receptor antagonism lowers occupancy requirement for antidepressant-like effects of SSRIs in the gerbil forced swim test,"S, Lelas",,,2013,10.1016/j.neuropharm.2013.05.038,
Thalamic control of dopaminergic functions in the caudate-putamen of the rat--III. The effects of lesions in the parafascicular-intralaminar nuclei on D2 dopamine receptors and high affinity dopamine uptake,"IC, Kilpatrick",,,1986,10.1016/0306-4522(86)90311-8,
Caffeine and a selective adenosine A2A receptor antagonist induce sensitization and cross-sensitization behavior associated with increased striatal dopamine in mice,"CW, Hsu",,,2010,10.1186/1423-0127-17-4,
Development of a photoaffinity ligand for octopamine receptors,"JA, Nathanson",,,1989,,
Transient exposure of neonatal mice to neuregulin-1 results in hyperdopaminergic states in adulthood: implication in neurodevelopmental hypothesis for schizophrenia,"T, Kato",,,2011,10.1038/mp.2010.10,
Noise stress impairs prefrontal cortical cognitive function in monkeys: evidence for a hyperdopaminergic mechanism,"AF, Arnsten",,,1998,10.1001/archpsyc.55.4.362,
"Dual- and triple-acting agents for treating core and co-morbid symptoms of major depression: novel concepts, new drugs","MJ, Millan",,,2009,10.1016/j.nurt.2008.10.039,
Dopamine disorder in duodenal ulceration,"S, Szabo",,,1979,10.1016/s0140-6736(79)92690-4,
Brain and plasma quinolinic acid in profound insulin-induced hypoglycemia,"MP, Heyes",,,1990,10.1111/j.1471-4159.1990.tb02353.x,
Effect of catecholamine depletion on myocardial infarct size in dogs: role of catecholamines in ischemic preconditioning,"Heide RS, Vander",,,1995,10.1016/0008-6363(95)00074-7,
Involvement of dopaminergic and cholinergic pathways in the induction of yawning and genital grooming by the aqueous extract of Saccharum officinarum L. (sugarcane) in rats,"MT, Gamberini",,,2015,10.1016/j.neulet.2014.10.027,
Integrin β3 Haploinsufficiency Modulates Serotonin Transport and Antidepressant-Sensitive Behavior in Mice,"M, Mazalouskas",,,2015,10.1038/npp.2015.51,
"Hypothalamic-pituitary-thyroid axis and sympathetic nervous system involvement in hyperthermia induced by 3,4-methylenedioxymethamphetamine (Ecstasy)","JE, Sprague",,,2003,10.1124/jpet.102.044982,
Pharmacogenetics and the serotonin system: initial studies and future directions,"J, Veenstra-VanderWeele",,,2000,10.1016/s0014-2999(00)00814-1,
Catecholamine-blocking drugs injected at sites of amine accumulation reverse catecholamine degeneration associated deficits,"GL, Willis",,,1985,10.1016/0166-4328(85)90057-9,
Selective dopamine D3 receptor antagonists enhance cortical acetylcholine levels measured with high-performance liquid chromatography/tandem mass spectrometry without anti-cholinesterases,"LP, Lacroix",,,2006,10.1016/j.jneumeth.2006.03.017,
Dopamine increases excitability of pyramidal neurons in primate prefrontal cortex,"DA, Henze",,,2000,10.1152/jn.2000.84.6.2799,
"S 18126 ([2-[4-(2,3-dihydrobenzo[1,4]dioxin-6-yl)piperazin-1-yl methyl]indan-2-yl]), a potent, selective and competitive antagonist at dopamine D4 receptors: an in vitro and in vivo comparison with L 745,870 (3-(4-[4-chlorophenyl]piperazin-1-yl)methyl-1H-pyrrolo[2, 3b]pyridine) and raclopride","MJ, Millan",,,1998,,
"Effects of a chronic administration of the new antidepressant pirlindole on biogenic amine receptors in rat prefrontal cortex and hippocampus. Comparison with desipramine, nomifensine and zimelidine","K, Syha",,,1990,,
Heart-type fatty acid binding protein regulates dopamine D2 receptor function in mouse brain,"N, Shioda",,,2010,10.1523/jneurosci.4140-09.2010,
"Quantitative autoradiography of multiple 5-HT1 receptor subtypes in the brain of control or 5,7-dihydroxytryptamine-treated rats","D, Vergé",,,1986,10.1523/jneurosci.06-12-03474.1986,
Serotonin transporter and receptor ligands with antidepressant activity as neuroprotective and proapoptotic agents,"Z, Chilmonczyk",,,2017,10.1016/j.pharep.2017.01.011,
The inhibition of phosphatidylinositol turnover: a possible postreceptor mechanism for the prolactin secretion-inhibiting effect of dopamine,"PL, Canonico",,,1983,10.1210/endo-113-1-7,
Modulation of cholinergic systems by manganese,"Y, Finkelstein",,,2007,10.1016/j.neuro.2007.08.006,
Stimulation of 5-HT2 receptors in the nucleus tractus solitarius enhances NMDA receptor-mediated reflex-evoked bradycardiac responses in the rat,"A, N'Diaye",,,2001,10.1016/s1566-0702(01)00318-6,
An Akt/beta-arrestin 2/PP2A signaling complex mediates dopaminergic neurotransmission and behavior,"JM, Beaulieu",,,2005,10.1016/j.cell.2005.05.012,
Pharmacological dissection of receptor-associated and voltage-sensitive ionic channels involved in catecholamine release,"V, Ceña",,,1983,10.1016/0306-4522(83)90126-4,
Behavioural evidence for simultaneous dual changes of 5-HT receptor subtypes: mode of antidepressant action?,"D, Pericić",,,1988,10.1016/0024-3205(88)90328-1,
Distribution of serotonin 4(a) receptors in the juvenile rat brain and spinal cord,"B, Suwa",,,2014,10.1016/j.jchemneu.2013.12.004,
Potential sites of action of TNPA: a dopamine-2 receptor agonist,"E, Chu",,,1999,10.1006/exer.1999.0734,
Response-reinforcement learning is dependent on N-methyl-D-aspartate receptor activation in the nucleus accumbens core,"AE, Kelley",,,1997,10.1073/pnas.94.22.12174,
Progesterone and modulation of endothelium-dependent responses in canine coronary arteries,"VM, Miller",,,1991,10.1152/ajpregu.1991.261.4.r1022,
Effect of clomipramine treatment on dog platelet alpha 2-adrenergic receptivity,"A, Villeneuve",,,1986,,
Breathing is affected by dopamine D2-like receptors in the basolateral amygdala,"T, Sugita",,,2015,10.1016/j.resp.2014.09.020,
Serotonin mediates the panicolytic-like effect of oxytocin in the dorsal periaqueductal gray,"Oliveira Sergio T, De",,,2020,10.1177/0269881120907960,
Evidence for high and low affinity [3H]cocaine binding sites associated with the serotonin reuptake complex in guinea pig brain: allosteric modulation by paroxetine,"H, Akunne",,,1990,,
Serotonergic deficits and impaired passive-avoidance learning in rats by MDEA: a comparison with MDMA,"M, Barrionuevo",,,2000,10.1016/s0091-3057(99)00170-7,
Species differences in the relative densities of D1- and D2-like dopamine receptor subtypes in the Japanese quail and rats: an in vitro quantitative receptor autoradiography study,"HK, Kleitz",,,2009,10.1159/000209864,
A tropomyosine receptor kinase inhibitor blocks spinal neuroplasticity essential for the anti-hypersensitivity effects of gabapentin and clonidine in rats with peripheral nerve injury,"K, Hayashida",,,2011,10.1016/j.jpain.2010.05.005,
Exposure to high pressure may produce the 5-HT behavioral syndrome in rats,"B, Wardley-Smith",,,1990,,
Molecular basis of the activity of the dopamine synapse in the mechanisms of learning and amnesia,"EK, Podgornaya",,,1997,10.1007/bf02461943,
Role for the membrane receptor guanylyl cyclase-C in attention deficiency and hyperactive behavior,"R, Gong",,,2011,10.1126/science.1207675,
Netrin receptor deficient mice exhibit functional reorganization of dopaminergic systems and do not sensitize to amphetamine,"C, Flores",,,2005,10.1038/sj.mp.4001607,
Is dopamine-induced inhibition of adenylate cyclase involved in the autoreceptor-mediated negative control of tyrosine hydroxylase in striatal dopaminergic terminals?,"Mestikawy S, el",,,1986,10.1111/j.1471-4159.1986.tb00775.x,
Differential genetic risk for methamphetamine intake confers differential sensitivity to the temperature-altering effects of other addictive drugs,"JRK, Mootz",,,2020,10.1111/gbb.12640,
Antidepressant-like effects of glucagon-like peptide-2 in mice occur via monoamine pathways,"T, Iwai",,,2009,10.1016/j.bbr.2009.06.020,
"Cardiovascular effects of losulazine hydrochloride, a peripheral norepinephrine-depleting agent, in nonhuman primates","DT, Pals",,,1985,,
Effect of N-methyltyramine on the regulation of adrenergic receptors via enzymatic epinephrine synthesis for the treatment of gastrointestinal disorders,"J, Ni",,,2019,10.1016/j.biopha.2018.12.145,
Motor effects of the non-psychotropic phytocannabinoid cannabidiol that are mediated by 5-HT1A receptors,"F, Espejo-Porras",,,2013,10.1016/j.neuropharm.2013.07.024,
MPP(+)-like neurotoxicity of a pyridinium metabolite derived from haloperidol: in vivo microdialysis and in vitro mitochondrial studies,"H, Rollema",,,1994,,
Evidence for N-methyl-D-aspartate receptor-mediated increase in norepinephrine utilization in the prefrontal cortex of unanesthetized rats,"Y, Yoshida",,,1997,10.1016/s0006-8993(96)01202-4,
(S)-3-methyl-5-(1-methyl-2-pyrrolidinyl) isoxazole (ABT 418): a novel cholinergic ligand with cognition-enhancing and anxiolytic activities: I. In vitro characterization,"SP, Arneric",,,1994,,
New approaches to developing antidepressants by enhancing monoaminergic neurotransmission,"FP, Bymaster",,,2003,10.1517/13543784.12.4.531,
Dopamine on D2-like receptors is involved in reward evaluation in water-deprived rats licking for NaCl and water,"ME, Canu",,,2010,10.1016/j.pbb.2010.05.004,
cAMP binding proteins in the rat cerebral cortex after administration of selective 5-HT and NE reuptake blockers with antidepressant activity,"J, Perez",,,1991,,
Modulation of ethanol intake by serotonin uptake inhibitors,"CA, Naranjo",,,1986,,
The impact of Disrupted-in-Schizophrenia 1 (DISC1) on the dopaminergic system: a systematic review,"T, Dahoun",,,2017,10.1038/tp.2016.282,
Serotonergic involvement in haloperidol-induced catalepsy,"BS, Neal-Beliveau",,,1993,,
"Hippocampal dopamine and serotonin elevations as pharmacodynamic markers for the anticonvulsant efficacy of oxcarbazepine and 10,11-dihydro-10-hydroxycarbamazepine","R, Clinckers",,,2005,10.1016/j.neulet.2005.07.049,
Norepinephrine is a negative regulator of the adult periventricular neural stem cell niche,"G, Weselek",,,2020,10.1002/stem.3232,
Stimulus-secretion coupling in isolated bovine adrenal medullary cells,"DE, Knight",,,1983,10.1113/expphysiol.1983.sp002691,
Inhibition of dopamine synthesis in rat striatal minces: evidence of dopamine autoreceptor supersensitivity to S(+)- but not R(-)-N-n-propylnorapomorphine after pretreatment with fluphenazine,"RG, Booth",,,1991,10.1016/0006-2952(91)90148-x,
Dopamine and serotonin metabolism associated with morphine reward and its inhibition with buspirone: A study in the rat striatum,"DJ, Haleem",,,2018,10.1016/j.pbb.2018.05.010,
The effects of lesions to noradrenergic projections from the locus coeruleus and lateral tegmental cell groups on conditioned taste aversion in the rat,"LT, Dunn",,,1987,10.1037//0735-7044.101.3.409,
Effects of ergot drugs on serotonergic function: behavior and neurochemistry,"EK, Silbergeld",,,1979,10.1016/0014-2999(79)90333-9,
Different modes of action of catecholamine-O-methyltransferase inhibitors entacapone and tolcapone on adenylyl cyclase activity in vitro,"M, Gerlach",,,2002,10.1007/s007020200065,
"CGS 7525A, a new, centrally active alpha 2 adrenoceptor antagonist","JM, Liebman",,,1983,10.1016/0024-3205(83)90081-4,
Supersensitivity to amphetamine in protein kinase-C interacting protein/HINT1 knockout mice,"E, Barbier",,,2007,10.1038/sj.npp.1301301,
Akkermansia muciniphila and its outer protein Amuc_1100 regulates tryptophan metabolism in colitis,"Z, Gu",,,2021,10.1039/d1fo02172a,
"Effect of metyrapone on the fluoxetine-induced change in extracellular dopamine, serotonin and their metabolites in the rat frontal cortex","Z, Rogóż",,,2010,10.1016/s1734-1140(10)70363-7,
Dopamine receptor changes in response to prolonged treatment with L-dopa,"A, Groppetti",,,1986,,
"Dopamine: Functions, Signaling, and Association with Neurological Diseases","MO, Klein",,,2019,10.1007/s10571-018-0632-3,
"Reduced social interaction following 3,4-methylenedioxymethamphetamine is not associated with enhanced 5-HT 2C receptor responsivity","EJ, Bull",,,2003,10.1016/s0028-3908(02)00407-0,
Predation Stress Causes Excessive Aggression in Female Mice with Partial Genetic Inactivation of Tryptophan Hydroxylase-2: Evidence for Altered Myelination-Related Processes,"E, Svirin",,,2022,10.3390/cells11061036,
Sleep Deprivation Induces Dopamine System Maladaptation and Escalated Corticotrophin-Releasing Factor Signaling in Adolescent Mice,"LH, Tuan",,,2023,10.1007/s12035-023-03258-2,
Potentials of Mangifera indica in the treatment of depressive-anxiety disorders: possible mechanisms of action,"IO, Ishola",,,2016,10.1515/jcim-2015-0047,
Antidepressant-type effects of endogenous enkephalins protected by systemic RB 101 are mediated by opioid delta and dopamine D1 receptor stimulation,"A, Baamonde",,,1992,10.1016/0014-2999(92)90356-9,
Evaluation of the serotonin receptor blockers ketanserin and methiothepin on the pulmonary hypertensive responses of broilers to intravenously infused serotonin,"ME, Chapman",,,2006,10.1093/ps/85.4.777,
Catecholamines in murine bone marrow derived mast cells,"JG, Freeman",,,2001,10.1016/s0165-5728(01)00384-8,
"Functional characterization of the novel antipsychotic iloperidone at human D2, D3, alpha 2C, 5-HT6, and 5-HT1A receptors","HO, Kalkman",,,2003,10.1016/s0024-3205(03)00419-3,
Effects of prazosin on coronary and left ventricular dynamics in conscious dogs,"P, Macho",,,1982,10.1161/01.cir.65.6.1186,
"The neurokinin1 receptor antagonist CP-99,994 reduces catalepsy produced by the dopamine D2 receptor antagonist raclopride: correlation with extracellular acetylcholine levels in striatum","JJ, Anderson",,,1995,,
"Acoustic startle, conditioned startle potentiation and the effects of 8-OH-DPAT and buspirone in rats selectively bred for differences in 8-OH-DPAT-induced hypothermia","DA, McQueen",,,2001,10.1097/00008877-200111000-00012,
Effects of genetic background on neonatal Borna disease virus infection-induced neurodevelopmental damage. II. Neurochemical alterations and responses to pharmacological treatments,"MV, Pletnikov",,,2002,10.1016/s0006-8993(02)02724-5,
The repertoire of trace amine G-protein-coupled receptors: large expansion in zebrafish,"DE, Gloriam",,,2005,10.1016/j.ympev.2004.12.003,
Serotonin reuptake inhibitor citalopram inhibits GnRH synthesis and spermatogenesis in the male zebrafish,"P, Prasad",,,2015,10.1095/biolreprod.115.129965,
Noradrenergic depression of neuronal excitability in the entorhinal cortex via activation of TREK-2 K+ channels,"Z, Xiao",,,2009,10.1074/jbc.m806760200,
Duloxetine improves cancer-associated pain in a mouse model of pancreatic cancer through stimulation of noradrenaline pathway and its antitumor effects,"I, Kajiwara",,,2020,10.1097/j.pain.0000000000001997,
"Discriminative effects of CGS 15943, a competitive adenosine receptor antagonist, have a dopamine component in monkeys","SG, Holtzman",,,1999,10.1016/s0014-2999(99)00346-5,
A regulated interaction of syntaxin 1A with the antidepressant-sensitive norepinephrine transporter establishes catecholamine clearance capacity,"U, Sung",,,2003,10.1523/jneurosci.23-05-01697.2003,
Effect of pentylenetetrazole-induced kindling on acetylcholine release in the hippocampus of freely moving rats,"M, Serra",,,1997,10.1046/j.1471-4159.1997.68010313.x,
"Characterization of a Novel M1 Muscarinic Acetylcholine Receptor Positive Allosteric Modulator Radioligand, [3H]PT-1284","DL, Smith",,,2016,10.1124/mol.116.104737,
Homeostatic regulation of serotonergic function by the serotonin transporter as revealed by nonviral gene transfer,"V, Fabre",,,2000,10.1523/jneurosci.20-13-05065.2000,
Influence of stress and antidepressant treatment on 5-HT-stimulated phosphoinositide hydrolysis in rat brain,"T, Kawanami",,,1992,10.1016/0014-2999(92)90435-7,
Discriminative stimulus properties of the atypical antipsychotic drug clozapine in rats trained to discriminate 1.25 mg/kg clozapine vs. 5.0 mg/kg clozapine vs. vehicle,"AJ, Prus",,,2006,10.1097/01.fbp.0000197457.70774.91,
NT79: A novel neurotensin analog with selective behavioral effects,"M, Boules",,,2010,10.1016/j.brainres.2009.10.050,
A persistent deficit of serotonin neurons in the offspring of ethanol-fed dams: protective effects of maternal ipsapirone treatment,"NF, Tajuddin",,,2001,10.1016/s0165-3806(01)00199-7,
L-tyrosine hydroxylase activity in the rat brain after chronic oral administration of manganese chloride,"E, Bonilla",,,1980,,
Researching the antidepressant actions of Hypericum perforatum (St. John's wort) in animals and man,"M, Franklin",,,2001,10.1055/s-2001-15443,
"Serotonin synthesis, release and reuptake in terminals: a mathematical model","J, Best",,,2010,10.1186/1742-4682-7-34,
Acetylcholine-dopamine interactions in the pathophysiology and treatment of CNS disorders,"DB, Lester",,,2010,10.1111/j.1755-5949.2010.00142.x,
Behavioral and neurochemical interactions between Group 1 mGluR antagonists and ethanol: potential insight into their anti-addictive properties,"KD, Lominac",,,2006,10.1016/j.drugalcdep.2006.04.003,
Effects of medullary Raphé stimulation on fictive lung ventilation during development in Rana catesbeiana,"O, Belzile",,,2007,10.1242/jeb.003202,
Alterations of GABAergic and dopaminergic systems in mutant mice with disruption of exons 2 and 3 of the Disc1 gene,"T, Nakai",,,2014,10.1016/j.neuint.2014.06.009,
"Reduction of somatostatin receptors in rat hippocampus by treatment with 5,7-dihydroxytryptamine","G, Muñoz-Acedo",,,1992,10.1016/0304-3940(92)90172-4,
Antiplatelet Effect of Mirtazapine via Co-blocking of the 5-HT(2A) and α(2)-Adrenergic Receptors on Platelets,"Y, Kawano",,,2021,10.1248/bpb.b20-00698,
Short-term and long-term effects of p-chloroamphetamine on hippocampal serotonin and corticosteroid receptor levels,"S, Novotney",,,1995,10.1016/0006-8993(95)00371-v,
Dissociation of the striatal D-2 dopamine receptor from adenylyl cyclase following 6-hydroxydopamine-induced denervation,"KL, Thomas",,,1992,10.1016/0006-2952(92)90040-p,
"Modulation of dialysate levels of dopamine, noradrenaline, and serotonin (5-HT) in the frontal cortex of freely-moving rats by (-)-pindolol alone and in association with 5-HT reuptake inhibitors: comparative roles of beta-adrenergic, 5-HT1A, and 5-HT1B receptors","A, Gobert",,,1999,10.1016/s0893-133x(99)00035-4,
Endotoxaemia resulting from decreased serotonin tranporter (5-HTT) function: a reciprocal risk factor for depression and insulin resistance?,"IA, Pomytkin",,,2015,10.1016/j.bbr.2014.04.049,
Comparing sertindole to other new generation antipsychotics on preferential dopamine output in limbic versus striatal projection regions: mechanism of action,"P, Hertel",,,2006,10.1002/syn.20322,
Disruption of neuroendocrine control of luteinizing hormone secretion by aroclor 1254 involves inhibition of hypothalamic tryptophan hydroxylase activity,"IA, Khan",,,2001,10.1095/biolreprod64.3.955,
Blockade of Serotonin 5-HT(6) Receptor Constitutive Activity Alleviates Cognitive Deficits in a Preclinical Model of Neurofibromatosis Type 1,"E, Doucet",,,2021,10.3390/ijms221810178,
Total barley maiya alkaloids inhibit prolactin secretion by acting on dopamine D2 receptor and protein kinase A targets,"X, Gong",,,2021,10.1016/j.jep.2021.113994,
Effects of L-dopa on cholecystokinin octapeptide tissue levels in normal and 6-hydroxydopamine-treated rat brain,"Y, Kimura",,,1995,10.1248/bpb.18.13,
Long-term suppression of the development of complementary memory storage sites in mice: functional interdependence of acetylcholine and dopamine,"JB, Flexner",,,1992,10.1016/0091-3057(92)90200-y,
Inhibitory action of clozapine on rat ventral tegmental area dopamine neurons following increased levels of endogenous kynurenic acid,"L, Schwieler",,,2003,10.1038/sj.npp.1300255,
"Oral administration of a corticotropin-releasing hormone receptor antagonist significantly attenuates behavioral, neuroendocrine, and autonomic responses to stress in primates","KE, Habib",,,2000,10.1073/pnas.97.11.6079,
Autoanalgesia: opiate and non-opiate mechanisms,"WT, Chance",,,1980,10.1016/0149-7634(80)90025-1,
Metabotropic Glutamate Receptor 2 and Dopamine Receptor 2 Gene Expression Predict Sensorimotor Gating Response in the Genetically Heterogeneous NIH-HS Rat Strain,"TB, Østerbøg",,,2020,10.1007/s12035-019-01829-w,
Serotonergic reduction of dorsal central gray area stimulation-produced aversion,"RS, Kiser",,,1978,10.1016/0091-3057(78)90008-4,
The role of serotonin in the pathophysiology of myoclonic seizures associated with acute imipramine toxicity,"R, Westheimer",,,1974,10.1212/wnl.24.12.1175,
Altered Visual Function in a Larval Zebrafish Knockout of Neurodevelopmental Risk Gene pdzk1,"J, Xie",,,2021,10.1167/iovs.62.3.29,
"Inhibition of MAO activity, 3H-imipramine binding, 3H-paroxetine binding and 3H-5-HT uptake by human cerebrospinal fluid","T, Egashira",,,1990,10.1007/978-3-7091-9113-2_61,
"The NMDA glycine site antagonist (+)-HA-966 selectively regulates conditioned stress-induced metabolic activation of the mesoprefrontal cortical dopamine but not serotonin systems: a behavioral, neuroendocrine, and neurochemical study in the rat","LE, Goldstein",,,1994,10.1523/jneurosci.14-08-04937.1994,
Similarities in the pharmacology of spontaneous and DOI-induced head-shakes suggest 5HT2A receptors are active under physiological conditions,"SM, Dursun",,,1996,10.1007/s002130050125,
Memory retrieval of inhibitory avoidance requires histamine H1 receptor activation in the hippocampus,"R, Fabbri",,,2016,10.1073/pnas.1604841113,
Mechanism of dopamine D2 receptor-induced Ca(2+) release in PC-12 cells,"MO, Frégeau",,,2013,10.1016/j.cellsig.2013.08.021,
Oscillations of cardiac rate induced by acetylcholine in the isolated guinea pig heart,"NC, Alpoim",,,1989,,
Anticonvulsant action of GBR-12909 and citalopram against acute experimentally induced limbic seizures,"R, Clinckers",,,2004,10.1016/j.neuropharm.2004.07.032,
"Neurochemical, behavioral, and physiological effects of pharmacologically enhanced serotonin levels in serotonin transporter (SERT)-deficient mice","MA, Fox",,,2008,10.1007/s00213-008-1268-7,
Elevated CYP2C19 expression is associated with depressive symptoms and hippocampal homeostasis impairment,"MM, Jukić",,,2017,10.1038/mp.2016.204,
"Short-term, D2 receptor blockade induces synaptic degeneration, reduces levels of tyrosine hydroxylase and brain-derived neurotrophic factor, and enhances D2-mediated firing in the ventral pallidum","GE, Meredith",,,2004,10.1016/j.brainres.2003.09.040,
Sleep disturbance associated with an enhanced orexinergic system induced by chronic treatment with paroxetine and milnacipran,"M, Rahmadi",,,2011,10.1002/syn.20893,
Striatal dopamine receptor plasticity in neurotensin deficient mice,"LG, Chastain",,,2015,10.1016/j.bbr.2014.11.014,
"Autoradiographic identification of D1 dopamine receptors labelled with [3H]dopamine: distribution, regulation and relationship to coupling","D, Hervé",,,1992,10.1016/0306-4522(92)90155-u,
Serotonin 5-HT1A and 5-HT3 receptors in an impulsive-aggressive phenotype,"MC, Cervantes",,,2009,10.1037/a0015333,
Inhibitory glutamatergic regulation of evoked dopamine release in striatum,"Y, Wu",,,2000,10.1016/s0306-4522(99)00539-4,
Role of opioid receptors in self-aggression in rats,"R, Sharma",,,1991,,
Dopamine controls whether new declarative information updates reactivated memories through reconsolidation,"MC, Gonzalez",,,2021,10.1073/pnas.2025275118,
The antiplatelet effect of mirtazapine is mediated by co-blocking 5-HT(2A) and α(2)-adrenergic receptors on platelets: An in vitro human plasma-based study,"Y, Kawano",,,2022,10.1016/j.ejphar.2021.174640,
Signal transduction and modulating pathways in tryptamine-evoked vasopressor responses of the rat isolated perfused mesenteric bed,"MA, Anwar",,,2013,10.1016/j.vph.2012.10.007,
"In vitro exposure to ambient fine and ultrafine particles alters dopamine uptake and release, and D(2) receptor affinity and signaling","MD, Andrade-Oliva",,,2020,10.1016/j.etap.2020.103484,
Are 5-hydroxytryptamine7 receptors involved in [3H]5-hydroxytryptamine binding to 5-hydroxytryptamine 1nonA-nonB receptors in rat hypothalamus?,"M, Gobbi",,,1996,,
Severely impaired hippocampal neurogenesis associates with an early serotonergic deficit in a BAC α-synuclein transgenic rat model of Parkinson's disease,"Z, Kohl",,,2016,10.1016/j.nbd.2015.10.021,
Analysis of two types of dopaminergic responses of neurons of the spinal ganglia of rats,"II, Abramets",,,1991,10.1007/bf01200278,
Hyperlocomotion during recovery from isoflurane anesthesia is associated with increased dopamine turnover in the nucleus accumbens and striatum in mice,"M, Irifune",,,1997,10.1097/00000542-199702000-00022,
Sexual-incentive motivation and paced sexual behavior in female rats after treatment with drugs modifying dopaminergic neurotransmission,"E, Ellingsen",,,2004,10.1016/j.pbb.2003.12.008,
Antidepressant binding: implications for the mode of action and the biology of depression,"PD, Hrdina",,,1983,10.1016/0278-5846(83)90011-8,
Hypothalamic dopamine is required for salsolinol-induced prolactin secretion in goats,"T, Hashizume",,,2017,10.1111/asj.12816,
Cocaine sensitization models an anhedonia-like condition in rats,"S, Scheggi",,,2011,10.1017/s1461145710000532,
Pharmacologically distinct actions of serotonin on single pyramidal neurones of the rat hippocampus recorded in vitro,"R, Andrade",,,1987,10.1113/jphysiol.1987.sp016862,
"Effects of maturation, artery size, and chronic hypoxia on 5-HT receptor type in ovine cranial arteries","GQ, Teng",,,1998,10.1152/ajpregu.1998.275.3.r742,
"Tranylcypromine: new perspectives on an ""old"" drug","H, Frieling",,,2006,10.1007/s00406-006-0660-8,
The neurobiology of neurotensin: focus on neurotensin-dopamine interactions,"J, Kasckow",,,1991,10.1016/0167-0115(91)90053-j,
Selective serotonin reuptake inhibitors potentiate the rapid antidepressant-like effects of serotonin4 receptor agonists in the rat,"G, Lucas",,,2010,10.1371/journal.pone.0009253,
ErbB4 signaling in dopaminergic axonal projections increases extracellular dopamine levels and regulates spatial/working memory behaviors,"M, Skirzewski",,,2018,10.1038/mp.2017.132,
Characterization of the effects of receptor-selective ligands in rats discriminating the novel antipsychotic quetiapine,"AJ, Goudie",,,2004,10.1007/s00213-003-1576-x,
Dopamine characteristics in different rat genotypes: the relation to absence epilepsy,"Bruin NM, de",,,2000,10.1016/s0168-0102(00)00154-1,
Modulation of activity of the striatal dopaminergic system during the hibernation cycle,"TS, Kilduff",,,1987,10.1523/jneurosci.07-09-02732.1987,
Humanized Foxp2 accelerates learning by enhancing transitions from declarative to procedural performance,"C, Schreiweis",,,2014,10.1073/pnas.1414542111,
Renal dopamine not renal nerve mediates diuretic and natriuretic effect of ANF in rats,"MM, Kau",,,1991,,
Dopamine-mediated changes in central nervous system neurotensin systems: a role for NMDA receptors,"NA, Singh",,,1990,10.1016/0014-2999(90)90361-9,
Serotonergic gene inactivation in mice: models for anxiety and aggression?,"KP, Lesch",,,2005,,
Reserpine-induced supersensitivity occurs for beta-adrenoceptor-mediated responses of heart and trachea but not of the uterus and lung,"MH, Hawthorn",,,1984,10.1016/0014-2999(84)90616-2,
Co-treatment with imipramine averted haloperidol-instigated tardive dyskinesia: Association with serotonin in brain regions,"N, Samad",,,2016,,
Quinolinate-induced cortical cholinergic damage: modulation by tryptophan metabolites,"K, Jhamandas",,,1990,10.1016/0006-8993(90)90826-w,
Effects of chronic ethanol consumption and aging on 5-HT2A receptors and 5-HT reuptake sites,"MJ, Druse",,,1997,,
Procholinergic and memory enhancing properties of the selective norepinephrine uptake inhibitor atomoxetine,"ET, Tzavara",,,2006,10.1038/sj.mp.4001763,
Decreased serotonin transporter activity in the mitral valve contributes to progression of degenerative mitral regurgitation,"E, Castillero",,,2023,10.1126/scitranslmed.adc9606,
"Withdrawal, tolerance, and sensitization to dopamine mediated interoceptive cues in rats trained on a three-lever drug-discrimination task","RJ, Barrett",,,2005,10.1016/j.pbb.2004.12.012,
Metabotropic glutamate receptor 5 antagonist-induced stimulation of hypothalamic-pituitary-adrenal axis activity: interaction with serotonergic systems,"MJ, Bradbury",,,2003,10.1016/s0028-3908(03)00048-0,
Induction of neuronal vascular endothelial growth factor expression by cAMP in the dentate gyrus of the hippocampus is required for antidepressant-like behaviors,"JS, Lee",,,2009,10.1523/jneurosci.1321-09.2009,
Low doses of l-sulpiride down-regulate striatal and cortical dopamine receptors and beta-adrenoceptors,"S, Sigala",,,1991,10.1016/0014-2999(91)90465-3,
Roles of octopaminergic and dopaminergic neurons in mediating reward and punishment signals in insect visual learning,"S, Unoki",,,2006,10.1111/j.1460-9568.2006.05099.x,
"Ginsenoside Rg1 mitigates morphine dependence via regulation of gut microbiota, tryptophan metabolism, and serotonergic system function","Z, Chen",,,2022,10.1016/j.biopha.2022.112935,
Characterization of endogenous serotonin-mediated regulation of dopamine release in the rat prefrontal cortex,"M, Matsumoto",,,1999,10.1016/s0014-2999(99)00636-6,
Selective blockade of mGlu5 metabotropic glutamate receptors is protective against methamphetamine neurotoxicity,"G, Battaglia",,,2002,10.1523/jneurosci.22-06-02135.2002,
Role for monoaminergic systems in the antidepressant-like effect of ethanol extracts from Hemerocallis citrina,"L, Gu",,,2012,10.1016/j.jep.2011.11.059,
"Location, Location, Location: The Expression of D3 Dopamine Receptors in the Nervous System","EV, Gurevich",,,2023,10.1007/7854_2022_314,
Preventative treatment in an animal model of ADHD: Behavioral and biochemical effects of methylphenidate and its interactions with ovarian hormones in female rats,"JL, Lukkes",,,2016,10.1016/j.euroneuro.2016.06.003,
The pathophysiologic basis of tardive dyskinesia,"D, Tarsy",,,1977,,
Observations on dopamine receptor antagonists and gastric ulceration associated with experimental anorexia cachexia,"GL, Willis",,,1988,10.1016/0091-3057(88)90313-9,
Distinct narcolepsy syndromes in Orexin receptor-2 and Orexin null mice: molecular genetic dissection of Non-REM and REM sleep regulatory processes,"JT, Willie",,,2003,10.1016/s0896-6273(03)00330-1,
"Anxiolytic-like effect of a serotonergic ligand with high affinity for 5-HT1A, 5-HT2A and 5-HT3 receptors","M, Delgado",,,2005,10.1016/j.ejphar.2005.01.032,
Serotonin and psychiatric disorders. A key to new therapeutic approaches,"B, Costall",,,1992,,
Histamine and histamine receptors in Tourette syndrome and other neuropsychiatric conditions,"M, Rapanelli",,,2016,10.1016/j.neuropharm.2015.08.019,
RGS3 and RGS4 differentially associate with G protein-coupled receptor-Kir3 channel signaling complexes revealing two modes of RGS modulation. Precoupling and collision coupling,"C, Jaén",,,2006,10.1074/jbc.m603177200,
Exofocal dopaminergic degeneration as antidepressant target in mouse model of poststroke depression,"G, Kronenberg",,,2012,10.1016/j.biopsych.2012.02.026,
l-Stepholidine-induced excitation of dopamine neurons in rat ventral tegmental area is associated with its 5-HT(1A) receptor partial agonistic activity,"M, Gao",,,2011,10.1002/syn.20855,
Dopamine-mediated autocrine inhibitory circuit regulating human insulin secretion in vitro,"N, Simpson",,,2012,10.1210/me.2012-1101,
"The DaNeX study of embryonic mesencephalic, dopaminergic tissue grafted to a minipig model of Parkinson's disease: preliminary findings of effect of MPTP poisoning on striatal dopaminergic markers","EH, Danielsen",,,2000,10.1177/096368970000900210,
Nicotinic receptor-mediated regulation of the dopamine transporter in rat prefrontocortical slices following chronic in vivo administration of nicotine,"AE, Drew",,,2003,10.1016/s0920-9964(02)00500-5,
Cholinergic drugs for Alzheimer's disease enhance in vitro dopamine release,"L, Zhang",,,2004,10.1124/mol.104.000299,
Decline of striatal dopamine release in parkin-deficient mice shown by ex vivo autoradiography,"S, Sato",,,2006,10.1002/jnr.21032,
"Peripheral and central short-term effects of fusaric acid, a DBH inhibitor, on tryptophan and serotonin metabolism in the rat","F, Chaouloff",,,1986,10.1007/bf01249084,
Therapeutic potential of histamine H₄ receptor agonists in triple-negative human breast cancer experimental model,"Lamas DJ, Martinel",,,2013,10.1111/bph.12137,
"Neuroprotective action of MPEP, a selective mGluR5 antagonist, in methamphetamine-induced dopaminergic neurotoxicity is associated with a decrease in dopamine outflow and inhibition of hyperthermia in rats","K, Gołembiowska",,,2003,10.1016/s0028-3908(03)00209-0,
An altered spinal serotonergic system contributes to increased thermal nociception in an animal model of depression,"A, Rodríguez-Gaztelumendi",,,2014,10.1007/s00221-014-3871-7,
Sensorimotor gating deficits are inheritable in an isolation-rearing paradigm in rats,"CY, Ko",,,2016,10.1016/j.bbr.2016.01.008,
"Effect of dopamine on adenylate cyclase activity, polyphosphoinositide metabolism and cytosolic calcium concentrations in frog pituitary melanotrophs","L, Desrues",,,1993,10.1677/joe.0.1360421,
Agonist binding promotes a guanine nucleotide reversible increase in the apparent size of the bovine anterior pituitary dopamine receptors,"BF, Kilpatrick",,,1983,,
5-hydroxytryptamine and the gastrointestinal tract: where next?,"GJ, Sanger",,,2008,10.1016/j.tips.2008.06.008,
Antidepressant properties of substance P antagonists: relationship to monoaminergic mechanisms?,"A, Adell",,,2004,10.2174/1568007043482516,
Serotonin and its receptors in the human CNS with new findings - a mini review,"AS, Hung",,,2011,10.2174/092986711798184253,
Molecular manipulations as tools for enhancing our understanding of 5-HT neurotransmission,"DL, Murphy",,,1999,10.1016/s0165-6147(99)01325-5,
Inhibition of human neuroblastoma by dopamine antagonists,"PC, McGrath",,,1985,,
Functional characterization of rare variants in human dopamine receptor D4 gene by genotype-phenotype correlations,"KA, Michealraj",,,2014,10.1016/j.neuroscience.2013.12.059,
Antidepressant response to aripiprazole augmentation associated with enhanced FDOPA utilization in striatum: a preliminary PET study,"CR, Conway",,,2014,10.1016/j.pscychresns.2014.01.003,
Mechanisms of histamine-induced relaxation in external and internal ophthalmic arteries,"Y, Wang",,,1993,,
Modification of cocaine self-administration by buspirone (buspar®): potential involvement of D3 and D4 dopamine receptors,"J, Bergman",,,2013,10.1017/s1461145712000661,
"Interactions of isamoltane (CGP 361A), an anxiolytic phenoxypropanolamine derivative, with 5-HT1 receptor subtypes in the rat brain","PC, Waldmeier",,,1988,10.1007/bf00175785,
The anxiolytic effect of a promising quinoline containing selenium with the contribution of the serotonergic and GABAergic pathways: Modulation of parameters associated with anxiety in mice,"JJ, Paltian",,,2020,10.1016/j.bbr.2020.112797,
The effects of ketamine on dopaminergic function: meta-analysis and review of the implications for neuropsychiatric disorders,"M, Kokkinou",,,2018,10.1038/mp.2017.190,
"Quinonoid dihydropteridine reductase, a tetrahydrobiopterin-recycling enzyme, contributes to 5-hydroxytryptamine-associated platelet aggregation in mice","Y, Suganuma",,,2022,10.1016/j.jphs.2022.08.006,
Serotonin₆ receptors in the dorsal hippocampus regulate depressive-like behaviors in unilateral 6-hydroxydopamine-lesioned Parkinson's rats,"KC, Liu",,,2015,10.1016/j.neuropharm.2015.03.031,
The role of serotonin and neurotransmitters during craniofacial development,"JR, Moiseiwitsch",,,2000,10.1177/10454411000110020601,
Nicotinic acetylcholine involvement in cognitive function in animals,"ED, Levin",,,1998,10.1007/s002130050667,
Synergistic effect of serotonin 1A and serotonin 1B/D receptor agonists in the treatment of L-DOPA-induced dyskinesia in 6-hydroxydopamine-lesioned rats,"M, Thomsen",,,2022,10.1016/j.expneurol.2022.114209,
Implications of dopamine agonist-induced hypothermia following increased density of dopamine receptors in the mouse,"JJ, Feigenbaum",,,1985,10.1016/0028-3908(85)90007-3,
Selective production of endothelium-derived nitric oxide in canine femoral veins,"VM, Miller",,,1991,10.1152/ajpheart.1991.261.3.h677,
Behavioral disinhibition and reduced anxiety-like behaviors in monoamine oxidase B-deficient mice,"M, Bortolato",,,2009,10.1038/npp.2009.118,
A role for 2-arachidonoylglycerol and endocannabinoid signaling in the locomotor response to novelty induced by olfactory bulbectomy,"SA, Eisenstein",,,2010,10.1016/j.phrs.2009.12.013,
"Schistosoma mansoni: differences in acetylcholine, dopamine, and serotonin control of circular and longitudinal parasite muscles","RA, Pax",,,1984,10.1016/0014-4894(84)90048-1,
Supersensitivity of 5-HT1A autoreceptors and alpha2-adrenoceptors regulating monoamine synthesis in the brain of morphine-dependent rats,"A, Sastre-Coll",,,2002,10.1007/s00210-001-0508-8,
Evidence of the involvement of the monoaminergic systems in the antidepressant-like effect of Aloysia gratissima,"AL, Zeni",,,2013,10.1016/j.jep.2013.05.042,
"Dopaminergic system activity under stress condition - seeking individual differences, preclinical studies","M, Gryz",,,2018,10.12740/pp/80500,
A pharmacological study of the adrenergic mechanisms involved in the stretch reflex of the decerebrate rat,"JW, Commissiong",,,1974,10.1111/j.1476-5381.1974.tb09611.x,
Pulmonary vascular effects of serotonin and selective serotonin reuptake inhibitors in the late-gestation ovine fetus,"C, Delaney",,,2011,10.1152/ajplung.00198.2011,
Chronic treatment with reboxetine by osmotic pumps facilitates its effect on extracellular noradrenaline and may desensitize alpha(2)-adrenoceptors in the prefrontal cortex,"RW, Invernizzi",,,2001,10.1038/sj.bjp.0703821,
Preclinical evidence that activation of mesolimbic alpha 6 subunit containing nicotinic acetylcholine receptors supports nicotine addiction phenotype,"DH, Brunzell",,,2012,10.1093/ntr/nts089,
"Modulating Dopamine Signaling and Behavior with Chemogenetics: Concepts, Progress, and Challenges","AH, Runegaard",,,2019,10.1124/pr.117.013995,
Kappa opioids selectively control dopaminergic neurons projecting to the prefrontal cortex,"EB, Margolis",,,2006,10.1073/pnas.0511159103,
Effects of dopamine on the in vivo binding of dopamine D2 receptor radioligands in rat striatum,"RM, Moresco",,,1999,10.1016/s0969-8051(98)00048-1,
Immunohistochemical mapping of brain triiodothyronine reveals prominent localization in central noradrenergic systems,"CB, Rozanov",,,1996,10.1016/0306-4522(96)00186-8,
Effects of dopaminergic and glutamatergic receptor antagonists on the acquisition and expression of cocaine conditioning place preference,"L, Cervo",,,1995,10.1016/0006-8993(94)01420-m,
Stress-induced activation of the brainstem Bcl-xL gene expression in rats treated with fluoxetine: correlations with serotonin metabolism and depressive-like behavior,"GT, Shishkina",,,2012,10.1016/j.neuropharm.2011.06.016,
The role of the serotonergic system at the interface of aggression and suicide,"M, Bortolato",,,2013,10.1016/j.neuroscience.2013.01.015,
Acute stress induces selective alterations in cost/benefit decision-making,"N, Shafiei",,,2012,10.1038/npp.2012.69,
Interaction between Mesocortical and Mesothalamic Catecholaminergic Transmissions Associated with NMDA Receptor in the Locus Coeruleus,"M, Okada",,,2020,10.3390/biom10070990,
"Buspirone modulates basal and fluoxetine-stimulated dialysate levels of dopamine, noradrenaline and serotonin in the frontal cortex of freely moving rats: activation of serotonin1A receptors and blockade of alpha2-adrenergic receptors underlie its actions","A, Gobert",,,1999,10.1016/s0306-4522(99)00211-0,
Diabetes-associated depression: the serotonergic system as a novel multifunctional target,"V, Prabhakar",,,2015,10.4103/0253-7613.150305,
"G649, an allelic variant of the human H2 receptor with low basal activity, is resistant to upregulation upon antagonist exposure","Y, Fukushima",,,2001,10.1038/sj.tpj.6500011,
The influence of Serotonin Transporter Promoter Polymorphism (SERTPR) and other polymorphisms of the serotonin pathway on the efficacy of antidepressant treatments,"A, Serretti",,,2005,10.1016/j.pnpbp.2005.03.013,
A novel mechanism for regulating hepatic glycogen synthesis involving serotonin and cyclin-dependent kinase-5,"SJ, Tudhope",,,2012,10.2337/db11-0870,
Mechanisms mediating the ability of caffeine to influence MDMA ('Ecstasy')-induced hyperthermia in rats,"N, Vanattou-Saïfoudine",,,2010,10.1111/j.1476-5381.2010.00660.x,
LLC-PK(1) cells stably expressing the human norepinephrine transporter: A functional model of carrier-mediated norepinephrine release in protracted myocardial ischemia,"NC, Smith",,,1999,,
Regulation of heme oxygenase-1 expression by dopamine in cultured C6 glioma and primary astrocytes,"J, Schmidt",,,1999,10.1016/s0169-328x(99)00231-4,
The serotonin-1A agonist ipsapirone prevents ethanol-associated death of total rhombencephalic neurons and prevents the reduction of fetal serotonin neurons,"MJ, Druse",,,2004,10.1016/j.devbrainres.2004.02.009,
"Not only dopamine D2 receptors involved in Peony-Glycyrrhiza Decoction, an herbal preparation against antipsychotic-associated hyperprolactinemia","D, Wang",,,2012,10.1016/j.pnpbp.2012.07.005,
Nonspecific supersensitivity induced by reserpine in guinea pig cardiac ventricle tissue,"TE Jr, Tenner",,,1988,,
Adrenergic receptor-mediated disinhibition of mitral cells triggers long-term enhancement of synchronized oscillations in the olfactory bulb,"S, Pandipati",,,2010,10.1152/jn.00328.2010,
Transient loss of dopamine autoreceptor control in the presence of highly potent dopamine agonists,"A, Mao",,,1996,10.1016/0024-3205(96)00525-5,
"Thyroid hormone and norepinephrine: effects on alpha-2, beta, and reuptake sites in cerebral cortex and heart","AC, Swann",,,1988,10.1007/bf01245713,
Altered Cav1.2 function in the Timothy syndrome mouse model produces ascending serotonergic abnormalities,"DG, Ehlinger",,,2017,10.1111/ejn.13707,
A pharmacological analysis of the rat spinal cord serotonin (5-HT) autoreceptor,"L, Brown",,,1988,10.1016/0014-2999(88)90227-0,
Is the release of noradrenaline necessary for self-stimulation of the brain?,"SG, Shaw",,,1976,10.1016/0091-3057(76)90050-2,
Ethanol and negative feedback regulation of mesolimbic dopamine release in rats,"RR, Kohl",,,1998,10.1007/s002130050692,
Regulation of norepinephrine release from cardiac sympathetic fibers in the dog by presynaptic alpha- and beta-receptors,"N, Yamaguchi",,,1977,10.1161/01.res.41.1.108,
Inflammation and increased IDO in hippocampus contribute to depression-like behavior induced by estrogen deficiency,"Y, Xu",,,2015,10.1016/j.bbr.2015.04.017,
β3-adrenoceptor activation exhibits a dual effect on behaviors and glutamate receptor function in the prefrontal cortex,"X, Sun",,,2021,10.1016/j.bbr.2021.113417,
Increased excitability of spinal pain reflexes and altered frequency-dependent modulation in the dopamine D3-receptor knockout mouse,"BE, Keeler",,,2012,10.1016/j.expneurol.2012.09.002,
5-Hydroxytryptamine1A receptor-activation hyperpolarizes pyramidal cells and suppresses hippocampal gamma oscillations via Kir3 channel activation,"A, Johnston",,,2014,10.1113/jphysiol.2014.279083,
"Effect of a long-term low tryptophan diet on the prolactin responses to the 5-HT1A and 5-HT2C agonists, 8-OH-DPAT and mCPP in the male rat","M, Franklin",,,1999,10.1177/026988119901300107,
Noradrenergic antidepressants increase cortical dopamine: potential use in augmentation strategies,"M, Masana",,,2012,10.1016/j.neuropharm.2012.05.020,
Positive allosteric modulation of metabotropic glutamate 5 (mGlu5) receptors reverses N-Methyl-D-aspartate antagonist-induced alteration of neuronal firing in prefrontal cortex,"L, Lecourtier",,,2007,10.1016/j.biopsych.2006.12.003,
Autoradiographic characterization of [3H]imipramine and [3H]citalopram binding in rat and human brain: species differences and relationships to serotonin innervation patterns,"GE, Duncan",,,1992,10.1016/0006-8993(92)91699-f,
The effects of serotonergic stimulation on hippocampal and neocortical slow waves and behavior,"B, Robertson",,,1991,10.1016/0006-8993(91)90351-u,
Effects of repeated nicotine pre-treatment on mesoprefrontal dopaminergic and behavioral responses to acute footshock stress,"TP, George",,,1998,10.1016/s0006-8993(98)00537-x,
Prolactin and dopamine: what is the connection? A review article,"P, Fitzgerald",,,2008,10.1177/0269216307087148,
"Brain levels of 5-hydroxytryptamine, tryptamine and 2-phenylethylamine in the rat after administration of N-cyanoethyltranylcypromine","GB, Baker",,,1984,10.1016/0278-5846(84)90031-9,
mGluR5 antagonism inhibits cocaine reinforcement and relapse by elevation of extracellular glutamate in the nucleus accumbens via a CB1 receptor mechanism,"X, Li",,,2018,10.1038/s41598-018-22087-1,
Involvement of monoaminergic systems in the antidepressant-like effect of Eugenia brasiliensis Lam. (Myrtaceae) in the tail suspension test in mice,"AR, Colla",,,2012,10.1016/j.jep.2012.07.038,
Modulation of the SNARE core complex by dopamine,"H, Fisher",,,2000,,
Neuronal activity in female rat preoptic area associated with sexually motivated behavior,"A, Kato",,,2000,10.1016/s0006-8993(00)02076-x,
Interleukin-2-induced increases in climbing behavior: inhibition by dopamine D-1 and D-2 receptor antagonists,"SS, Zalcman",,,2002,10.1016/s0006-8993(02)02740-3,
Adaptive changes in serotonin neurons of the raphe nuclei in 5-HT(4) receptor knock-out mouse,"G, Conductier",,,2006,10.1111/j.1460-9568.2006.04943.x,
Effects of buspirone on the immediate positive and delayed negative properties of intravenous cocaine as measured in the conditioned place preference test,"A, Ettenberg",,,2007,10.1016/j.pbb.2007.04.014,
Modulation of brain dopamine transmission by sex steroids,"Paolo T, Di",,,1994,10.1515/revneuro.1994.5.1.27,
Functional significance of glycogen synthase kinase-3 regulation by serotonin,"AM, Polter",,,2012,10.1016/j.cellsig.2011.09.009,
Disulfiram and diethyldithiocarbamate intoxication affects the storage and release of striatal dopamine,"A, Vaccari",,,1996,10.1006/taap.1996.0147,
"Serotonin Dysfunction, Aggressive Behavior, and Mental Illness: Exploring the Link Using a Dimensional Approach","M, Manchia",,,2017,10.1021/acschemneuro.6b00427,
The neurobiology of bremelanotide for the treatment of hypoactive sexual desire disorder in premenopausal women,"JG, Pfaus",,,2022,10.1017/s109285292100002x,
Ventricular hypertrophy plus neurohumoral activation is necessary to alter the cardiac beta-adrenoceptor system in experimental heart failure,"K, Leineweber",,,2002,10.1161/01.res.0000045088.59360.b7,
Alterations in behavioral responses to dopamine agonists in olfactory bulbectomized mice: relationship to changes in the striatal dopaminergic system,"K, Takahashi",,,2016,10.1007/s00213-016-4224-y,
"Constitutive activity of the dopamine (D(5) ) receptor, highly expressed in CA1 hippocampal neurons, selectively reduces Ca(V) 3.2 and Ca(V) 3.3 currents","ER, Mustafá",,,2023,10.1111/bph.16006,
Nogo-66 receptor prevents raphespinal and rubrospinal axon regeneration and limits functional recovery from spinal cord injury,"JE, Kim",,,2004,10.1016/j.neuron.2004.10.015,
Modulation of central serotonergic neurotransmission by risperidone: underlying mechanism(s) and significance of action,"P, Hertel",,,1998,10.1016/s0278-5846(98)00042-6,
Brain 5-HT synthesis in the Flinders Sensitive Line rat model of depression: an autoradiographic study,"S, Hasegawa",,,2006,10.1016/j.neuint.2005.11.012,
Chronic inhibition of monoamine oxidase type A increases noradrenaline release in rat frontal cortex,"JP, Finberg",,,1993,10.1007/bf00166742,
"Involvement of nigral oxytocin in locomotor activity: A behavioral, immunohistochemical and lesion study in male rats","L, Angioni",,,2016,10.1016/j.yhbeh.2016.05.012,
"Molecular, biochemical and behavioural evidence for a novel oxytocin receptor and serotonin 2C receptor heterocomplex","B, Chruścicka",,,2021,10.1016/j.neuropharm.2020.108394,
Cortical 5-hydroxytryptamine2A-receptor mediated excitatory synaptic currents in the rat following repeated daily fluoxetine administration,"GJ, Marek",,,2008,10.1016/j.neulet.2008.04.068,
The Akt-GSK-3 signaling cascade in the actions of dopamine,"JM, Beaulieu",,,2007,10.1016/j.tips.2007.02.006,
Altered N-methyl-D-aspartate receptor function in reelin heterozygous mice: male-female differences and comparison with dopaminergic activity,"den Buuse M, van",,,2012,10.1016/j.pnpbp.2012.02.005,
Coordination of Brain-Wide Activity Dynamics by Dopaminergic Neurons,"HK, Decot",,,2017,10.1038/npp.2016.151,
D(3) receptor ligands modulate extracellular dopamine clearance in the nucleus accumbens,"A, Zapata",,,2002,10.1046/j.1471-4159.2002.00893.x,
The endogenous opioid system in neurological disorders of the basal ganglia,"R, Sandyk",,,1985,10.1016/0024-3205(85)90292-9,
"MPEP, an mGlu5 receptor antagonist, reduces the development of L-DOPA-induced motor complications in de novo parkinsonian monkeys: biochemical correlates","N, Morin",,,2013,10.1016/j.neuropharm.2012.07.036,
Identification of presynaptic serotonin autoreceptors using a new ligand: 3H-PAT,"H, Gozlan",,,1983,10.1038/305140a0,
Impaired maturation of serotonergic function in the dentate gyrus associated with epilepsy,"KE, Gilling",,,2013,10.1016/j.nbd.2012.10.012,
Inhibition by carbamazepine of various ion channels-mediated catecholamine secretion in cultured bovine adrenal medullary cells,"R, Yoshimura",,,1995,10.1007/bf00168560,
Involvement of beta 2-adrenoceptor blockade and 5-hydroxytryptamine mechanism in inhibition of harmaline-induced tremors in rats,"V, Paul",,,1986,10.1016/0014-2999(86)90165-2,
Single apomorphine pretreatment results in a rapid decline in high-affinity dopamine binding to the striatal dopamine D-2 receptor,"JA, Severson",,,1990,10.1016/0922-4106(90)90013-n,
The effect of curcumin on the brain-gut axis in rat model of irritable bowel syndrome: involvement of 5-HT-dependent signaling,"Y, Yu",,,2015,10.1007/s11011-014-9554-z,
Physical exercise as a novel antidepressant agent: possible role of serotonin receptor subtypes,"S, Dey",,,1994,10.1016/0031-9384(94)90141-4,
Nicotinic receptor blockade decreases fos immunoreactivity within orexin/hypocretin-expressing neurons of nicotine-exposed rats,"SJ, Simmons",,,2016,10.1016/j.bbr.2016.07.053,
Changes on D2-like receptor induced Gi protein activation and hippocampal dopamine release in kindled rats,"D, Alcantara-Gonzalez",,,2013,10.1016/j.pnpbp.2012.10.007,
"[5-HT1A/1B receptors, alpha2-adrenoceptors and the post-receptor adenylate cyclase activation in the mice brain are involved in the antidepressant-like action of agmatine]","XZ, Jiang",,,2008,,
Neurochemical and metabolic aspects of antidepressants: an overview,"GB, Baker",,,2000,,
The effects of the mGluR5 receptor antagonist 6-methyl-2-(phenylethynyl)-pyridine (MPEP) on the stimulation of dopamine release evoked by nicotine in the rat brain,"V, Tronci",,,2011,10.1016/j.bbr.2010.12.024,
D1 but not D2 dopamine receptors or adrenoceptors mediate dopamine-induced potentiation of N-methyl-d-aspartate currents in the rat prefrontal cortex,"K, Wirkner",,,2004,10.1016/j.neulet.2004.09.015,
Haloperidol-induced reduction of nigral substance P-like immunoreactivity: a probe for the interactions between dopamine and substance P neuronal systems,"GR, Hanson",,,1981,,
[3H]ketanserin binds to non-5-HT2 sites in rabbit cerebral cortex and neostriatum,"KM, Dewar",,,1990,10.1007/bf00966208,
Thigmotaxis as an index of anxiety in mice. Influence of dopaminergic transmissions,"P, Simon",,,1994,10.1016/0166-4328(94)90008-6,
Extracellular GABA in globus pallidus increases during the induction of oral tremor by haloperidol but not by muscarinic receptor stimulation,"LE, Collins-Praino",,,2012,10.1016/j.bbr.2012.06.011,
Serotonergic modulation of suicidal behaviour: integrating preclinical data with clinical practice and psychotherapy,"V, Boulougouris",,,2013,10.1007/s00221-013-3669-z,
Tiapride impairs the aversive effect of electrical stimulation of the parabrachial complex in a conditioned place task,"MM, Hurtado",,,2014,10.55782/ane-2014-1996,
Participation of hippocampal ionotropic glutamate receptors in histamine H(1) antagonist-induced memory deficit in rats,"T, Masuoka",,,2008,10.1007/s00213-007-1013-7,
D2-like receptor-mediated inhibition of Na+-K+-ATPase activity is dependent on the opening of K+ channels,"P, Gomes",,,2002,10.1152/ajprenal.00244.2001,
Actions of buspirone in a putative model of anxiety in the mouse,"B, Costall",,,1988,10.1111/j.2042-7158.1988.tb05284.x,
Regulation of endogenous noradrenaline release from the bed nucleus of stria terminalis,"MI, Forray",,,1995,10.1016/0006-2952(94)00498-b,
Chronic cocaine administration reduces striatal dopamine terminal density and striatal dopamine release which leads to drug-seeking behaviour,"J, Lee",,,2011,10.1016/j.neuroscience.2010.11.055,
"Blockade of MK-801-induced heat shock protein 72/73 in rat brain by antipsychotic and monoaminergic agents targeting D2, 5-HT1A, 5-HT2A and α1-adrenergic receptors","T, Romón",,,2014,10.2174/18715273113129990110,
Dopamine D2/D3 receptors play a specific role in the reversal of a learned visual discrimination in monkeys,"B, Lee",,,2007,10.1038/sj.npp.1301337,
Neonatal serotonin reuptake inhibition reduces hypercaloric diet effects on fat mass and hypothalamic gene expression in adult rats,"LC, Galindo",,,2015,10.1016/j.ijdevneu.2015.07.004,
Effects of Sodium Thiosulfate During Resuscitation From Trauma-and-Hemorrhage in Cystathionine Gamma Lyase (CSE) Knockout Mice,"M, Gröger",,,2022,10.1097/shk.0000000000001828,
Long-term tryptophan administration enhances cognitive performance and increases 5HT metabolism in the hippocampus of female rats,"S, Haider",,,2006,10.1007/s00726-005-0310-x,
Oxytocin and same-sex social behavior in female meadow voles,"AK, Beery",,,2010,10.1016/j.neuroscience.2010.05.023,
Increased Neural Activity in Mesostriatal Regions after Prefrontal Transcranial Direct Current Stimulation and l-DOPA Administration,"B, Meyer",,,2019,10.1523/jneurosci.3128-18.2019,
Dopamine D2 receptor-dependent modulation of striatal NO synthase activity,"S, Sammut",,,2007,10.1007/s00213-006-0681-z,
Modulation of serotonin transporter function by kappa-opioid receptor ligands,"S, Sundaramurthy",,,2017,10.1016/j.neuropharm.2016.10.011,
[Antidepressant mechanism of Shenling Kaixin Granules based on BDNF/TrkB/CREB pathway],"Y, Xu",,,2023,10.19540/j.cnki.cjcmm.20221114.402,
Blockade of noradrenergic receptors in the basolateral amygdala impairs taste memory,"MI, Miranda",,,2003,10.1046/j.1460-9568.2003.03008.x,
Time-dependent effects of ischaemia on neuropeptide Y mechanisms in pig renal vascular control in vivo,"RE, Malmström",,,1997,10.1046/j.1365-201x.1997.00238.x,
Cellular mechanisms of estrogen- and dopamine-induced control of glandular kallikrein in the anterior pituitary of the rat,"JP, Roa",,,1993,10.1007/bf00314538,
Paroxetine combined with a 5-HT(1A) receptor antagonist reversed reward deficits observed during amphetamine withdrawal in rats,"A, Markou",,,2005,10.1007/s00213-004-2008-2,
Characterization of mianserin neuroprotection in experimental spinal trauma: dose/route response and late treatment,"SK, Salzman",,,1994,,
beta-Phenylethylamine enhances single cortical neurone responses to noradrenaline in the rat,"IA, Paterson",,,1988,10.1016/0361-9230(88)90175-x,
Interaction between dopamine and glutamate in the sensorimotor cortex during conditioned placing reaction,"VM, Storozhuk",,,1998,10.1016/s0306-4522(97)00643-x,
Establishing diversity in the dopaminergic system,"GO, Bodea",,,2015,10.1016/j.febslet.2015.09.016,
An investigation of monoamine receptors involved in antinociceptive effects of antidepressants,"F, Yokogawa",,,2002,10.1097/00000539-200207000-00029,
Behavioural consequences of nucleus accumbens dopaminergic stimulation and glutamatergic blocking in pigeons,"MJ, Acerbo",,,2002,10.1016/s0166-4328(02)00109-2,
5-HT systems: emergent targets for memory formation and memory alterations,"A, Meneses",,,2013,10.1515/revneuro-2013-0026,
"Pharmacology of the GABAergic system: effects of progabide, a GABA receptor agonist","G, Bartholini",,,1984,10.1016/0306-4530(84)90032-5,
Evidence for biogenic amine receptors in toad sciatic nerves,"HC, Sabelli",,,1969,10.1016/0028-3908(69)90069-0,
Effects of 6-methoxy-2-benzoxazolinone on the pineal melatonin generating system,"A, Yuwiler",,,1985,,
Behavioral and neurochemical effects of the preferential dopamine D3 receptor agonist cis-8-OH-PBZI,"A, Fink-Jensen",,,1998,10.1016/s0014-2999(97)01494-5,
Norepinephrine induces rapid and long-lasting phosphorylation and redistribution of connexin 43 in cortical astrocytes,"M, Nuriya",,,2018,10.1016/j.bbrc.2018.09.021,
Lithium Improves Dopamine Neurotransmission and Increases Dopaminergic Protein Abundance in the Striatum after Traumatic Brain Injury,"SW, Carlson",,,2018,10.1089/neu.2017.5509,
Role of dopamine storage function in the control of rat striatal tyrosine hydroxylase activity,"BA, McMillen",,,1980,10.1007/bf00505803,
Compulsive Alcohol Seeking Results from a Failure to Disengage Dorsolateral Striatal Control over Behavior,"C, Giuliano",,,2019,10.1523/jneurosci.2615-18.2018,
Fluoxetine induces direct inhibitory effects on mesenchymal stem cell‑derived osteoprogenitor cells independent of serotonin concentration,"SM, Koura",,,2019,10.3892/mmr.2019.9924,
Ventricular arrhythmias in cardiac anaphylaxis,"J, Senges",,,1977,10.1007/bf00505041,
The imidazoline receptor ligand 2-(2-benzofuranyl)-2-imidazoline is a dopamine-releasing agent in the rat striatum in vivo,"A, Sastre-Coll",,,2001,10.1016/s0304-3940(01)01599-3,
Stereoselective blockade at the 5-HT autoreceptor and inhibition of radioligand binding to central 5-HT recognition sites by the optical isomers of methiothepin,"M, Hibert",,,1986,10.1016/0028-3908(86)90050-x,
Monoamine oxidase-A physically interacts with presenilin-1(M146V) in the mouse cortex,"Z, Wei",,,2012,10.3233/jad-2011-111241,
Serotonergic neurotransmission manipulation for the understanding of brain development and function: Learning from Tph2 genetic models,"M, Pratelli",,,2019,10.1016/j.biochi.2018.11.016,
Alpha- and beta-adrenoceptor-mediated responses of the guinea-pig ileum and the effects of neuronal uptake inhibition,"KJ, Broadley",,,1985,10.1007/bf00500813,
Maturation of the prolactin and proopiomelanocortin-derived peptide responses to ether stress and morphine: neurochemical analysis,"CA, Johnston",,,1986,10.1210/endo-118-2-797,
Two distinct effects of 5-hydroxytryptamine on single cortical neurons,"MF, Davies",,,1987,10.1016/0006-8993(87)90861-4,
"Mechanisms of glycine release, which build up synaptic and extrasynaptic glycine levels: the role of synaptic and non-synaptic glycine transporters","LG Jr, Harsing",,,2013,10.1016/j.brainresbull.2012.12.002,
"Expression of behavioral sensitization to the cocaine-like fungicide triadimefon is blocked by pretreatment with AMPA, NMDA and DA D1 receptor antagonists","R, Reeves",,,2004,10.1016/j.brainres.2004.01.079,
Mixed agonist-antagonist properties of umespirone at neostriatal dopamine receptors in relation to its behavioral effects in the rat,"S, Ahlenius",,,1992,10.1016/0014-2999(92)90464-f,
Neuropeptide Y and ATP interact to control renovascular resistance in the rat,"V, Oberhauser",,,1999,10.1681/asn.v1061179,
Responsiveness of 5-HT2C receptors in repeatedly diazepam-injected rats: a behavioral and neurochemical study,"A, Khan",,,2008,,
Behavioral activation by stimulation of a GABAergic mechanism in the preoptic area of rat,"PG, Osborne",,,1993,10.1016/0304-3940(93)90264-l,
"Critical role of 5-HT1A, 5-HT3, and 5-HT7 receptor subtypes in the initiation, generation, and propagation of the murine colonic migrating motor complex","EJ, Dickson",,,2010,10.1152/ajpgi.00496.2009,
[Structural and functional organization of the cerebral dopaminergic system],"VV, Barishpolets",,,2009,,
Tyramine receptor (SER-2) isoforms are involved in the regulation of pharyngeal pumping and foraging behavior in Caenorhabditis elegans,"E, Rex",,,2004,10.1111/j.1471-4159.2004.02787.x,
"The role of serotonin in impulsive aggression, suicide, and homicide in adolescents and adults: a literature review","AR, Glick",,,2015,10.1515/ijamh-2015-5005,
Serotonergic modulation of basolateral amygdala nucleus in the extinction of reward-driven learning: The role of 5-HT bioavailability and 5-HT(1A) receptor,"AE, Pereyra",,,2021,10.1016/j.bbr.2021.113161,
High-affinity uptake of noradrenaline in postsynaptic neurones,"S, al-Damluji",,,1993,10.1111/j.1476-5381.1993.tb13570.x,
"The potent, selective mGlu2/3 receptor agonist LY379268 increases extracellular levels of dopamine, 3,4-dihydroxyphenylacetic acid, homovanillic acid, and 5-hydroxyindole-3-acetic acid in the medial prefrontal cortex of the freely moving rat","J, Cartmell",,,2000,10.1046/j.1471-4159.2000.0751147.x,
"Synthesis and pharmacological evaluation of 1-[(1,2-diphenyl-1H-4-imidazolyl)methyl]-4-phenylpiperazines with clozapine-like mixed activities at dopamine D(2), serotonin, and GABA(A) receptors","B, Asproni",,,2002,10.1021/jm020848t,
Ipsapirone enhances the dopamine outflow via 5-HT1A receptors in the rat prefrontal cortex,"K, Wedzony",,,1996,10.1016/0014-2999(96)00150-1,
Cortical neurochemical signaling of gustatory stimuli and their visceral consequences during the acquisition and consolidation of taste aversion memory,"D, Osorio-Gómez",,,2021,10.1016/j.nlm.2021.107437,
Alpha-2 noradrenergic receptor activation inhibits the hyperpolarization-activated cation current (Ih) in neurons of the ventral tegmental area,"MU, Inyushin",,,2010,10.1016/j.neuroscience.2010.01.052,
Serotonin and arginine-vasopressin mediate sex differences in the regulation of dominance and aggression by the social brain,"JI, Terranova",,,2016,10.1073/pnas.1610446113,
"2'-NH2-MPTP in Swiss Webster mice: evidence for long-term (6-month) depletions in cortical and hippocampal serotonin and norepinephrine, differential protection by selective uptake inhibitors or clorgyline and functional changes in central serotonin neurotransmission","AM, Andrews",,,1993,,
"Brain alpha(2)-adrenoceptors in monoamine-depleted rats: increased receptor density, G coupling proteins, receptor turnover and receptor mRNA","C, Ribas",,,2001,10.1038/sj.bjp.0703963,
Selective activation of Dopamine D3 receptors and norepinephrine transporter blockade enhances sustained attention,"CA, Marshall",,,2019,10.1016/j.neuropharm.2019.01.003,
Cell proliferation in carcinoid valve disease: a mechanism for serotonin effects,"NM, Rajamannan",,,2001,,
Neurochemical and neuropharmacological properties of 4-fluorotranylcypromine,"RT, Coutts",,,1987,10.1007/bf00711304,
Use of Arc expression as a molecular marker of increased postsynaptic 5-HT function after SSRI/5-HT1A receptor antagonist co-administration,"E, Castro",,,2003,10.1046/j.1471-4159.2003.01782.x,
Release of [3H]-noradrenaline from rat hippocampal synaptosomes by nicotine: mediation by different nicotinic receptor subtypes from striatal [3H]-dopamine release,"PB, Clarke",,,1996,10.1111/j.1476-5381.1996.tb15232.x,
A high-throughput screen for chemicals that increase the lifespan of Caenorhabditis elegans,"M, Petrascheck",,,2009,10.1111/j.1749-6632.2009.04377.x,
Serotonergic suppression of interhemispheric cortical synaptic potentials,"HL, Read",,,1994,10.1016/0006-8993(94)90004-3,
Involvement of prefrontal AMPA receptors in encounter stimulation-induced hyperactivity in isolation-reared mice,"R, Araki",,,2014,10.1017/s1461145713001582,
Piperine decreases pilocarpine-induced convulsions by GABAergic mechanisms,"Cruz GM, da",,,2013,10.1016/j.pbb.2013.01.002,
Histamine in neurotransmission and brain diseases,"S, Nuutinen",,,2010,10.1007/978-1-4419-8056-4_10,
The α(2)-adrenergic receptor pathway modulating depression influences the risk of arterial thrombosis associated with BDNFVal66Met polymorphism,"L, Sandrini",,,2022,10.1016/j.biopha.2021.112557,
Tryptophan fluorescence reveals conformational changes in the acetylcholine binding protein,"SB, Hansen",,,2002,10.1074/jbc.c200462200,
Activation of rat ventral tegmental area dopamine neurons by endogenous kynurenic acid: a pharmacological analysis,"KR, Linderholm",,,2007,10.1016/j.neuropharm.2007.09.003,
Beer elicits vasculoprotective effects through Akt/eNOS activation,"G, Vilahur",,,2014,10.1111/eci.12352,
Studies on the mechanisms of 6-hydroxydopamine cytotoxicity,"G, Jonsson",,,1976,,
Benzodiazepine withdrawal-induced glutamatergic plasticity involves up-regulation of GluR1-containing alpha-amino-3-hydroxy-5-methylisoxazole-4-propionic acid receptors in Hippocampal CA1 neurons,"J, Song",,,2007,10.1124/jpet.107.121798,
Anxiety Disorders: Sex Differences in Serotonin and Tryptophan Metabolism,"T, Songtachalert",,,2018,10.2174/1568026618666181115093136,
Dual modulation of dopamine release from anterior nucleus accumbens through cholecystokinin-B receptor subsites,"I, Léna",,,1997,10.1046/j.1471-4159.1997.68010162.x,
"Mammalian central nervous system trace amines. Pharmacologic amphetamines, physiologic neuromodulators","MD, Berry",,,2004,10.1111/j.1471-4159.2004.02501.x,
"Hypothalamic neurochemistry and feeding behavioral responses to clonidine, an alpha-2-agonist, and to trifluoromethylphenylpiperazine, a putative 5-hydroxytryptamine-1B agonist, in genetically obese Zucker rats","M, Koulu",,,1990,10.1159/000125635,
"Structural and functional interaction of (±)-2-(N-tert-butylamino)-3'-iodo-4'-azidopropiophenone, a photoreactive bupropion derivative, with nicotinic acetylcholine receptors","HR, Arias",,,2012,10.1016/j.neuint.2012.10.011,
Hypericum perforatum L. extract does not inhibit 5-HT transporter in rat brain cortex,"M, Gobbi",,,1999,10.1007/s002109900073,
Release of some endogenous trace amines from rat striatal slices in the presence and absence of a monoamine oxidase inhibitor,"LE, Dyck",,,1989,10.1016/0024-3205(89)90309-3,
The inhibition of acquired fear,"I, Izquierdo",,,2004,10.1007/bf03033220,
Altered neurotrophin receptor function in the developing prefrontal cortex leads to adult-onset dopaminergic hyperresponsivity and impaired prepulse inhibition of acoustic startle,"N, Rajakumar",,,2004,10.1016/j.biopsych.2003.12.015,
[The possible functional interaction of serotonin and neuropeptides in embryogenic regulatory processes (experiments on embryos of the mollusk Tritona diomedea)],"AO, Willows",,,2000,,
Regulatory role of nitric oxide over hippocampal 5-HT release in vivo,"J, Segieth",,,2001,10.1007/s002100000370,
Withdrawal from chronic ethanol increases the sensitivity of presynaptic 5-HT(1A) receptors modulating serotonin and dopamine synthesis in rat brain in vivo,"S, Esteban",,,2002,10.1016/s0304-3940(02)00313-0,
The role of medial hypothalamic serotonin in the suppression of feeding in a rat model of colitis,"A, Ballinger",,,2000,10.1016/s0016-5085(00)70260-5,
Stimulation of melatonin synthesis in ovine pineals in vitro,"PJ, Morgan",,,1988,10.1111/j.1471-4159.1988.tb13232.x,
"5-Hydroxytryptophan: A precursor of serotonin influences regional blood-brain barrier breakdown, cerebral blood flow, brain edema formation, and neuropathology","A, Sharma",,,2019,10.1016/bs.irn.2019.06.005,
Evidence that histamine is involved as a mediator of endothelium-dependent contraction induced by A23187 in bovine intrapulmonary vein,"CA, Gruetter",,,1994,10.1016/0014-2999(94)90139-2,
Galanin/GMAP- and NPY-like immunoreactivities in locus coeruleus and noradrenergic nerve terminals in the hippocampal formation and cortex with notes on the galanin-R1 and -R2 receptors,"ZQ, Xu",,,1998,10.1002/(sici)1096-9861(19980309)392:2<227::aid-cne6>3.0.co;2-4,
A legacy of discovery: from monoamines to GABA,"SJ, Enna",,,2011,10.1016/j.neuropharm.2010.10.005,
"Cholinergic muscarinic M(1) and M(4) receptors as therapeutic targets for cognitive, behavioural, and psychological symptoms in psychiatric and neurological disorders","D, Erskine",,,2019,10.1016/j.drudis.2019.08.009,
Direct effect of estradiol on the number of dopamine receptors in the anterior pituitary of ovariectomized rats,"C, Pasqualini",,,1986,10.1210/endo-119-6-2484,
"Dopaminergic mechanisms underlying catalepsy, fear and anxiety: do they interact?","AC, Colombo",,,2013,10.1016/j.bbr.2013.10.002,
Serotonergic mechanisms involved in antidepressant-like responses evoked by GLT-1 blockade in rat infralimbic cortex,"J, Gasull-Camós",,,2018,10.1016/j.neuropharm.2018.06.029,
Role of dopamine in behavioral sensitization to ethanol in DBA/2J mice,"J, Broadbent",,,2005,10.1016/j.alcohol.2005.03.006,
Altered serotonergic function of dorsal raphe nucleus in perinatally protein-deprived rats: effects of fluoxetine administration,"AO, Sodero",,,2006,10.1016/j.ejphar.2005.11.040,
Cue-induced dopamine release predicts cocaine preference: positron emission tomography studies in freely moving rodents,"WK, Schiffer",,,2009,10.1523/jneurosci.5221-08.2009,
Long-term consumption of sugar-rich diet decreases the effectiveness of somatodendritic serotonin-1A receptors,"QU, Inam",,,2008,10.1179/147683008x344183,
The serotonergic system in motor and non-motor manifestations of Parkinson's disease,"P, Huot",,,2013,10.1007/s00221-013-3621-2,
Correlations between serotonin level and single-cell firing in the rat's nucleus raphe magnus,"ID, Hentall",,,2000,10.1016/s0306-4522(99)00516-3,
Cyclin-dependent kinase 5 regulates dopaminergic and glutamatergic transmission in the striatum,"K, Chergui",,,2004,10.1073/pnas.0308652100,
Specific derivatization of the vesicle monoamine transporter with novel carrier-free radioiodinated reserpine and tetrabenazine photoaffinity labels,"MK, Sievert",,,2007,10.1016/j.ab.2007.04.046,
Serotonergic systems associated with arousal and vigilance behaviors following administration of anxiogenic drugs,"JK, Abrams",,,2005,10.1016/j.neuroscience.2005.03.025,
Differential effects of the 5-HT 1B/2C receptor agonist mCPP and the 5-HT1A agonist flesinoxan on hypothalamic neuropeptide Y in the rat: evidence that NPY may mediate serotonin's effects on food intake,"S, Dryden",,,1996,10.1016/0196-9781(96)00142-8,
Possible contribution of dopaminergic receptors in the anteroventral third ventricular region to hyperosmolality-induced vasopressin secretion in conscious rats,"K, Yamaguchi",,,1996,10.1530/eje.0.1340243,
Activation of 5-HT₁A receptors in the medial subdivision of the central nucleus of the amygdala produces anxiolytic effects in a rat model of Parkinson's disease,"YN, Sun",,,2015,10.1016/j.neuropharm.2015.03.007,
"Regional brain distribution of noradrenaline uptake sites, and of alpha1-alpha2- and beta-adrenergic receptors in PCD mutant mice: a quantitative autoradiographic study","C, Strazielle",,,1999,10.1016/s0306-4522(99)00321-8,
Chronic lead treatment induces in rat a specific and differential effect on dopamine receptors in different brain areas,"L, Lucchi",,,1981,10.1016/0006-8993(81)90244-4,
The effect of insulin on norepinephrine uptake by PC12 cells,"DP, Figlewicz",,,1993,10.1016/0361-9230(93)90210-3,
Treatment of pregnant alcohol-consuming rats with buspirone: effects on serotonin and 5-hydroxyindoleacetic acid content in offspring,"NF, Tajuddin",,,1993,10.1111/j.1530-0277.1993.tb00734.x,
Variable dopamine release probability and short-term plasticity between functional domains of the primate striatum,"SJ, Cragg",,,2003,10.1523/jneurosci.23-10-04378.2003,
Regulation of dopamine signaling in the striatum by phosphodiesterase inhibitors: novel therapeutics to treat neurological and psychiatric disorders,"AD, Ramirez",,,2014,10.2174/1871524914666141226103421,
Dopamine enhances somatostatin receptor-mediated inhibition of adenylate cyclase in rat striatum and hippocampus,"MN, Rodríguez-Sánchez",,,1997,10.1002/(sici)1097-4547(19970501)48:3<238::aid-jnr6>3.0.co;2-g,
"[18F]fluoroethoxy-benzovesamicol, a PET radiotracer for the vesicular acetylcholine transporter and cholinergic synapses","GK, Mulholland",,,1998,10.1002/(sici)1098-2396(199811)30:3<263::aid-syn4>3.0.co;2-9,
The 5-HT1A receptor antagonist (S)-UH-301 augments the increase in extracellular concentrations of 5-HT in the frontal cortex produced by both acute and chronic treatment with citalopram,"L, Arborelius",,,1996,10.1007/bf00167182,
"Functional Interaction Between NMDA and mGlu5 Receptors: Effects on Working Memory, Instrumental Learning, Motor Behaviors, and Dopamine Release","H, Homayoun",,,2004,10.1038/sj.npp.1300417,
Dopaminergic and glutamatergic regulation of effort- and delay-based decision making,"SB, Floresco",,,2008,10.1038/sj.npp.1301565,
Dopamine receptor binding enhancement accompanies lesion-induced behavioral supersensitivity,"I, Creese",,,1977,10.1126/science.877576,
Bupropion increases striatal vesicular monoamine transport,"KS, Rau",,,2005,10.1016/j.neuropharm.2005.05.004,
PPARα modulation of mesolimbic dopamine transmission rescues depression-related behaviors,"S, Scheggi",,,2016,10.1016/j.neuropharm.2016.07.024,
Deafferentation elicits increased dopamine-sensitive adenylate cyclase and receptor binding in the olfactory tubercle,"RB, Lingham",,,1986,10.1523/jneurosci.06-08-02208.1986,
Methamphetamine-induced alterations in dopamine transporter function,"BA, Bennett",,,1998,10.1016/s0006-8993(97)01281-x,
Antihyperalgesic and antiallodynic effects of mianserin on diabetic neuropathic pain: a study on mechanism of action,"Uİ, Üçel",,,2015,10.1016/j.ejphar.2015.02.048,
Melanin-concentrating hormone in the Locus Coeruleus aggravates helpless behavior in stressed rats,"J, Urbanavicius",,,2019,10.1016/j.bbr.2019.112120,
Repeated injections of sulpiride into the medial prefrontal cortex induces sensitization to cocaine in rats,"JD, Steketee",,,2005,10.1007/s00213-004-2102-5,
Alcohol dependence and gene x environment interaction in emotion regulation: Is serotonin the link?,"KP, Lesch",,,2005,10.1016/j.ejphar.2005.09.027,
Effects of acute and long-term administration of escitalopram and citalopram on serotonin neurotransmission: an in vivo electrophysiological study in rat brain,"Mansari M, El",,,2005,10.1038/sj.npp.1300686,
Effects of the AMPA receptor antagonist NBQX on outcome of newborn pigs after asphyxic cardiac arrest,"AM, Brambrink",,,1999,10.1097/00004647-199908000-00012,
Regulation of inhibitory synapses by presynaptic D₄ dopamine receptors in thalamus,"G, Govindaiah",,,2010,10.1152/jn.00361.2010,
Sporadic autonomic dysregulation and death associated with excessive serotonin autoinhibition,"E, Audero",,,2008,10.1126/science.1157871,
Heterogeneous population of dopaminergic neurons derived from mouse embryonic stem cells: preliminary phenotyping based on receptor expression and function,"WS, Raye",,,2007,10.1111/j.1460-9568.2007.05489.x,
Electrical stimulation of the nucleus raphe magnus in the rat. Effects on 5-HT metabolism in the spinal cord,"S, Bourgoin",,,1980,10.1016/0006-8993(80)91219-6,
"Regional changes in density of serotonin transporter in the brain of 5-HT1A and 5-HT1B knockout mice, and of serotonin innervation in the 5-HT1B knockout","AR, Ase",,,2001,10.1046/j.1471-4159.2001.00437.x,
Morphine-Induced Constipation Develops With Increased Aquaporin-3 Expression in the Colon via Increased Serotonin Secretion,"R, Kon",,,2015,10.1093/toxsci/kfv055,
Dopamine D2 receptors internalize in their low-affinity state,"F, Ko",,,2002,10.1097/00001756-200206120-00007,
Blockade of NMDA receptors in the prefrontal cortex increases dopamine and acetylcholine release in the nucleus accumbens and motor activity,"Arco A, Del",,,2008,10.1007/s00213-008-1288-3,
"Trace amine-associated receptors: ligands, neural circuits, and behaviors","SD, Liberles",,,2015,10.1016/j.conb.2015.01.001,
5-Hydroxytryptamine acts at 5-HT2 receptors to decrease potassium conductance in rat nucleus accumbens neurones,"RA, North",,,1989,10.1113/jphysiol.1989.sp017786,
Control of hippocampal theta rhythm by serotonin: role of 5-HT2c receptors,"E, Sörman",,,2011,10.1016/j.neuropharm.2011.01.029,
Aging regulates 5-HT(1B) receptors and serotonin reuptake sites in the SCN,"MJ, Duncan",,,2000,10.1016/s0006-8993(99)02397-5,
Ethanol acutely reduces LH and prolactin secretion: possible involvement by dopamine,"M, Ching",,,1994,10.1016/0741-8329(94)90051-5,
Methylphenidate prevents high-fat diet (HFD)-induced learning/memory impairment in juvenile mice,"MM, Kaczmarczyk",,,2013,10.1016/j.psyneuen.2013.01.004,
"Astrocyte-mediated trophic support of developing serotonin neurons: effects of ethanol, buspirone, and S100B","JL, Eriksen",,,2001,10.1016/s0165-3806(01)00240-1,
Dopamine and sodium appetite: antagonists suppress sham drinking of NaCl solutions in the rat,"MF, Roitman",,,1997,10.1037//0735-7044.111.3.606,
Cocaine behavioral sensitization and the excitatory amino acids,"R, Karler",,,1994,10.1007/bf02245070,
Platelet-activating factor production occurs through stimulation of cholinergic and dopaminergic receptors in the chick retina,"F, Bussolino",,,1989,,
An allosteric binding site of the α7 nicotinic acetylcholine receptor revealed in a humanized acetylcholine-binding protein,"F, Delbart",,,2018,10.1074/jbc.m117.815316,
Striatal dopamine synthesis and cognitive flexibility differ between hormonal contraceptive users and nonusers,"CM, Taylor",,,2023,10.1093/cercor/bhad134,
Role of Prefrontal Serotonergic and Dopaminergic Systems in Encounter-Induced Hyperactivity in Methamphetamine-Sensitized Mice,"T, Tanaka",,,2017,10.1093/ijnp/pyw115,
5-HT1A and 5-HT2A receptor control of a panic-like defensive response in the rat dorsomedial hypothalamic nucleus,"Bortoli VC, de",,,2013,10.1177/0269881113492900,
Phenethylamine is a substrate of monoamine oxidase B in the paraventricular thalamic nucleus,"Y, Obata",,,2022,10.1038/s41598-021-03885-6,
Activation of D1/D5 receptors ameliorates decreased intrinsic excitability of hippocampal neurons induced by neonatal blockade of N-methyl-d-aspartate receptors,"E, Griego",,,2022,10.1111/bph.15735,
Dopamine depresses excitatory synaptic transmission onto rat subicular neurons via presynaptic D1-like dopamine receptors,"J, Behr",,,2000,10.1152/jn.2000.84.1.112,
Dopamine D(3) receptor and GSK3β signaling mediate deficits in novel object recognition memory within dopamine transporter knockdown mice,"PK, Chang",,,2020,10.1186/s12929-019-0613-y,
D-cycloserine decreases both D1 and D2 dopamine receptors number and their function in rat brain,"O, Gandolfi",,,1994,10.1016/0091-3057(94)90537-1,
Estrogen regulates responses of dopamine neurons in the ventral tegmental area to cocaine,"D, Zhang",,,2008,10.1007/s00213-008-1188-6,
Chronic nicotine exposure switches the functional role of mesolimbic dopamine transmission in the processing of nicotine's rewarding and aversive effects,"H, Tan",,,2009,10.1016/j.neuropharm.2008.12.008,
Effect of monofluoromethyldopa (MFMD) on trace amine levels,"LE, Dyck",,,1987,10.1016/0024-3205(87)90371-7,
Potential for targeting dopamine/DARPP-32 signaling in neuropsychiatric and neurodegenerative disorders,"A, Nishi",,,2017,10.1080/14728222.2017.1279149,
Lower anxiogenic effects of serotonin agonists are associated with lower activation of amygdala and lateral orbital cortex in adolescent male rats,"AE, Arrant",,,2013,10.1016/j.neuropharm.2013.05.030,
Supersensitivity of striatal D2 dopamine receptors mediating inhibition of adenylate cyclase and stimulation of guanosine triphosphatase following chronic administration of haloperidol in mice,"MC, Olianas",,,1987,10.1016/0304-3940(87)90386-7,
"Nociceptin/Orphanin FQ in PAG modulates the release of amino acids, serotonin and norepinephrine in the rostral ventromedial medulla and spinal cord in rats","N, Lü",,,2010,10.1016/j.pain.2009.11.025,
Dopamine-mediated modulation of odour-evoked amygdala potentials during pavlovian conditioning,"JA, Rosenkranz",,,2002,10.1038/417282a,
Transcallosal evoked potentials: behavior-dependent modulation by muscarinic and serotonergic receptors,"HC, Dringenberg",,,1994,10.1016/0361-9230(94)90140-6,
"Protective effect of adenosine reuptake inhibitors in haloperidol-induced orofacial dyskinesia and associated behavioural, biochemical and neurochemical changes","M, Bishnoi",,,2007,10.1159/000100924,
Regulator of G-protein signaling 6 (RGS6) promotes anxiety and depression by attenuating serotonin-mediated activation of the 5-HT(1A) receptor-adenylyl cyclase axis,"A, Stewart",,,2014,10.1096/fj.13-235648,
Changes caused by haloperidol are blocked by music in Wistar rat,"I, Tasset",,,2012,10.1007/s13105-011-0129-8,
"Antidepressant-like effect of scopoletin, a coumarin isolated from Polygala sabulosa (Polygalaceae) in mice: evidence for the involvement of monoaminergic systems","JC, Capra",,,2010,10.1016/j.ejphar.2010.06.043,
Dopamine depleters in the treatment of hyperkinetic movement disorders,"J, Jankovic",,,2016,10.1080/14656566.2016.1258063,
Central 5-HT(4) receptors and dopamine-dependent motor behaviors: searching for a functional role,"Deurwaerdère P, De",,,2002,10.1016/s0091-3057(01)00703-1,
Excitatory and inhibitory responses of dopamine neurons in the ventral tegmental area to nicotine,"S, Erhardt",,,2002,10.1002/syn.10044,
Deep sequencing of the murine olfactory receptor neuron transcriptome,"N, Kanageswaran",,,2015,10.1371/journal.pone.0113170,
"Serotonergic regulation of mRNA expression of Arc, an immediate early gene selectively localized at neuronal dendrites","Q, Pei",,,2000,10.1016/s0028-3908(99)00148-3,
In utero ethanol exposure decreased the density of serotonin neurons. Maternal ipsapirone treatment exerted a protective effect,"NF, Tajuddin",,,1999,10.1016/s0165-3806(99)00102-9,
Characterization of dopamine-dependent rewarding and locomotor stimulant effects of intravenously-administered methylphenidate in rats,"LH, Sellings",,,2006,10.1016/j.neuroscience.2006.04.040,
The electrophysiological actions of neurotensin in the central nervous system,"ZN, Stowe",,,1991,10.1016/0024-3205(91)90300-z,
Comparison of the effects of bupropion on nicotinic receptor-evoked [(3)H]dopamine release from rat striatal synaptosomes and slices,"N, Sidhpura",,,2007,10.1016/j.ejphar.2007.03.052,
Fluoxetine Affects Differentiation of Midbrain Dopaminergic Neurons In Vitro,"D, Lupu",,,2018,10.1124/mol.118.112342,
5-HT2A and 5-HT2C receptors as hypothalamic targets of developmental programming in male rats,"MS, Martin-Gronert",,,2016,10.1242/dmm.023903,
"The melatonergic agonist and clinically active antidepressant, agomelatine, is a neutral antagonist at 5-HT(2C) receptors","MJ, Millan",,,2011,10.1017/s1461145710001045,
Alpha-1D adrenoceptors are involved in reserpine-induced supersensitivity of rat tail artery,"N, Taki",,,2004,10.1038/sj.bjp.0705817,
Differential involvement of cortical muscarinic and NMDA receptors in short- and long-term taste aversion memory,"G, Ferreira",,,2002,10.1046/j.1460-9568.2002.02174.x,
Deprenyl (selegiline): the history of its development and pharmacological action,"J, Knoll",,,1983,10.1111/j.1600-0404.1983.tb01517.x,
Ethanol-induced dopamine elevation in the rat--modulatory effects by subchronic treatment with nicotinic drugs,"E, Löf",,,2007,10.1016/j.ejphar.2006.10.056,
Dopamine D2 receptor as a cellular component controlling nocturnal hyperactivities in Drosophila melanogaster,"G, Lee",,,2013,10.3109/07420528.2012.741169,
Dopamine D1 receptors are involved in the modulation of D2 receptors induced by cholecystokinin receptor subtypes in rat neostriatal membranes,"XM, Li",,,1994,10.1016/0006-8993(94)91794-9,
Evidence for alteration in the processing of dopamine in the anterior pituitary gland of aged rats: receptors and intracellular compartmentalization of dopamine,"J, Arita",,,1984,10.1210/endo-114-3-974,
Augmentation of Heroin Seeking Following Chronic Food Restriction in the Rat: Differential Role for Dopamine Transmission in the Nucleus Accumbens Shell and Core,"TM, D'Cunha",,,2017,10.1038/npp.2016.250,
Activation of dopaminergic neurotransmission in the medial prefrontal cortex by N-methyl-d-aspartate stimulation of the ventral hippocampus in rats,"D, Peleg-Raibstein",,,2005,10.1016/j.neuroscience.2004.12.016,
The potential role of serotonergic mechanisms in the spinal oxytocin-induced antinociception,"B, Godínez-Chaparro",,,2016,10.1016/j.npep.2016.07.002,
Hypophagia induced by hindbrain serotonin is mediated through central GLP-1 signaling and involves 5-HT2C and 5-HT3 receptor activation,"RM, Leon",,,2019,10.1038/s41386-019-0384-x,
Understanding the role α7 nicotinic receptors play in dopamine efflux in nucleus accumbens,"R, Maex",,,2014,10.1021/cn500126t,
New light on the serotonergic paradox in the rat circadian system,"M, Cuesta",,,2009,10.1111/j.1471-4159.2009.06128.x,
Sensitization of amphetamine-induced stereotyped behaviors during the acute response,"R, Kuczenski",,,1999,,
Serotonergic modulation of locust motor neurons,"D, Parker",,,1995,10.1152/jn.1995.73.3.923,
Altered response to the selective serotonin reuptake inhibitor escitalopram in mice heterozygous for the serotonin transporter: an electrophysiological and neurochemical study,"BP, Guiard",,,2012,10.1017/s1461145711000484,
Amphetamine depresses excitatory synaptic transmission at prefrontal cortical layer V synapses,"RD, Mair",,,2007,10.1016/j.neuropharm.2006.07.004,
Non-amphetaminic mechanism of stimulant locomotor effect of modafinil in mice,"P, Simon",,,1995,10.1016/0924-977x(95)00041-m,
Inhibitory effect of the antidepressant St. John's wort (hypericum perforatum) on rat bladder contractility in vitro,"R, Capasso",,,2004,10.1016/j.urology.2004.02.021,
Role of α1 adrenergic antagonism in the mechanism of action of iloperidone: reducing extrapyramidal symptoms,"SM, Stahl",,,2013,10.1017/s1092852913000850,
"Effects of acute and chronic buspirone on impulsive choice and efflux of 5-HT and dopamine in hippocampus, nucleus accumbens and prefrontal cortex","YP, Liu",,,2004,10.1007/s00213-003-1726-1,
Regional brain expression of serotonin transporter mRNA and its regulation by reuptake inhibiting antidepressants,"KP, Lesch",,,1993,10.1016/0169-328x(93)90069-2,
beta-Adrenoceptor ligand binding and supersensitivity to isoprenaline of ventricular muscle after chronic reserpine pretreatment,"MH, Hawthorn",,,1982,10.1007/bf00510135,
Brain histamine depletion enhances the behavioural sequences complexity of mice tested in the open-field: Partial reversal effect of the dopamine D2/D3 antagonist sulpiride,"A, Santangelo",,,2017,10.1016/j.neuropharm.2016.11.007,
Alpha-1 noradrenergic receptor stimulation impairs prefrontal cortical cognitive function,"AF, Arnsten",,,1999,10.1016/s0006-3223(98)00296-0,
Histaminergic receptors of medial septum and conditioned place preference: D1 dopamine receptor mechanism,"MR, Zarrindast",,,2006,10.1016/j.brainres.2006.06.024,
[Effects of methamphetamine on responsiveness to conditioned fear stress],"K, Tsuchiya",,,1999,,
Brain α7 Nicotinic Acetylcholine Receptor Assembly Requires NACHO,"S, Gu",,,2016,10.1016/j.neuron.2016.01.018,
Norepinephrine Protects against Methamphetamine Toxicity through β2-Adrenergic Receptors Promoting LC3 Compartmentalization,"G, Lazzeri",,,2021,10.3390/ijms22137232,
In vivo characterization of the pharmacokinetics and pharmacological properties of [11C]-(+)-PHNO in rats using an intracerebral beta-sensitive system,"L, Galineau",,,2006,10.1002/syn.20290,
Cellular mechanisms of infralimbic and prelimbic prefrontal cortical inhibition and dopaminergic modulation of basolateral amygdala neurons in vivo,"JA, Rosenkranz",,,2002,10.1523/jneurosci.22-01-00324.2002,
Arylalkylamines in the adrenal medulla,"SR, Philips",,,1978,10.1139/o78-167,
Facilitation of fear extinction by the 5-HT(1A) receptor agonist tandospirone: possible involvement of dopaminergic modulation,"Y, Saito",,,2013,10.1002/syn.21621,
"Effects of Modafinil on Clonic Seizure Threshold Induced by Pentylenetetrazole in Mice: Involvement of Glutamate, Nitric oxide, GABA, and Serotonin Pathways","E, Bahramnjead",,,2018,10.1007/s11064-018-2623-7,
Monoaminergic long-term facilitation of GABA-mediated inhibitory transmission at cerebellar synapses,"H, Mitoma",,,1999,10.1016/s0306-4522(98)00260-7,
The pharmacology of citalopram enantiomers: the antagonism by R-citalopram on the effect of S-citalopram,"C, Sánchez",,,2006,10.1111/j.1742-7843.2006.pto_295.x,
Opposing roles of prelimbic and infralimbic dopamine in conditioned cue and place preference,"A, Hayen",,,2014,10.1007/s00213-013-3414-0,
Droperidol suppresses spontaneous electrical activity in neurons cultured from ventral midbrain. Implications for neuroleptanesthesia,"EJ, Heyer",,,2000,10.1016/s0006-8993(00)02066-7,
In vivo evidence that 5-HT2C receptor antagonist but not agonist modulates cocaine-induced dopamine outflow in the rat nucleus accumbens and striatum,"S, Navailles",,,2004,10.1038/sj.npp.1300329,
Effect of chronic lithium and withdrawal from chronic lithium on presynaptic dopamine function in the rat,"L, Ferrie",,,2005,10.1177/0269881105051525,
Rimcazole analogs attenuate the convulsive effects of cocaine: correlation with binding to sigma receptors rather than dopamine transporters,"RR, Matsumoto",,,2001,10.1016/s0028-3908(01)00116-2,
Enhanced sympathetic neurotransduction in the superior mesenteric artery in a rat model of heart failure: role of noradrenaline and ATP,"J, Blanco-Rivero",,,2021,10.1152/ajpheart.00444.2020,
Activation of glutamatergic neurotransmission by ketamine: a novel step in the pathway from NMDA receptor blockade to dopaminergic and cognitive disruptions associated with the prefrontal cortex,"B, Moghaddam",,,1997,10.1523/jneurosci.17-08-02921.1997,
"The effects of clozapine and haloperidol on serotonin-1A, -2A and -2C receptor gene expression and serotonin metabolism in the rat forebrain","PW, Burnet",,,1996,10.1016/0306-4522(96)00062-0,
Effect of lamotrigine and carbamazepine on corticotropin-releasing factor-associated serotonergic transmission in rat dorsal raphe nucleus,"S, Tanahashi",,,2012,10.1007/s00213-011-2506-y,
Regulation of melatonin synthesis in the ovine pineal gland,"MA, Namboodiri",,,1991,10.1007/978-1-4684-5952-4_12,
Serotonergic activation potentiates light resetting of the main circadian clock and alters clock gene expression in a diurnal rodent,"M, Cuesta",,,2008,10.1016/j.expneurol.2007.11.026,
Effects of ethanol and ipsapirone on the development of midline raphe glial cells and astrocytes,"NF, Tajuddin",,,2003,10.1016/s0741-8329(03)00024-7,
Motivational learning biases are differentially modulated by genetic determinants of striatal and prefrontal dopamine function,"A, Richter",,,2021,10.1007/s00702-021-02382-4,
Enhancement of 3H-N-methylspiperone binding but not 3H-raclopride binding in mouse striatum by MK-801: evidence that factors other than competition by endogenous dopamine are responsible for changes in D2 receptor binding in vivo. Short communication,"O, Inoue",,,1999,10.1007/s007020050145,
Dysregulation of the mesolimbic dopamine system and reward in MCH-/- mice,"P, Pissios",,,2008,10.1016/j.biopsych.2007.12.011,
Serotonergic modulation of receptor occupancy in rats treated with L-DOPA after unilateral 6-OHDA lesioning,"A, Nahimi",,,2012,10.1111/j.1471-4159.2011.07598.x,
Dopamine-sensitive adenylate cyclase in homogenates of rat nucleus accumbens: structure-activity studies and effects of agonists and antagonists,"KJ, Watling",,,1979,10.1016/0014-2999(79)90431-x,
Pharmacological blockade of dopamine D2 receptors by aripiprazole is not associated with striatal sensitization,"B, Koener",,,2011,10.1007/s00210-010-0577-7,
Receptor-linked cyclic AMP systems in rat neostriatum: differential localization revealed by kainic acid injection,"KP, Minneman",,,1978,10.1016/0006-8993(78)91083-1,
Nucleus accumbens dopamine and mu-opioid receptors modulate the reinstatement of food-seeking behavior by food-associated cues,"EG, Guy",,,2011,10.1016/j.bbr.2011.01.024,
Antagonistic effect of dopamine structural analogues on human GABAρ1 receptor,"A, Alaniz-Palacios",,,2017,10.1038/s41598-017-17530-8,
Rapid dopaminergic signaling by interneurons that contain markers for catecholamines and GABA in the feeding circuitry of Aplysia,"M, Díaz-Ríos",,,2005,10.1152/jn.00003.2004,
The bacterial endotoxin lipopolysaccharide causes rapid inappropriate excitation in rat cortex,"YS, Wang",,,1999,10.1046/j.1471-4159.1999.0720652.x,
PTEN-5-HT2C coupling: a new target for treating drug addiction,"JC, Maillet",,,2008,10.1016/s0079-6123(08)00920-5,
Developmental effects of early-life stress on dopamine D2 receptor and proteins involved in noncanonical D2 dopamine receptor signaling pathway in the prefrontal cortex of male rats,"M, Mahmoodkhani",,,2021,10.1515/jcim-2020-0539,
"The role of anxiety in the development of levodopa-induced dyskinesias in an animal model of Parkinson's disease, and the effect of chronic treatment with the selective serotonin reuptake inhibitor citalopram","WL, Kuan",,,2008,10.1007/s00213-007-1030-6,
Immunocytochemical analysis of P2X2 in rat circumvallate taste buds,"R, Yang",,,2012,10.1186/1471-2202-13-51,
Nigrostriatal dopamine system dysfunction and subtle motor deficits in manganese-exposed non-human primates,"TR, Guilarte",,,2006,10.1016/j.expneurol.2006.06.015,
Opposite effects of midazolam and beta-carboline-3-carboxylate ethyl ester on the release of dopamine from rat nucleus accumbens measured by in vivo microdialysis,"T, Murai",,,1994,10.1016/0014-2999(94)90301-8,
"Morphine, cocaine and antidepressant induced motivational activity and midbrain dopaminergic neurotransmission","PN, Deslandes",,,2002,10.1016/s0014-2999(02)02451-2,
SSRI use and clinical outcomes in epithelial ovarian cancer,"DK, Christensen",,,2016,10.18632/oncotarget.8891,
Striatal changes underlie MPEP-mediated suppression of the acquisition and expression of pramipexole-induced place preference in an alpha-synuclein rat model of Parkinson's disease,"S, Loiodice",,,2017,10.1177/0269881117714051,
Dopamine supersensitivity and D1/D2 synergism are unrelated to changes in striatal receptor density,"GJ, LaHoste",,,1992,10.1002/syn.890120103,
Octopamine and phenylethylamine inhibit prolactin secretion both in vivo and in vitro,"D, Becú-Villalobos",,,1992,10.3181/00379727-199-43352,
The experimental and clinical pharmacology of St John's Wort (Hypericum perforatum L.),"P, Nathan",,,1999,10.1038/sj.mp.4000557,
Craving espresso: the dialetics in classifying caffeine as an abuse drug,"Santos MKF, Dos",,,2018,10.1007/s00210-018-1570-9,
Serotonin (5-HT) drugs: effects on appetite expression and use for the treatment of obesity,"JC, Halford",,,2005,10.2174/1389450053174550,
"Dopamine acting through D2 receptors modulates the expression of PSA-NCAM, a molecule related to neuronal structural plasticity, in the medial prefrontal cortex of adult rats","E, Castillo-Gómez",,,2008,10.1016/j.expneurol.2008.07.018,
"The melanin-concentrating hormone1 receptor antagonists, SNAP-7941 and GW3430, enhance social recognition and dialysate levels of acetylcholine in the frontal cortex of rats","MJ, Millan",,,2008,10.1017/s1461145708008894,
Frontal lobe synaptic plasticity in development and disease: modulation by the dopamine D1 receptor,"LD, Selemon",,,2014,10.2174/1381612819666140110122307,
Pharmacology of [3H]R(+)-7-OH-DPAT binding in the rat caudate-putamen,"M, Hillefors",,,2001,10.1016/s0197-0186(00)00047-4,
The role of dopamine and AMPA/kainate receptors in the nucleus accumbens in the hypermotility response to MK801,"DL, Willins",,,1993,10.1016/0091-3057(93)90217-h,
Effects of γ-Aminobutyric Acid A Receptor Activation on Counterregulatory Responses to Subsequent Exercise in Individuals With Type 1 Diabetes,"MS, Hedrington",,,2016,10.2337/db16-0207,
The immune-mediated alteration of serotonin and glutamate: towards an integrated view of depression,"N, Müller",,,2007,10.1038/sj.mp.4002006,
Sexually dimorphic serotonergic dysfunction in a mouse model of Huntington's disease and depression,"T, Renoir",,,2011,10.1371/journal.pone.0022133,
Stress activation of glutamate neurotransmission in the prefrontal cortex: implications for dopamine-associated psychiatric disorders,"B, Moghaddam",,,2002,10.1016/s0006-3223(01)01362-2,
Continuous stress promotes expression of VGF in melanotroph via suppression of dopamine,"K, Tokizane",,,2013,10.1016/j.mce.2013.03.012,
"Sertraline. A review of its pharmacodynamic and pharmacokinetic properties, and therapeutic potential in depression and obsessive-compulsive disorder","D, Murdoch",,,1992,10.2165/00003495-199244040-00007,
Vascular and renal effects of dopamine during extracellular volume expansion: Role of nitric oxide pathway,"MA, Costa",,,2006,10.1016/j.lfs.2005.07.024,
5-Hydroxytryptamine responses in immature rat rostral ventrolateral medulla neurons in vitro,"LL, Hwang",,,1998,10.1152/jn.1998.80.3.1033,
COMT val158met moderation of dopaminergic drug effects on cognitive function: a critical review,"JP, Schacht",,,2016,10.1038/tpj.2016.43,
Modulation by serotonin of glutamate-induced lethality in mice,"J, Kamei",,,1991,,
Overexpression of the dopamine D3 receptor in the rat dorsal striatum induces dyskinetic behaviors,"SR, Cote",,,2014,10.1016/j.bbr.2014.01.011,
Excitation of locus coeruleus noradrenergic neurons by thyrotropin-releasing hormone,"H, Ishibashi",,,2009,10.1113/jphysiol.2009.181420,
"Attenuation of scopolamine-induced and age-associated memory impairments by the sigma and 5-hydroxytryptamine(1A) receptor agonist OPC-14523 (1-[3-[4-(3-chlorophenyl)-1-piperazinyl]propyl]-5-methoxy-3,4-dihydro-2[1H]-quinolinone monomethanesulfonate)","K, Tottori",,,2002,10.1124/jpet.301.1.249,
Targeting the dopamine D3 receptor: an overview of drug design strategies,"A, Cortés",,,2016,10.1080/17460441.2016.1185413,
New insights into tryptophan and its metabolites in the regulation of bone metabolism,"M, Michalowska",,,2015,,
Intact discrimination reversal learning but slowed responding to reward-predictive cues after dopamine D1 and D2 receptor blockade in the nucleus accumbens of rats,"C, Calaminus",,,2007,10.1007/s00213-006-0532-y,
Localization of (-)-[125I]cyanopindolol binding in guinea-pig heart: characteristics of non-beta-adrenoceptor related binding in cardiac pacemaker and conducting regions,"P, Molenaar",,,1992,10.1016/0304-3940(92)90662-q,
Receptor tyrosine kinase transactivation: fine-tuning synaptic transmission,"SS, Ferguson",,,2003,10.1016/s0166-2236(03)00022-5,
"Influence of age, sex and diurnal variability on imipramine receptor binding and serotonin uptake in platelets of normal subjects","U, Halbreich",,,1991,10.1016/0022-3956(91)90012-y,
Altered regulation of the 5-HT system in the brain of MAO-A knock-out mice,"A, Evrard",,,2002,10.1046/j.1460-9568.2002.01917.x,
Role of the mesolimbic dopamine system in relief learning,"D, Mayer",,,2018,10.1038/s41386-018-0020-1,
L-deprenyl protects mesencephalic dopamine neurons from glutamate receptor-mediated toxicity in vitro,"C, Mytilineou",,,1997,10.1046/j.1471-4159.1997.68010033.x,
"Crosstalk of hypothalamic chemerin, histamine, and AMPK in diet-and olanzapine-induced obesity in rats","DM, Samy",,,2021,10.1016/j.lfs.2021.119897,
Transient neuronal inhibition reveals opposing roles of indirect and direct pathways in sensitization,"SM, Ferguson",,,2011,10.1038/nn.2703,
[Psychiatric disorders and neural mechanisms underlying energy intake and expenditure: a review],"T, Kishi",,,2003,,
Control of the subthalamic innervation of the rat globus pallidus by D2/3 and D4 dopamine receptors,"A, Hernández",,,2006,10.1152/jn.00664.2006,
"Nicotinic receptor-mediated activation by the tobacco-specific nitrosamine NNK of a Raf-1/MAP kinase pathway, resulting in phosphorylation of c-myc in human small cell lung carcinoma cells and pulmonary neuroendocrine cells","BA, Jull",,,2001,10.1007/s004320100289,
Serotonin transduction cascades mediate variable changes in pyloric network cycle frequency in response to the same modulatory challenge,"N, Spitzer",,,2008,10.1152/jn.00986.2007,
Dopamine receptors in emesis: Molecular mechanisms and potential therapeutic function,"L, Belkacemi",,,2020,10.1016/j.phrs.2020.105124,
Decreased prefrontal cortex dopamine activity following adolescent social defeat in male rats: role of dopamine D2 receptors,"MJ, Watt",,,2014,10.1007/s00213-013-3353-9,
The role of serotonin in the enhancement of long-term memory resulting from predator detection in Lymnaea,"J, Il-Han",,,2010,10.1242/jeb.048256,
Serotonin triggers a transient epigenetic mechanism that reinstates adult visual cortex plasticity in rats,"Vetencourt JF, Maya",,,2011,10.1111/j.1460-9568.2010.07488.x,
Cyclic guanosylmonophosphate urinary excretion in parasympathicomimetic or parasympatholytic syndromes induced by reserpine or diphemanil-methylsulfate,"P, Urios",,,1999,10.1016/s0024-3205(98)00541-4,
Nongenomic mechanisms of physiological estrogen-mediated dopamine efflux,"RA, Alyea",,,2009,10.1186/1471-2202-10-59,
Opioidergic and dopaminergic modulation of cost/benefit decision-making in Long Evans Rats,"I, Morales",,,2017,10.1016/j.physbeh.2017.07.019,
Involvement of the dopaminergic system in the consolidation of fear conditioning in hippocampal CA3 subregion,"JL, Wen",,,2015,10.1016/j.bbr.2014.10.049,
Trace amines inhibit the electrically evoked release of [3H]acetylcholine from slices of rat striatum in the presence of pargyline: similarities between beta-phenylethylamine and amphetamine,"P, Baud",,,1985,,
"Repeated nicotine exposure in rats: effects on memory function, cholinergic markers and nerve growth factor","CM, Hernandez",,,2005,10.1016/j.neuroscience.2004.10.006,
Origins and distribution of cholinergically induced beta rhythms in hippocampal slices,"K, Shimono",,,2000,10.1523/jneurosci.20-22-08462.2000,
Paradoxical effects of adenosine receptor ligands on hydroxyl radical generation by L-DOPA in the rat striatum,"K, Gołembiowska",,,2008,,
Repeated cocaine exposure in vivo facilitates LTP induction in midbrain dopamine neurons,"QS, Liu",,,2005,10.1038/nature04050,
Deep brain stimulation and fluoxetine exert different long-term changes in the serotonergic system,"J, Volle",,,2018,10.1016/j.neuropharm.2018.03.005,
"Dopamine-induced plasticity, phospholipase D (PLD) activity and cocaine-cue behavior depend on PLD-linked metabotropic glutamate receptors in amygdala","B, Krishnan",,,2011,10.1371/journal.pone.0025639,
Signaling mechanisms involved in the acute effects of estradiol on 5-HT clearance,"S, Benmansour",,,2014,10.1017/s146114571300165x,
Pharmacological challenge and synaptic response - assessing dopaminergic function in the rat striatum with small animal single-photon emission computed tomography (SPECT) and positron emission tomography (PET),"S, Nikolaus",,,2011,10.1515/rns.2011.054,
"Indoleamine 2,3-dioxygenase inhibition attenuates lipopolysaccharide induced persistent microglial activation and depressive-like complications in fractalkine receptor (CX(3)CR1)-deficient mice","AW, Corona",,,2013,10.1016/j.bbi.2012.08.008,
Histamine pharmacology and new CNS drug targets,"E, Tiligada",,,2011,10.1111/j.1755-5949.2010.00212.x,
Deprenyl treatment attenuates long-term pre- and post-synaptic changes evoked by chronic methamphetamine,"C, Davidson",,,2007,10.1016/j.ejphar.2007.06.046,
"Antidepressant-like effect of 1-(7-methoxy-2-methyl-1,2,3,4-tetrahydro-isoquinolin-4-YL)-cyclohexanol, a putative trace amine receptor ligand involves l-arginine-nitric oxide-cyclic guanosine monophosphate pathway","A, Dhir",,,2011,10.1016/j.neulet.2011.08.020,
Increased locus coeruleus tonic activity causes disengagement from a patch-foraging task,"GA, Kane",,,2017,10.3758/s13415-017-0531-y,
Evidence for multiple receptors mediating fluid secretion in salivary glands of ticks,"WR, Kaufman",,,1983,10.1016/0014-2999(83)90048-1,
Neuronal histamine and cognitive symptoms in Alzheimer's disease,"A, Zlomuzica",,,2016,10.1016/j.neuropharm.2015.05.007,
Down-regulation of cerebellar 5-HT(2C) receptors in pilocarpine-induced epilepsy in rats: therapeutic role of Bacopa monnieri extract,"A, Krishnakumar",,,2009,10.1016/j.jns.2009.04.032,
Lateral hypothalamus-projecting noradrenergic locus coeruleus pathway modulates binge-like ethanol drinking in male and female TH-ires-cre mice,"NW, Burnham",,,2021,10.1016/j.neuropharm.2021.108702,
Analysis of receptor-stimulated and basal guanine nucleotide binding to membrane G proteins by sodium dodecyl sulfate-polyacrylamide gel electrophoresis,"E, Friedman",,,1993,10.1006/abio.1993.1473,
Effects of kappa-opioid receptor agonists on long-term cocaine use and dopamine neurotransmission,"SL, Collins",,,2001,10.1016/s0014-2999(01)01194-3,
Alpha7 nicotinic acetylcholine receptor is a target in pharmacology and toxicology,"M, Pohanka",,,2012,10.3390/ijms13022219,
"Dopamine on D2-like receptors ""reboosts"" dopamine D1-like receptor-mediated behavioural activation in rats licking for sucrose","PS, D'Aquila",,,2010,10.1016/j.neuropharm.2010.01.017,
Role of spinal 5-HT2 receptor subtypes in quipazine-induced hindlimb movements after a low-thoracic spinal cord transection,"RV, Ung",,,2008,10.1111/j.1460-9568.2008.06508.x,
Dopaminergic inhibition of DNA synthesis in pituitary tumor cells is associated with phosphotyrosine phosphatase activity,"T, Florio",,,1992,,
Pharmacological assessment of methamphetamine-induced behavioral hyperactivity mediated by dopaminergic transmission in planarian Dugesia japonica,"N, Tashiro",,,2014,10.1016/j.bbrc.2014.05.059,
"(125I)iodoazidococaine, a photoaffinity label for the haloperidol-sensitive sigma receptor","JR, Kahoun",,,1992,10.1073/pnas.89.4.1393,
Histamine H1-receptor in heart: unique electrophoretic mobility and autoradiographic localization,"M, Ruat",,,1990,10.1111/j.1471-4159.1990.tb04148.x,
Pharmacological characterization of a Bombyx mori alpha-adrenergic-like octopamine receptor stably expressed in a mammalian cell line,"J, Huang",,,2010,10.1002/arch.20341,
Changes in striatal electroencephalography and neurochemistry induced by kainic acid seizures are modified by dopamine receptor antagonists,"JA, Bourne",,,2001,10.1016/s0014-2999(01)00747-6,
Biogenic amine-stimulated adenylate cyclase and spiroperidol-binding sites in rabbit brain: evidence for selective loss of receptors with aging,"MH, Makman",,,1978,10.1007/978-1-4684-8893-7_13,
Increased responsiveness of presumed 5-HT cells to citalopram in adult rats subjected to prolonged maternal separation relative to brief separation,"L, Arborelius",,,2004,10.1007/s00213-004-1883-x,
The role of the globus pallidus D2 subfamily of dopamine receptors in pallidal immediate early gene expression,"JF, Marshall",,,2001,10.1016/s0306-4522(01)00180-4,
Expression and impact of Lsamp neural adhesion molecule in the serotonergic neurotransmission system,"A, Bregin",,,2020,10.1016/j.pbb.2020.173017,
5-Hydroxytryptophan uptake and decarboxylating neurons in the cat hypothalamus,"M, Denoyer",,,1989,10.1016/0306-4522(89)90042-0,
"Self-administration of the endogenous trace amines beta-phenylethylamine, N-methyl phenylethylamine and phenylethanolamine in dogs","HE, Shannon",,,1982,,
"In utero exposure to venlafaxine, a serotonin-norepinephrine reuptake inhibitor, increases cardiac anomalies and alters placental and heart serotonin signaling in the rat","L, Laurent",,,2016,10.1002/bdra.23537,
C. elegans Punctin specifies cholinergic versus GABAergic identity of postsynaptic domains,"B, Pinan-Lucarré",,,2014,10.1038/nature13313,
Constant dopaminergic stimulation by transdermal delivery of dopaminergic drugs: a new treatment paradigm in Parkinson's disease,"M, Steiger",,,2008,10.1111/j.1468-1331.2007.01674.x,
Identification of trace-amine-associated receptors (TAAR) in the rat aorta and their role in vasoconstriction by β-phenylethylamine,"M, Fehler",,,2010,10.1007/s00210-010-0554-1,
Prefrontal and striatal dopamine D(2)/D(3) receptors correlate with fMRI BOLD activation during stopping,"P, Pfeifer",,,2022,10.1007/s11682-021-00491-y,
Current perspectives on the selective regulation of dopamine D₂ and D₃ receptors,"DI, Cho",,,2010,10.1007/s12272-010-1005-8,
Regulation of central corticosteroid receptors following short-term activation of serotonin transmission by 5-hydroxy-L-tryptophan or fluoxetine,"A, Sémont",,,2000,10.1046/j.1365-2826.2000.00509.x,
"Ibotenic acid lesion of nucleus basalis magnocellularis differentially affects cholinergic, glutamatergic and GABAergic markers in cortical rat brain regions","S, Rossner",,,1994,10.1016/0006-8993(94)90514-2,
Aging and monoamine receptors in brain,"MH, Makman",,,1979,,
Role of different monoamine receptors controlling MK-801-induced release of serotonin and glutamate in the medial prefrontal cortex: relevance for antipsychotic action,"X, López-Gil",,,2009,10.1017/s1461145708009267,
Melatonin-dopamine interactions: from basic neurochemistry to a clinical setting,"N, Zisapel",,,2001,10.1023/a:1015187601628,
Alteration of dopamine transport in the striatum and nucleus accumbens of ovariectomized and estrogen-primed rats following N-(p-isothiocyanatophenethyl) spiperone (NIPS) treatment,"TL, Thompson",,,2001,10.1016/s0361-9230(01)00472-5,
A new theory of depression based on the serotonin/kynurenine relationship and the hypothalamicpituitary- adrenal axis,"LA, Ramírez",,,2018,10.7705/biomedica.v38i3.3688,
Bupropion and its photoreactive analog (±)-SADU-3-72 interact with luminal and non-luminal sites at human α4β2 nicotinic acetylcholine receptors,"HR, Arias",,,2016,10.1016/j.neuint.2016.08.013,
Haloperidol Interactions with the dop-3 Receptor in Caenorhabditis elegans,"BN, Krum",,,2021,10.1007/s12035-020-02124-9,
Age-related modifications of the morphological organization of pituicytes are associated with alteration of the GABAergic and dopaminergic innervation afferent to the neurohypophysial lobe,"G, Alonso",,,2003,10.1046/j.1460-9568.2003.02927.x,
Suppression of inflammatory events associated to intestinal ischemia-reperfusion by 5-HT1A blockade in mice,"S, Bertoni",,,2014,10.1016/j.phrs.2014.02.002,
Prenatal diazepam exposure functionally alters the GABA(A) receptor that modulates [3H]noradrenaline release from rat hippocampal synaptosomes,"M, Martire",,,2002,10.1159/000064947,
Are Caenorhabditis elegans receptors useful targets for drug discovery: pharmacological comparison of tyramine receptors with high identity from C. elegans (TYRA-2) and Brugia malayi (Bm4),"KA, Smith",,,2007,10.1016/j.molbiopara.2007.04.004,
Modification of dendritic development,"A, Feria-Velasco",,,2002,10.1016/s0079-6123(02)36013-8,
Immunomodulatory Effects Mediated by Dopamine,"R, Arreola",,,2016,10.1155/2016/3160486,
Role of prolactin in chloro-S-triazine rat mammary tumorigenesis,"JC, O'Connor",,,2000,10.1081/dct-100101972,
Effects of biogenic amines and adrenergic drugs on oviposition in the cattle tick Boophilus: evidence for octopaminergic innervation of the oviduct,"TF, Booth",,,1989,10.1007/bf01197920,
Tryptophan as an evolutionarily conserved signal to brain serotonin: molecular evidence and psychiatric implications,"S, Russo",,,2009,10.1080/15622970701513764,
Glutamate and NO mediation of the pressor response to 5-HT3 receptor stimulation in the nucleus tractus solitarii,"C, Sévoz-Couche",,,2002,10.1097/00001756-200205070-00020,
The molecular basis for neuroimmune receptor signaling,"TJ, Rogers",,,2012,10.1007/s11481-012-9398-4,
Neurochemical evidence of dopamine release by lateral olivocochlear efferents and its presynaptic modulation in guinea-pig cochlea,"A, Gáborján",,,1999,10.1016/s0306-4522(98)00461-8,
Profound changes in dopaminergic neurotransmission in the prefrontal cortex in response to flattening of the diurnal glucocorticoid rhythm: implications for bipolar disorder,"GO, Minton",,,2009,10.1038/npp.2009.53,
New approaches to therapy,"J, Brotchie",,,2011,10.1016/b978-0-12-381328-2.00005-5,
Impact of protein kinase C activation on epileptiform activity in the hippocampal slice,"MG, Fuortes",,,2008,10.1016/j.eplepsyres.2008.07.002,
Glucose transport activity and photolabelling with 3-[125I]iodo-4-azidophenethylamido-7-O-succinyldeacetyl (IAPS)-forskolin of two mutants at tryptophan-388 and -412 of the glucose transporter GLUT1: dissociation of the binding domains of forskolin and glucose,"A, Schürmann",,,1993,10.1042/bj2900497,
Effects of monoamine oxidase inhibitors on the acid metabolites of some trace amines and of dopamine in the rat striatum,"LE, Dyck",,,1993,10.1016/0006-2952(93)90285-5,
Effects of tranylcypromine on the concentration of some trace amines in the diencephalon and hippocampus of the rat,"SR, Philips",,,1980,10.1007/bf01953756,
"Displacement of serotonin from binding sites in rat cortex: the effects of biogenic ""trace"" amines","RA, Locock",,,1984,10.1016/0278-5846(84)90041-1,
The effects of chronic administration of inhibitors of flavin and quinone amine oxidases on imidazoline I(1) receptor density in rat whole brain,"A, Holt",,,2003,10.1196/annals.1304.040,
Pharmacologic characterization of the cloned human trace amine-associated receptor1 (TAAR1) and evidence for species differences with the rat TAAR1,"DB, Wainscott",,,2007,10.1124/jpet.106.112532,
Non-adrenergic vasoconstriction and vasodilatation of guinea-pig aorta by β-phenylethylamine and amphetamine - Role of nitric oxide determined with L-NAME and NO scavengers,"KJ, Broadley",,,2018,10.1016/j.ejphar.2017.10.038,
Halogenated boldine derivatives with enhanced monoamine receptor selectivity,"EM, Sobarzo-Sánchez",,,2000,10.1021/np990433j,
"In vivo intrinsic efficacy of the 5-HT1A receptor antagonists NAD-299, WAY-100,635 and (S)-(-)-UH-301 at rat brain monoamine receptors","S, Ahlenius",,,1999,10.1016/s0924-977x(97)00100-4,
Specificity of endogenous substrates for types A and B monoamine oxidase in rat striatum,"DD, Schoepp",,,1981,10.1111/j.1471-4159.1981.tb10829.x,
The facilitation of dopaminergic activity in the aged brain by (-)deprenyl. A proposal for a strategy to improve the quality of life in senescence,"J, Knoll",,,1985,10.1016/0047-6374(85)90001-6,
Toward a molecular architecture of personality,"A, Reif",,,2003,10.1016/s0166-4328(02)00267-x,
Behavioural effects of selective serotonin reuptake inhibitors following direct micro injection into the left red nucleus of the rat,"CJ, Faherty",,,1997,10.1177/026988119701100114,
"DR4004, a putative 5-HT(7) receptor antagonist, also has functional activity at the dopamine D2 receptor","HA, Kogan",,,2002,10.1016/s0014-2999(02)02003-4,
"Peripheral interactions between dextromethorphan, ketamine and amitriptyline on formalin-evoked behaviors and paw edema in rats","J, Sawynok",,,2003,10.1016/s0304-3959(02)00373-1,
Adrenochrome and related oxidative metabolites of catecholamines: effects on dopamine neurons and receptor binding profiles,"JL, Krstenansky",,,2011,10.1016/j.schres.2011.08.015,
Characterization of 3-iodothyronamine in vitro dynamics by mathematical modeling,"G, Orsi",,,2014,10.1007/s12013-013-9680-y,
Tranylcypromine in mind (Part I): Review of pharmacology,"S, Ulrich",,,2017,10.1016/j.euroneuro.2017.05.007,
"Biochemistry and pharmacology of moclobemide, a prototype RIMA","W, Haefely",,,1992,10.1007/bf02246225,
Ocean Acidification Amplifies the Olfactory Response to 2-Phenylethylamine: Altered Cue Reception as a Mechanistic Pathway?,"P, Schirrmacher",,,2021,10.1007/s10886-021-01276-9,
Molecular characterization and localization of the first tyramine receptor of the American cockroach (Periplaneta americana),"C, Rotte",,,2009,10.1016/j.neuroscience.2009.05.066,
High-affinity antagonists of the locust neuronal octopamine receptor,"T, Roeder",,,1990,10.1016/0014-2999(90)94151-m,
Involvement of brain trace amines in the behavioural effects of phenelzine,"KM, Dewar",,,1988,10.1007/bf00973322,
Advances pertaining to the pharmacology and interactions of irreversible nonselective monoamine oxidase inhibitors,"PK, Gillman",,,2011,10.1097/jcp.0b013e31820469ea,
Responses of the silkworm tyramine receptor to 2-phenylethylamines and 5-phenyloxazoles,"H, Ohta",,,2005,10.1002/arch.20066,
Emergence and properties of spice and bath salts: a medicinal chemistry perspective,"AH, Lewin",,,2014,10.1016/j.lfs.2013.09.026,
Octopamine--a single modulator with double action on the heart of two insect species (Apis mellifera macedonica and Bactrocera oleae): Acceleration vs. inhibition,"C, Papaefthimiou",,,2011,10.1016/j.jinsphys.2010.11.022,
Tyramine antagonizes proctolin-induced contraction of the isolated foregut of the locust Schistocerca gregaria by an interaction with octopamine2 receptors,"SE, Banner",,,1990,10.1016/0742-8413(90)90110-u,
Octopamine receptors in the molluscan aortic bulb: effects of clozapine and chlordimeform,"DF, Dougan",,,1985,10.1016/0742-8413(85)90228-2,
"SER-7b, a constitutively active Galphas coupled 5-HT7-like receptor expressed in the Caenorhabditis elegans M4 pharyngeal motorneuron","RJ, Hobson",,,2003,10.1046/j.1471-4159.2003.01967.x,
"A new octopamine receptor class in locust nervous tissue, the octopamine 3 (OA3) receptor","T, Roeder",,,1992,10.1016/0024-3205(92)90193-s,
Pharmacological characterization of octopamine-sensitive adenylate cyclase in the flight muscle of Locusta migratoria L,"M, Lafon-Cazal",,,1985,10.1016/0014-2999(85)90321-8,
"Age-dependent plasticity of sex pheromone response in the moth, Agrotis ipsilon: combined effects of octopamine and juvenile hormone","D, Jarriault",,,2009,10.1016/j.yhbeh.2009.04.005,
B96Bom encodes a Bombyx mori tyramine receptor negatively coupled to adenylate cyclase,"H, Ohta",,,2003,10.1046/j.1365-2583.2003.00404.x,
Honey bee dopamine and octopamine receptors linked to intracellular calcium signaling have a close phylogenetic and pharmacological relationship,"KT, Beggs",,,2011,10.1371/journal.pone.0026809,
Modulation of early olfactory processing by an octopaminergic reinforcement pathway in the honeybee,"T, Farooqui",,,2003,10.1523/jneurosci.23-12-05370.2003,
Octopamine and experience-dependent modulation of aggression in crickets,"PA, Stevenson",,,2005,10.1523/jneurosci.4258-04.2005,
Role of hydrophobicity on the monoamine receptor binding affinities of central nervous system drugs: a quantitative retention-activity relationships analysis using biopartitioning micellar chromatography,"C, Quiñones-Torrelo",,,2004,10.1016/j.jchromb.2003.11.008,
Triangulating evidence from the galenos living systematic review on trace amine-associated receptor 1 (taar1) agonists in psychosis.,"Smith, Katharine A",The British Journal of Psychiatry,"Background Trace amine-associated receptor 1 (TAAR1) agonists offer a new approach, but there is uncertainty regarding their effects, exact mechanism of action and potential role in treating psychosis. Aims To evaluate the available evidence on TAAR1 agonists in psychosis, using triangulation of the output of living systematic reviews (LSRs) of animal and human studies, and provide recommendations for future research prioritisation. Method This study is part of GALENOS (Global Alliance for Living Evidence on aNxiety, depressiOn and pSychosis). In the triangulation process, a multidisciplinary group of experts, including those with lived experience, met and appraised the first co-produced living systematic reviews from GALENOS, on TAAR1 agonists. Results The animal data suggested a potential antipsychotic effect, as TAAR1 agonists reduced locomotor activity induced by pro-psychotic drug treatment. Human studies showed few differences for ulotaront and ralmitaront compared with placebo in improving overall symptoms in adults with acute schizophrenia (four studies, n = 1291 participants, standardised mean difference (SMD) 0.15, 95% CI -0.05 to 0.34). Large placebo responses were seen in ulotaront phase three trials. Ralmitaront was less efficacious than risperidone (one study, n = 156 participants, SMD = -0.53, 95% CI -0.86 to -0.20). The side-effect profile of TAAR1 agonists was favourable compared with existing antipsychotics. Priorities for future studies included (a) using different animal models of psychosis with greater translational validity; (b) animal and human studies with wider outcomes including cognitive and affective symptoms and (c) mechanistic studies and investigations of other potential applications, such as adjunctive treatments and long-term outcomes. Recommendations for future iterations of the LSRs included (a) meta-analysis of individual human participant data, (b) including studies that used different methodologies and (c) assessing other disorders and symptoms. Conclusions This co-produced, international triangulation examined the available evidence and developed recommendations for future research and clinical applications for TAAR1 agonists in psychosis. Broader challenges included difficulties in assessing the risk of bias, reproducibility, translation and interpretability of animal models to clinical outcomes, and a lack of individual and clinical characteristics in the human data. The research will inform a separate, independent prioritisation process, led by lived experience experts, to prioritise directions for future research. (PsycInfo Database Record (c) 2025 APA, all rights reserved)",2024,10.1192/bjp.2024.237,JOUR
New drug treatments for schizophrenia: A review of approaches to target circuit dysfunction.,"Howes, Oliver D",Biological Psychiatry,"Schizophrenia is a leading cause of global disease burden. Current drug treatments are associated with significant side effects and have limited efficacy for many patients, highlighting the need to develop new approaches that target other aspects of the neurobiology of schizophrenia. Preclinical, in vivo imaging, postmortem, genetic, and pharmacological studies have highlighted the key role of cortical GABAergic (gamma-aminobutyric acidergic)-glutamatergic microcircuits and their projections to subcortical dopaminergic circuits in the pathoetiology of negative, cognitive, and psychotic symptoms. Antipsychotics primarily act downstream of the dopaminergic component of this circuit. However, multiple drugs are currently in development that could target other elements of this circuit to treat schizophrenia. These include drugs for GABAergic or glutamatergic targets, including glycine transporters, D-amino acid oxidase, sodium channels, or potassium channels. Other drugs in development are likely to primarily act on pathways that regulate the dopaminergic system, such as muscarinic or trace amine receptors or 5-HT2A receptors, while PDE10A inhibitors are being developed to modulate the downstream consequences of dopaminergic dysfunction. Our review considers where new drugs may act on this circuit and their latest clinical trial evidence in terms of indication, efficacy, and side effects. Limitations of the circuit model, including whether there are neurobiologically distinct subgroups of patients, and future directions are also considered. Several drugs based on the mechanisms reviewed have promising clinical data, with the muscarinic agonist KarXT most advanced. If these drugs are approved for clinical use, they have the potential to revolutionize understanding of the pathophysiology and treatment of schizophrenia. (PsycInfo Database Record (c) 2024 APA, all rights reserved)",2024,10.1016/j.biopsych.2024.05.014,JOUR
Correction to: TAAR1 dependent and independent actions of the potential antipsychotic and dual TAAR1/5-HT1A receptor agonist SEP- 363856.,"Saarinen, Marcus",Neuropsychopharmacology,"Reports an error in ""TAAR1 dependent and independent actions of the potential antipsychotic and dual TAAR1/5-HT1A receptor agonist SEP-383856"" by Marcus Saarinen, Ioannis Mantas, Ivana Flais, Richard Agren, Kristoffer Sahlholm, Mark J. Millan and Per Svenningsson (Neuropsychopharmacology, 2022[Dec], Vol 47[13], 2319-2329). The technical name of the compound studied in this article was incorrectly referred to as SEP-383856 in the title and the abstract and has now been corrected to SEP-363856. None of the scientific conclusions in this paper are affected by this correction. The original article has been corrected. (The following abstract of the original article appeared in record 2023-02373-001). SEP-383856 (SEP-856) is a novel antipsychotic under clinical development. It displays a unique pattern of receptor interaction, with only weak (partial agonist) activity at dopamine D2 receptors, yet more potent agonist activity at the trace amine associated receptor (TAAR1) and 5-hydroxytryptamine 1 A receptor (5-HT1A). Nonetheless, these observations await independent confirmation and more detailed characterization of the in vitro and in vivo actions of SEP-856 at TAAR1 and 5-HT1A receptors would be instructive. Herein, we employed luminescence complementation technology in heterologous live cell systems, confocal microscopy, voltage clamp electrophysiology, behavioral readouts and TAAR1 knockout (KO) mice to study SEP-856 in further detail. We provide evidence for the ability of SEP-856 to activate TAAR1 at the surface plasma membrane, and show that this interaction results in Galphas recruitment (pEC50: 6.08 +/- 0.22 EMAX: 96.41% +/- 15.26) and by extension, to G-protein inwardly rectifying potassium (GIRK) channel activation. Using TAAR1-KO mice, we find TAAR1 to be indispensable for SEP-856 control of body temperature, baseline locomotion reduction and for ""antipsychotic-like"" efficacy as characterized by a reversal of dizocilipine (MK-801) mediated disruption of pre-pulse inhibition. Conversely, the inhibition by SEP-856 of MK-801 induced locomotion was unaffected in TAAR1 KO mice. SEP-856 behaved as a low-potency, partial agonist at the 5-HT1A receptor, while it partially inhibited recruitment of D2 receptor-coupled Galpha and GIRK by DA and acted as a weak partial agonist with low potency at the same receptor when applied alone. Our findings corroborate and extend previous observations on the molecular substrates engaged by this unique, dual TAAR1/5-HT1A receptor agonist and potential antipsychotic that could prove to have major advantages in the treatment of schizophrenia and other psychotic disorders. (PsycInfo Database Record (c) 2025 APA, all rights reserved)",2023,10.1038/s41386-022-01504-0,JOUR
TAAR1 agonist ulotaront modulates striatal and hippocampal glutamate function in a state-dependent manner.,"Yang, Sung M",Neuropsychopharmacology,"Aberrant dopaminergic and glutamatergic function, particularly within the striatum and hippocampus, has repeatedly been associated with the pathophysiology of schizophrenia. Supported by preclinical and recent clinical data, trace amine-associated receptor 1 (TAAR1) agonism has emerged as a potential new treatment approach for schizophrenia. While current evidence implicates TAAR1-mediated regulation of dopaminergic tone as the primary circuit mechanism, little is known about the effects of TAAR1 agonists on the glutamatergic system and excitation-inhibition balance. Here we assessed the impact of ulotaront (SEP-363856), a TAAR1 agonist in Phase III clinical development for schizophrenia, on glutamate function in the mouse striatum and hippocampus. Ulotaront reduced spontaneous glutamatergic synaptic transmission and neuronal firing in striatal and hippocampal brain slices, respectively. Interestingly, ulotaront potentiated electrically-evoked excitatory synaptic transmission in both brain regions, suggesting the ability to modulate glutamatergic signaling in a state-dependent manner. Similar striatal effects were also observed with the TAAR1 agonist, RO5166017. Furthermore, we show that ulotaront regulates excitation-inhibition balance in the striatum by specifically modulating glutamatergic, but not GABAergic, spontaneous synaptic events. These findings expand the mechanistic circuit hypothesis of ulotaront and TAAR1 agonists, which may be uniquely positioned to normalize both the excessive dopaminergic tone and regulate abnormal glutamatergic function associated with schizophrenia. (PsycInfo Database Record (c) 2024 APA, all rights reserved)",2024,10.1038/s41386-023-01779-x,JOUR
Regulation of monoaminergic functions by GPCRS with a special emphasis on mental and movement disorders.,"Mantas, Ioannis",Dissertation Abstracts International: Section B: The Sciences and Engineering,"Dysfunction of the brain's monoaminergic system has been implicated in many human neurological and psychiatric disorders, such as Parkinson's disease (PD), major depressive disorder (MDD) and schizophrenia. The monoamines that are most dysregulated in these diseases, are dopamine and serotonin. Monoamines act as signalling molecules through their receptors, which belong predominately to the G-protein coupled receptor (GPCR) superfamily1. Most of the clinically employed drugs that are used to tackle these diseases, target directly or indirectly the monoaminergic class of GPCRs. This thesis aims to identify the role of four understudied GPCR-signalling related molecules (GPR88, TAAR1, p11 and NURR1) in animal models of PD, MDD and schizophrenia.The main findings relate to the functions of GPR88, TAAR1, p11 and NURR1 in relationship to PD, MDD and schizophrenia. GPR88 has been suggested as crucial suppressor of striatal medium spiny neuron activity. We showed that loss of GPR88 facilitates L- dihydroxyphenylalanine treatment for PD by aiding its therapeutic efficacy without worsening its side effects. TAAR1 has been described as negative regulator of dopamine neurons firing rate. Herein, we report that TAAR1 deletion enhances the response of non-selective monoamine oxidase inhibitors but no other classes of antidepressants. Furthermore, we provide evidence that the antipsychotic action of the pioneering drug, SEP-856, depends in part on TAAR1 agonism. P11 is a small GPCR-adaptor protein that has been linked to MDD and antidepressant treatment response. In the current thesis, we demonstrate that loss of p11 causes an overt response to stress by triggering the activity of hypothalamic-pituitary-adrenal and sympathetic-adrenomedullary axes. Finally, NURR1 is a GPCR regulated transcription factor, which is linked to PD and schizophrenia as a consequence of its fundamental role in coordinating midbrain dopamine neuron development. In the present work, we describe the role of NURR1 in extra-dopaminergic brain structures such as striatum and claustrum. In detail, we show that induced striatal NURR1 is crucial for locomotor sensitization to L-DOPA. Moreover, we revealed that NURR1 is important factor for claustral neuron transcriptional identity without affecting the occurrence of hallucinogen states' neural correlates.Overall, we explored new avenues in the fields of neurology and psychiatry related molecular neurobiology. These findings may support future drug discovery research on PD, MDD and schizophrenia though the identification of novel pharmaceutical agents to treat these detrimental disorders. Thus, this body of work contributes to the better understanding of both the pharmacology and pathophysiology of mental and movement disorders. (PsycInfo Database Record (c) 2022 APA, all rights reserved)",2023,,JOUR
Trace amine-associated receptor 1 (TAAR1): Potential application in mood disorders: A systematic review.,"Alnefeesi, Yazen",Neuroscience and Biobehavioral Reviews,"There is a need for innovation with respect to therapeutics in psychiatry. Available evidence indicates that the trace amine-associated receptor 1 (TAAR1) agonist SEP-363856 is promising, as it improves measures of cognitive and reward function in schizophrenia. Hedonic and cognitive impairments are transdiagnostic and constitute major burdens in mood disorders. Herein, we systematically review the behavioural and genetic literature documenting the role of TAAR1 in reward and cognitive function, and propose a mechanistic model of TAAR1's functions in the brain. Notably, TAAR1 activity confers antidepressant-like effects, enhances attention and response inhibition, and reduces compulsive reward seeking without impairing normal function. Further characterization of the responsible mechanisms suggests ion-homeostatic, metabolic, neurotrophic, and anti-inflammatory enhancements in the limbic system. Multiple lines of evidence establish the viability of TAAR1 as a biological target for the treatment of mood disorders. Furthermore, the evidence suggests a role for TAAR1 in reward and cognitive function, which is attributed to a cascade of events that are relevant to the cellular integrity and function of the central nervous system. (PsycInfo Database Record (c) 2021 APA, all rights reserved)",2021,10.1016/j.neubiorev.2021.09.020,JOUR
Antipsychotics: Mechanisms underlying clinical response and side-effects and novel treatment approaches based on pathophysiology.,"Kaar, Stephen J",Neuropharmacology,"Antipsychotic drugs are central to the treatment of schizophrenia and other psychotic disorders but are ineffective for some patients and associated with side-effects and nonadherence in others. We review the in vitro, pre-clinical, clinical and molecular imaging evidence on the mode of action of antipsychotics and their side-effects. This identifies the key role of striatal dopamine D2 receptor blockade for clinical response, but also for endocrine and motor side-effects, indicating a therapeutic window for D2 blockade. We consider how partial D2/3 receptor agonists fit within this framework, and the role of off-target effects of antipsychotics, particularly at serotonergic, histaminergic, cholinergic, and adrenergic receptors for efficacy and side-effects such as weight gain, sedation and dysphoria. We review the neurobiology of schizophrenia relevant to the mode of action of antipsychotics, and for the identification of new treatment targets. This shows elevated striatal dopamine synthesis and release capacity in dorsal regions of the striatum underlies the positive symptoms of psychosis and suggests reduced dopamine release in cortical regions contributes to cognitive and negative symptoms. Current drugs act downstream of the major dopamine abnormalities in schizophrenia, and potentially worsen cortical dopamine function. We consider new approaches including targeting dopamine synthesis and storage, autoreceptors, and trace amine receptors, and the cannabinoid, muscarinic, GABAergic and glutamatergic regulation of dopamine neurons, as well as post-synaptic modulation through phosphodiesterase inhibitors. Finally, we consider treatments for cognitive and negative symptoms such dopamine agonists, nicotinic agents and AMPA modulators before discussing immunological approaches which may be disease modifying. (PsycInfo Database Record (c) 2021 APA, all rights reserved)",2020,10.1016/j.neuropharm.2019.107704,JOUR
Identification and in vivo characterization of a potential TAAR1 antagonist.,"Lam, Vincent Ming Yin",Dissertation Abstracts International: Section B: The Sciences and Engineering,"TAAR1 is a G-protein coupled receptor expressed in monoaminergic regions in the brain and represents a potential novel therapeutic target for the treatment of neurological disorders. While success has been made with discovering novel selective agonists for TAAR1, only one TAAR1 antagonist has been described thus far. We used an in silico screen on a TAAR1 homology model and identified several novel agonists and potential antagonists for TAAR1. One of the identified antagonists (compound 22) was predicted to have favourable physicochemical properties that should allow it to cross the blood brain barrier. In vivo studies were therefore carried out and showed that compound 22 potentiates amphetamine- and cocaine-mediated locomotor activity, consistent with behaviours observed in Taar1-KO animals. In order to assess whether the effects of compound 22 are mediated through antagonism of TAAR1, experiments were carried out on Taar1-KO mice. Our results show that compound is also able to enhance amphetamine- and cocaine-mediated locomotor activity in Taar1-KO mice, suggesting that the in vivo effects of compound 22 are not mediated by TAAR1. In collaboration with Psychoactive Drug Screening Program at UNC-Chapel Hill, we attempted to determine the target for compound 22. PDSP results suggested several potential targets for compound 22. These include, the dopamine, norepinephrine and serotonin transporters; as well as sigma 1 and 2 receptors. Furthermore, the dopamine D2 receptor was also an initial hit in a functional assay performed by PDSP. Our follow-up studies using heterologous cell systems showed that neither DAT nor dopamine D2 dopamine receptors are targets of compound 22. Therefore, the biological target of compound 22 mediating its psychoactive effects remain unknown. (PsycInfo Database Record (c) 2021 APA, all rights reserved)",2018,,JOUR
Electrophysiological effects of trace amines on mesencephalic dopaminergic neurons .,"Ledonne, Ada",Frontiers in Systems Neuroscience,"Trace amines (TAs) are a class of endogenous compounds strictly related to classic monoamine neurotransmitters with regard to their structure, metabolism, and tissue distribution. Although the presence of TAs in mammalian brain has been recognized for decades, until recently they were considered to be by-products of amino acid metabolism or as ""false"" neurotransmitters. The discovery in 2001 of a new family of G-protein-coupled receptors (GPCRs), namely trace amines receptors, has re-ignited interest in TAs. In particular, two members of the family, trace amine receptor 1 (TA1) and trace amine receptor 2 (TA2), were shown to be highly sensitive to these endogenous compounds. Experimental evidence suggests that TAs modulate the activity of catecholaminergic neurons and that TA dysregulation may contribute to neuropsychiatric disorders, including schizophrenia, attention deficit hyperactivity disorder, depression and Parkinson's disease, all of which are characterized by altered monoaminergic networks. Here we review recent data concerning the electrophysiological effects of TAs on the activity of mesencephalic dopaminergic neurons. In the context of recent data obtained with TA1 receptor knockout mice, we also discuss the mechanisms by which the activation of these receptors modulates the activity of these neurons. Three important new aspects of TAs action have recently emerged: (a) inhibition of firing due to increased release of dopamine; (b) reduction of D2 and GABAB receptor-mediated inhibitory responses (excitatory effects due to disinhibition); and (c) a direct TA1 receptor-mediated activation of GIRK channels which produce cell membrane hyperpolarization. While the first two effects have been well documented in our laboratory, the direct activation of GIRK channels by TA1 receptors has been reported by others, but has not been seen in our laboratory (Geracitano et al., 2004). Further research is needed to address this point, and to further characterize the mechanism of action of TAs on dopaminergic neurons. (PsycInfo Database Record (c) 2022 APA, all rights reserved)",2011,10.3389/fnsys.2011.00056,JOUR
